date_time,event_type,in_gc,in_sp,days_until_next_gc,adj_factor,s_1m_adj,s_1m_raw,s_3m,s_1y,stoxx,jk_1m,w_month_t,w_month_t_fix
1999-01-07 13:45:00,GC_ME,1,0,0,1.0000,0.0000,0.0000,NaN,0.0000,-0.7154,1,0.8095,0.7619
1999-01-14 13:15:00,EB,0,1,7,1.3043,-0.6522,-0.5000,0.0000,-0.5000,-0.4547,0,0.5714,0.5238
1999-01-18 15:00:00,P,0,1,3,1.1111,0.0000,0.0000,-1.0000,-1.0000,0.1965,0,0.4762,0.4286
1999-01-21 13:45:00,GC_ME,1,0,0,1.0000,NaN,NaN,0.0000,-1.0000,-1.6521,0,0.3333,0.2857
1999-02-08 15:00:00,EB,0,1,10,1.5000,NaN,NaN,-0.5000,-0.5000,0.0761,0,0.7500,0.7000
1999-02-18 13:45:00,GC_ME,1,0,0,1.0000,-0.5000,-0.5000,0.5000,0.0000,-0.1758,0,0.3500,0.3000
1999-02-25 14:00:00,EB,0,1,7,1.3043,3.2609,2.5000,1.0000,0.0000,-0.0813,0,0.1000,0.0500
1999-03-04 13:45:00,GC_ME,1,0,0,1.0000,NaN,NaN,0.0000,0.0000,0.1581,0,0.8696,0.8261
1999-03-16 11:00:00,EB,0,1,2,1.0714,1.0714,1.0000,2.0000,0.0000,-0.0873,0,0.5217,0.4783
1999-03-18 13:45:00,GC_ME,1,0,0,1.0000,-1.5000,-1.5000,0.5000,0.0000,0.5380,1,0.4348,0.3913
1999-03-19 15:30:00,EB,0,1,20,3.0000,NaN,NaN,-0.5000,0.0000,-0.3756,0,0.3913,0.3478
1999-03-24 09:30:00,EB,0,1,15,2.0000,0.0000,0.0000,0.0000,-0.5000,-0.9405,0,0.2609,0.2174
1999-03-24 17:00:00,EB,0,1,15,2.0000,-1.0000,-0.5000,-0.5000,-1.0000,0.3851,0,0.2609,0.2174
1999-03-25 12:00:00,EB,0,1,14,1.8750,NaN,NaN,-1.0000,NaN,0.1911,0,0.2174,0.1739
1999-03-25 12:00:00,EB,0,1,14,1.8750,NaN,NaN,-1.0000,NaN,0.1911,0,0.2174,0.1739
1999-03-25 14:45:00,P,0,1,14,1.8750,0.0000,0.0000,-0.5000,-1.0000,0.5925,0,0.2174,0.1739
1999-04-08 13:45:00,GC_ME,1,0,0,1.0000,2.5000,2.5000,2.0000,1.0000,-0.2937,1,0.7727,0.7273
1999-04-15 10:00:00,EB,0,1,7,1.3043,0.0000,0.0000,0.0000,0.2000,-0.4330,0,0.5455,0.5000
1999-04-15 10:00:00,EB,0,1,7,1.3043,0.0000,0.0000,0.0000,0.2000,-0.4330,0,0.5455,0.5000
1999-04-19 15:00:00,P,0,1,3,1.1111,NaN,NaN,0.0000,1.5000,0.0906,0,0.4545,0.4091
1999-04-22 13:45:00,GC_ME,1,0,0,1.0000,NaN,NaN,0.0000,0.5000,0.0786,0,0.3182,0.2727
1999-04-27 12:20:00,P,0,1,9,1.4286,0.0000,0.0000,0.1000,-0.1000,0.0386,0,0.1818,0.1364
1999-05-04 14:15:00,P,0,1,2,1.0714,NaN,NaN,NaN,NaN,-0.1808,0,0.9524,0.9048
1999-05-06 13:45:00,GC_ME,1,0,0,1.0000,NaN,NaN,NaN,0.8000,-0.3602,0,0.8571,0.8095
1999-05-07 09:30:00,EB,0,1,13,1.7647,NaN,NaN,NaN,0.0000,-0.1399,0,0.8095,0.7619
1999-05-07 10:45:00,EB,0,1,13,1.7647,NaN,NaN,NaN,-0.5000,-0.2549,0,0.8095,0.7619
1999-05-07 14:00:00,EB,0,1,13,1.7647,NaN,NaN,NaN,-0.1000,0.6479,0,0.8095,0.7619
1999-05-11 10:45:00,EB,0,1,9,1.4286,NaN,NaN,-0.4000,-0.9000,-0.2324,0,0.7143,0.6667
1999-05-12 11:45:00,EB,0,1,8,1.3636,NaN,NaN,NaN,NaN,0.1709,0,0.6667,0.6190
1999-05-13 17:00:00,EB,0,1,7,1.3043,NaN,NaN,NaN,-1.5000,-0.0211,0,0.6190,0.5714
1999-05-17 17:00:00,EB,0,1,3,1.1111,NaN,NaN,NaN,-0.1000,-0.1006,0,0.5238,0.4762
1999-05-20 13:45:00,GC_ME,1,0,0,1.0000,NaN,NaN,0.0000,0.0000,-0.1029,0,0.3810,0.3333
1999-05-26 16:00:00,P,0,1,7,1.3043,NaN,NaN,0.0000,0.0000,-0.4510,0,0.1905,0.1429
1999-06-02 13:45:00,GC_ME,1,0,0,1.0000,0.5000,0.5000,-1.0000,0.0000,0.1009,0,0.9545,0.9091
1999-06-03 11:15:00,EB,0,1,14,1.8750,NaN,NaN,0.0000,-1.0000,0.0335,0,0.9091,0.8636
1999-06-07 11:30:00,EB,0,1,10,1.5000,NaN,NaN,-0.5000,0.0000,0.3656,0,0.8182,0.7727
1999-06-10 11:30:00,EB,0,1,7,1.3043,-0.6522,-0.5000,0.0000,0.0000,NaN,0,0.6818,0.6364
1999-06-10 11:30:00,EB,0,1,7,1.3043,-0.6522,-0.5000,0.0000,0.0000,NaN,0,0.6818,0.6364
1999-06-11 11:15:00,EB,0,1,6,1.2500,-0.6250,-0.5000,1.0000,-0.5000,-0.1011,0,0.6364,0.5909
1999-06-11 11:30:00,EB,0,1,6,1.2500,-2.5000,-2.0000,0.0000,1.5000,-0.1560,0,0.6364,0.5909
1999-06-11 14:15:00,EB,0,1,6,1.2500,-4.3750,-3.5000,-2.0000,-0.5000,0.3927,0,0.6364,0.5909
1999-06-17 13:45:00,GC_ME,1,0,0,1.0000,1.0000,1.0000,NaN,0.5000,-0.3536,1,0.4545,0.4091
1999-06-17 17:00:00,EB,0,1,14,1.8750,NaN,NaN,NaN,-2.0000,NaN,0,0.4545,0.4091
1999-06-18 13:00:00,EB,0,1,13,1.7647,NaN,NaN,0.0000,1.0000,0.2769,0,0.4091,0.3636
1999-06-21 12:45:00,EB,0,1,10,1.5000,NaN,NaN,0.0000,0.0000,0.0127,0,0.3636,0.3182
1999-06-23 12:00:00,EB,0,1,8,1.3636,2.0455,1.5000,0.5000,0.0000,-0.1520,0,0.2727,0.2273
1999-06-23 13:20:00,EB,0,1,8,1.3636,NaN,NaN,1.0000,1.0000,0.1777,0,0.2727,0.2273
1999-06-24 16:00:00,EB,0,1,7,1.3043,NaN,NaN,-0.5000,1.0000,-0.0420,0,0.2273,0.1818
1999-06-28 10:30:00,EB,0,1,3,1.1111,-0.5556,-0.5000,0.0000,-1.5000,0.2589,0,0.1364,0.0909
1999-06-30 11:30:00,EB,0,1,1,1.0345,0.5172,0.5000,0.0000,1.0000,-0.3058,0,0.0455,0.0000
1999-07-01 13:45:00,GC_ME,1,0,0,1.0000,NaN,NaN,0.5000,3.5000,-0.2769,0,1.0000,0.9545
1999-07-02 11:30:00,EB,0,1,13,1.7647,NaN,NaN,1.5000,-0.2500,0.0080,0,0.9545,0.9091
1999-07-02 14:00:00,EB,0,1,13,1.7647,NaN,NaN,-0.5000,-0.5000,0.0947,0,0.9545,0.9091
1999-07-09 11:00:00,EB,0,1,6,1.2500,16.2500,13.0000,29.0000,-0.0000,0.0723,0,0.7273,0.6818
1999-07-15 13:45:00,GC_ME,1,0,0,1.0000,NaN,NaN,0.5000,5.2500,0.5553,0,0.5455,0.5000
1999-07-19 14:00:00,EB,0,1,10,1.5000,NaN,NaN,NaN,1.0000,0.2136,0,0.4545,0.4091
1999-07-23 11:00:00,EB,0,1,6,1.2500,NaN,NaN,36.0000,0.0000,-0.1441,0,0.2727,0.2273
1999-07-29 13:45:00,GC_ME,1,0,0,1.0000,NaN,NaN,0.0000,-1.0000,-1.5852,0,0.0909,0.0455
1999-08-06 14:00:00,EB,0,1,20,3.0000,NaN,NaN,0.0000,101.0000,-0.9404,0,0.8182,0.7727
1999-08-26 13:45:00,GC_ME,1,0,0,1.0000,0.5000,0.5000,0.0000,0.0000,0.3367,0,0.1818,0.1364
1999-09-08 11:15:00,EB,0,1,1,1.0345,NaN,NaN,NaN,-0.5000,-0.1500,0,0.7727,0.7273
1999-09-09 13:45:00,GC_ME,1,0,0,1.0000,-0.7500,-0.7500,-4.0000,0.0000,0.0031,1,0.7273,0.6818
1999-09-10 10:10:00,EB,0,1,13,1.7647,NaN,NaN,NaN,-1.0000,0.4112,0,0.6818,0.6364
1999-09-10 10:30:00,EB,0,1,13,1.7647,NaN,NaN,NaN,-2.5000,0.0730,0,0.6818,0.6364
1999-09-10 11:00:00,P,0,1,13,1.7647,NaN,NaN,NaN,-1.0000,-0.1145,0,0.6818,0.6364
1999-09-13 17:00:00,EB,0,1,10,1.5000,-6.0000,-4.0000,0.0000,5.0000,NaN,0,0.6364,0.5909
1999-09-20 11:15:00,EB,0,1,3,1.1111,NaN,NaN,NaN,0.0000,0.1252,0,0.4091,0.3636
1999-09-23 13:45:00,GC_ME,1,0,0,1.0000,-8.0000,-8.0000,-2.0000,-1.0000,-0.0812,0,0.2727,0.2273
1999-09-24 13:30:00,EB,0,1,13,1.7647,NaN,NaN,NaN,0.5000,-0.1192,0,0.2273,0.1818
1999-09-27 15:00:00,EB,0,1,10,1.5000,NaN,NaN,0.0000,0.5000,0.0204,0,0.1818,0.1364
1999-10-01 11:10:00,EB,0,1,6,1.2500,1.2500,1.0000,0.5000,-0.5000,0.1308,0,1.0000,0.9524
1999-10-01 14:45:00,P,0,1,6,1.2500,-2.5000,-2.0000,0.5000,3.5000,-0.4466,0,1.0000,0.9524
1999-10-07 13:45:00,GC_ME,1,0,0,1.0000,-15.5000,-15.5000,-7.5000,-7.8750,-0.2699,0,0.8095,0.7619
1999-10-11 12:25:00,P,0,1,10,1.5000,1.5000,1.0000,0.5000,0.0000,0.0087,0,0.7143,0.6667
1999-10-13 16:00:00,EB,0,1,8,1.3636,0.6818,0.5000,0.5000,0.5000,-0.1624,0,0.6190,0.5714
1999-10-13 16:30:00,P,0,1,8,1.3636,0.6818,0.5000,-1.5000,0.5000,-0.2489,0,0.6190,0.5714
1999-10-14 09:50:00,EB,0,1,7,1.3043,-1.3043,-1.0000,-0.5000,0.5000,0.5704,0,0.5714,0.5238
1999-10-14 11:00:00,EB,0,1,7,1.3043,2.6087,2.0000,0.5000,1.5000,-0.3072,0,0.5714,0.5238
1999-10-15 10:00:00,P,0,1,6,1.2500,0.6250,0.5000,-11.0000,-3.0000,-0.2451,0,0.5238,0.4762
1999-10-21 13:45:00,GC_ME,1,0,0,1.0000,-7.5000,-7.5000,-0.5000,-0.2500,-0.8857,0,0.3333,0.2857
1999-10-25 10:50:00,EB,0,1,10,1.5000,NaN,NaN,0.5000,1.0000,0.1185,0,0.2381,0.1905
1999-10-25 14:00:00,EB,0,1,10,1.5000,0.7500,0.5000,2.0000,1.0000,-0.4350,0,0.2381,0.1905
1999-10-25 14:00:00,EB,0,1,10,1.5000,0.7500,0.5000,2.0000,1.0000,-0.4350,0,0.2381,0.1905
1999-10-26 17:00:00,EB,0,1,9,1.4286,NaN,NaN,0.0000,0.5000,NaN,0,0.1905,0.1429
1999-10-28 14:30:00,EB,0,1,7,1.3043,NaN,NaN,0.0000,-1.0000,1.3356,0,0.0952,0.0476
1999-10-29 15:15:00,EB,0,1,6,1.2500,3.1250,2.5000,0.0000,1.0000,0.5630,0,0.0476,0.0000
1999-11-04 13:45:00,GC_ME,1,0,0,1.0000,NaN,NaN,1.5000,1.0000,0.5310,0,0.8636,0.8182
1999-11-05 15:30:00,P,0,1,13,1.7647,0.0000,0.0000,1.5000,0.5000,-0.0326,0,0.8182,0.7727
1999-11-11 09:30:00,EB,0,1,7,1.3043,0.6522,0.5000,0.5000,0.5000,0.7122,0,0.6364,0.5909
1999-11-11 12:15:00,EB,0,1,7,1.3043,NaN,NaN,NaN,-1.0000,0.1489,0,0.6364,0.5909
1999-11-11 13:30:00,EB,0,1,7,1.3043,NaN,NaN,-4.0000,-2.5000,-0.0450,0,0.6364,0.5909
1999-11-11 15:00:00,EB,0,1,7,1.3043,NaN,NaN,2.0000,0.0000,0.3542,0,0.6364,0.5909
1999-11-11 16:30:00,EB,0,1,7,1.3043,NaN,NaN,0.5000,0.5000,0.4653,0,0.6364,0.5909
1999-11-12 09:30:00,EB,0,1,6,1.2500,1.2500,1.0000,0.0000,0.5000,0.3403,0,0.5909,0.5455
1999-11-12 12:15:00,EB,0,1,6,1.2500,1.2500,1.0000,0.0000,-1.0000,0.1759,0,0.5909,0.5455
1999-11-15 14:15:00,EB,0,1,3,1.1111,NaN,NaN,NaN,0.5000,0.3161,0,0.5455,0.5000
1999-11-16 16:00:00,EB,0,1,2,1.0714,NaN,NaN,NaN,0.5000,0.3525,0,0.5000,0.4545
1999-11-18 13:45:00,GC_ME,1,0,0,1.0000,0.0000,0.0000,0.4000,-0.4000,0.2693,1,0.4091,0.3636
1999-11-19 10:00:00,P,0,1,13,1.7647,0.8824,0.5000,-0.5000,0.0000,-0.2467,0,0.3636,0.3182
1999-11-19 12:30:00,EB,0,1,13,1.7647,NaN,NaN,0.0000,-0.2000,0.0400,0,0.3636,0.3182
1999-11-23 14:00:00,P,0,1,9,1.4286,2.2857,1.6000,0.0000,0.5000,0.2697,0,0.2727,0.2273
1999-11-25 13:30:00,EB,0,1,7,1.3043,0.0000,0.0000,0.0000,-0.3000,0.2143,0,0.1818,0.1364
1999-11-25 13:30:00,EB,0,1,7,1.3043,0.0000,0.0000,0.0000,-0.3000,0.2143,0,0.1818,0.1364
1999-11-29 15:00:00,P,0,1,3,1.1111,-0.3333,-0.3000,0.0000,0.5000,-0.6963,0,0.0909,0.0455
1999-12-02 13:45:00,GC_ME,1,0,0,1.0000,1.0000,1.0000,NaN,0.4000,0.1411,0,0.9565,0.9130
1999-12-03 15:30:00,EB,0,1,12,1.6667,0.0000,0.0000,0.4000,0.1000,0.1817,0,0.9130,0.8696
1999-12-06 10:00:00,EB,0,1,9,1.4286,0.0000,0.0000,0.4000,0.2000,-0.1610,0,0.8696,0.8261
1999-12-09 11:00:00,EB,0,1,6,1.2500,0.0000,0.0000,1.0000,0.5000,-0.1932,0,0.7391,0.6957
1999-12-10 10:00:00,EB,0,1,5,1.2000,-1.2000,-1.0000,0.0000,-0.5000,-0.5559,0,0.6957,0.6522
1999-12-15 13:45:00,GC_ME,1,0,0,1.0000,NaN,NaN,NaN,-0.7000,-0.1247,0,0.5652,0.5217
1999-12-15 16:00:00,EB,0,1,21,3.3333,0.0000,0.0000,NaN,-0.5000,-0.0239,0,0.5652,0.5217
2000-01-05 13:45:00,GC_ME,1,0,0,1.0000,0.5000,0.5000,0.0000,-3.5000,-0.5646,1,0.9048,0.8571
2000-01-10 15:00:00,EB,0,1,10,1.5000,0.7500,0.5000,0.0000,0.0000,0.1216,0,0.7619,0.7143
2000-01-20 13:45:00,GC_ME,1,0,0,1.0000,-1.5000,-1.5000,-1.5000,-1.0000,-0.0659,0,0.3810,0.3333
2000-01-21 10:00:00,EB,0,1,13,1.7647,0.8824,0.5000,9.5000,-0.5000,0.4878,0,0.3333,0.2857
2000-01-26 17:00:00,EB,0,1,8,1.3636,4.0909,3.0000,-9.0000,0.5000,NaN,0,0.1905,0.1429
2000-02-03 13:45:00,GC_ME,1,0,0,1.0000,-0.5000,-0.5000,-3.0000,4.5000,1.5228,1,0.9048,0.8571
2000-02-17 13:45:00,GC_ME,1,0,0,1.0000,0.5000,0.5000,0.0000,1.0000,1.0285,0,0.4286,0.3810
2000-03-02 13:45:00,GC_ME,1,0,0,1.0000,-3.5000,-3.5000,-3.7500,-2.0000,0.3825,1,0.9565,0.9130
2000-03-08 10:00:00,EB,0,1,8,1.3636,0.0000,0.0000,0.5000,-0.5000,0.0297,0,0.7826,0.7391
2000-03-16 13:45:00,GC_ME,1,0,0,1.0000,NaN,NaN,-2.0000,-2.5000,1.0170,0,0.5217,0.4783
2000-03-17 13:30:00,EB,0,1,13,1.7647,-1.7647,-1.0000,0.0000,0.0000,-0.5449,0,0.4783,0.4348
2000-03-20 15:00:00,P,0,1,10,1.5000,-0.7500,-0.5000,0.5000,-0.5000,-0.1992,0,0.4348,0.3913
2000-03-23 13:15:00,EB,0,1,7,1.3043,NaN,NaN,0.0000,0.5000,0.4977,0,0.3043,0.2609
2000-03-23 14:45:00,EB,0,1,7,1.3043,0.0000,0.0000,0.0000,1.0000,-0.4404,0,0.3043,0.2609
2000-03-30 13:45:00,GC_ME,1,0,0,1.0000,-1.5000,-1.5000,-1.0000,-0.5000,0.3543,1,0.0870,0.0435
2000-04-13 13:45:00,GC_ME,1,0,0,1.0000,-2.0000,-2.0000,-2.0000,0.0000,-0.6101,0,0.6000,0.5500
2000-04-17 15:00:00,EB,0,1,10,1.5000,0.0000,0.0000,NaN,1.5000,0.5109,0,0.5000,0.4500
2000-04-27 13:45:00,GC_ME,1,0,0,1.0000,9.2500,9.2500,17.3000,0.5000,-2.1032,1,0.1000,0.0500
2000-05-03 11:00:00,EB,0,1,8,1.3636,-7.9091,-5.8000,0.0000,0.5000,0.3789,0,0.9130,0.8696
2000-05-05 09:45:00,EB,0,1,6,1.2500,-19.7500,-15.8000,-3.0000,11.0000,-0.1774,0,0.8261,0.7826
2000-05-11 13:45:00,GC_ME,1,0,0,1.0000,NaN,NaN,1.0000,2.2000,1.8458,0,0.6522,0.6087
2000-05-12 16:00:00,P,0,1,13,1.7647,-0.8824,-0.5000,0.0000,-1.5000,0.0482,0,0.6087,0.5652
2000-05-22 14:30:00,P,0,1,3,1.1111,0.5556,0.5000,0.0000,0.5000,-0.2390,0,0.3478,0.3043
2000-05-25 13:45:00,GC_ME,1,0,0,1.0000,-2.5000,-2.5000,-2.5000,0.3000,0.6140,1,0.2174,0.1739
2000-05-30 10:15:00,P,0,1,9,1.4286,0.7143,0.5000,1.0000,1.5000,0.2305,0,0.0870,0.0435
2000-06-05 15:00:00,EB,0,1,3,1.1111,1.1111,1.0000,NaN,1.7000,0.1927,0,0.9091,0.8636
2000-06-08 13:45:00,GC_ME,1,0,0,1.0000,4.5000,4.5000,15.0000,16.7000,-1.0672,1,0.7727,0.7273
2000-06-21 13:45:00,GC_ME,1,0,0,1.0000,1.0000,1.0000,-0.8000,-1.0000,0.1123,0,0.3636,0.3182
2000-06-26 11:30:00,EB,0,1,10,1.5000,NaN,NaN,NaN,0.0000,0.0293,0,0.2273,0.1818
2000-06-26 14:00:00,EB,0,1,10,1.5000,NaN,NaN,-1.0000,0.2000,-0.0492,0,0.2273,0.1818
2000-07-06 13:45:00,GC_ME,1,0,0,1.0000,0.5000,0.5000,0.5000,-3.6500,-0.1010,1,0.8571,0.8095
2000-07-20 13:45:00,GC_ME,1,0,0,1.0000,NaN,NaN,0.0000,-3.2000,-0.2129,0,0.3810,0.3333
2000-08-03 13:45:00,GC_ME,1,0,0,1.0000,-2.0000,-2.0000,-1.3000,-3.0000,-0.8000,0,0.9130,0.8696
2000-08-31 13:45:00,GC_ME,1,0,0,1.0000,-7.2500,-7.2500,-5.2000,-2.8000,0.4710,1,0.0435,0.0000
2000-09-08 10:00:00,EB,0,1,6,1.2500,-1.2500,-1.0000,-0.5000,-2.2250,-0.6015,0,0.7619,0.7143
2000-09-14 13:45:00,GC_ME,1,0,0,1.0000,NaN,NaN,-0.5000,-2.0000,0.5013,0,0.5714,0.5238
2000-09-15 10:15:00,EB,0,1,20,3.0000,-3.0000,-1.0000,0.5000,0.7000,0.1254,0,0.5238,0.4762
2000-09-18 15:15:00,EB,0,1,17,2.3077,2.3077,1.0000,NaN,0.5000,0.0649,0,0.4762,0.4286
2000-09-29 14:30:00,EB,0,1,6,1.2500,NaN,NaN,0.0000,0.2000,-0.5133,0,0.0476,0.0000
2000-10-05 13:45:00,GC_ME,1,0,0,1.0000,NaN,NaN,6.5000,5.0000,-0.3374,0,0.8636,0.8182
2000-10-19 13:45:00,GC_ME,1,0,0,1.0000,NaN,NaN,0.0000,0.5000,0.6841,0,0.4091,0.3636
2000-11-02 13:45:00,GC_ME,1,0,0,1.0000,NaN,NaN,-0.5000,0.3500,0.1238,0,0.9545,0.9091
2000-11-07 11:30:00,EB,0,1,9,1.4286,NaN,NaN,0.0000,1.0000,0.0814,0,0.8182,0.7727
2000-11-09 11:15:00,EB,0,1,7,1.3043,0.0000,0.0000,-0.5000,1.7000,-0.0826,0,0.7273,0.6818
2000-11-10 17:00:00,P,0,1,6,1.2500,NaN,NaN,-1.2000,-1.0000,-0.4242,0,0.6818,0.6364
2000-11-14 09:30:00,P,0,1,2,1.0714,0.0000,0.0000,-0.2000,-0.8500,0.3671,0,0.5909,0.5455
2000-11-16 13:45:00,GC_ME,1,0,0,1.0000,NaN,NaN,-1.0000,-1.0000,0.0686,0,0.5000,0.4545
2000-11-23 10:00:00,EB,0,1,7,1.3043,0.0000,0.0000,0.5000,-0.5000,-0.3475,0,0.2727,0.2273
2000-11-30 13:45:00,GC_ME,1,0,0,1.0000,-1.0000,-1.0000,-1.2500,-0.5000,-0.1880,0,0.0455,0.0000
2000-12-01 15:30:00,EB,0,1,13,1.7647,0.0000,0.0000,0.2000,1.5000,0.1868,0,1.0000,0.9524
2000-12-14 13:45:00,GC_ME,1,0,0,1.0000,NaN,NaN,0.2000,2.5000,0.3804,0,0.5714,0.5238
2001-01-04 13:45:00,GC_ME,1,0,0,1.0000,0.0000,0.0000,1.0000,-1.7000,-0.2152,1,0.8696,0.8261
2001-01-08 15:00:00,P,0,1,10,1.5000,0.0000,0.0000,0.0000,-0.3000,0.0556,0,0.7826,0.7391
2001-01-15 11:00:00,EB,0,1,3,1.1111,0.5556,0.5000,0.0000,-0.7500,0.1863,0,0.5652,0.5217
2001-01-18 13:45:00,GC_ME,1,0,0,1.0000,0.0000,0.0000,0.3500,2.8000,-0.1071,1,0.4348,0.3913
2001-01-24 10:00:00,P,0,1,8,1.3636,NaN,NaN,1.7000,1.8000,0.1010,0,0.2609,0.2174
2001-01-24 15:00:00,EB,0,1,8,1.3636,0.0000,0.0000,0.3000,-1.0000,-0.2583,0,0.2609,0.2174
2001-01-26 13:30:00,EB,0,1,6,1.2500,1.8750,1.5000,0.2000,0.5000,-0.0614,0,0.1739,0.1304
2001-01-26 17:00:00,EB,0,1,6,1.2500,NaN,NaN,1.7000,2.0000,0.2763,0,0.1739,0.1304
2001-01-29 15:00:00,EB,0,1,3,1.1111,NaN,NaN,0.0000,-1.0000,-0.0634,0,0.1304,0.0870
2001-02-01 13:45:00,GC_ME,1,0,0,1.0000,NaN,NaN,0.5000,-0.2000,0.0811,0,1.0000,0.9500
2001-02-12 14:30:00,EB,0,1,3,1.1111,NaN,NaN,0.0000,0.5000,-0.0076,0,0.6500,0.6000
2001-02-15 13:45:00,GC_ME,1,0,0,1.0000,0.5000,0.5000,1.7000,1.0000,0.5400,0,0.5000,0.4500
2001-02-19 10:00:00,EB,0,1,10,1.5000,0.0000,0.0000,-0.3000,-0.5000,-0.4661,0,0.4000,0.3500
2001-02-21 11:20:00,EB,0,1,8,1.3636,0.0000,0.0000,-0.5000,-0.2000,-0.5796,0,0.3000,0.2500
2001-02-23 09:30:00,EB,0,1,6,1.2500,-1.2500,-1.0000,0.5000,0.2500,-0.3140,0,0.2000,0.1500
2001-02-23 17:00:00,EB,0,1,6,1.2500,NaN,NaN,-1.5000,0.0000,0.2642,0,0.2000,0.1500
2001-03-01 13:45:00,GC_ME,1,0,0,1.0000,3.0000,3.0000,2.5000,5.0000,-0.1795,1,1.0000,0.9545
2001-03-05 15:00:00,P,0,1,10,1.5000,0.0000,0.0000,0.2000,1.0000,0.0970,0,0.9091,0.8636
2001-03-06 14:30:00,P,0,1,9,1.4286,0.0000,0.0000,0.0000,0.5000,0.3227,0,0.8636,0.8182
2001-03-15 13:45:00,GC_ME,1,0,0,1.0000,0.5000,0.5000,-0.2000,0.8000,0.3180,0,0.5455,0.5000
2001-03-26 12:00:00,EB,0,1,3,1.1111,10.0000,9.0000,1.2000,0.5000,0.1691,0,0.2273,0.1818
2001-03-29 13:45:00,GC_ME,1,0,0,1.0000,3.0000,3.0000,4.0000,1.2500,-0.0463,1,0.0909,0.0455
2001-04-02 11:00:00,EB,0,1,9,1.4286,NaN,NaN,NaN,0.0000,-0.7931,0,1.0000,0.9524
2001-04-04 12:00:00,EB,0,1,7,1.3043,-0.6522,-0.5000,-0.5000,2.7000,0.1774,0,0.9048,0.8571
2001-04-11 13:45:00,GC_ME,1,0,0,1.0000,16.0000,16.0000,13.0000,14.5000,0.7226,0,0.6667,0.6190
2001-04-26 13:45:00,GC_ME,1,0,0,1.0000,NaN,NaN,0.0000,-1.5000,0.4910,0,0.1429,0.0952
2001-05-02 11:30:00,EB,0,1,8,1.3636,NaN,NaN,0.0000,-0.5000,-0.0855,0,0.9565,0.9130
2001-05-03 12:00:00,EB,0,1,7,1.3043,0.0000,0.0000,0.0000,0.3000,-0.0598,0,0.9130,0.8696
2001-05-10 13:45:00,GC_ME,1,0,0,1.0000,-18.0000,-18.0000,-19.7500,-17.0000,0.8118,1,0.6957,0.6522
2001-05-11 09:30:00,EB,0,1,12,1.6667,0.0000,0.0000,-1.0000,0.8000,0.1365,0,0.6522,0.6087
2001-05-11 14:00:00,EB,0,1,12,1.6667,NaN,NaN,0.0000,0.0000,0.2011,0,0.6522,0.6087
2001-05-15 10:30:00,EB,0,1,8,1.3636,NaN,NaN,0.2000,0.5000,-0.1130,0,0.5652,0.5217
2001-05-23 13:45:00,GC_ME,1,0,0,1.0000,1.5000,1.5000,0.0000,-1.0000,-0.1865,1,0.3043,0.2609
2001-05-28 15:00:00,P,0,1,10,1.5000,NaN,NaN,-0.5000,-1.7000,-0.1219,0,0.1739,0.1304
2001-06-07 13:45:00,GC_ME,1,0,0,1.0000,4.5000,4.5000,2.7500,0.7000,-0.1628,1,0.8095,0.7619
2001-06-20 14:30:00,P,0,1,1,1.0345,NaN,NaN,0.0000,1.0000,0.1742,0,0.3810,0.3333
2001-06-21 13:45:00,GC_ME,1,0,0,1.0000,5.5000,5.5000,3.0000,1.3000,0.0913,0,0.3333,0.2857
2001-06-25 11:00:00,EB,0,1,10,1.5000,0.0000,0.0000,NaN,-1.0000,0.4408,0,0.2381,0.1905
2001-06-25 14:00:00,EB,0,1,10,1.5000,NaN,NaN,NaN,5.0000,0.0242,0,0.2381,0.1905
2001-06-26 15:50:00,P,0,1,9,1.4286,NaN,NaN,NaN,3.3000,0.3353,0,0.1905,0.1429
2001-06-28 15:30:00,EB,0,1,7,1.3043,0.6522,0.5000,-0.5000,1.5000,0.7502,0,0.0952,0.0476
2001-06-29 13:15:00,EB,0,1,6,1.2500,-1.2500,-1.0000,-1.0000,0.5000,0.2109,0,0.0476,0.0000
2001-07-02 12:30:00,EB,0,1,3,1.1111,-3.3333,-3.0000,-2.0000,2.0000,0.2832,0,1.0000,0.9545
2001-07-03 15:00:00,P,0,1,2,1.0714,-18.7500,-17.5000,-0.3500,5.3000,-0.2112,0,0.9545,0.9091
2001-07-05 13:45:00,GC_ME,1,0,0,1.0000,2.5000,2.5000,2.0000,1.7500,-0.3110,1,0.8636,0.8182
2001-07-06 15:30:00,EB,0,1,13,1.7647,0.8824,0.5000,-0.5000,-1.0000,-0.8804,0,0.8182,0.7727
2001-07-09 12:30:00,EB,0,1,10,1.5000,0.0000,0.0000,-0.3000,1.0000,0.0982,0,0.7727,0.7273
2001-07-10 16:30:00,P,0,1,9,1.4286,-0.7143,-0.5000,-1.0000,-1.7500,-0.3761,0,0.7273,0.6818
2001-07-19 13:45:00,GC_ME,1,0,0,1.0000,1.0000,1.0000,3.4000,3.6500,0.8168,0,0.4091,0.3636
2001-08-02 13:45:00,GC_ME,1,0,0,1.0000,7.0000,7.0000,4.5000,6.2500,-0.3173,1,0.9565,0.9130
2001-08-30 13:45:00,GC_ME,1,0,0,1.0000,2.5000,2.5000,-4.2500,-6.0000,-0.9904,1,0.0870,0.0435
2001-08-30 15:00:00,EB,0,1,14,1.8750,0.9375,0.5000,-0.5000,-0.5000,0.1725,0,0.0870,0.0435
2001-08-30 15:00:00,P,0,1,14,1.8750,0.9375,0.5000,-0.5000,-0.5000,0.1725,0,0.0870,0.0435
2001-09-06 12:30:00,EB,0,1,7,1.3043,0.0000,0.0000,0.5000,0.0000,0.6183,0,0.8500,0.8000
2001-09-12 09:30:00,P,0,1,1,1.0345,0.5172,0.5000,4.0000,8.0000,4.1109,0,0.6500,0.6000
2001-09-13 13:45:00,GC_ME,1,0,0,1.0000,1.0000,1.0000,1.6000,2.5250,0.1541,0,0.6000,0.5500
2001-09-14 13:00:00,EB,0,1,3,1.1111,-1.1111,-1.0000,-1.0000,-1.6250,-1.5414,0,0.5500,0.5000
2001-09-17 12:45:00,P,0,1,10,1.5000,-1.5000,-1.0000,3.2000,0.7500,1.7648,0,0.5000,0.4500
2001-09-17 13:45:00,GC_ME,1,0,0,1.0000,-1.0000,-1.0000,-4.5000,-1.1250,1.6435,1,0.5000,0.4500
2001-09-24 10:00:00,EB,0,1,3,1.1111,-0.5556,-0.5000,0.3000,-0.5000,-0.4873,0,0.2500,0.2000
2001-09-26 10:45:00,P,0,1,1,1.0345,0.0000,0.0000,1.0000,0.2000,1.3690,0,0.1500,0.1000
2001-09-27 13:45:00,GC_ME,1,0,0,1.0000,2.5000,2.5000,-0.5000,-0.8750,-0.7904,1,0.1000,0.0500
2001-10-05 14:00:00,EB,0,1,6,1.2500,-8.7500,-7.0000,-0.3000,0.2500,-0.1127,0,0.8261,0.7826
2001-10-11 13:45:00,GC_ME,1,0,0,1.0000,7.2500,7.2500,4.8500,7.7750,0.9048,0,0.6522,0.6087
2001-10-15 11:05:00,EB,0,1,10,1.5000,0.7500,0.5000,0.0000,-0.2000,-0.2689,0,0.5652,0.5217
2001-10-15 12:30:00,EB,0,1,10,1.5000,NaN,NaN,0.5000,-0.5000,-0.2532,0,0.5652,0.5217
2001-10-16 11:30:00,EB,0,1,9,1.4286,1.4286,1.0000,0.5000,-0.2000,0.4616,0,0.5217,0.4783
2001-10-16 15:00:00,EB,0,1,9,1.4286,0.0000,0.0000,0.0000,0.2000,0.5415,0,0.5217,0.4783
2001-10-17 14:30:00,P,0,1,8,1.3636,1.0227,0.7500,0.7000,0.8500,0.3098,0,0.4783,0.4348
2001-10-17 15:15:00,EB,0,1,8,1.3636,1.3636,1.0000,-1.0000,0.0125,-0.6705,0,0.4783,0.4348
2001-10-18 14:45:00,EB,0,1,7,1.3043,0.0000,0.0000,-1.5000,0.2000,0.3164,0,0.4348,0.3913
2001-10-22 10:00:00,EB,0,1,3,1.1111,-1.1111,-1.0000,0.5000,0.7000,0.6140,0,0.3478,0.3043
2001-10-25 13:45:00,GC_ME,1,0,0,1.0000,3.5000,3.5000,1.3000,-2.6250,-1.2975,1,0.2174,0.1739
2001-10-31 10:00:00,EB,0,1,8,1.3636,0.0000,0.0000,0.0000,0.7750,1.0422,0,0.0435,0.0000
2001-11-08 13:45:00,GC_ME,1,0,0,1.0000,1.7500,1.7500,-1.1000,4.8750,-0.5158,1,0.7727,0.7273
2001-11-14 16:00:00,P,0,1,22,3.7500,NaN,NaN,NaN,-3.1250,-1.7538,0,0.5909,0.5455
2001-11-19 14:00:00,EB,0,1,17,2.3077,NaN,NaN,-0.5000,-0.6250,-0.1183,0,0.4545,0.4091
2001-11-19 16:00:00,EB,0,1,17,2.3077,NaN,NaN,1.5000,-1.5000,-0.1138,0,0.4545,0.4091
2001-11-20 14:00:00,EB,0,1,16,2.1429,1.0714,0.5000,0.2000,0.3000,-0.3781,0,0.4091,0.3636
2001-11-28 16:30:00,EB,0,1,8,1.3636,NaN,NaN,-0.5000,-0.5000,-0.1478,0,0.1364,0.0909
2001-11-29 11:00:00,EB,0,1,7,1.3043,NaN,NaN,NaN,NaN,NaN,0,0.0909,0.0455
2001-12-03 11:00:00,EB,0,1,3,1.1111,NaN,NaN,-0.5000,-0.2500,-0.5071,0,1.0000,0.9524
2001-12-06 13:45:00,GC_ME,1,0,0,1.0000,-2.0000,-2.0000,3.5000,5.1667,-0.3635,0,0.8571,0.8095
2001-12-10 13:00:00,EB,0,1,24,5.0000,NaN,NaN,-2.0000,0.2250,-0.2474,0,0.7619,0.7143
2001-12-11 14:10:00,EB,0,1,23,4.2857,2.1429,0.5000,-0.5000,0.5000,-0.0913,0,0.7143,0.6667
2001-12-11 15:30:00,EB,0,1,23,4.2857,2.1429,0.5000,-0.5000,0.7750,-0.1334,0,0.7143,0.6667
2001-12-11 16:05:00,EB,0,1,23,4.2857,-2.1429,-0.5000,0.5000,0.8333,0.4873,0,0.7143,0.6667
2001-12-12 10:00:00,P,0,1,22,3.7500,5.6250,1.5000,0.0000,-0.7500,-0.4851,0,0.6667,0.6190
2001-12-13 16:00:00,EB,0,1,21,3.3333,0.0000,0.0000,0.0000,2.2500,0.0080,0,0.6190,0.5714
2001-12-17 13:30:00,EB,0,1,17,2.3077,NaN,NaN,0.5000,-0.2500,-0.2848,0,0.5238,0.4762
2001-12-18 16:30:00,P,0,1,16,2.1429,-2.1429,-1.0000,-0.5000,-1.2500,-0.6495,0,0.4762,0.4286
2001-12-31 10:00:00,P,0,1,3,1.1111,NaN,NaN,NaN,NaN,NaN,0,0.0476,0.0000
2002-01-03 13:45:00,GC_ME,1,0,0,1.0000,2.5000,2.5000,1.7500,-0.0250,-0.0674,1,0.9130,0.8696
2002-01-04 16:15:00,EB,0,1,34,NaN,NaN,0.5000,1.0000,1.0000,-0.8120,0,0.8696,0.8261
2002-01-23 15:00:00,P,0,1,15,2.0000,NaN,NaN,0.0000,0.0000,0.2922,0,0.3043,0.2609
2002-01-28 09:30:00,EB,0,1,10,1.5000,NaN,NaN,NaN,NaN,NaN,0,0.1739,0.1304
2002-02-07 13:45:00,GC_ME,1,0,0,1.0000,1.0000,1.0000,2.0000,3.6500,0.7319,0,0.8000,0.7500
2002-02-07 15:30:00,EB,0,1,28,NaN,NaN,-1.0000,-0.4000,0.5000,-0.4120,0,0.8000,0.7500
2002-02-11 10:10:00,EB,0,1,24,5.0000,NaN,NaN,0.2000,-1.0000,0.0247,0,0.7000,0.6500
2002-02-22 14:00:00,EB,0,1,13,1.7647,NaN,NaN,0.0000,-0.9000,-0.0140,0,0.2500,0.2000
2002-02-25 14:30:00,P,0,1,10,1.5000,0.0000,0.0000,1.0000,0.2000,-0.0147,0,0.2000,0.1500
2002-03-07 13:45:00,GC_ME,1,0,0,1.0000,0.7500,0.7500,0.9000,1.6250,0.2035,0,0.8095,0.7619
2002-03-14 11:30:00,EB,0,1,21,3.3333,NaN,NaN,NaN,2.3333,0.3377,0,0.5714,0.5238
2002-03-15 11:00:00,EB,0,1,20,3.0000,NaN,NaN,0.0000,-0.2667,-0.0113,0,0.5238,0.4762
2002-03-15 13:00:00,P,0,1,20,3.0000,NaN,NaN,0.0000,0.5000,-0.3460,0,0.5238,0.4762
2002-03-20 10:00:00,EB,0,1,15,2.0000,-4.0000,-2.0000,0.0000,-1.1000,0.1269,0,0.3810,0.3333
2002-03-20 10:00:00,EB,0,1,15,2.0000,-4.0000,-2.0000,0.0000,-1.1000,0.1269,0,0.3810,0.3333
2002-03-22 14:00:00,EB,0,1,13,1.7647,1.7647,1.0000,1.5000,2.3333,-0.0820,0,0.2857,0.2381
2002-03-26 15:30:00,EB,0,1,9,1.4286,NaN,NaN,0.5000,0.1667,0.9536,0,0.1905,0.1429
2002-04-04 13:45:00,GC_ME,1,0,0,1.0000,-1.0000,-1.0000,0.0000,-2.5000,-0.1484,0,0.8636,0.8182
2002-04-08 09:30:00,EB,0,1,24,5.0000,-5.0000,-1.0000,3.0000,-0.5000,-0.2073,0,0.7727,0.7273
2002-04-17 09:20:00,EB,0,1,15,2.0000,-6.0000,-3.0000,-0.5000,0.3000,0.2764,0,0.4545,0.4091
2002-04-19 13:45:00,P,0,1,13,1.7647,NaN,NaN,0.5000,0.8750,0.0214,0,0.3636,0.3182
2002-04-23 10:30:00,EB,0,1,9,1.4286,0.0000,0.0000,0.2000,1.4167,-0.1495,0,0.2727,0.2273
2002-04-25 17:00:00,EB,0,1,7,1.3043,0.0000,0.0000,-1.0000,-0.6250,-0.1849,0,0.1818,0.1364
2002-05-02 13:45:00,GC_ME,1,0,0,1.0000,1.5000,1.5000,3.0000,7.9000,-0.2534,1,0.9565,0.9130
2002-05-21 11:00:00,P,0,1,16,2.1429,-1.7857,-0.8333,-3.1000,-4.5750,0.1671,0,0.3913,0.3478
2002-05-24 09:30:00,EB,0,1,13,1.7647,0.2941,0.1667,1.0000,1.0000,0.1014,0,0.2609,0.2174
2002-05-30 12:30:00,EB,0,1,7,1.3043,-1.3043,-1.0000,0.0000,-1.6375,-0.3931,0,0.0870,0.0435
2002-06-03 15:30:00,EB,0,1,3,1.1111,NaN,NaN,0.7000,1.3000,0.1199,0,1.0000,0.9500
2002-06-06 13:45:00,GC_ME,1,0,0,1.0000,-1.1667,-1.1667,-1.0000,2.1500,-0.2818,0,0.8500,0.8000
2002-06-10 12:00:00,EB,0,1,24,5.0000,NaN,NaN,NaN,-0.2500,-0.2516,0,0.7500,0.7000
2002-06-13 11:00:00,P,0,1,21,3.3333,4.3333,1.3000,0.8333,-0.2000,0.2156,0,0.6000,0.5500
2002-06-19 15:00:00,EB,0,1,15,2.0000,NaN,NaN,NaN,-0.7500,-0.0767,0,0.4000,0.3500
2002-06-26 12:40:00,EB,0,1,8,1.3636,NaN,NaN,-0.8000,-0.5000,-0.3649,0,0.1500,0.1000
2002-07-02 15:00:00,P,0,1,2,1.0714,0.0000,0.0000,-0.7000,0.4500,-0.2984,0,0.9565,0.9130
2002-07-04 13:45:00,GC_ME,1,0,0,1.0000,-0.2000,-0.2000,2.0000,-1.9000,-0.2369,0,0.8696,0.8261
2002-07-10 10:00:00,EB,0,1,22,3.7500,-1.8750,-0.5000,-0.8000,-1.7375,-0.7927,0,0.6957,0.6522
2002-07-24 15:00:00,P,0,1,8,1.3636,-1.0909,-0.8000,2.1667,2.9100,-0.5700,0,0.2609,0.2174
2002-08-01 13:45:00,GC_ME,1,0,0,1.0000,0.0000,0.0000,0.3000,-0.5000,-0.3935,1,1.0000,0.9545
2002-08-22 11:20:00,EB,0,1,21,3.3333,0.0000,0.0000,-0.5000,-1.2500,-0.2525,0,0.3182,0.2727
2002-09-05 09:30:00,EB,0,1,7,1.3043,-1.3696,-1.0500,-2.4000,-6.0400,-0.6196,0,0.8571,0.8095
2002-09-12 13:45:00,GC_ME,1,0,0,1.0000,-0.1500,-0.1500,-1.0000,-4.5500,-0.8771,0,0.6190,0.5714
2002-09-23 10:00:00,EB,0,1,17,2.3077,0.0000,0.0000,-0.5000,0.2500,-0.3879,0,0.2857,0.2381
2002-09-23 10:00:00,EB,0,1,17,2.3077,0.0000,0.0000,-0.5000,0.2500,-0.3879,0,0.2857,0.2381
2002-10-08 09:30:00,P,0,1,2,1.0714,1.9286,1.8000,2.5000,2.1000,0.2033,0,0.7826,0.7391
2002-10-10 13:45:00,GC_ME,1,0,0,1.0000,3.0000,3.0000,3.0000,2.2500,-0.1845,1,0.6957,0.6522
2002-10-17 11:00:00,EB,0,1,21,3.3333,0.0000,0.0000,-0.4000,-0.5500,0.6610,0,0.4783,0.4348
2002-11-07 13:45:00,GC_ME,1,0,0,1.0000,7.6500,7.6500,2.5250,-1.5500,-1.5917,1,0.8095,0.7619
2002-11-11 11:30:00,EB,0,1,24,5.0000,0.7500,0.1500,0.4000,0.4667,0.5348,0,0.7143,0.6667
2002-11-14 12:45:00,EB,0,1,21,3.3333,-0.3333,-0.1000,-0.0500,-0.7000,-0.1275,0,0.5714,0.5238
2002-11-15 13:00:00,EB,0,1,20,3.0000,-0.5000,-0.1667,-0.3750,0.0000,0.1183,0,0.5238,0.4762
2002-11-22 10:15:00,EB,0,1,13,1.7647,1.8235,1.0333,0.1000,-0.2500,-0.8601,0,0.2857,0.2381
2002-11-22 17:00:00,EB,0,1,13,1.7647,2.2941,1.3000,1.6000,1.0000,0.1775,0,0.2857,0.2381
2002-11-27 14:50:00,EB,0,1,8,1.3636,1.0455,0.7667,1.5000,2.0000,0.4943,0,0.1429,0.0952
2002-12-02 14:00:00,EB,0,1,3,1.1111,0.5556,0.5000,0.0500,-0.0500,0.3494,0,1.0000,0.9545
2002-12-03 10:00:00,P,0,1,2,1.0714,-1.9071,-1.7800,-4.2000,-0.5000,-0.5904,0,0.9545,0.9091
2002-12-05 13:45:00,GC_ME,1,0,0,1.0000,-6.4750,-6.4750,-4.4500,-1.6333,-0.8873,0,0.8636,0.8182
2002-12-05 16:00:00,EB,0,1,35,NaN,NaN,-0.7333,-0.5000,-1.7750,-1.8526,0,0.8636,0.8182
2002-12-06 16:00:00,EB,0,1,34,NaN,NaN,0.0000,-0.5000,0.3800,0.9385,0,0.8182,0.7727
2002-12-09 11:30:00,EB,0,1,31,NaN,NaN,0.0000,0.1000,-0.1000,-0.5576,0,0.7727,0.7273
2002-12-16 10:00:00,EB,0,1,24,5.0000,2.5000,0.5000,-0.2000,0.4000,0.3474,0,0.5455,0.5000
2003-01-09 13:45:00,GC_ME,1,0,0,1.0000,1.8000,1.8000,1.5000,2.8000,1.2451,0,0.7391,0.6957
2003-01-13 14:30:00,EB,0,1,24,5.0000,-5.2500,-1.0500,0.1000,-0.4333,-0.0416,0,0.6522,0.6087
2003-02-04 16:30:00,P,0,1,2,1.0714,0.0000,0.0000,-0.1000,-0.2000,-0.6641,0,0.9500,0.9000
2003-02-05 13:00:00,EB,0,1,1,1.0345,-0.2069,-0.2000,-1.0000,-0.4500,-0.1368,0,0.9000,0.8500
2003-02-06 13:45:00,GC_ME,1,0,0,1.0000,2.2333,2.2333,1.1000,-0.3400,-1.3949,1,0.8500,0.8000
2003-02-17 15:00:00,P,0,1,17,2.3077,0.2308,0.1000,1.0000,-0.0500,0.0273,0,0.5000,0.4500
2003-02-24 14:00:00,EB,0,1,10,1.5000,-1.5000,-1.0000,0.3000,0.0000,-0.1437,0,0.2500,0.2000
2003-02-27 10:00:00,EB,0,1,7,1.3043,0.0000,0.0000,-0.5750,-0.4750,-0.9974,0,0.1000,0.0500
2003-02-27 17:00:00,EB,0,1,7,1.3043,0.3261,0.2500,-1.0000,0.4417,0.0186,0,0.1000,0.0500
2003-02-28 09:30:00,EB,0,1,6,1.2500,-0.6250,-0.5000,-0.3500,-0.0500,-0.5364,0,0.0500,0.0000
2003-02-28 10:30:00,EB,0,1,6,1.2500,0.1562,0.1250,-0.7500,0.5000,0.2216,0,0.0500,0.0000
2003-03-06 13:45:00,GC_ME,1,0,0,1.0000,9.5000,9.5000,4.6750,-1.2250,-1.3760,1,0.8571,0.8095
2003-03-07 11:00:00,EB,0,1,27,NaN,NaN,3.5000,1.0000,0.3000,-0.2454,0,0.8095,0.7619
2003-03-10 11:30:00,EB,0,1,24,5.0000,5.5000,1.1000,0.5000,0.5000,0.4078,0,0.7619,0.7143
2003-03-24 15:00:00,EB,0,1,10,1.5000,NaN,NaN,0.5000,0.1500,0.0217,0,0.2857,0.2381
2003-03-27 14:00:00,EB,0,1,7,1.3043,-1.9565,-1.5000,0.3000,-0.0000,-0.1666,0,0.1429,0.0952
2003-03-28 14:00:00,EB,0,1,6,1.2500,NaN,NaN,-0.5000,-0.6375,-0.3462,0,0.0952,0.0476
2003-04-01 11:45:00,EB,0,1,2,1.0714,-0.5357,-0.5000,-0.8000,0.5000,-0.0731,0,1.0000,0.9545
2003-04-03 13:45:00,GC_ME,1,0,0,1.0000,3.5000,3.5000,1.6000,0.4900,-0.2365,1,0.9091,0.8636
2003-04-07 14:00:00,EB,0,1,31,NaN,NaN,-1.0000,1.0000,0.3500,-0.4566,0,0.8182,0.7727
2003-04-28 11:00:00,EB,0,1,10,1.5000,1.5000,1.0000,-0.5000,0.2000,-0.2587,0,0.1364,0.0909
2003-04-29 11:00:00,EB,0,1,9,1.4286,1.4286,1.0000,-0.4750,0.6750,0.1466,0,0.0909,0.0455
2003-05-06 11:45:00,EB,0,1,2,1.0714,0.0000,0.0000,0.0000,0.2000,-0.0890,0,0.8636,0.8182
2003-05-08 13:45:00,GC_ME,1,0,0,1.0000,3.5000,3.5000,3.6429,3.6000,-1.1153,1,0.7727,0.7273
2003-05-14 15:30:00,EB,0,1,22,3.7500,-1.8750,-0.5000,-1.0000,-0.0000,-1.1142,0,0.5909,0.5455
2003-05-16 10:00:00,EB,0,1,20,3.0000,-0.1500,-0.0500,-0.6500,-0.7400,0.7152,0,0.5000,0.4545
2003-05-19 12:30:00,EB,0,1,17,2.3077,-0.4615,-0.2000,0.5000,-0.0250,0.0297,0,0.4545,0.4091
2003-05-26 14:15:00,EB,0,1,10,1.5000,0.0000,0.0000,0.0000,-0.3000,-0.0919,0,0.2273,0.1818
2003-05-29 12:15:00,EB,0,1,7,1.3043,-0.2609,-0.2000,-0.3000,-0.1000,0.0998,0,0.0909,0.0455
2003-06-03 14:15:00,P,0,1,2,1.0714,-2.1000,-1.9600,-1.0750,-1.7600,0.0982,0,0.9524,0.9048
2003-06-05 13:45:00,GC_ME,1,0,0,1.0000,-1.5750,-1.5750,-3.2667,-6.8250,-0.9334,0,0.8571,0.8095
2003-06-12 09:30:00,P,0,1,28,NaN,NaN,0.7333,0.8000,-0.6000,0.4617,0,0.6190,0.5714
2003-06-12 10:00:00,EB,0,1,28,NaN,NaN,1.0000,0.8000,-0.9250,0.6241,0,0.6190,0.5714
2003-06-13 09:30:00,EB,0,1,27,NaN,NaN,0.2500,-0.2000,-1.5400,-0.9175,0,0.5714,0.5238
2003-06-18 10:30:00,EB,0,1,22,3.7500,0.0000,0.0000,0.6000,1.5000,0.7555,0,0.4286,0.3810
2003-07-03 10:00:00,P,0,1,7,1.3043,0.0000,0.0000,0.5000,0.8333,-0.3441,0,0.9130,0.8696
2003-07-10 13:45:00,GC_ME,1,0,0,1.0000,NaN,NaN,1.5000,0.7500,0.2569,0,0.6957,0.6522
2003-07-31 13:45:00,GC_ME,1,0,0,1.0000,NaN,NaN,1.1000,3.3500,1.4265,0,0.0435,0.0000
2003-08-20 11:30:00,EB,0,1,15,2.0000,NaN,NaN,0.3000,-0.9400,-0.1688,0,0.3810,0.3333
2003-08-29 10:00:00,EB,0,1,6,1.2500,0.0000,0.0000,0.0000,0.5000,-0.3320,0,0.0476,0.0000
2003-09-04 13:45:00,GC_ME,1,0,0,1.0000,0.0000,0.0000,0.0000,-1.0750,-0.1510,1,0.8636,0.8182
2003-09-05 12:00:00,EB,0,1,27,NaN,NaN,NaN,0.0000,0.5000,-0.0309,0,0.8182,0.7727
2003-09-10 15:00:00,P,0,1,22,3.7500,-4.8750,-1.3000,0.0000,0.9000,-0.2863,0,0.6818,0.6364
2003-09-12 13:40:00,EB,0,1,20,3.0000,NaN,NaN,NaN,-1.1375,0.1627,0,0.5909,0.5455
2003-09-16 10:30:00,EB,0,1,16,2.1429,0.0000,0.0000,NaN,0.9333,0.2828,0,0.5000,0.4545
2003-09-17 14:00:00,EB,0,1,15,2.0000,NaN,NaN,NaN,0.5000,-0.0069,0,0.4545,0.4091
2003-09-26 17:00:00,EB,0,1,6,1.2500,NaN,NaN,NaN,-1.2500,-0.0433,0,0.1364,0.0909
2003-10-01 09:30:00,EB,0,1,1,1.0345,NaN,NaN,0.2000,-0.2000,-0.2824,0,1.0000,0.9565
2003-10-02 13:45:00,GC_ME,1,0,0,1.0000,0.0000,0.0000,0.1500,1.7333,-0.7762,1,0.9565,0.9130
2003-10-06 17:00:00,EB,0,1,31,NaN,NaN,NaN,-0.3000,-1.0000,0.0409,0,0.8696,0.8261
2003-10-13 14:15:00,EB,0,1,24,5.0000,NaN,NaN,0.2000,0.0000,-0.3081,0,0.6522,0.6087
2003-10-22 10:45:00,P,0,1,15,2.0000,NaN,NaN,0.5000,3.3250,0.0525,0,0.3478,0.3043
2003-10-27 10:00:00,EB,0,1,10,1.5000,0.7500,0.5000,-0.2000,0.0000,0.1780,0,0.2174,0.1739
2003-10-30 09:30:00,EB,0,1,7,1.3043,0.0000,0.0000,0.0000,-0.5000,-0.2448,0,0.0870,0.0435
2003-11-06 13:45:00,GC_ME,1,0,0,1.0000,0.0000,0.0000,0.0000,0.9200,0.1012,1,0.8500,0.8000
2003-11-11 13:45:00,EB,0,1,23,4.2857,NaN,NaN,0.8000,-0.7500,0.0092,0,0.7000,0.6500
2003-11-14 14:30:00,EB,0,1,20,3.0000,NaN,NaN,NaN,0.8000,0.0234,0,0.5500,0.5000
2003-11-20 16:30:00,P,0,1,14,1.8750,NaN,NaN,-0.3000,1.1375,0.3812,0,0.3500,0.3000
2003-11-21 11:30:00,EB,0,1,13,1.7647,NaN,NaN,NaN,0.4667,0.0788,0,0.3000,0.2500
2003-11-21 14:30:00,P,0,1,13,1.7647,-0.8824,-0.5000,0.0000,-0.4000,0.0291,0,0.3000,0.2500
2003-11-24 10:00:00,P,0,1,10,1.5000,-0.7500,-0.5000,-0.3000,0.9000,0.0840,0,0.2500,0.2000
2003-12-01 15:00:00,P,0,1,3,1.1111,0.0000,0.0000,-1.0000,0.3667,-0.0679,0,1.0000,0.9565
2003-12-03 10:15:00,P,0,1,1,1.0345,0.0000,0.0000,0.5000,-0.9800,-0.3685,0,0.9130,0.8696
2003-12-04 13:45:00,GC_ME,1,0,0,1.0000,0.2000,0.2000,-0.5000,-2.8000,-0.4642,1,0.8696,0.8261
2003-12-10 10:00:00,EB,0,1,29,NaN,NaN,1.0000,0.0000,-0.4500,-0.2247,0,0.6957,0.6522
2004-01-08 13:45:00,GC_ME,1,0,0,1.0000,-0.5000,-0.5000,0.1000,-1.7250,0.3225,1,0.7727,0.7273
2004-01-15 16:45:00,P,0,1,21,3.3333,0.0000,0.0000,-0.5000,-0.7250,0.3910,0,0.5455,0.5000
2004-01-16 10:00:00,EB,0,1,20,3.0000,0.6000,0.2000,0.1000,-0.2500,0.0000,0,0.5000,0.4545
2004-01-20 15:00:00,EB,0,1,16,2.1429,-0.0000,-0.0000,0.5000,0.1500,-0.4460,0,0.4091,0.3636
2004-01-26 12:15:00,P,0,1,10,1.5000,0.1500,0.1000,1.0000,0.9000,-0.1122,0,0.2273,0.1818
2004-01-29 14:00:00,P,0,1,7,1.3043,0.0000,0.0000,0.5000,1.3625,-0.0014,0,0.0909,0.0455
2004-02-02 09:30:00,EB,0,1,3,1.1111,NaN,NaN,0.0000,0.2000,0.0990,0,1.0000,0.9500
2004-02-05 13:45:00,GC_ME,1,0,0,1.0000,-0.1000,-0.1000,-0.5000,-1.4750,-0.0822,0,0.8500,0.8000
2004-02-16 15:00:00,P,0,1,17,2.3077,0.0000,0.0000,-0.5000,-0.5000,0.0136,0,0.5000,0.4500
2004-02-20 11:00:00,EB,0,1,13,1.7647,3.0882,1.7500,0.5000,-0.3000,-0.0140,0,0.3000,0.2500
2004-02-20 16:00:00,EB,0,1,13,1.7647,-0.7059,-0.4000,0.1000,0.8250,-0.4385,0,0.3000,0.2500
2004-03-04 13:45:00,GC_ME,1,0,0,1.0000,2.0000,2.0000,2.0000,4.1500,0.2469,0,0.8696,0.8261
2004-03-05 15:30:00,P,0,1,27,NaN,NaN,-0.5000,0.5000,-0.0125,0.4704,0,0.8261,0.7826
2004-03-12 17:00:00,EB,0,1,20,3.0000,0.0000,0.0000,0.0000,0.7333,0.4199,0,0.6087,0.5652
2004-03-22 12:15:00,EB,0,1,10,1.5000,NaN,NaN,NaN,0.2000,0.4046,0,0.3478,0.3043
2004-03-23 12:15:00,EB,0,1,9,1.4286,0.4286,0.3000,0.1000,-0.1000,0.1478,0,0.3043,0.2609
2004-03-26 16:30:00,EB,0,1,6,1.2500,-0.1250,-0.1000,-0.5000,-0.1000,0.1581,0,0.1739,0.1304
2004-04-01 13:45:00,GC_ME,1,0,0,1.0000,3.9500,3.9500,4.9333,7.8750,-0.3777,1,1.0000,0.9545
2004-04-16 09:30:00,EB,0,1,20,3.0000,-0.3000,-0.1000,0.3000,-0.3000,0.0007,0,0.5000,0.4545
2004-04-19 12:30:00,EB,0,1,17,2.3077,NaN,NaN,0.0000,-0.5000,0.0295,0,0.4545,0.4091
2004-04-20 17:00:00,P,0,1,16,2.1429,-0.2143,-0.1000,0.2000,-0.2000,-0.2298,0,0.4091,0.3636
2004-04-21 11:00:00,EB,0,1,15,2.0000,0.0000,0.0000,0.5000,0.9875,-0.2860,0,0.3636,0.3182
2004-04-22 14:00:00,P,0,1,14,1.8750,NaN,NaN,NaN,-0.1500,-0.0706,0,0.3182,0.2727
2004-04-23 14:30:00,P,0,1,13,1.7647,NaN,NaN,NaN,2.5875,-0.0520,0,0.2727,0.2273
2004-04-27 12:00:00,P,0,1,9,1.4286,NaN,NaN,0.3000,0.6500,-0.1284,0,0.1818,0.1364
2004-04-29 13:00:00,EB,0,1,7,1.3043,0.0000,0.0000,0.5000,0.7333,-0.2263,0,0.0909,0.0455
2004-05-03 13:00:00,EB,0,1,3,1.1111,NaN,NaN,1.0000,NaN,0.1410,0,1.0000,0.9524
2004-05-05 11:30:00,P,0,1,1,1.0345,NaN,NaN,-0.3000,-0.7250,-0.0603,0,0.9048,0.8571
2004-05-06 13:45:00,GC_ME,1,0,0,1.0000,0.0000,0.0000,0.5000,1.3875,-0.3750,1,0.8571,0.8095
2004-05-12 09:30:00,EB,0,1,22,3.7500,NaN,NaN,-0.2000,-0.5375,-0.3544,0,0.6667,0.6190
2004-05-12 13:00:00,P,0,1,22,3.7500,NaN,NaN,-0.5000,0.2000,0.0690,0,0.6667,0.6190
2004-05-13 12:00:00,EB,0,1,21,3.3333,-1.6667,-0.5000,0.1000,0.6833,-0.0048,0,0.6190,0.5714
2004-05-14 10:00:00,P,0,1,20,3.0000,1.2000,0.4000,0.0000,0.0000,-0.3137,0,0.5714,0.5238
2004-05-17 14:30:00,EB,0,1,17,2.3077,0.4615,0.2000,0.0000,-0.4375,-0.0095,0,0.5238,0.4762
2004-05-24 15:00:00,P,0,1,10,1.5000,NaN,NaN,-0.1000,0.4000,0.0349,0,0.2857,0.2381
2004-05-27 10:55:00,EB,0,1,7,1.3043,NaN,NaN,NaN,-0.5167,-0.1917,0,0.1429,0.0952
2004-05-28 10:30:00,EB,0,1,6,1.2500,0.0000,0.0000,0.6000,1.7000,-0.1382,0,0.0952,0.0476
2004-06-03 13:45:00,GC_ME,1,0,0,1.0000,-0.5000,-0.5000,-0.2000,-1.4000,0.1638,1,0.9091,0.8636
2004-06-10 16:00:00,EB,0,1,21,3.3333,-1.6667,-0.5000,0.2000,-0.4375,0.1317,0,0.6818,0.6364
2004-06-16 15:00:00,P,0,1,15,2.0000,0.0000,0.0000,0.1000,1.1200,-0.1928,0,0.5000,0.4545
2004-06-18 15:30:00,EB,0,1,13,1.7647,0.5294,0.3000,-0.1000,0.4500,0.3048,0,0.4091,0.3636
2004-06-21 14:00:00,EB,0,1,10,1.5000,0.0000,0.0000,-0.3000,-0.2875,-0.5040,0,0.3636,0.3182
2004-06-21 16:00:00,P,0,1,10,1.5000,NaN,NaN,0.1000,-0.1000,0.0178,0,0.3636,0.3182
2004-06-22 09:30:00,EB,0,1,9,1.4286,NaN,NaN,0.1000,0.0167,-0.0705,0,0.3182,0.2727
2004-06-23 14:15:00,EB,0,1,8,1.3636,NaN,NaN,0.0000,-0.0500,0.0032,0,0.2727,0.2273
2004-06-23 17:00:00,EB,0,1,8,1.3636,NaN,NaN,0.0000,-1.0500,0.0889,0,0.2727,0.2273
2004-06-25 13:00:00,EB,0,1,6,1.2500,NaN,NaN,0.1000,0.1625,-0.0018,0,0.1818,0.1364
2004-06-28 16:45:00,EB,0,1,3,1.1111,NaN,NaN,0.1000,0.7000,0.0515,0,0.1364,0.0909
2004-07-01 13:45:00,GC_ME,1,0,0,1.0000,0.1000,0.1000,0.0000,-0.1333,-0.2618,1,1.0000,0.9545
2004-07-02 11:15:00,EB,0,1,34,NaN,NaN,0.1000,-0.5000,2.1125,-0.0805,0,0.9545,0.9091
2004-07-08 12:00:00,EB,0,1,28,NaN,NaN,-0.1000,0.1000,0.1333,0.2234,0,0.7727,0.7273
2004-07-16 12:30:00,P,0,1,20,3.0000,0.6000,0.2000,0.2000,-0.4125,0.1453,0,0.5000,0.4545
2004-08-05 13:45:00,GC_ME,1,0,0,1.0000,0.7000,0.7000,1.0500,-1.0375,0.0648,0,0.8636,0.8182
2004-09-02 13:45:00,GC_ME,1,0,0,1.0000,0.0000,0.0000,0.2000,1.2500,-0.1621,1,0.9545,0.9091
2004-09-10 11:00:00,P,0,1,27,NaN,NaN,0.0000,-0.7000,-0.3000,0.0179,0,0.6818,0.6364
2004-09-16 16:30:00,P,0,1,21,3.3333,0.0000,0.0000,0.0000,-0.7900,0.0456,0,0.5000,0.4545
2004-09-22 10:30:00,P,0,1,15,2.0000,0.0000,0.0000,0.1000,-0.3000,0.2527,0,0.3182,0.2727
2004-09-28 10:00:00,EB,0,1,9,1.4286,0.0000,0.0000,0.0000,0.7667,0.2253,0,0.1364,0.0909
2004-10-05 14:30:00,P,0,1,2,1.0714,0.0000,0.0000,0.1000,-0.5250,-0.3227,0,0.9048,0.8571
2004-10-07 13:45:00,GC_ME,1,0,0,1.0000,-0.2000,-0.2000,-0.1500,-1.0333,-0.0610,0,0.8095,0.7619
2004-10-08 10:30:00,EB,0,1,27,NaN,NaN,0.2000,0.0500,0.3750,0.4657,0,0.7619,0.7143
2004-10-12 09:30:00,P,0,1,23,4.2857,NaN,NaN,NaN,NaN,NaN,0,0.6667,0.6190
2004-10-18 15:00:00,EB,0,1,17,2.3077,1.6154,0.7000,-0.1000,-0.2000,0.0394,0,0.4762,0.4286
2004-10-20 12:00:00,P,0,1,15,2.0000,0.0000,0.0000,-0.3000,-0.0000,-0.0339,0,0.3810,0.3333
2004-10-20 12:30:00,EB,0,1,15,2.0000,1.0000,0.5000,0.0000,-0.1400,-0.1817,0,0.3810,0.3333
2004-10-22 16:00:00,EB,0,1,13,1.7647,NaN,NaN,0.0000,-0.8167,-0.3404,0,0.2857,0.2381
2004-10-22 17:00:00,P,0,1,13,1.7647,NaN,NaN,NaN,-0.3000,-0.1486,0,0.2857,0.2381
2004-10-25 17:00:00,P,0,1,10,1.5000,NaN,NaN,NaN,-0.1333,-0.1085,0,0.2381,0.1905
2004-11-04 13:45:00,GC_ME,1,0,0,1.0000,-0.7000,-0.7000,0.0000,0.1000,-0.0772,0,0.8636,0.8182
2004-11-04 15:30:00,EB,0,1,28,NaN,NaN,-0.2000,-0.0500,0.1000,-0.0182,0,0.8636,0.8182
2004-11-05 10:30:00,EB,0,1,27,NaN,NaN,NaN,-0.1000,0.0333,-0.0094,0,0.8182,0.7727
2004-11-08 11:45:00,EB,0,1,24,5.0000,0.0000,0.0000,0.1000,-0.2667,-0.1025,0,0.7727,0.7273
2004-11-10 11:00:00,EB,0,1,22,3.7500,NaN,NaN,0.1000,-0.5000,-0.1214,0,0.6818,0.6364
2004-11-11 12:00:00,P,0,1,21,3.3333,NaN,NaN,-0.2000,-1.6600,0.1367,0,0.6364,0.5909
2004-11-12 13:30:00,EB,0,1,20,3.0000,NaN,NaN,-0.1000,-0.0750,-0.0588,0,0.5909,0.5455
2004-11-15 10:00:00,EB,0,1,17,2.3077,-0.4615,-0.2000,0.1000,0.4430,-0.2860,0,0.5455,0.5000
2004-11-19 14:30:00,P,0,1,13,1.7647,NaN,NaN,NaN,0.5333,-0.0667,0,0.3636,0.3182
2004-11-25 16:00:00,EB,0,1,7,1.3043,1.1739,0.9000,-0.3500,-0.6380,0.0842,0,0.1818,0.1364
2004-11-29 11:00:00,EB,0,1,3,1.1111,NaN,NaN,-0.1000,-0.1720,-0.0352,0,0.0909,0.0455
2004-11-30 15:00:00,P,0,1,2,1.0714,0.5357,0.5000,-0.1000,-1.0250,0.0429,0,0.0455,0.0000
2004-12-02 13:45:00,GC_ME,1,0,0,1.0000,0.3000,0.3000,0.5000,3.1250,-0.3460,1,0.9565,0.9130
2004-12-06 11:30:00,P,0,1,38,NaN,NaN,NaN,0.3000,-0.3667,-0.0103,0,0.8696,0.8261
2004-12-09 10:00:00,P,0,1,35,NaN,NaN,0.3000,0.1000,1.6286,-0.0882,0,0.7391,0.6957
2004-12-09 13:00:00,EB,0,1,35,NaN,NaN,NaN,-0.3000,-1.0167,0.0248,0,0.7391,0.6957
2004-12-10 12:50:00,EB,0,1,34,NaN,NaN,-0.7000,-0.1000,-1.1000,0.0165,0,0.6957,0.6522
2004-12-15 14:00:00,P,0,1,29,NaN,NaN,NaN,0.0000,0.1000,-0.1711,0,0.5652,0.5217
2004-12-22 09:30:00,EB,0,1,22,3.7500,NaN,NaN,-0.8830,0.6824,0.2100,0,0.3478,0.3043
2005-01-11 14:30:00,EB,0,1,2,1.0714,0.0000,0.0000,0.1000,-0.1250,-0.0806,0,0.7143,0.6667
2005-01-13 13:45:00,GC_ME,1,0,0,1.0000,-0.4000,-0.4000,-0.6500,-5.2400,0.0242,1,0.6190,0.5714
2005-01-14 10:00:00,P,0,1,20,3.0000,-0.3000,-0.1000,-0.0500,-0.5167,0.2161,0,0.5714,0.5238
2005-01-20 16:00:00,EB,0,1,14,1.8750,0.1875,0.1000,0.5000,-0.4333,0.0863,0,0.3810,0.3333
2005-01-28 16:30:00,EB,0,1,6,1.2500,NaN,NaN,-0.1000,-0.1000,-0.2636,0,0.0952,0.0476
2005-02-03 13:45:00,GC_ME,1,0,0,1.0000,-0.5000,-0.5000,-0.6000,-0.7500,-0.3283,0,0.9000,0.8500
2005-02-07 14:00:00,EB,0,1,24,5.0000,1.0000,0.2000,-0.2000,-0.1000,-0.0515,0,0.8000,0.7500
2005-02-11 16:30:00,EB,0,1,20,3.0000,0.0000,0.0000,0.0000,0.1000,0.5213,0,0.6000,0.5500
2005-02-18 11:00:00,EB,0,1,13,1.7647,0.0000,0.0000,0.0000,0.2600,0.0544,0,0.3500,0.3000
2005-02-28 16:30:00,P,0,1,3,1.1111,NaN,NaN,0.2000,-0.3000,0.0238,0,0.0500,0.0000
2005-03-03 13:45:00,GC_ME,1,0,0,1.0000,-0.1000,-0.1000,-0.5000,-1.3000,0.1695,1,0.9130,0.8696
2005-03-09 10:15:00,P,0,1,29,NaN,NaN,0.0000,0.1000,0.4875,0.1252,0,0.7391,0.6957
2005-03-09 14:00:00,EB,0,1,29,NaN,NaN,0.0000,0.1000,-0.0958,-0.6823,0,0.7391,0.6957
2005-03-10 14:15:00,P,0,1,28,NaN,NaN,-0.1000,0.0000,-0.4200,0.0556,0,0.6957,0.6522
2005-03-14 15:00:00,P,0,1,24,5.0000,0.0000,0.0000,0.0000,0.1833,-0.1270,0,0.6087,0.5652
2005-03-24 14:15:00,P,0,1,14,1.8750,0.0000,0.0000,0.0000,-0.2000,0.0446,0,0.2609,0.2174
2005-04-07 13:45:00,GC_ME,1,0,0,1.0000,-0.2000,-0.2000,-0.5000,-2.1000,-0.3126,0,0.8095,0.7619
2005-04-08 12:30:00,EB,0,1,26,NaN,NaN,0.0000,0.4500,-0.0333,-0.0888,0,0.7619,0.7143
2005-04-13 16:30:00,EB,0,1,21,3.3333,0.0000,0.0000,-0.1667,-0.5600,0.0556,0,0.6190,0.5714
2005-04-15 11:00:00,EB,0,1,19,2.7273,0.0000,0.0000,0.1000,0.0000,-0.0673,0,0.5238,0.4762
2005-04-19 09:30:00,EB,0,1,15,2.0000,-0.2000,-0.1000,-0.4000,0.1250,-0.0297,0,0.4286,0.3810
2005-04-25 09:40:00,EB,0,1,9,1.4286,0.0000,0.0000,0.1000,-0.4400,-0.1272,0,0.2381,0.1905
2005-04-26 11:15:00,EB,0,1,8,1.3636,-0.4091,-0.3000,NaN,-0.2250,-0.0642,0,0.1905,0.1429
2005-04-27 10:30:00,P,0,1,7,1.3043,0.0652,0.0500,0.1500,-0.2333,-0.3831,0,0.1429,0.0952
2005-05-04 13:45:00,GC_ME,1,0,0,1.0000,0.0000,0.0000,0.2500,0.6500,0.2560,1,0.9091,0.8636
2005-05-13 12:30:00,EB,0,1,20,3.0000,NaN,NaN,-0.2000,1.3833,0.0474,0,0.5909,0.5455
2005-05-23 13:00:00,EB,0,1,10,1.5000,0.0000,0.0000,-0.1000,0.0000,0.1604,0,0.3182,0.2727
2005-05-23 15:00:00,P,0,1,10,1.5000,0.1500,0.1000,-0.1000,-0.7833,0.0558,0,0.3182,0.2727
2005-05-23 17:00:00,EB,0,1,10,1.5000,NaN,NaN,NaN,-0.3000,0.0505,0,0.3182,0.2727
2005-05-27 09:25:00,EB,0,1,6,1.2500,-0.1250,-0.1000,0.1000,0.2500,-0.3490,0,0.1364,0.0909
2005-06-02 13:45:00,GC_ME,1,0,0,1.0000,0.4500,0.4500,1.0500,2.4042,-0.1438,1,0.9545,0.9091
2005-06-03 11:45:00,EB,0,1,34,NaN,NaN,-0.1000,-0.2000,0.4643,0.0153,0,0.9091,0.8636
2005-06-03 14:00:00,EB,0,1,34,NaN,NaN,-0.1000,-0.7000,-0.3000,-0.0773,0,0.9091,0.8636
2005-06-08 12:30:00,P,0,1,29,NaN,NaN,0.2000,0.0000,-0.1250,0.0448,0,0.7727,0.7273
2005-06-09 11:00:00,P,0,1,28,NaN,NaN,0.2000,0.2333,0.0250,-0.0032,0,0.7273,0.6818
2005-06-09 15:45:00,EB,0,1,28,NaN,NaN,NaN,0.0000,-0.1500,0.0716,0,0.7273,0.6818
2005-06-13 16:00:00,EB,0,1,24,5.0000,0.0000,0.0000,-0.1000,0.3750,0.3534,0,0.6364,0.5909
2005-06-15 16:00:00,P,0,1,22,3.7500,0.0000,0.0000,0.1000,0.3000,-0.6642,0,0.5455,0.5000
2005-06-16 14:00:00,EB,0,1,21,3.3333,0.0000,0.0000,0.0000,0.1500,-0.2005,0,0.5000,0.4545
2005-06-17 13:00:00,EB,0,1,20,3.0000,0.0000,0.0000,0.0000,0.2000,0.1403,0,0.4545,0.4091
2005-06-17 14:15:00,EB,0,1,20,3.0000,0.0000,0.0000,0.0000,0.2000,-0.0920,0,0.4545,0.4091
2005-06-17 16:15:00,EB,0,1,20,3.0000,0.0000,0.0000,0.0000,0.1713,-0.2411,0,0.4545,0.4091
2005-06-23 10:00:00,EB,0,1,14,1.8750,0.0000,0.0000,0.3000,0.8200,-0.0072,0,0.2727,0.2273
2005-06-24 15:00:00,P,0,1,13,1.7647,0.0000,0.0000,0.1000,0.1429,-0.0979,0,0.2273,0.1818
2005-07-06 12:30:00,P,0,1,1,1.0345,NaN,NaN,NaN,0.1667,0.0393,0,0.8571,0.8095
2005-07-07 13:45:00,GC_ME,1,0,0,1.0000,0.5000,0.5000,0.6250,3.5889,0.9378,0,0.8095,0.7619
2005-07-11 12:00:00,EB,0,1,24,5.0000,0.5000,0.1000,0.3000,0.4800,-0.0724,0,0.7143,0.6667
2005-07-13 14:00:00,EB,0,1,22,3.7500,0.0000,0.0000,0.0000,0.1000,0.0641,0,0.6190,0.5714
2005-07-15 09:30:00,EB,0,1,20,3.0000,-0.3000,-0.1000,0.0000,-0.2600,0.1367,0,0.5238,0.4762
2005-07-18 09:30:00,P,0,1,17,2.3077,0.0000,0.0000,0.0000,-0.8143,0.2753,0,0.4762,0.4286
2005-08-04 13:45:00,GC_ME,1,0,0,1.0000,0.0000,0.0000,0.3000,0.3100,-0.2964,1,0.8696,0.8261
2005-09-01 13:45:00,GC_ME,1,0,0,1.0000,0.1000,0.1000,0.0000,-1.9500,0.1181,0,1.0000,0.9545
2005-09-14 09:30:00,P,0,1,22,3.7500,0.0000,0.0000,-0.1000,0.1850,0.3472,0,0.5909,0.5455
2005-09-19 09:30:00,EB,0,1,17,2.3077,0.0000,0.0000,0.2500,-0.3857,0.4838,0,0.4545,0.4091
2005-09-19 14:15:00,P,0,1,17,2.3077,0.0000,0.0000,0.0000,0.0000,0.2300,0,0.4545,0.4091
2005-09-30 11:30:00,EB,0,1,6,1.2500,0.1250,0.1000,0.0000,-0.6900,-0.1600,0,0.0455,0.0000
2005-09-30 12:30:00,EB,0,1,6,1.2500,0.1250,0.1000,-0.1000,0.6583,0.0228,0,0.0455,0.0000
2005-09-30 16:30:00,EB,0,1,6,1.2500,0.0000,0.0000,-0.6000,-0.0800,0.0516,0,0.0455,0.0000
2005-10-03 10:30:00,P,0,1,3,1.1111,0.0000,0.0000,0.3875,0.1520,0.0770,0,1.0000,0.9524
2005-10-06 13:45:00,GC_ME,1,0,0,1.0000,-0.2000,-0.2000,-0.2000,-0.7071,0.1970,1,0.8571,0.8095
2005-10-10 11:00:00,P,0,1,24,5.0000,-1.0000,-0.2000,0.0000,0.2700,0.1364,0,0.7619,0.7143
2005-10-10 17:00:00,EB,0,1,24,5.0000,0.0000,0.0000,0.3000,0.4800,0.0417,0,0.7619,0.7143
2005-10-13 13:00:00,P,0,1,21,3.3333,0.0000,0.0000,0.2000,0.0000,-0.0036,0,0.6190,0.5714
2005-10-13 13:15:00,EB,0,1,21,3.3333,0.0000,0.0000,0.1000,0.4400,-0.1256,0,0.6190,0.5714
2005-10-14 11:30:00,EB,0,1,20,3.0000,0.0000,0.0000,2.1000,0.2750,-0.0162,0,0.5714,0.5238
2005-10-14 11:45:00,EB,0,1,20,3.0000,0.0000,0.0000,2.2000,0.3000,0.0700,0,0.5714,0.5238
2005-10-21 13:00:00,EB,0,1,13,1.7647,0.0000,0.0000,-0.1000,-0.4000,0.0779,0,0.3333,0.2857
2005-10-21 17:00:00,EB,0,1,13,1.7647,NaN,NaN,0.0000,-0.3083,-0.0241,0,0.3333,0.2857
2005-10-28 11:15:00,EB,0,1,6,1.2500,-0.1250,-0.1000,-0.0333,-0.6813,0.1428,0,0.0952,0.0476
2005-10-28 11:20:00,EB,0,1,6,1.2500,-0.1250,-0.1000,-0.4250,-0.8938,0.2517,0,0.0952,0.0476
2005-11-03 13:45:00,GC_ME,1,0,0,1.0000,-1.3667,-1.3667,-1.6167,0.0120,0.6604,1,0.9091,0.8636
2005-11-07 13:30:00,P,0,1,24,5.0000,0.5000,0.1000,0.0000,-0.4900,0.1140,0,0.8182,0.7727
2005-11-09 12:45:00,P,0,1,22,3.7500,NaN,NaN,-0.2000,-0.3917,-0.0244,0,0.7273,0.6818
2005-11-15 09:50:00,EB,0,1,16,2.1429,0.2143,0.1000,-0.0000,-0.6700,0.0135,0,0.5455,0.5000
2005-11-18 14:00:00,EB,0,1,13,1.7647,1.2353,0.7000,2.7714,3.1080,0.0084,0,0.4091,0.3636
2005-11-18 14:00:00,P,0,1,13,1.7647,1.2353,0.7000,2.7714,3.1080,0.0084,0,0.4091,0.3636
2005-11-21 15:00:00,P,0,1,10,1.5000,0.0000,0.0000,-0.3000,-0.9333,-0.1421,0,0.3636,0.3182
2005-11-23 14:15:00,EB,0,1,8,1.3636,0.4545,0.3333,0.0000,-0.4600,-0.1204,0,0.2727,0.2273
2005-11-28 11:31:00,P,0,1,3,1.1111,0.3333,0.3000,0.1000,0.4300,0.0507,0,0.1364,0.0909
2005-12-01 13:45:00,GC_ME,1,0,0,1.0000,-1.3750,-1.3750,-1.9667,-2.9833,0.4693,1,1.0000,0.9545
2005-12-08 11:59:00,P,0,1,35,NaN,NaN,-0.1000,0.1000,0.5750,-0.1195,0,0.7727,0.7273
2005-12-08 14:00:00,EB,0,1,35,NaN,NaN,0.0000,0.6500,-0.1643,0.2047,0,0.7727,0.7273
2005-12-08 14:20:00,EB,0,1,35,NaN,NaN,-0.1000,0.4800,1.3894,0.3557,0,0.7727,0.7273
2005-12-16 14:00:00,P,0,1,27,NaN,NaN,-0.1000,0.1000,-0.1500,-0.0192,0,0.5000,0.4545
2006-01-12 13:45:00,GC_ME,1,0,0,1.0000,-1.1667,-1.1667,-1.7375,-3.1214,0.1156,1,0.6364,0.5909
2006-01-13 15:00:00,P,0,1,20,3.0000,-0.3000,-0.1000,-0.0750,-0.6857,-0.0732,0,0.5909,0.5455
2006-01-18 17:00:00,EB,0,1,15,2.0000,0.6000,0.3000,-0.0333,0.8864,-0.3383,0,0.4545,0.4091
2006-01-20 16:40:00,P,0,1,13,1.7647,0.0000,0.0000,-0.3000,-0.2000,-0.6203,0,0.3636,0.3182
2006-01-23 11:25:00,EB,0,1,10,1.5000,0.0000,0.0000,0.1562,0.7821,0.0167,0,0.3182,0.2727
2006-02-02 13:45:00,GC_ME,1,0,0,1.0000,-1.2333,-1.2333,-0.8000,0.3429,0.0345,1,0.9500,0.9000
2006-02-06 15:10:00,P,0,1,24,5.0000,NaN,NaN,0.0200,-0.2929,-0.2240,0,0.8500,0.8000
2006-02-20 17:00:00,P,0,1,10,1.5000,0.3000,0.2000,0.1250,0.1500,0.0104,0,0.3500,0.3000
2006-02-23 10:45:00,EB,0,1,7,1.3043,0.0000,0.0000,0.6750,0.9857,-0.3903,0,0.2000,0.1500
2006-02-24 13:15:00,EB,0,1,6,1.2500,1.0000,0.8000,-0.2000,0.2625,-0.1285,0,0.1500,0.1000
2006-02-27 14:00:00,P,0,1,3,1.1111,-0.1111,-0.1000,-0.1000,-0.3750,0.0772,0,0.1000,0.0500
2006-03-01 09:45:00,EB,0,1,1,1.0345,0.1034,0.1000,0.0000,0.8250,0.3496,0,1.0000,0.9565
2006-03-02 13:45:00,GC_ME,1,0,0,1.0000,-0.4667,-0.4667,-0.1000,2.8500,-0.5421,0,0.9565,0.9130
2006-03-09 11:00:00,EB,0,1,28,NaN,NaN,0.0000,-0.1000,0.0200,0.2169,0,0.7391,0.6957
2006-03-17 13:00:00,EB,0,1,20,3.0000,0.0000,0.0000,-0.3000,-0.1000,-0.1316,0,0.4783,0.4348
2006-03-24 13:00:00,EB,0,1,13,1.7647,0.0000,0.0000,0.1000,0.0333,-0.0458,0,0.2609,0.2174
2006-03-29 12:30:00,EB,0,1,8,1.3636,0.2045,0.1500,-0.2000,0.0167,-0.0628,0,0.1304,0.0870
2006-03-31 10:00:00,EB,0,1,6,1.2500,0.0000,0.0000,-0.1000,-0.0750,-0.1101,0,0.0435,0.0000
2006-03-31 10:30:00,P,0,1,6,1.2500,0.0000,0.0000,-0.1000,0.2250,-0.3766,0,0.0435,0.0000
2006-03-31 14:30:00,EB,0,1,6,1.2500,0.0000,0.0000,-0.1000,-0.1600,0.1803,0,0.0435,0.0000
2006-04-03 11:00:00,EB,0,1,3,1.1111,0.0000,0.0000,0.1000,-0.0500,-0.0516,0,1.0000,0.9500
2006-04-04 13:30:00,P,0,1,2,1.0714,1.1786,1.1000,-0.0500,-0.2483,0.1063,0,0.9500,0.9000
2006-04-06 13:45:00,GC_ME,1,0,0,1.0000,-1.3000,-1.3000,-8.1000,-8.9875,0.3176,1,0.8500,0.8000
2006-04-25 16:30:00,EB,0,1,9,1.4286,0.0000,0.0000,0.2000,0.5786,-0.0217,0,0.2000,0.1500
2006-04-27 11:00:00,EB,0,1,7,1.3043,2.7609,2.1167,2.0640,2.8250,-0.2247,0,0.1000,0.0500
2006-04-28 11:30:00,EB,0,1,6,1.2500,-0.6250,-0.5000,-0.1000,0.1417,-0.0786,0,0.0500,0.0000
2006-05-03 15:00:00,EB,0,1,1,1.0345,0.1034,0.1000,-0.6500,-1.7983,-0.0260,0,0.9130,0.8696
2006-05-04 13:45:00,GC_ME,1,0,0,1.0000,-2.0500,-2.0500,-0.5000,0.8667,-0.0397,0,0.8696,0.8261
2006-05-04 14:40:00,EB,0,1,35,NaN,NaN,0.5000,0.7000,1.1722,-0.2313,0,0.8696,0.8261
2006-05-05 11:00:00,P,0,1,34,NaN,NaN,0.2000,0.4000,1.0500,0.0039,0,0.8261,0.7826
2006-05-05 11:45:00,EB,0,1,34,NaN,NaN,0.0000,0.5333,1.1250,-0.0640,0,0.8261,0.7826
2006-05-05 13:00:00,P,0,1,34,NaN,NaN,0.0000,-0.1333,-0.2778,0.0093,0,0.8261,0.7826
2006-05-05 13:45:00,EB,0,1,34,NaN,NaN,0.0000,0.0286,-1.1750,0.0413,0,0.8261,0.7826
2006-05-05 16:00:00,EB,0,1,34,NaN,NaN,0.0000,0.2143,0.4278,0.0041,0,0.8261,0.7826
2006-05-11 09:30:00,P,0,1,28,NaN,NaN,0.2000,-0.6600,0.2158,0.2973,0,0.6522,0.6087
2006-05-22 11:00:00,EB,0,1,17,2.3077,0.2308,0.1000,-0.1000,0.0111,0.3564,0,0.3478,0.3043
2006-05-22 11:45:00,P,0,1,17,2.3077,-1.6154,-0.7000,0.0037,-0.5800,0.0340,0,0.3478,0.3043
2006-05-26 11:15:00,EB,0,1,13,1.7647,-0.4412,-0.2500,0.0000,-0.1500,0.3343,0,0.1739,0.1304
2006-06-01 16:00:00,EB,0,1,7,1.3043,-0.2609,-0.2000,0.1000,-0.2800,0.3776,0,1.0000,0.9545
2006-06-08 13:45:00,GC_ME,1,0,0,1.0000,-2.8667,-2.8667,-3.8000,-2.7600,0.5923,1,0.7727,0.7273
2006-06-09 11:30:00,EB,0,1,27,NaN,NaN,-0.3000,-0.6438,-1.9700,-0.0986,0,0.7273,0.6818
2006-06-12 15:45:00,EB,0,1,24,5.0000,0.0000,0.0000,0.6000,-0.5286,-0.4874,0,0.6818,0.6364
2006-06-14 15:00:00,P,0,1,22,3.7500,0.0000,0.0000,0.0000,0.9778,1.0032,0,0.5909,0.5455
2006-06-15 09:30:00,EB,0,1,21,3.3333,-0.1111,-0.0333,-0.1000,0.8636,-0.0762,0,0.5455,0.5000
2006-06-26 12:00:00,EB,0,1,10,1.5000,0.4500,0.3000,0.0250,0.7400,-0.0372,0,0.2273,0.1818
2006-06-29 15:45:00,P,0,1,7,1.3043,-0.1304,-0.1000,-0.1167,-0.4857,0.4470,0,0.0909,0.0455
2006-07-06 13:45:00,GC_ME,1,0,0,1.0000,-1.2500,-1.2500,1.7317,2.8286,-0.1230,0,0.8571,0.8095
2006-07-06 15:30:00,EB,0,1,28,NaN,NaN,0.2000,0.4350,-0.2889,0.4758,0,0.8571,0.8095
2006-07-07 12:30:00,EB,0,1,27,NaN,NaN,-0.1000,0.3000,-0.0800,0.1305,0,0.8095,0.7619
2006-07-11 15:30:00,P,0,1,23,4.2857,0.0000,0.0000,-0.0625,-0.4000,-0.3022,0,0.7143,0.6667
2006-07-14 10:30:00,EB,0,1,20,3.0000,-0.6000,-0.2000,0.2575,-0.2611,0.3457,0,0.5714,0.5238
2006-07-14 12:00:00,EB,0,1,20,3.0000,0.0000,0.0000,0.5000,-0.4578,-0.0908,0,0.5714,0.5238
2006-07-17 12:00:00,EB,0,1,17,2.3077,0.6923,0.3000,0.0333,0.3311,0.0519,0,0.5238,0.4762
2006-07-18 16:45:00,EB,0,1,16,2.1429,0.0000,0.0000,-0.1000,0.0000,-0.3258,0,0.4762,0.4286
2006-08-03 13:45:00,GC_ME,1,0,0,1.0000,1.0000,1.0000,0.6333,2.8143,-0.0027,1,0.9130,0.8696
2006-08-31 13:45:00,GC_ME,1,0,0,1.0000,0.0000,0.0000,0.4000,1.5375,-0.0163,1,0.0435,0.0000
2006-09-04 15:00:00,P,0,1,31,NaN,NaN,0.1000,-0.1000,0.0333,-0.0125,0,0.9524,0.9048
2006-09-11 12:30:00,P,0,1,24,5.0000,NaN,NaN,0.1000,0.1500,0.0188,0,0.7143,0.6667
2006-09-15 15:00:00,EB,0,1,20,3.0000,0.3000,0.1000,-0.0000,-0.6857,0.2921,0,0.5238,0.4762
2006-09-18 10:30:00,EB,0,1,17,2.3077,0.3462,0.1500,0.2500,0.1400,0.2252,0,0.4762,0.4286
2006-09-18 15:00:00,EB,0,1,17,2.3077,NaN,NaN,0.4000,0.2200,-0.0545,0,0.4762,0.4286
2006-09-28 10:30:00,EB,0,1,7,1.3043,NaN,NaN,-1.3000,-0.0580,0.2355,0,0.0952,0.0476
2006-09-28 16:00:00,EB,0,1,7,1.3043,0.1304,0.1000,0.1500,0.5000,-0.1556,0,0.0952,0.0476
2006-09-29 13:40:00,EB,0,1,6,1.2500,NaN,NaN,0.1000,0.3900,-0.0468,0,0.0476,0.0000
2006-10-05 13:45:00,GC_ME,1,0,0,1.0000,NaN,NaN,0.1000,0.1000,0.0947,0,0.8636,0.8182
2006-10-10 17:00:00,P,0,1,23,4.2857,NaN,NaN,0.1000,1.2667,0.2563,0,0.7273,0.6818
2006-10-11 12:15:00,P,0,1,22,3.7500,NaN,NaN,0.1000,0.2250,0.1803,0,0.6818,0.6364
2006-10-13 11:30:00,EB,0,1,20,3.0000,NaN,NaN,0.0000,-0.0667,0.2514,0,0.5909,0.5455
2006-10-16 12:00:00,P,0,1,17,2.3077,NaN,NaN,-0.1000,0.0333,0.0885,0,0.5455,0.5000
2006-10-18 16:30:00,P,0,1,15,2.0000,NaN,NaN,0.1000,0.9000,-0.2389,0,0.4545,0.4091
2006-10-23 10:20:00,EB,0,1,10,1.5000,0.7500,0.5000,-0.1000,-0.4667,-0.3085,0,0.3182,0.2727
2006-10-26 10:00:00,P,0,1,7,1.3043,-0.2609,-0.2000,0.0000,0.0700,0.0594,0,0.1818,0.1364
2006-11-02 13:45:00,GC_ME,1,0,0,1.0000,-0.2000,-0.2000,-0.3333,0.1714,-0.8966,0,0.9545,0.9091
2006-11-03 17:00:00,EB,0,1,34,NaN,NaN,-0.5500,0.1000,0.6400,-0.2107,0,0.9091,0.8636
2006-11-09 10:35:00,EB,0,1,28,NaN,NaN,NaN,-0.1000,-0.3600,-0.2350,0,0.7273,0.6818
2006-11-09 14:30:00,EB,0,1,28,NaN,NaN,NaN,0.1000,0.0500,0.1144,0,0.7273,0.6818
2006-11-10 14:45:00,P,0,1,27,NaN,NaN,NaN,0.0500,-0.6857,-0.0310,0,0.6818,0.6364
2006-11-10 16:30:00,P,0,1,27,NaN,NaN,NaN,-0.2000,-0.5786,-0.0347,0,0.6818,0.6364
2006-11-13 11:30:00,EB,0,1,24,5.0000,-0.5000,-0.1000,-0.0500,-0.1429,-0.0835,0,0.6364,0.5909
2006-11-13 14:15:00,P,0,1,24,5.0000,0.0000,0.0000,0.1000,1.4833,0.0621,0,0.6364,0.5909
2006-11-17 13:30:00,EB,0,1,20,3.0000,NaN,NaN,-0.0750,-0.2833,-0.0644,0,0.4545,0.4091
2006-11-17 15:20:00,EB,0,1,20,3.0000,0.0000,0.0000,0.0000,-1.1857,-0.0811,0,0.4545,0.4091
2006-11-24 14:30:00,P,0,1,13,1.7647,-0.3529,-0.2000,-0.1000,-0.3000,0.0178,0,0.2273,0.1818
2006-11-30 12:45:00,EB,0,1,7,1.3043,NaN,NaN,0.6000,0.1667,0.0144,0,0.0455,0.0000
2006-12-01 13:15:00,EB,0,1,6,1.2500,NaN,NaN,0.0000,-0.0000,0.3193,0,1.0000,0.9524
2006-12-07 13:45:00,GC_ME,1,0,0,1.0000,-0.0983,-0.0983,0.6000,3.7513,0.6996,1,0.8095,0.7619
2006-12-11 15:00:00,EB,0,1,31,NaN,NaN,-0.1000,-0.0500,-0.1750,-0.0841,0,0.7143,0.6667
2006-12-20 09:30:00,P,0,1,22,3.7500,0.1875,0.0500,0.1500,-0.1357,-0.1334,0,0.3810,0.3333
2007-01-11 13:45:00,GC_ME,1,0,0,1.0000,-0.4000,-0.4000,-2.8600,-5.4875,0.6470,1,0.6522,0.6087
2007-01-15 11:00:00,P,0,1,24,5.0000,0.5000,0.1000,0.0000,0.4167,-0.1028,0,0.5652,0.5217
2007-01-15 11:15:00,EB,0,1,24,5.0000,0.0000,0.0000,0.0000,0.1000,-0.0966,0,0.5652,0.5217
2007-01-15 15:30:00,EB,0,1,24,5.0000,-0.5000,-0.1000,-0.1000,-0.0400,0.1127,0,0.5652,0.5217
2007-01-19 10:00:00,EB,0,1,20,3.0000,-0.6000,-0.2000,0.1000,-0.6429,-0.0866,0,0.3913,0.3478
2007-02-08 13:45:00,GC_ME,1,0,0,1.0000,-0.8500,-0.8500,0.3500,2.0571,-0.2543,0,0.7500,0.7000
2007-02-13 16:45:00,EB,0,1,23,4.2857,NaN,NaN,NaN,0.2000,0.0298,0,0.6000,0.5500
2007-02-15 10:30:00,EB,0,1,21,3.3333,NaN,NaN,0.1000,-0.1571,-0.1568,0,0.5000,0.4500
2007-02-15 12:00:00,P,0,1,21,3.3333,NaN,NaN,0.0000,-0.1000,0.0642,0,0.5000,0.4500
2007-02-16 11:00:00,EB,0,1,20,3.0000,-0.3000,-0.1000,-0.1000,-0.2750,0.1140,0,0.4500,0.4000
2007-02-16 13:00:00,EB,0,1,20,3.0000,0.0000,0.0000,-0.2000,0.1500,0.1250,0,0.4500,0.4000
2007-02-20 10:00:00,EB,0,1,16,2.1429,1.5000,0.7000,-0.1000,-0.1500,-0.0693,0,0.3500,0.3000
2007-02-27 14:15:00,EB,0,1,9,1.4286,0.0000,0.0000,0.2000,-0.1750,-0.6368,0,0.1000,0.0500
2007-02-28 15:00:00,P,0,1,8,1.3636,0.0000,0.0000,0.4250,-0.3300,-0.4600,0,0.0500,0.0000
2007-03-08 13:45:00,GC_ME,1,0,0,1.0000,0.1000,0.1000,0.4500,1.0143,0.0855,0,0.7727,0.7273
2007-03-16 12:30:00,EB,0,1,27,NaN,NaN,0.0000,-0.2000,0.5800,-0.2146,0,0.5000,0.4545
2007-03-23 09:45:00,EB,0,1,20,3.0000,-0.9000,-0.3000,-0.1000,-0.4571,0.1508,0,0.2727,0.2273
2007-03-23 12:00:00,EB,0,1,20,3.0000,0.0000,0.0000,0.1000,0.4286,0.1932,0,0.2727,0.2273
2007-03-23 15:00:00,EB,0,1,20,3.0000,0.0000,0.0000,NaN,0.8643,0.2286,0,0.2727,0.2273
2007-03-26 10:00:00,EB,0,1,17,2.3077,0.0000,0.0000,0.1000,0.2750,-0.2391,0,0.2273,0.1818
2007-03-28 10:00:00,EB,0,1,15,2.0000,NaN,NaN,0.5000,0.1500,0.0060,0,0.1364,0.0909
2007-03-29 14:00:00,P,0,1,14,1.8750,-1.1250,-0.6000,NaN,0.4333,0.4193,0,0.0909,0.0455
2007-03-29 15:41:00,P,0,1,14,1.8750,-0.1875,-0.1000,0.0000,0.2000,0.1421,0,0.0909,0.0455
2007-04-12 13:45:00,GC_ME,1,0,0,1.0000,0.1000,0.1000,-0.5000,-0.1175,-0.3210,1,0.6190,0.5714
2007-04-17 17:00:00,P,0,1,23,4.2857,NaN,NaN,0.0000,-0.0250,-0.0552,0,0.4762,0.4286
2007-04-18 16:00:00,P,0,1,22,3.7500,0.0000,0.0000,0.1500,0.0750,0.1338,0,0.4286,0.3810
2007-04-19 10:00:00,EB,0,1,21,3.3333,0.3333,0.1000,-0.1000,0.2786,0.1137,0,0.3810,0.3333
2007-04-19 11:30:00,EB,0,1,21,3.3333,0.0000,0.0000,0.1000,0.0500,0.0550,0,0.3810,0.3333
2007-05-02 16:55:00,EB,0,1,8,1.3636,NaN,NaN,0.0500,-0.2000,-0.0774,0,0.9565,0.9130
2007-05-08 10:00:00,EB,0,1,2,1.0714,0.0000,0.0000,0.1000,-0.2500,0.0833,0,0.7826,0.7391
2007-05-10 13:45:00,GC_ME,1,0,0,1.0000,0.0000,0.0000,0.0000,-1.1143,-0.1173,1,0.6957,0.6522
2007-05-15 11:20:00,EB,0,1,22,3.7500,0.0000,0.0000,0.0500,0.3333,-0.0522,0,0.5652,0.5217
2007-05-17 14:00:00,EB,0,1,20,3.0000,0.0000,0.0000,-0.1000,0.5125,-0.1622,0,0.4783,0.4348
2007-05-21 10:30:00,EB,0,1,16,2.1429,0.2143,0.1000,0.0000,0.1000,0.2765,0,0.3913,0.3478
2007-05-21 13:00:00,P,0,1,16,2.1429,-0.2143,-0.1000,0.1000,0.2750,0.0375,0,0.3913,0.3478
2007-05-22 12:00:00,P,0,1,15,2.0000,0.0000,0.0000,0.0000,-0.3000,-0.0103,0,0.3478,0.3043
2007-05-23 09:30:00,EB,0,1,14,1.8750,0.1875,0.1000,-0.1000,0.0083,0.1521,0,0.3043,0.2609
2007-06-01 09:30:00,P,0,1,5,1.2000,0.0000,0.0000,-0.0000,-0.6750,0.1780,0,1.0000,0.9524
2007-06-01 11:30:00,EB,0,1,5,1.2000,0.0000,0.0000,NaN,0.2000,-0.0936,0,1.0000,0.9524
2007-06-01 12:00:00,EB,0,1,5,1.2000,0.0000,0.0000,NaN,0.2000,-0.0853,0,1.0000,0.9524
2007-06-04 11:00:00,P,0,1,2,1.0714,-0.1071,-0.1000,0.0500,-0.8000,-0.3579,0,0.9524,0.9048
2007-06-05 14:15:00,P,0,1,1,1.0345,-0.1552,-0.1500,-0.1000,-0.3286,-0.2819,0,0.9048,0.8571
2007-06-06 13:45:00,GC_ME,1,0,0,1.0000,-0.1000,-0.1000,-0.2250,-2.0433,-0.1107,0,0.8571,0.8095
2007-06-11 16:00:00,P,0,1,24,5.0000,-5.0000,-1.0000,0.2000,0.1857,-0.1197,0,0.7143,0.6667
2007-06-15 12:00:00,EB,0,1,20,3.0000,NaN,NaN,NaN,-0.1571,-0.3635,0,0.5238,0.4762
2007-06-15 13:00:00,EB,0,1,20,3.0000,0.0000,0.0000,0.0000,-0.1667,0.1412,0,0.5238,0.4762
2007-06-18 10:00:00,EB,0,1,17,2.3077,-1.1538,-0.5000,0.0000,-0.1875,-0.0044,0,0.4762,0.4286
2007-06-22 12:00:00,P,0,1,13,1.7647,0.0000,0.0000,-0.1500,0.6625,-0.0482,0,0.2857,0.2381
2007-06-22 16:00:00,EB,0,1,13,1.7647,NaN,NaN,-0.1000,-0.9000,-0.1271,0,0.2857,0.2381
2007-06-28 14:45:00,EB,0,1,7,1.3043,0.2609,0.2000,0.0000,0.1286,0.0126,0,0.0952,0.0476
2007-07-03 10:00:00,EB,0,1,2,1.0714,-0.1071,-0.1000,-0.1000,0.1214,0.0864,0,0.9545,0.9091
2007-07-03 15:45:00,P,0,1,2,1.0714,NaN,NaN,0.5000,0.6500,0.1231,0,0.9545,0.9091
2007-07-05 13:45:00,GC_ME,1,0,0,1.0000,0.0000,0.0000,0.2000,0.7929,-0.1206,1,0.8636,0.8182
2007-07-05 14:30:00,EB,0,1,28,NaN,NaN,NaN,0.0000,0.9293,-0.3080,0,0.8636,0.8182
2007-07-10 15:00:00,EB,0,1,23,4.2857,NaN,NaN,-0.1000,-0.6875,-0.7120,0,0.7273,0.6818
2007-07-11 15:00:00,P,0,1,22,3.7500,0.0000,0.0000,0.0000,0.3286,-0.0819,0,0.6818,0.6364
2007-07-20 11:00:00,P,0,1,13,1.7647,0.1765,0.1000,-0.2000,-0.0500,-0.2283,0,0.3636,0.3182
2007-07-23 11:30:00,EB,0,1,10,1.5000,NaN,NaN,-0.1000,-0.1500,-0.1036,0,0.3182,0.2727
2007-07-24 15:00:00,EB,0,1,9,1.4286,0.0000,0.0000,-0.1333,-0.5750,-0.3481,0,0.2727,0.2273
2007-08-02 13:45:00,GC_ME,1,0,0,1.0000,-0.7000,-0.7000,0.4833,0.3000,0.2350,1,0.9565,0.9130
2007-08-27 15:00:00,P,0,1,10,1.5000,-0.0750,-0.0500,-0.9625,-1.2455,-0.1163,0,0.2174,0.1739
2007-09-06 13:45:00,GC_ME,1,0,0,1.0000,-3.2200,-3.2200,-2.9286,-3.1455,0.5277,1,0.8500,0.8000
2007-09-07 13:00:00,EB,0,1,27,NaN,NaN,0.0333,0.6800,1.6200,-0.0394,0,0.8000,0.7500
2007-09-07 13:00:00,EB,0,1,27,NaN,NaN,0.0333,0.6800,1.6200,-0.0394,0,0.8000,0.7500
2007-09-11 09:55:00,EB,0,1,23,4.2857,2.0000,0.4667,0.2400,0.5500,0.0319,0,0.7000,0.6500
2007-09-11 15:00:00,P,0,1,23,4.2857,-1.3929,-0.3250,-0.1500,-0.5700,-0.0890,0,0.7000,0.6500
2007-09-13 11:00:00,EB,0,1,21,3.3333,-1.4000,-0.4200,-0.1500,1.4300,0.1106,0,0.6000,0.5500
2007-09-13 17:00:00,EB,0,1,21,3.3333,-0.1667,-0.0500,0.0658,0.0633,0.2817,0,0.6000,0.5500
2007-09-21 16:00:00,EB,0,1,13,1.7647,-1.4118,-0.8000,-0.3000,-0.0143,-0.0508,0,0.3000,0.2500
2007-09-28 09:30:00,EB,0,1,6,1.2500,0.2021,0.1617,0.0238,-0.6170,0.0164,0,0.0500,0.0000
2007-10-01 09:30:00,P,0,1,3,1.1111,-0.5435,-0.4892,0.0675,0.2411,0.2693,0,1.0000,0.9565
2007-10-04 13:45:00,GC_ME,1,0,0,1.0000,0.0000,0.0000,0.0390,-0.9000,-0.0832,1,0.8696,0.8261
2007-10-08 10:30:00,EB,0,1,31,NaN,NaN,-0.1000,-0.1000,0.3250,-0.0160,0,0.7826,0.7391
2007-10-09 10:30:00,P,0,1,30,NaN,NaN,-0.2537,-0.2667,-0.8000,-0.1538,0,0.7391,0.6957
2007-10-09 13:20:00,EB,0,1,30,NaN,NaN,-0.5375,0.3500,-0.4900,-0.0313,0,0.7391,0.6957
2007-10-11 11:15:00,P,0,1,28,NaN,NaN,-0.3000,-0.2400,-1.1045,0.0454,0,0.6522,0.6087
2007-10-11 16:30:00,EB,0,1,28,NaN,NaN,-0.1000,-0.5750,-0.0143,-0.0154,0,0.6522,0.6087
2007-10-12 11:45:00,EB,0,1,27,NaN,NaN,-1.4000,-0.1750,0.7286,0.0142,0,0.6087,0.5652
2007-10-19 14:00:00,EB,0,1,20,3.0000,-0.3000,-0.1000,0.1000,-0.4667,-0.1347,0,0.3913,0.3478
2007-10-24 16:00:00,P,0,1,15,2.0000,NaN,NaN,-0.3917,-1.4650,-0.2718,0,0.2609,0.2174
2007-10-26 10:00:00,EB,0,1,13,1.7647,-0.0441,-0.0250,0.1500,0.0500,-0.2635,0,0.1739,0.1304
2007-11-08 13:45:00,GC_ME,1,0,0,1.0000,-0.2530,-0.2530,-1.0111,-2.7050,-0.3485,0,0.7727,0.7273
2007-11-12 11:50:00,EB,0,1,24,5.0000,0.0000,0.0000,-0.3600,-0.6375,-0.2373,0,0.6818,0.6364
2007-11-15 11:00:00,EB,0,1,21,3.3333,-0.5000,-0.1500,-0.1000,-0.8556,-0.1817,0,0.5455,0.5000
2007-11-19 10:15:00,EB,0,1,17,2.3077,0.3462,0.1500,0.0750,-1.1300,-0.3297,0,0.4545,0.4091
2007-11-20 11:00:00,EB,0,1,16,2.1429,0.0000,0.0000,-0.1800,-1.0091,0.3704,0,0.4091,0.3636
2007-11-23 09:30:00,P,0,1,13,1.7647,-0.4706,-0.2667,-0.2429,2.1417,0.3394,0,0.2727,0.2273
2007-11-26 11:15:00,EB,0,1,10,1.5000,-0.3000,-0.2000,0.2200,-0.6071,-0.0270,0,0.2273,0.1818
2007-11-26 11:30:00,EB,0,1,10,1.5000,-0.3000,-0.2000,0.0333,-0.7571,0.0734,0,0.2273,0.1818
2007-11-26 17:00:00,P,0,1,10,1.5000,-0.1500,-0.1000,0.0500,-0.3286,-0.2896,0,0.2273,0.1818
2007-11-30 11:30:00,EB,0,1,6,1.2500,-0.1458,-0.1167,-0.4500,-0.3857,-0.0007,0,0.0455,0.0000
2007-12-03 10:45:00,P,0,1,3,1.1111,0.0370,0.0333,0.1000,0.0333,-0.0066,0,1.0000,0.9524
2007-12-03 14:00:00,EB,0,1,3,1.1111,-0.1389,-0.1250,0.0333,-0.5687,-0.1135,0,1.0000,0.9524
2007-12-05 09:30:00,P,0,1,1,1.0345,-0.8690,-0.8400,0.0333,-0.4500,0.2295,0,0.9048,0.8571
2007-12-06 13:45:00,GC_ME,1,0,0,1.0000,-0.3750,-0.3750,1.1667,4.9125,-0.3810,0,0.8571,0.8095
2007-12-10 09:30:00,EB,0,1,31,NaN,NaN,0.0667,0.2500,0.4136,-0.0354,0,0.7619,0.7143
2007-12-12 14:30:00,EB,0,1,29,NaN,NaN,-0.7167,-0.8000,-1.7786,1.3962,0,0.6667,0.6190
2007-12-19 10:00:00,P,0,1,22,3.7500,1.1719,0.3125,0.7250,0.2562,0.0230,0,0.4286,0.3810
2008-01-10 13:45:00,GC_ME,1,0,0,1.0000,-0.2000,-0.2000,-0.7500,-0.0250,-0.2952,0,0.6957,0.6522
2008-01-16 09:30:00,EB,0,1,22,3.7500,0.3750,0.1000,0.2333,1.3500,NaN,0,0.5217,0.4783
2008-01-17 15:00:00,P,0,1,21,3.3333,-0.3333,-0.1000,-0.0125,0.1429,0.1639,0,0.4783,0.4348
2008-01-18 15:00:00,P,0,1,20,3.0000,0.3000,0.1000,-0.6200,-1.2571,-0.4304,0,0.4348,0.3913
2008-01-22 14:00:00,EB,0,1,16,2.1429,-0.3214,-0.1500,-1.9667,-2.5500,1.3192,0,0.3478,0.3043
2008-01-23 12:00:00,EB,0,1,15,2.0000,-0.2000,-0.1000,-1.6857,-4.3200,-1.9522,0,0.3043,0.2609
2008-01-24 09:30:00,EB,0,1,14,1.8750,1.5375,0.8200,0.3250,0.9143,0.9284,0,0.2609,0.2174
2008-02-04 13:00:00,EB,0,1,3,1.1111,0.1111,0.1000,0.1400,0.6750,-0.3266,0,0.9524,0.9048
2008-02-07 13:45:00,GC_ME,1,0,0,1.0000,-0.5500,-0.5500,-2.9400,-7.9083,-0.6032,0,0.8095,0.7619
2008-02-13 14:00:00,EB,0,1,22,3.7500,NaN,NaN,0.1000,0.1417,0.7592,0,0.6190,0.5714
2008-02-13 15:35:00,P,0,1,22,3.7500,-0.3750,-0.1000,0.1000,0.3900,-0.1826,0,0.6190,0.5714
2008-02-14 15:20:00,EB,0,1,21,3.3333,2.0000,0.6000,0.0667,-0.2667,-0.2805,0,0.5714,0.5238
2008-02-14 16:40:00,EB,0,1,21,3.3333,0.5000,0.1500,0.3800,0.9250,-1.0845,0,0.5714,0.5238
2008-02-15 15:00:00,P,0,1,20,3.0000,0.6000,0.2000,0.1333,-0.1100,0.3983,0,0.5238,0.4762
2008-02-22 12:30:00,EB,0,1,13,1.7647,NaN,NaN,0.3667,0.3500,-0.0481,0,0.2857,0.2381
2008-02-27 12:45:00,EB,0,1,8,1.3636,0.1705,0.1250,-0.1667,-0.1667,0.0882,0,0.1429,0.0952
2008-02-28 15:15:00,P,0,1,7,1.3043,0.1304,0.1000,0.1250,-0.7667,0.2921,0,0.0952,0.0476
2008-02-29 12:30:00,EB,0,1,6,1.2500,-0.1250,-0.1000,-0.6250,-0.7000,-0.1538,0,0.0476,0.0000
2008-03-06 13:45:00,GC_ME,1,0,0,1.0000,0.6000,0.6000,1.2200,4.9400,-0.5629,1,0.8571,0.8095
2008-03-07 17:00:00,EB,0,1,34,NaN,NaN,-0.0200,-0.1750,-1.5400,-0.6726,0,0.8095,0.7619
2008-03-12 16:30:00,P,0,1,29,NaN,NaN,-0.0500,-0.2000,-0.6200,-0.7377,0,0.6667,0.6190
2008-03-17 14:40:00,EB,0,1,24,5.0000,0.5000,0.1000,1.7000,3.0200,1.1513,0,0.5238,0.4762
2008-03-18 16:15:00,EB,0,1,23,4.2857,-1.7143,-0.4000,0.7000,1.1083,0.3132,0,0.4762,0.4286
2008-03-26 10:30:00,P,0,1,15,2.0000,0.7500,0.3750,0.4667,3.1583,-0.2497,0,0.1905,0.1429
2008-03-28 12:00:00,EB,0,1,13,1.7647,0.3529,0.2000,-0.3000,-0.9000,0.0000,0,0.0952,0.0476
2008-04-03 12:30:00,P,0,1,7,1.3043,-0.1304,-0.1000,-0.0000,0.8300,-0.1746,0,0.9091,0.8636
2008-04-04 16:00:00,EB,0,1,6,1.2500,0.0833,0.0667,-0.9667,1.2200,-0.3650,0,0.8636,0.8182
2008-04-07 10:30:00,EB,0,1,3,1.1111,0.0000,0.0000,-0.0500,-0.7583,0.0044,0,0.8182,0.7727
2008-04-10 13:45:00,GC_ME,1,0,0,1.0000,0.2000,0.2000,0.4000,-0.7000,0.0500,0,0.6818,0.6364
2008-04-15 17:00:00,P,0,1,23,4.2857,NaN,NaN,-0.1000,-0.3583,-0.1558,0,0.5455,0.5000
2008-04-21 11:00:00,P,0,1,17,2.3077,0.6923,0.3000,-0.2000,1.9357,-0.1479,0,0.3636,0.3182
2008-04-21 11:30:00,EB,0,1,17,2.3077,0.0000,0.0000,-0.3333,-0.1167,-0.2380,0,0.3636,0.3182
2008-04-24 14:30:00,P,0,1,14,1.8750,1.1250,0.6000,0.2600,2.2714,1.3802,0,0.2273,0.1818
2008-04-25 12:45:00,EB,0,1,13,1.7647,0.7059,0.4000,0.2500,0.0750,0.0242,0,0.1818,0.1364
2008-04-29 14:30:00,EB,0,1,9,1.4286,0.5714,0.4000,-0.3250,-0.3286,-0.0740,0,0.0909,0.0455
2008-04-30 13:55:00,P,0,1,8,1.3636,1.3636,1.0000,-0.3000,-0.2800,0.7431,0,0.0455,0.0000
2008-05-06 09:30:00,P,0,1,2,1.0714,0.2143,0.2000,-0.0250,-1.3286,-0.1887,0,0.8636,0.8182
2008-05-08 13:45:00,GC_ME,1,0,0,1.0000,-0.1500,-0.1500,-0.2000,-1.5357,-0.4244,0,0.7727,0.7273
2008-05-12 12:45:00,EB,0,1,24,5.0000,0.5000,0.1000,0.0600,0.8286,0.1029,0,0.6818,0.6364
2008-05-12 17:00:00,P,0,1,24,5.0000,NaN,NaN,0.3333,0.9286,0.0325,0,0.6818,0.6364
2008-05-15 13:30:00,P,0,1,21,3.3333,0.3333,0.1000,0.4000,-0.1000,0.1171,0,0.5455,0.5000
2008-05-15 15:10:00,EB,0,1,21,3.3333,-0.3333,-0.1000,0.1000,-0.2333,-0.0574,0,0.5455,0.5000
2008-05-15 17:00:00,EB,0,1,21,3.3333,0.0000,0.0000,-0.0250,0.0000,0.0369,0,0.5455,0.5000
2008-05-30 15:00:00,EB,0,1,6,1.2500,-0.3750,-0.3000,0.0000,0.4250,-0.0903,0,0.0455,0.0000
2008-06-03 15:30:00,P,0,1,2,1.0714,-0.1786,-0.1667,0.3000,0.9375,0.1910,0,0.9524,0.9048
2008-06-04 09:30:00,P,0,1,1,1.0345,-0.4655,-0.4500,-0.6400,-1.7583,-0.5335,0,0.9048,0.8571
2008-06-05 13:45:00,GC_ME,1,0,0,1.0000,0.7250,0.7250,10.8667,21.1900,-0.4330,1,0.8571,0.8095
2008-06-09 14:30:00,EB,0,1,24,5.0000,1.3750,0.2750,0.7250,1.4500,0.1384,0,0.7619,0.7143
2008-06-12 11:30:00,EB,0,1,21,3.3333,0.0000,0.0000,-0.2000,-0.8125,0.1215,0,0.6190,0.5714
2008-06-13 12:30:00,EB,0,1,20,3.0000,0.6000,0.2000,0.1250,0.5429,0.2449,0,0.5714,0.5238
2008-06-18 09:35:00,EB,0,1,15,2.0000,-0.4000,-0.2000,0.3000,1.5500,-0.4422,0,0.4286,0.3810
2008-06-24 16:00:00,EB,0,1,9,1.4286,-0.1429,-0.1000,-0.2000,-0.6200,-0.2657,0,0.2381,0.1905
2008-06-25 10:00:00,P,0,1,8,1.3636,0.3409,0.2500,0.3333,1.0929,-0.0361,0,0.1905,0.1429
2008-06-26 17:00:00,EB,0,1,7,1.3043,0.1304,0.1000,-0.3000,-1.3600,-0.4601,0,0.1429,0.0952
2008-06-27 12:00:00,EB,0,1,6,1.2500,0.0000,0.0000,-0.1333,-0.9000,0.3286,0,0.0952,0.0476
2008-07-02 12:10:00,EB,0,1,1,1.0345,0.2586,0.2500,0.3667,0.3000,0.0199,0,0.9565,0.9130
2008-07-03 13:45:00,GC_ME,1,0,0,1.0000,-1.6000,-1.6000,-3.0250,-16.2800,1.3624,1,0.9130,0.8696
2008-07-08 14:50:00,EB,0,1,30,NaN,NaN,-0.5000,-0.1000,0.8000,-0.0352,0,0.7826,0.7391
2008-07-09 09:30:00,EB,0,1,29,NaN,NaN,0.2000,0.2800,-0.0333,0.1388,0,0.7391,0.6957
2008-07-11 10:00:00,EB,0,1,27,NaN,NaN,0.1000,0.0000,0.5667,-0.0684,0,0.6522,0.6087
2008-08-07 13:45:00,GC_ME,1,0,0,1.0000,0.4000,0.4000,-1.7600,-8.8375,-0.6352,1,0.8095,0.7619
2008-08-27 09:25:00,EB,0,1,8,1.3636,0.1364,0.1000,-0.1400,-1.1714,-0.1034,0,0.1429,0.0952
2008-09-01 11:15:00,EB,0,1,3,1.1111,0.3333,0.3000,0.1000,0.1000,-0.0104,0,1.0000,0.9545
2008-09-01 14:30:00,EB,0,1,3,1.1111,0.0000,0.0000,-0.1000,-0.8125,-0.1515,0,1.0000,0.9545
2008-09-03 15:30:00,EB,0,1,1,1.0345,0.0000,0.0000,0.5000,0.2667,0.0864,0,0.9091,0.8636
2008-09-04 13:45:00,GC_ME,1,0,0,1.0000,-0.4500,-0.4500,-0.8833,-0.2500,-0.7526,0,0.8636,0.8182
2008-09-05 10:00:00,EB,0,1,27,NaN,NaN,-0.4000,-0.2000,-0.5333,-0.6763,0,0.8182,0.7727
2008-09-05 10:55:00,EB,0,1,27,NaN,NaN,0.2000,-0.1000,0.0200,0.4005,0,0.8182,0.7727
2008-09-05 12:30:00,EB,0,1,27,NaN,NaN,0.0000,0.2000,-0.6800,0.0831,0,0.8182,0.7727
2008-09-08 13:00:00,EB,0,1,24,5.0000,0.0000,0.0000,0.2000,0.4100,-0.1533,0,0.7727,0.7273
2008-09-08 16:30:00,EB,0,1,24,5.0000,1.0000,0.2000,-0.1000,-0.2857,-0.6674,0,0.7727,0.7273
2008-09-09 15:00:00,EB,0,1,23,4.2857,0.0000,0.0000,0.0000,-0.7000,-0.1545,0,0.7273,0.6818
2008-09-11 14:30:00,EB,0,1,21,3.3333,0.6667,0.2000,0.0000,-0.2250,0.0734,0,0.6364,0.5909
2008-09-15 11:00:00,P,0,1,17,2.3077,0.4615,0.2000,0.7250,0.1333,0.0529,0,0.5455,0.5000
2008-09-15 14:00:00,EB,0,1,17,2.3077,-2.5385,-1.1000,-0.0500,0.3000,0.5952,0,0.5455,0.5000
2008-09-25 13:45:00,EB,0,1,7,1.3043,1.3043,1.0000,-0.3000,-3.2200,1.0717,0,0.1818,0.1364
2008-09-25 16:40:00,EB,0,1,7,1.3043,-1.5652,-1.2000,-0.7500,-1.7333,0.3544,0,0.1818,0.1364
2008-09-26 15:00:00,EB,0,1,6,1.2500,0.3750,0.3000,-0.4000,-5.0000,0.5604,0,0.1364,0.0909
2008-10-01 11:00:00,P,0,1,1,1.0345,-0.4655,-0.4500,0.3333,3.0000,-0.9879,0,1.0000,0.9565
2008-10-02 13:45:00,GC_ME,1,0,0,1.0000,-0.0500,-0.0500,-3.7786,-9.4000,-0.8075,0,0.9565,0.9130
2008-10-07 15:30:00,P,0,1,1,1.0345,4.2414,4.1000,5.9750,3.9500,-0.6150,0,0.8261,0.7826
2008-10-08 13:45:00,GC_ME,1,0,0,1.0000,-0.5333,-0.5333,-8.4667,1.9000,-1.1675,0,0.7826,0.7391
2008-10-10 15:30:00,EB,0,1,27,NaN,NaN,-4.9333,-2.1667,5.6375,4.5780,0,0.6957,0.6522
2008-10-20 14:00:00,EB,0,1,17,2.3077,-2.5385,-1.1000,0.6250,-1.0250,0.3378,0,0.4348,0.3913
2008-10-22 09:50:00,EB,0,1,15,2.0000,-0.6000,-0.3000,-1.2000,-3.2000,0.0241,0,0.3478,0.3043
2008-10-24 12:45:00,EB,0,1,13,1.7647,-2.4706,-1.4000,0.6667,1.8333,0.7789,0,0.2609,0.2174
2008-10-24 15:30:00,EB,0,1,13,1.7647,1.2353,0.7000,2.1000,2.4000,2.2237,0,0.2609,0.2174
2008-10-27 10:30:00,EB,0,1,10,1.5000,-1.3500,-0.9000,-0.6000,-0.3875,-0.5514,0,0.2174,0.1739
2008-10-27 14:55:00,P,0,1,10,1.5000,-0.3000,-0.2000,-0.5000,-1.5333,-0.3386,0,0.2174,0.1739
2008-10-31 10:15:00,EB,0,1,6,1.2500,-1.7500,-1.4000,-2.2500,-1.6333,0.1921,0,0.0435,0.0000
2008-11-06 13:45:00,GC_ME,1,0,0,1.0000,8.3000,8.3000,16.3000,14.5333,-1.2958,1,0.8500,0.8000
2008-11-10 15:30:00,P,0,1,24,5.0000,-1.0000,-0.2000,-0.8000,-3.3250,-0.0102,0,0.7500,0.7000
2008-11-12 17:00:00,EB,0,1,22,3.7500,-0.3750,-0.1000,-0.5750,0.0875,0.2397,0,0.6500,0.6000
2008-11-13 14:00:00,EB,0,1,21,3.3333,-1.0000,-0.3000,0.3000,-1.5333,0.1622,0,0.6000,0.5500
2008-11-13 14:00:00,EB,0,1,21,3.3333,-1.0000,-0.3000,0.3000,-1.5333,0.1622,0,0.6000,0.5500
2008-11-14 16:30:00,P,0,1,20,3.0000,-0.6000,-0.2000,-1.0000,-3.7250,-1.3334,0,0.5500,0.5000
2008-11-14 17:00:00,EB,0,1,20,3.0000,0.3000,0.1000,0.3200,-0.2500,-0.3450,0,0.5500,0.5000
2008-11-18 16:00:00,EB,0,1,16,2.1429,0.2143,0.1000,-0.0667,0.6000,0.8566,0,0.4500,0.4000
2008-11-21 12:30:00,EB,0,1,13,1.7647,-0.3529,-0.2000,-1.3800,-3.1400,-0.6762,0,0.3000,0.2500
2008-11-21 14:00:00,P,0,1,13,1.7647,0.4118,0.2333,-0.0000,-0.4000,-0.4921,0,0.3000,0.2500
2008-11-26 09:30:00,P,0,1,8,1.3636,-1.6136,-1.1833,-1.3300,-2.4400,0.6311,0,0.1500,0.1000
2008-11-27 16:30:00,P,0,1,7,1.3043,-0.1304,-0.1000,-0.0375,-0.7750,0.2879,0,0.1000,0.0500
2008-12-04 13:45:00,GC_ME,1,0,0,1.0000,1.9333,1.9333,3.6167,9.3500,-1.4670,1,0.8696,0.8261
2008-12-08 11:30:00,EB,0,1,38,NaN,NaN,-0.1000,0.2667,0.1250,0.5470,0,0.7826,0.7391
2008-12-08 15:00:00,P,0,1,38,NaN,NaN,-0.1000,1.1400,1.4000,-0.2356,0,0.7826,0.7391
2008-12-09 12:00:00,EB,0,1,37,NaN,NaN,NaN,1.0400,1.5000,-0.0804,0,0.7391,0.6957
2008-12-15 14:30:00,EB,0,1,31,NaN,NaN,NaN,1.2000,0.0500,0.3006,0,0.5652,0.5217
2008-12-31 11:00:00,EB,0,1,15,2.0000,NaN,NaN,0.1000,0.9000,NaN,0,0.0435,0.0000
2009-01-13 10:00:00,P,0,1,2,1.0714,1.0714,1.0000,-0.1500,-0.0333,-0.5594,0,0.6364,0.5909
2009-01-15 13:45:00,GC_ME,1,0,0,1.0000,-2.3250,-2.3250,-0.9750,-0.3600,-0.5699,0,0.5455,0.5000
2009-01-15 16:30:00,EB,0,1,21,3.3333,0.0000,0.0000,1.1000,4.9400,-0.0981,0,0.5455,0.5000
2009-01-16 12:30:00,EB,0,1,20,3.0000,-1.8000,-0.6000,-0.1333,0.5400,1.0542,0,0.5000,0.4545
2009-01-19 12:50:00,P,0,1,17,2.3077,0.0000,0.0000,0.1500,0.0333,-0.6670,0,0.4545,0.4091
2009-01-21 10:30:00,P,0,1,15,2.0000,-4.8000,-2.4000,-1.6000,-0.0667,-0.3249,0,0.3636,0.3182
2009-01-21 14:30:00,EB,0,1,15,2.0000,-3.4000,-1.7000,-0.8750,-0.7750,1.2275,0,0.3636,0.3182
2009-01-22 14:30:00,EB,0,1,14,1.8750,0.3750,0.2000,-0.1750,-0.7750,-1.3932,0,0.3182,0.2727
2009-02-02 13:00:00,EB,0,1,3,1.1111,0.0000,0.0000,-0.3000,1.0000,0.1131,0,1.0000,0.9500
2009-02-05 13:45:00,GC_ME,1,0,0,1.0000,-1.3500,-1.3500,-5.2250,-6.8667,-0.4570,0,0.8500,0.8000
2009-02-11 11:45:00,EB,0,1,22,3.7500,NaN,NaN,-0.4000,-1.3000,0.2921,0,0.6500,0.6000
2009-02-11 16:00:00,EB,0,1,22,3.7500,NaN,NaN,0.0500,-0.0333,-0.4041,0,0.6500,0.6000
2009-02-13 12:00:00,EB,0,1,20,3.0000,NaN,NaN,0.2250,-0.8800,-0.3453,0,0.5500,0.5000
2009-02-16 15:45:00,P,0,1,17,2.3077,2.7692,1.2000,-0.3200,-0.6400,-0.3704,0,0.5000,0.4500
2009-02-18 15:40:00,EB,0,1,15,2.0000,0.4000,0.2000,-0.0333,0.1667,-1.5502,0,0.4000,0.3500
2009-02-23 12:00:00,EB,0,1,10,1.5000,0.2250,0.1500,0.1800,0.4167,-0.6386,0,0.2500,0.2000
2009-02-26 14:00:00,P,0,1,7,1.3043,-0.0326,-0.0250,-0.5600,-1.8143,-0.4796,0,0.1000,0.0500
2009-02-27 10:00:00,EB,0,1,6,1.2500,-0.0312,-0.0250,-0.1000,-0.8000,0.3947,0,0.0500,0.0000
2009-03-05 13:45:00,GC_ME,1,0,0,1.0000,1.8250,1.8250,0.2333,-0.7167,0.2289,0,0.8636,0.8182
2009-03-05 17:00:00,EB,0,1,28,NaN,NaN,0.0750,0.0500,0.2600,-1.9351,0,0.8636,0.8182
2009-03-09 10:00:00,EB,0,1,24,5.0000,0.1000,0.0200,0.1667,1.5500,-0.9405,0,0.7727,0.7273
2009-03-12 13:00:00,P,0,1,21,3.3333,2.0000,0.6000,-0.0500,-0.2400,0.5672,0,0.6364,0.5909
2009-03-16 14:15:00,EB,0,1,17,2.3077,1.8462,0.8000,-0.1500,0.1400,-0.2092,0,0.5455,0.5000
2009-03-24 14:00:00,EB,0,1,9,1.4286,1.1429,0.8000,0.2500,-1.2167,-0.4087,0,0.2727,0.2273
2009-03-26 11:15:00,EB,0,1,7,1.3043,-0.0326,-0.0250,-0.3143,-0.4600,0.1324,0,0.1818,0.1364
2009-03-30 10:30:00,EB,0,1,3,1.1111,0.0000,0.0000,0.5200,0.8333,0.1587,0,0.0909,0.0455
2009-03-30 16:30:00,P,0,1,3,1.1111,-0.1111,-0.1000,-0.0167,-0.8167,-0.9102,0,0.0909,0.0455
2009-04-02 13:45:00,GC_ME,1,0,0,1.0000,8.1500,8.1500,6.4400,5.2200,-0.0510,1,0.9545,0.9091
2009-04-03 11:00:00,EB,0,1,34,NaN,NaN,-0.2500,-0.4000,-0.9200,0.4970,0,0.9091,0.8636
2009-04-06 10:20:00,EB,0,1,31,NaN,NaN,-0.2000,-1.0400,-1.2667,-0.3857,0,0.8636,0.8182
2009-04-24 16:45:00,P,0,1,13,1.7647,-0.3529,-0.2000,-0.1750,-0.7600,0.6126,0,0.2273,0.1818
2009-05-04 13:00:00,EB,0,1,3,1.1111,NaN,NaN,-0.1000,0.3000,-0.2442,0,0.9524,0.9048
2009-05-06 11:30:00,EB,0,1,1,1.0345,-0.2069,-0.2000,-0.4250,-0.7200,-0.4592,0,0.8571,0.8095
2009-05-07 13:45:00,GC_ME,1,0,0,1.0000,-0.9750,-0.9750,-1.5333,-3.5800,-0.2918,0,0.8095,0.7619
2009-05-12 14:30:00,EB,0,1,23,4.2857,0.4286,0.1000,-0.0250,-0.0250,-0.1079,0,0.6667,0.6190
2009-05-14 10:00:00,EB,0,1,21,3.3333,0.3333,0.1000,-0.1000,0.5800,0.4995,0,0.5714,0.5238
2009-05-14 12:30:00,P,0,1,21,3.3333,-0.3333,-0.1000,0.2750,0.4750,-0.2096,0,0.5714,0.5238
2009-05-19 11:30:00,EB,0,1,16,2.1429,9.0000,4.2000,3.4286,2.9800,0.5214,0,0.4286,0.3810
2009-05-25 10:30:00,P,0,1,10,1.5000,-0.0375,-0.0250,0.1500,0.6800,0.4219,0,0.2381,0.1905
2009-05-27 10:00:00,EB,0,1,8,1.3636,0.5455,0.4000,0.3400,0.0750,-0.1994,0,0.1429,0.0952
2009-05-29 11:15:00,P,0,1,6,1.2500,-0.3750,-0.3000,-0.2333,-0.2200,0.0222,0,0.0476,0.0000
2009-06-04 13:45:00,GC_ME,1,0,0,1.0000,0.4000,0.4000,1.3571,6.0000,0.0120,0,0.8636,0.8182
2009-06-04 16:50:00,EB,0,1,28,NaN,NaN,0.0500,0.7750,1.8300,0.1696,0,0.8636,0.8182
2009-06-05 09:50:00,P,0,1,27,NaN,NaN,0.0600,-0.1500,-1.7600,-0.0726,0,0.8182,0.7727
2009-06-05 14:30:00,EB,0,1,27,NaN,NaN,0.5000,0.0800,1.5600,1.1479,0,0.8182,0.7727
2009-06-10 13:00:00,EB,0,1,22,3.7500,-3.0000,-0.8000,-0.1250,0.5571,-0.1149,0,0.6818,0.6364
2009-06-12 13:30:00,P,0,1,20,3.0000,0.0000,0.0000,-0.2333,0.1750,-0.1019,0,0.5909,0.5455
2009-06-15 17:00:00,EB,0,1,17,2.3077,-0.2308,-0.1000,-0.1000,0.0200,-0.4589,0,0.5455,0.5000
2009-06-19 11:30:00,EB,0,1,13,1.7647,0.8824,0.5000,0.7750,0.2000,0.2332,0,0.3636,0.3182
2009-06-22 14:00:00,P,0,1,10,1.5000,-0.2250,-0.1500,-0.2000,0.0000,-0.3830,0,0.3182,0.2727
2009-06-24 14:00:00,EB,0,1,8,1.3636,-0.5000,-0.3667,-0.1000,0.1833,0.7430,0,0.2273,0.1818
2009-06-25 12:00:00,EB,0,1,7,1.3043,0.4348,0.3333,0.1800,0.7833,-0.4655,0,0.1818,0.1364
2009-07-02 13:45:00,GC_ME,1,0,0,1.0000,-5.5000,-5.5000,-5.5333,-5.6500,-1.6557,0,0.9565,0.9130
2009-07-08 09:45:00,EB,0,1,29,NaN,NaN,-2.1000,-0.2833,-0.1600,-0.1860,0,0.7826,0.7391
2009-07-08 11:50:00,EB,0,1,29,NaN,NaN,-0.7500,-0.5714,0.0667,-0.1447,0,0.7826,0.7391
2009-07-13 12:00:00,P,0,1,24,5.0000,-1.0000,-0.2000,-0.0500,0.1000,0.4395,0,0.6522,0.6087
2009-07-16 14:30:00,P,0,1,21,3.3333,-1.0000,-0.3000,-0.5333,-1.4000,0.2297,0,0.5217,0.4783
2009-07-16 15:00:00,EB,0,1,21,3.3333,-0.8333,-0.2500,-0.5750,-0.4400,0.1121,0,0.5217,0.4783
2009-07-24 12:00:00,EB,0,1,13,1.7647,0.1765,0.1000,-1.3000,-0.1600,-0.0607,0,0.2609,0.2174
2009-08-06 13:45:00,GC_ME,1,0,0,1.0000,-1.3000,-1.3000,-0.5250,0.5833,-0.0954,0,0.8571,0.8095
2009-09-03 13:45:00,GC_ME,1,0,0,1.0000,-1.3750,-1.3750,-1.8667,-5.7400,-0.2189,0,0.9091,0.8636
2009-09-03 16:00:00,EB,0,1,35,NaN,NaN,0.1500,0.4400,-0.4000,-0.6507,0,0.9091,0.8636
2009-09-04 11:00:00,EB,0,1,34,NaN,NaN,0.1250,0.4250,0.0750,-0.0899,0,0.8636,0.8182
2009-09-09 16:15:00,EB,0,1,29,NaN,NaN,0.3000,0.5000,-0.1000,0.0000,0,0.7273,0.6818
2009-09-11 11:45:00,EB,0,1,27,NaN,NaN,0.1000,-0.1000,-0.4250,-0.1853,0,0.6364,0.5909
2009-09-15 17:00:00,EB,0,1,23,4.2857,NaN,NaN,-0.6000,0.2400,-0.1570,0,0.5455,0.5000
2009-09-25 13:45:00,EB,0,1,13,1.7647,NaN,NaN,0.1000,0.5250,-0.3989,0,0.1818,0.1364
2009-09-28 16:30:00,P,0,1,10,1.5000,0.1500,0.1000,0.2000,-0.2667,0.2386,0,0.1364,0.0909
2009-09-30 09:45:00,EB,0,1,8,1.3636,0.1364,0.1000,-0.1750,0.2250,-0.0296,0,0.0455,0.0000
2009-10-05 16:15:00,EB,0,1,3,1.1111,NaN,NaN,-0.3000,0.5500,0.3359,0,0.9091,0.8636
2009-10-08 13:45:00,GC_ME,1,0,0,1.0000,-1.1000,-1.1000,-1.3500,-3.0800,-0.1733,0,0.7727,0.7273
2009-10-09 11:30:00,P,0,1,27,NaN,NaN,-0.2000,-0.1250,-0.5667,-0.0984,0,0.7273,0.6818
2009-10-13 11:00:00,EB,0,1,23,4.2857,0.4286,0.1000,-0.4667,-1.6200,-0.1950,0,0.6364,0.5909
2009-10-14 15:15:00,EB,0,1,22,3.7500,-0.7500,-0.2000,0.1000,-0.7800,-0.2562,0,0.5909,0.5455
2009-10-15 13:25:00,P,0,1,21,3.3333,-1.0000,-0.3000,-0.2000,-0.7333,-0.8491,0,0.5455,0.5000
2009-10-16 10:00:00,EB,0,1,20,3.0000,-0.3000,-0.1000,-0.4600,-0.4500,-0.3962,0,0.5000,0.4545
2009-10-16 15:15:00,EB,0,1,20,3.0000,-0.3000,-0.1000,0.0000,0.3600,-0.2961,0,0.5000,0.4545
2009-10-16 16:00:00,EB,0,1,20,3.0000,NaN,NaN,0.1250,0.5000,-0.6862,0,0.5000,0.4545
2009-10-27 09:45:00,EB,0,1,9,1.4286,0.0857,0.0600,-0.3250,-0.8333,-0.1617,0,0.1818,0.1364
2009-11-05 13:45:00,GC_ME,1,0,0,1.0000,-0.9333,-0.9333,-1.2000,-0.9800,0.8108,1,0.8571,0.8095
2009-11-10 16:45:00,EB,0,1,23,4.2857,NaN,NaN,-0.1000,0.6000,-0.4277,0,0.7143,0.6667
2009-11-12 10:30:00,EB,0,1,21,3.3333,-0.6667,-0.2000,-0.2000,0.3200,0.3095,0,0.6190,0.5714
2009-11-16 11:30:00,EB,0,1,17,2.3077,0.0000,0.0000,0.1600,-0.2375,-0.1147,0,0.5238,0.4762
2009-11-17 15:30:00,EB,0,1,16,2.1429,-0.4286,-0.2000,0.1000,-0.1750,-0.1142,0,0.4762,0.4286
2009-11-17 17:00:00,EB,0,1,16,2.1429,NaN,NaN,0.1000,-0.3800,0.1340,0,0.4762,0.4286
2009-11-18 09:40:00,P,0,1,15,2.0000,-0.4000,-0.2000,-0.1000,0.5000,-0.0312,0,0.4286,0.3810
2009-11-19 17:00:00,P,0,1,14,1.8750,NaN,NaN,-0.1000,0.2800,0.0695,0,0.3810,0.3333
2009-11-20 11:30:00,P,0,1,13,1.7647,0.1765,0.1000,0.1000,-0.4000,-0.6621,0,0.3333,0.2857
2009-11-20 16:30:00,EB,0,1,13,1.7647,-0.1765,-0.1000,-0.2000,-0.0917,-0.3334,0,0.3333,0.2857
2009-11-23 10:30:00,EB,0,1,10,1.5000,-0.6500,-0.4333,-0.4000,-0.8833,0.0678,0,0.2857,0.2381
2009-11-23 14:00:00,P,0,1,10,1.5000,-0.1500,-0.1000,-0.3000,-0.0200,0.0306,0,0.2857,0.2381
2009-12-03 13:45:00,GC_ME,1,0,0,1.0000,-2.4667,-2.4667,-3.3400,-2.8000,0.3153,1,0.9130,0.8696
2009-12-04 13:30:00,EB,0,1,41,NaN,NaN,0.0000,-0.1000,0.5500,0.0045,0,0.8696,0.8261
2009-12-07 14:00:00,P,0,1,38,NaN,NaN,NaN,0.0000,0.3333,0.0974,0,0.8261,0.7826
2009-12-08 17:00:00,EB,0,1,37,NaN,NaN,0.0000,0.0000,-0.1500,0.1137,0,0.7826,0.7391
2009-12-11 10:30:00,EB,0,1,34,NaN,NaN,-0.1500,-0.1000,0.7500,0.0814,0,0.6522,0.6087
2009-12-11 13:00:00,EB,0,1,34,NaN,NaN,0.4000,0.0000,-0.1000,0.1554,0,0.6522,0.6087
2009-12-11 13:15:00,P,0,1,34,NaN,NaN,0.1000,0.0500,-0.1200,0.1902,0,0.6522,0.6087
2009-12-18 11:00:00,EB,0,1,27,NaN,NaN,-0.1000,0.1000,0.5375,0.3140,0,0.4348,0.3913
2010-01-14 13:45:00,GC_ME,1,0,0,1.0000,-0.0500,-0.0500,-0.5250,-2.5056,-0.1817,0,0.5714,0.5238
2010-01-21 13:00:00,EB,0,1,14,1.8750,0.0000,0.0000,-0.1000,-0.2500,0.7944,0,0.3333,0.2857
2010-01-21 13:00:00,P,0,1,14,1.8750,0.0000,0.0000,-0.1000,-0.2500,0.7944,0,0.3333,0.2857
2010-01-22 13:00:00,EB,0,1,13,1.7647,-0.1765,-0.1000,-0.1333,-1.0111,0.0148,0,0.2857,0.2381
2010-01-26 10:00:00,EB,0,1,9,1.4286,0.1429,0.1000,-0.2000,-0.6389,0.1410,0,0.1905,0.1429
2010-01-28 10:00:00,EB,0,1,7,1.3043,-0.2609,-0.2000,0.0500,-0.6300,-0.1070,0,0.0952,0.0476
2010-01-29 12:15:00,EB,0,1,6,1.2500,0.0000,0.0000,0.0000,0.0167,0.1556,0,0.0476,0.0000
2010-02-04 13:45:00,GC_ME,1,0,0,1.0000,0.0000,0.0000,-0.1500,-1.6722,-0.9529,1,0.8500,0.8000
2010-02-19 13:30:00,EB,0,1,13,1.7647,0.0000,0.0000,0.0000,-0.0200,0.0464,0,0.3000,0.2500
2010-02-23 15:00:00,P,0,1,9,1.4286,0.0000,0.0000,0.0000,-0.2200,0.2918,0,0.2000,0.1500
2010-02-24 11:00:00,EB,0,1,8,1.3636,-0.2045,-0.1500,-0.2000,0.0250,0.1812,0,0.1500,0.1000
2010-02-25 11:45:00,EB,0,1,7,1.3043,0.2609,0.2000,0.0667,0.4917,-0.3304,0,0.1000,0.0500
2010-02-26 14:00:00,EB,0,1,6,1.2500,NaN,NaN,0.4000,-0.0278,0.0725,0,0.0500,0.0000
2010-03-01 10:00:00,P,0,1,3,1.1111,0.0370,0.0333,0.0667,-0.2222,-0.1773,0,1.0000,0.9565
2010-03-04 13:45:00,GC_ME,1,0,0,1.0000,-0.4600,-0.4600,-0.4250,-1.5688,0.3082,1,0.8696,0.8261
2010-03-15 10:30:00,EB,0,1,24,5.0000,-0.5000,-0.1000,-0.1000,0.0500,0.0392,0,0.5652,0.5217
2010-03-15 13:00:00,EB,0,1,24,5.0000,0.5000,0.1000,0.0000,-0.0667,-0.0747,0,0.5652,0.5217
2010-03-16 15:45:00,EB,0,1,23,4.2857,NaN,NaN,0.2000,0.2500,0.7030,0,0.5217,0.4783
2010-03-22 16:30:00,P,0,1,17,2.3077,-0.9231,-0.4000,-0.1000,-0.3625,0.0100,0,0.3478,0.3043
2010-03-24 10:00:00,EB,0,1,15,2.0000,-0.4000,-0.2000,0.0667,0.8875,-0.1483,0,0.2609,0.2174
2010-03-24 16:00:00,EB,0,1,15,2.0000,0.8000,0.4000,-0.0500,-0.8333,-0.2768,0,0.2609,0.2174
2010-03-26 17:00:00,P,0,1,13,1.7647,NaN,NaN,-0.1000,0.1667,-0.0737,0,0.1739,0.1304
2010-03-31 10:45:00,P,0,1,8,1.3636,0.0455,0.0333,0.1500,0.6650,0.0415,0,0.0435,0.0000
2010-04-08 13:45:00,GC_ME,1,0,0,1.0000,0.1000,0.1000,0.0333,-0.2000,-0.1002,1,0.7727,0.7273
2010-04-09 14:30:00,EB,0,1,27,NaN,NaN,-0.1000,-0.1000,0.7500,-0.1527,0,0.7273,0.6818
2010-04-12 10:00:00,EB,0,1,24,5.0000,0.5000,0.1000,0.3600,0.2000,-0.1792,0,0.6818,0.6364
2010-04-12 11:00:00,P,0,1,24,5.0000,-0.5000,-0.1000,-0.0500,0.1786,-0.0569,0,0.6818,0.6364
2010-04-12 16:00:00,EB,0,1,24,5.0000,-1.5000,-0.3000,-0.1000,0.1444,0.0277,0,0.6818,0.6364
2010-04-15 15:15:00,EB,0,1,21,3.3333,NaN,NaN,0.0333,0.5900,-0.0486,0,0.5455,0.5000
2010-04-19 17:00:00,EB,0,1,17,2.3077,NaN,NaN,0.0000,-0.0600,-0.0951,0,0.4545,0.4091
2010-04-27 16:15:00,EB,0,1,9,1.4286,0.2857,0.2000,-0.2500,0.0714,-0.0728,0,0.1818,0.1364
2010-04-28 10:00:00,EB,0,1,8,1.3636,0.4091,0.3000,0.1429,0.8500,-1.3274,0,0.1364,0.0909
2010-04-29 13:30:00,P,0,1,7,1.3043,0.0000,0.0000,-0.2200,0.1875,0.4001,0,0.0909,0.0455
2010-05-05 15:15:00,EB,0,1,1,1.0345,0.0345,0.0333,0.2143,-0.1214,0.4969,0,0.9048,0.8571
2010-05-06 13:45:00,GC_ME,1,0,0,1.0000,0.4000,0.4000,0.4400,1.1900,-0.6904,1,0.8571,0.8095
2010-05-12 10:00:00,P,0,1,29,NaN,NaN,0.2000,0.1333,0.0000,0.9375,0,0.6667,0.6190
2010-05-13 13:15:00,EB,0,1,28,NaN,NaN,NaN,0.2000,0.1562,0.1154,0,0.6190,0.5714
2010-05-19 17:00:00,P,0,1,22,3.7500,0.3750,0.1000,-0.2000,-0.0400,-0.1350,0,0.4286,0.3810
2010-05-20 15:00:00,P,0,1,21,3.3333,0.0000,0.0000,0.0500,-0.8750,0.1815,0,0.3810,0.3333
2010-05-21 12:45:00,EB,0,1,20,3.0000,0.0000,0.0000,0.2000,-0.0286,-1.8476,0,0.3333,0.2857
2010-05-26 09:40:00,EB,0,1,15,2.0000,0.2000,0.1000,-0.3400,0.5071,0.3436,0,0.1905,0.1429
2010-05-27 13:00:00,EB,0,1,14,1.8750,0.0000,0.0000,0.1000,0.6889,0.0073,0,0.1429,0.0952
2010-05-28 11:10:00,EB,0,1,13,1.7647,0.4706,0.2667,0.1000,-0.2071,-0.2705,0,0.0952,0.0476
2010-05-31 10:00:00,P,0,1,10,1.5000,-0.1500,-0.1000,0.0500,-0.4100,0.0015,0,0.0476,0.0000
2010-06-09 11:00:00,P,0,1,1,1.0345,-0.1034,-0.1000,0.0333,-0.1571,-0.6375,0,0.7273,0.6818
2010-06-10 13:45:00,GC_ME,1,0,0,1.0000,-0.4000,-0.4000,-0.8400,0.3500,0.6902,1,0.6818,0.6364
2010-06-11 13:20:00,EB,0,1,27,NaN,NaN,-0.1000,0.0500,-0.0750,-0.0243,0,0.6364,0.5909
2010-06-16 11:30:00,EB,0,1,22,3.7500,0.0000,0.0000,-0.0500,0.1222,0.4806,0,0.5000,0.4545
2010-06-18 10:00:00,P,0,1,20,3.0000,0.6000,0.2000,0.0000,0.2643,-0.3091,0,0.4091,0.3636
2010-06-18 12:00:00,EB,0,1,20,3.0000,0.3000,0.1000,0.0000,0.1143,-0.5967,0,0.4091,0.3636
2010-06-18 12:00:00,EB,0,1,20,3.0000,0.3000,0.1000,0.0000,0.1143,-0.5967,0,0.4091,0.3636
2010-06-18 13:00:00,EB,0,1,20,3.0000,-0.3000,-0.1000,0.0000,0.1333,0.5366,0,0.4091,0.3636
2010-06-21 12:45:00,EB,0,1,17,2.3077,-0.4615,-0.2000,0.2400,0.4444,-0.1028,0,0.3636,0.3182
2010-06-21 16:00:00,EB,0,1,17,2.3077,-0.6923,-0.3000,-0.4000,0.2833,-0.3100,0,0.3636,0.3182
2010-06-21 16:30:00,P,0,1,17,2.3077,0.2308,0.1000,0.0500,0.7167,-0.1884,0,0.3636,0.3182
2010-06-28 10:40:00,EB,0,1,10,1.5000,0.2250,0.1500,-0.2000,0.3400,0.6471,0,0.1364,0.0909
2010-06-30 16:30:00,P,0,1,8,1.3636,0.0000,0.0000,0.1000,0.9500,-0.0035,0,0.0455,0.0000
2010-07-01 17:00:00,EB,0,1,7,1.3043,0.2609,0.2000,0.0000,1.2000,0.1069,0,1.0000,0.9545
2010-07-02 12:00:00,EB,0,1,6,1.2500,-0.5000,-0.4000,0.0500,-0.1600,0.1137,0,0.9545,0.9091
2010-07-08 13:45:00,GC_ME,1,0,0,1.0000,2.3500,2.3500,2.8857,4.9111,0.5785,0,0.7727,0.7273
2010-07-09 09:30:00,EB,0,1,27,NaN,NaN,-1.4800,-1.2000,-0.0222,0.1346,0,0.7273,0.6818
2010-07-09 11:30:00,EB,0,1,27,NaN,NaN,-1.2800,-0.9833,-0.9444,0.1107,0,0.7273,0.6818
2010-07-09 16:10:00,EB,0,1,27,NaN,NaN,0.1667,0.0000,0.1125,0.2542,0,0.7273,0.6818
2010-07-23 12:00:00,EB,0,1,13,1.7647,-0.2647,-0.1500,0.3000,-0.3250,0.2086,0,0.2727,0.2273
2010-08-05 13:45:00,GC_ME,1,0,0,1.0000,-0.3000,-0.3000,-0.2357,-1.6875,-0.6001,0,0.8636,0.8182
2010-09-02 13:45:00,GC_ME,1,0,0,1.0000,-0.6667,-0.6667,-0.6167,-0.8727,-0.1186,0,0.9545,0.9091
2010-09-03 14:00:00,EB,0,1,34,NaN,NaN,0.0000,0.1000,0.5714,1.4544,0,0.9091,0.8636
2010-09-06 11:00:00,EB,0,1,31,NaN,NaN,0.1000,0.0000,0.1750,0.2153,0,0.8636,0.8182
2010-09-10 11:20:00,EB,0,1,27,NaN,NaN,-0.2500,0.4000,0.0200,-0.1783,0,0.6818,0.6364
2010-09-15 15:10:00,EB,0,1,22,3.7500,0.0000,0.0000,-0.3000,-0.3250,0.0262,0,0.5455,0.5000
2010-09-20 10:00:00,P,0,1,17,2.3077,-1.1538,-0.5000,-0.0600,0.2600,0.0779,0,0.4091,0.3636
2010-09-20 14:25:00,P,0,1,17,2.3077,-1.8462,-0.8000,-0.1500,0.0286,-0.3319,0,0.4091,0.3636
2010-09-27 15:00:00,P,0,1,10,1.5000,0.0750,0.0500,-0.6200,0.4143,-0.3295,0,0.1818,0.1364
2010-09-27 17:00:00,EB,0,1,10,1.5000,NaN,NaN,-0.4000,0.1143,-0.2791,0,0.1818,0.1364
2010-09-28 09:30:00,EB,0,1,9,1.4286,-0.1429,-0.1000,-0.1000,-0.4571,-0.2507,0,0.1364,0.0909
2010-09-29 09:30:00,EB,0,1,8,1.3636,-0.5682,-0.4167,-0.2667,-0.6000,-1.3471,0,0.0909,0.0455
2010-09-29 09:30:00,EB,0,1,8,1.3636,-0.5682,-0.4167,-0.2667,-0.6000,-1.3471,0,0.0909,0.0455
2010-09-29 16:00:00,EB,0,1,8,1.3636,0.9091,0.6667,0.5800,-0.3111,-0.5560,0,0.0909,0.0455
2010-10-04 10:30:00,EB,0,1,3,1.1111,-0.7778,-0.7000,-0.6667,-0.0111,-0.1496,0,0.9524,0.9048
2010-10-07 13:45:00,GC_ME,1,0,0,1.0000,-0.2667,-0.2667,-0.0400,-0.7700,0.0692,1,0.8095,0.7619
2010-10-08 15:30:00,EB,0,1,27,NaN,NaN,0.0000,0.1500,-0.6000,0.0133,0,0.7619,0.7143
2010-10-15 10:45:00,EB,0,1,20,3.0000,-0.4500,-0.1500,-0.2333,-0.4875,0.0918,0,0.5238,0.4762
2010-10-18 10:00:00,EB,0,1,17,2.3077,3.6923,1.6000,1.3857,0.9429,-0.1445,0,0.4762,0.4286
2010-10-19 14:30:00,P,0,1,16,2.1429,2.0204,0.9429,0.9714,0.6000,-0.2739,0,0.4286,0.3810
2010-10-20 12:00:00,EB,0,1,15,2.0000,-1.2000,-0.6000,-0.1000,0.4250,0.2385,0,0.3810,0.3333
2010-10-20 14:20:00,EB,0,1,15,2.0000,0.2000,0.1000,0.0333,0.4375,-0.3267,0,0.3810,0.3333
2010-10-22 14:00:00,EB,0,1,13,1.7647,0.7059,0.4000,0.3200,0.2000,0.0430,0,0.2857,0.2381
2010-10-25 10:45:00,EB,0,1,10,1.5000,1.9500,1.3000,0.2750,0.0375,-0.0984,0,0.2381,0.1905
2010-10-25 13:40:00,EB,0,1,10,1.5000,-0.1000,-0.0667,-0.1000,-0.7889,-0.2801,0,0.2381,0.1905
2010-10-27 09:45:00,EB,0,1,8,1.3636,-0.1364,-0.1000,-0.1250,-0.4900,0.2349,0,0.1429,0.0952
2010-10-29 12:30:00,EB,0,1,6,1.2500,-0.1250,-0.1000,-0.1667,0.4375,-0.0410,0,0.0476,0.0000
2010-11-04 13:45:00,GC_ME,1,0,0,1.0000,-0.4600,-0.4600,-0.6500,-0.9875,-0.1246,0,0.8636,0.8182
2010-11-08 12:30:00,P,0,1,24,5.0000,3.0000,0.6000,0.1000,0.4143,0.2244,0,0.7727,0.7273
2010-11-11 10:15:00,EB,0,1,21,3.3333,1.1667,0.3500,0.0571,-0.0250,0.0314,0,0.6364,0.5909
2010-11-16 15:30:00,EB,0,1,16,2.1429,-0.0357,-0.0167,0.2800,1.1333,-0.0970,0,0.5000,0.4545
2010-11-17 15:20:00,EB,0,1,15,2.0000,-1.5429,-0.7714,-0.1125,-0.1667,0.1717,0,0.4545,0.4091
2010-11-18 14:30:00,EB,0,1,14,1.8750,0.0000,0.0000,0.2000,0.1889,-0.1177,0,0.4091,0.3636
2010-11-18 14:30:00,P,0,1,14,1.8750,0.0000,0.0000,0.2000,0.1889,-0.1177,0,0.4091,0.3636
2010-11-19 14:45:00,EB,0,1,13,1.7647,0.3529,0.2000,0.4600,-0.0750,-0.1091,0,0.3636,0.3182
2010-11-19 15:00:00,P,0,1,13,1.7647,0.1324,0.0750,-0.0250,-0.6111,-0.3875,0,0.3636,0.3182
2010-11-22 17:00:00,P,0,1,10,1.5000,0.0000,0.0000,0.0000,-0.6444,0.0306,0,0.3182,0.2727
2010-11-23 09:35:00,EB,0,1,9,1.4286,-0.4048,-0.2833,-0.3400,0.2429,0.6379,0,0.2727,0.2273
2010-11-25 10:10:00,EB,0,1,7,1.3043,-0.1304,-0.1000,-0.2333,0.8667,-0.2277,0,0.1818,0.1364
2010-11-30 16:30:00,P,0,1,2,1.0714,-0.1071,-0.1000,0.1400,-1.9000,0.0615,0,0.0455,0.0000
2010-12-02 13:45:00,GC_ME,1,0,0,1.0000,-1.5600,-1.5600,-2.8571,-2.4182,-0.2870,0,0.9565,0.9130
2010-12-08 15:30:00,P,0,1,36,NaN,NaN,-1.3889,-0.4000,1.0222,0.0422,0,0.7826,0.7391
2011-01-07 10:00:00,P,0,1,6,1.2500,-0.1667,-0.1333,-0.5800,-0.8000,0.3635,0,0.8095,0.7619
2011-01-10 13:00:00,P,0,1,3,1.1111,0.1111,0.1000,-0.3000,-0.2111,0.0379,0,0.7619,0.7143
2011-01-13 13:45:00,GC_ME,1,0,0,1.0000,0.6000,0.6000,1.5667,6.1286,-0.0162,1,0.6190,0.5714
2011-01-26 17:00:00,EB,0,1,8,1.3636,2.3182,1.7000,1.2200,0.8250,-0.2792,0,0.1905,0.1429
2011-01-27 11:30:00,EB,0,1,7,1.3043,-0.6304,-0.4833,0.3143,2.2111,0.3144,0,0.1429,0.0952
2011-01-27 14:00:00,EB,0,1,7,1.3043,1.0000,0.7667,1.2125,0.5100,0.0067,0,0.1429,0.0952
2011-01-28 15:15:00,EB,0,1,6,1.2500,1.7679,1.4143,1.7429,1.5000,-0.2206,0,0.0952,0.0476
2011-02-01 16:00:00,P,0,1,2,1.0714,-0.2602,-0.2429,-0.0600,0.3667,0.4599,0,1.0000,0.9500
2011-02-03 13:45:00,GC_ME,1,0,0,1.0000,-1.2286,-1.2286,-2.7625,-4.4125,0.1582,1,0.9000,0.8500
2011-02-04 09:30:00,EB,0,1,27,NaN,NaN,-0.9125,-0.4000,0.3556,0.0959,0,0.8500,0.8000
2011-02-04 12:30:00,EB,0,1,27,NaN,NaN,-0.6000,0.0500,0.8273,-0.0349,0,0.8500,0.8000
2011-02-07 15:00:00,P,0,1,24,5.0000,-15.2500,-3.0500,-0.9000,-0.5571,-0.0687,0,0.8000,0.7500
2011-02-10 11:30:00,EB,0,1,21,3.3333,0.7333,0.2200,0.1812,0.6091,0.0310,0,0.6500,0.6000
2011-02-18 14:00:00,P,0,1,13,1.7647,0.0000,0.0000,0.4800,3.6455,-0.0326,0,0.3500,0.3000
2011-02-22 10:00:00,EB,0,1,9,1.4286,-0.7500,-0.5250,0.0200,0.7875,0.1188,0,0.2500,0.2000
2011-03-03 13:45:00,GC_ME,1,0,0,1.0000,1.0500,1.0500,10.3333,16.0375,-0.1573,1,0.9130,0.8696
2011-03-04 11:15:00,EB,0,1,34,NaN,NaN,0.7333,0.0286,-0.2400,0.0749,0,0.8696,0.8261
2011-03-04 12:50:00,EB,0,1,34,NaN,NaN,0.1250,-0.4250,0.1250,-0.1384,0,0.8696,0.8261
2011-03-04 16:25:00,P,0,1,34,NaN,NaN,-0.1000,0.0667,0.2000,-0.2449,0,0.8696,0.8261
2011-03-07 13:00:00,P,0,1,31,NaN,NaN,0.2250,0.4800,-0.1800,-0.0598,0,0.8261,0.7826
2011-03-10 16:00:00,EB,0,1,28,NaN,NaN,0.1000,0.0750,-0.1429,0.1739,0,0.6957,0.6522
2011-03-11 11:00:00,EB,0,1,27,NaN,NaN,-0.3000,-0.2500,-0.5889,-0.0968,0,0.6522,0.6087
2011-03-18 11:30:00,EB,0,1,20,3.0000,0.3000,0.1000,0.5000,2.1333,0.3008,0,0.4348,0.3913
2011-03-18 17:00:00,P,0,1,20,3.0000,1.6500,0.5500,1.5667,2.3000,-0.0611,0,0.4348,0.3913
2011-03-21 15:00:00,P,0,1,17,2.3077,0.2308,0.1000,-0.0500,0.5625,0.0123,0,0.3913,0.3478
2011-03-21 15:00:00,EB,0,1,17,2.3077,0.2308,0.1000,-0.0500,0.5625,0.0123,0,0.3913,0.3478
2011-03-23 09:30:00,P,0,1,15,2.0000,1.0222,0.5111,0.0800,0.2667,-0.1246,0,0.3043,0.2609
2011-03-28 15:00:00,P,0,1,10,1.5000,1.4400,0.9600,0.9250,0.3400,0.0117,0,0.1739,0.1304
2011-03-30 10:30:00,EB,0,1,8,1.3636,-3.8333,-2.8111,-1.5625,-0.7000,-0.1321,0,0.0870,0.0435
2011-04-01 16:40:00,EB,0,1,6,1.2500,0.2500,0.2000,0.2000,-0.1286,-0.0003,0,1.0000,0.9524
2011-04-04 16:30:00,P,0,1,3,1.1111,-0.7778,-0.7000,-0.0667,-0.3333,-0.0920,0,0.9524,0.9048
2011-04-07 13:45:00,GC_ME,1,0,0,1.0000,1.4000,1.4000,1.7000,0.5750,0.3429,0,0.8095,0.7619
2011-04-08 09:20:00,EB,0,1,27,NaN,NaN,0.3833,0.3167,1.3857,0.0100,0,0.7619,0.7143
2011-04-12 12:40:00,EB,0,1,23,4.2857,-1.9286,-0.4500,-0.2600,-0.1143,-0.0535,0,0.6667,0.6190
2011-04-13 15:00:00,EB,0,1,22,3.7500,-1.3125,-0.3500,-0.1500,-0.6222,-0.2629,0,0.6190,0.5714
2011-05-02 11:00:00,P,0,1,3,1.1111,0.4444,0.4000,0.2000,0.2167,0.0007,0,1.0000,0.9545
2011-05-05 13:45:00,GC_ME,1,0,0,1.0000,-2.5000,-2.5000,-7.0625,-12.3889,0.2267,1,0.8636,0.8182
2011-05-05 14:30:00,P,0,1,35,NaN,NaN,-1.6500,-6.3375,-11.5000,-0.2090,0,0.8636,0.8182
2011-05-10 10:30:00,EB,0,1,30,NaN,NaN,-1.5571,-0.9000,-0.4000,0.5869,0,0.7273,0.6818
2011-05-10 11:00:00,EB,0,1,30,NaN,NaN,-4.9375,-2.6250,-1.8875,0.2787,0,0.7273,0.6818
2011-05-11 11:45:00,EB,0,1,29,NaN,NaN,0.7500,0.3667,0.4833,0.0696,0,0.6818,0.6364
2011-05-11 12:30:00,EB,0,1,29,NaN,NaN,0.4000,0.2857,-0.3143,-0.0797,0,0.6818,0.6364
2011-05-12 11:30:00,EB,0,1,28,NaN,NaN,-0.9667,-0.3143,-0.3000,-0.1519,0,0.6364,0.5909
2011-05-13 10:00:00,EB,0,1,27,NaN,NaN,-0.2000,-0.5400,-0.0875,0.1031,0,0.5909,0.5455
2011-05-13 10:00:00,P,0,1,27,NaN,NaN,-0.2000,-0.5400,-0.0875,0.1031,0,0.5909,0.5455
2011-05-13 11:00:00,EB,0,1,27,NaN,NaN,0.4000,-0.1250,-0.8667,-0.4649,0,0.5909,0.5455
2011-05-18 11:30:00,EB,0,1,22,3.7500,-0.3750,-0.1000,0.4000,0.6600,-0.1672,0,0.4545,0.4091
2011-05-23 10:50:00,EB,0,1,17,2.3077,-0.8846,-0.3833,-0.4000,-0.1125,-0.2268,0,0.3182,0.2727
2011-05-23 15:00:00,EB,0,1,17,2.3077,0.5077,0.2200,0.4750,0.6125,0.0204,0,0.3182,0.2727
2011-05-25 16:30:00,EB,0,1,15,2.0000,0.3333,0.1667,-0.5000,0.5778,0.8911,0,0.2273,0.1818
2011-05-26 11:20:00,P,0,1,14,1.8750,-0.9750,-0.5200,0.4143,0.3300,-0.0894,0,0.1818,0.1364
2011-05-26 14:00:00,EB,0,1,14,1.8750,-0.3125,-0.1667,-0.1500,-0.9111,-0.1588,0,0.1818,0.1364
2011-05-26 15:00:00,EB,0,1,14,1.8750,-0.0625,-0.0333,-0.6143,-1.5778,-0.0235,0,0.1818,0.1364
2011-06-01 15:00:00,P,0,1,8,1.3636,0.1364,0.1000,-0.0333,-0.5111,0.0604,0,1.0000,0.9545
2011-06-02 11:15:00,P,0,1,7,1.3043,0.1304,0.1000,0.0500,0.7900,0.3161,0,0.9545,0.9091
2011-06-03 16:15:00,EB,0,1,6,1.2500,0.0750,0.0600,0.4000,1.9889,0.5204,0,0.9091,0.8636
2011-06-06 10:00:00,EB,0,1,3,1.1111,-0.0833,-0.0750,-0.1000,0.1000,0.0169,0,0.8636,0.8182
2011-06-06 11:30:00,EB,0,1,3,1.1111,0.4444,0.4000,0.0833,-0.4100,-0.2108,0,0.8636,0.8182
2011-06-09 13:45:00,GC_ME,1,0,0,1.0000,-0.9400,-0.9400,-0.0333,-3.7571,0.2068,1,0.7273,0.6818
2011-06-10 09:30:00,EB,0,1,27,NaN,NaN,-0.7333,-1.1444,-0.6375,-0.0687,0,0.6818,0.6364
2011-06-10 13:00:00,EB,0,1,27,NaN,NaN,0.4500,0.3400,0.9500,0.1651,0,0.6818,0.6364
2011-06-10 15:15:00,EB,0,1,27,NaN,NaN,-0.3500,-0.2600,-1.2778,-0.8234,0,0.6818,0.6364
2011-06-13 15:00:00,P,0,1,24,5.0000,2.3750,0.4750,0.3500,0.1714,0.1558,0,0.6364,0.5909
2011-06-15 14:00:00,EB,0,1,22,3.7500,-0.3750,-0.1000,-0.0500,-0.4111,-0.7839,0,0.5455,0.5000
2011-06-15 15:00:00,EB,0,1,22,3.7500,-2.1250,-0.5667,-0.5500,-1.0091,-0.1767,0,0.5455,0.5000
2011-06-16 12:00:00,EB,0,1,21,3.3333,2.0000,0.6000,0.3167,-0.4857,0.1584,0,0.5000,0.4545
2011-06-17 13:00:00,EB,0,1,20,3.0000,-0.6000,-0.2000,-0.3500,-0.1727,0.4226,0,0.4545,0.4091
2011-06-24 12:00:00,EB,0,1,13,1.7647,1.9853,1.1250,0.7000,-0.6000,-0.9722,0,0.2273,0.1818
2011-06-27 12:30:00,EB,0,1,10,1.5000,0.1125,0.0750,0.4333,-0.1000,-0.0845,0,0.1818,0.1364
2011-07-07 13:45:00,GC_ME,1,0,0,1.0000,0.8500,0.8500,0.4833,1.4667,0.6476,0,0.8095,0.7619
2011-07-11 17:00:00,EB,0,1,24,5.0000,-3.6667,-0.7333,-0.8200,-1.9000,0.2828,0,0.7143,0.6667
2011-07-22 17:00:00,P,0,1,13,1.7647,-0.7059,-0.4000,0.2500,0.1500,0.1644,0,0.2857,0.2381
2011-08-04 13:45:00,GC_ME,1,0,0,1.0000,-7.9800,-7.9800,-11.1000,-18.2000,-1.1895,0,0.8696,0.8261
2011-08-29 15:00:00,P,0,1,10,1.5000,0.3750,0.2500,0.2000,5.1286,0.5723,0,0.1304,0.0870
2011-08-31 14:00:00,EB,0,1,8,1.3636,-0.2386,-0.1750,0.2143,-0.5333,0.1315,0,0.0435,0.0000
2011-09-01 09:30:00,EB,0,1,7,1.3043,-0.1957,-0.1500,-0.5333,-2.0857,-0.8175,0,1.0000,0.9545
2011-09-05 10:00:00,P,0,1,3,1.1111,-0.7639,-0.6875,-1.6667,-0.5125,-0.0582,0,0.9091,0.8636
2011-09-08 13:45:00,GC_ME,1,0,0,1.0000,3.7500,3.7500,1.4125,-3.1889,-0.3450,1,0.7727,0.7273
2011-09-12 13:00:00,P,0,1,24,5.0000,-0.1429,-0.0286,0.1750,0.4625,-0.0624,0,0.6818,0.6364
2011-09-15 09:30:00,EB,0,1,21,3.3333,3.1333,0.9400,2.0500,0.5500,0.9932,0,0.5455,0.5000
2011-09-16 10:00:00,EB,0,1,20,3.0000,0.1071,0.0357,0.4167,0.0556,-0.6298,0,0.5000,0.4545
2011-09-19 15:00:00,EB,0,1,17,2.3077,-1.5385,-0.6667,-0.7250,-0.1000,-0.5910,0,0.4545,0.4091
2011-09-26 15:30:00,EB,0,1,10,1.5000,2.7000,1.8000,0.4444,-0.2286,-1.7213,0,0.2273,0.1818
2011-10-03 16:00:00,EB,0,1,3,1.1111,1.2963,1.1667,1.1800,1.1143,-0.0756,0,1.0000,0.9524
2011-10-04 15:00:00,P,0,1,2,1.0714,0.8357,0.7800,0.8167,0.0750,-0.4583,0,0.9524,0.9048
2011-10-05 12:40:00,EB,0,1,1,1.0345,-0.3103,-0.3000,0.0250,0.1667,0.4179,0,0.9048,0.8571
2011-10-06 13:45:00,GC_ME,1,0,0,1.0000,13.6000,13.6000,10.9167,11.0750,-0.8707,1,0.8571,0.8095
2011-10-10 10:00:00,EB,0,1,24,5.0000,1.3333,0.2667,0.7125,2.1500,0.2589,0,0.7619,0.7143
2011-10-11 09:30:00,P,0,1,23,4.2857,0.2143,0.0500,0.0571,-0.5750,-0.3805,0,0.7143,0.6667
2011-10-12 10:30:00,EB,0,1,22,3.7500,-7.4464,-1.9857,-0.8250,1.4286,0.6998,0,0.6667,0.6190
2011-10-17 16:35:00,EB,0,1,17,2.3077,0.0000,0.0000,0.0000,-1.0625,-0.4027,0,0.5238,0.4762
2011-10-21 09:40:00,P,0,1,13,1.7647,-0.0882,-0.0500,-0.2000,-0.7167,0.0026,0,0.3333,0.2857
2011-10-21 10:00:00,EB,0,1,13,1.7647,0.0588,0.0333,-0.0250,0.0000,-0.2633,0,0.3333,0.2857
2011-10-21 13:30:00,EB,0,1,13,1.7647,0.5294,0.3000,0.1667,0.5625,0.8932,0,0.3333,0.2857
2011-10-21 15:45:00,EB,0,1,13,1.7647,0.3529,0.2000,0.3500,0.0143,0.5967,0,0.3333,0.2857
2011-10-24 11:00:00,EB,0,1,10,1.5000,0.1000,0.0667,-0.1667,0.5500,0.2528,0,0.2857,0.2381
2011-10-26 16:00:00,EB,0,1,8,1.3636,0.2045,0.1500,0.4250,-1.0750,-1.2466,0,0.1905,0.1429
2011-10-27 11:00:00,EB,0,1,7,1.3043,0.3913,0.3000,0.1000,0.1333,0.4508,0,0.1429,0.0952
2011-11-03 13:45:00,GC_ME,1,0,0,1.0000,-13.7667,-13.7667,-10.9714,-7.4100,0.1680,1,0.9091,0.8636
2011-11-04 11:00:00,EB,0,1,34,NaN,NaN,0.1333,0.2429,-0.2143,-0.1341,0,0.8636,0.8182
2011-11-04 12:00:00,EB,0,1,34,NaN,NaN,0.1250,0.2333,-0.5000,-0.4541,0,0.8636,0.8182
2011-11-08 09:50:00,EB,0,1,30,NaN,NaN,-0.0667,0.1286,0.5375,0.7606,0,0.7727,0.7273
2011-11-10 13:15:00,EB,0,1,28,NaN,NaN,0.1000,0.7125,0.5500,0.1077,0,0.6818,0.6364
2011-11-11 12:30:00,EB,0,1,27,NaN,NaN,-1.5000,-0.2000,-0.1286,0.2333,0,0.6364,0.5909
2011-11-14 16:30:00,EB,0,1,24,5.0000,1.0000,0.2000,-0.8500,-0.9400,0.2970,0,0.5909,0.5455
2011-11-15 14:00:00,EB,0,1,23,4.2857,-0.2857,-0.0667,0.0400,0.2000,0.7867,0,0.5455,0.5000
2011-11-18 10:15:00,EB,0,1,20,3.0000,-0.6000,-0.2000,0.4571,2.0375,0.6969,0,0.4091,0.3636
2011-11-18 10:30:00,EB,0,1,20,3.0000,-1.1400,-0.3800,0.4143,1.2250,0.4441,0,0.4091,0.3636
2011-11-21 13:45:00,EB,0,1,17,2.3077,0.1154,0.0500,-0.0500,0.2111,-0.0018,0,0.3636,0.3182
2011-11-23 11:00:00,EB,0,1,15,2.0000,-0.1200,-0.0600,-0.0800,0.8800,-0.6612,0,0.2727,0.2273
2011-11-24 13:40:00,EB,0,1,14,1.8750,-0.0000,-0.0000,1.0000,0.0857,0.1199,0,0.2273,0.1818
2011-11-25 17:00:00,EB,0,1,13,1.7647,-0.2647,-0.1500,-0.1000,-1.0429,-0.1849,0,0.1818,0.1364
2011-12-08 13:45:00,GC_ME,1,0,0,1.0000,2.2333,2.2333,-1.0571,-1.0429,-1.1354,1,0.7727,0.7273
2011-12-08 16:30:00,EB,0,1,35,NaN,NaN,-0.0400,-0.0167,0.6125,-0.4086,0,0.7727,0.7273
2011-12-09 16:15:00,EB,0,1,34,NaN,NaN,0.1600,0.1800,0.4000,-0.1039,0,0.7273,0.6818
2011-12-15 12:25:00,P,0,1,28,NaN,NaN,-0.1333,-0.2000,-0.1875,-0.1620,0,0.5455,0.5000
2011-12-19 16:30:00,EB,0,1,24,5.0000,0.5000,0.1000,-0.1000,0.2625,-0.9033,0,0.4545,0.4091
2012-01-06 15:00:00,EB,0,1,6,1.2500,-0.2500,-0.2000,-0.3600,-0.4429,-1.4476,0,0.8182,0.7727
2012-01-12 13:45:00,GC_ME,1,0,0,1.0000,-0.2000,-0.2000,-0.1643,-0.4556,-0.8523,0,0.6364,0.5909
2012-01-24 15:05:00,EB,0,1,16,2.1429,0.1071,0.0500,0.0667,0.1900,0.0837,0,0.2727,0.2273
2012-01-27 12:00:00,EB,0,1,13,1.7647,0.1765,0.1000,-0.0500,-0.6800,-0.0528,0,0.1364,0.0909
2012-01-27 14:15:00,P,0,1,13,1.7647,0.0000,0.0000,-0.2667,-0.1857,-0.7760,0,0.1364,0.0909
2012-02-09 13:45:00,GC_ME,1,0,0,1.0000,-0.1000,-0.1000,0.2800,0.4444,0.4657,1,0.7143,0.6667
2012-02-22 11:00:00,EB,0,1,15,2.0000,0.4000,0.2000,0.2000,0.3857,0.0285,0,0.2857,0.2381
2012-02-27 14:45:00,EB,0,1,10,1.5000,0.0500,0.0333,0.0600,-0.6625,-0.2496,0,0.1429,0.0952
2012-03-05 10:30:00,EB,0,1,3,1.1111,-0.1333,-0.1200,-0.3000,-0.1857,0.2282,0,0.9091,0.8636
2012-03-08 13:45:00,GC_ME,1,0,0,1.0000,0.1667,0.1667,-0.2333,-0.3111,-0.2365,1,0.7727,0.7273
2012-03-13 12:30:00,P,0,1,22,3.7500,0.3750,0.1000,0.0000,0.1571,-0.0409,0,0.6364,0.5909
2012-03-14 13:00:00,EB,0,1,21,3.3333,0.6667,0.2000,0.1000,-0.5000,-0.1794,0,0.5909,0.5455
2012-03-15 14:45:00,EB,0,1,20,3.0000,0.0000,0.0000,-0.1000,0.2500,0.0582,0,0.5455,0.5000
2012-03-27 17:00:00,EB,0,1,8,1.3636,NaN,NaN,0.1000,-0.2375,-0.2244,0,0.1818,0.1364
2012-04-04 13:45:00,GC_ME,1,0,0,1.0000,0.1500,0.1500,0.1000,0.7100,-0.2016,1,0.9048,0.8571
2012-04-12 13:00:00,EB,0,1,21,3.3333,-0.3333,-0.1000,-0.0250,-0.2750,0.2727,0,0.6190,0.5714
2012-04-12 15:00:00,EB,0,1,21,3.3333,0.6667,0.2000,0.0333,-0.3875,0.5585,0,0.6190,0.5714
2012-04-17 14:30:00,P,0,1,16,2.1429,NaN,NaN,0.1000,0.0333,0.3612,0,0.4762,0.4286
2012-04-18 13:00:00,EB,0,1,15,2.0000,-0.2000,-0.1000,0.1000,-0.0143,-0.2947,0,0.4286,0.3810
2012-04-20 16:00:00,EB,0,1,13,1.7647,-0.1765,-0.1000,0.0000,0.2714,0.4317,0,0.3333,0.2857
2012-04-24 12:45:00,EB,0,1,9,1.4286,0.1429,0.1000,0.1000,0.6333,0.1972,0,0.2381,0.1905
2012-04-25 11:15:00,EB,0,1,8,1.3636,0.0000,0.0000,-0.1250,-0.2000,-0.3260,0,0.1905,0.1429
2012-04-26 09:30:00,P,0,1,7,1.3043,0.0000,0.0000,-0.1000,-0.1143,0.2863,0,0.1429,0.0952
2012-04-27 12:50:00,EB,0,1,6,1.2500,0.2500,0.2000,0.0000,-0.2125,0.1937,0,0.0952,0.0476
2012-05-03 13:45:00,GC_ME,1,0,0,1.0000,0.9500,0.9500,0.8600,1.4625,-1.0517,1,0.9130,0.8696
2012-05-08 13:30:00,EB,0,1,29,NaN,NaN,0.1000,-0.2000,0.4143,0.8670,0,0.7826,0.7391
2012-05-08 15:00:00,P,0,1,29,NaN,NaN,0.0000,0.1000,0.5600,-0.0561,0,0.7826,0.7391
2012-05-08 15:30:00,EB,0,1,29,NaN,NaN,-0.4500,-0.2000,0.4375,-0.6449,0,0.7826,0.7391
2012-05-09 09:30:00,EB,0,1,28,NaN,NaN,0.1500,0.0333,-1.0125,0.1044,0,0.7391,0.6957
2012-05-10 10:00:00,EB,0,1,27,NaN,NaN,0.1500,0.2400,0.0000,-0.0157,0,0.6957,0.6522
2012-05-16 16:00:00,P,0,1,21,3.3333,0.0000,0.0000,0.1500,0.1875,0.5269,0,0.5217,0.4783
2012-05-18 11:00:00,EB,0,1,19,2.7273,0.2727,0.1000,-0.0500,0.4667,0.1593,0,0.4348,0.3913
2012-06-05 12:30:00,EB,0,1,1,1.0345,0.1034,0.1000,-0.3000,0.2500,-0.1767,0,0.9048,0.8571
2012-06-06 13:45:00,GC_ME,1,0,0,1.0000,1.1667,1.1667,1.1000,3.1571,-0.6186,1,0.8571,0.8095
2012-06-08 15:30:00,EB,0,1,27,NaN,NaN,0.1000,0.1500,0.3889,0.0557,0,0.7619,0.7143
2012-06-12 12:15:00,EB,0,1,23,4.2857,1.7143,0.4000,0.0750,0.0000,-0.0646,0,0.6667,0.6190
2012-06-12 14:15:00,EB,0,1,23,4.2857,0.4286,0.1000,0.1667,0.0600,0.1870,0,0.6667,0.6190
2012-06-15 11:00:00,EB,0,1,20,3.0000,0.3000,0.1000,-0.1000,-0.0800,0.2562,0,0.5238,0.4762
2012-06-18 14:00:00,EB,0,1,17,2.3077,-0.2308,-0.1000,-0.1000,-0.2833,-0.8276,0,0.4762,0.4286
2012-06-20 12:00:00,P,0,1,15,2.0000,0.2000,0.1000,0.1000,0.0857,-0.1211,0,0.3810,0.3333
2012-06-28 13:00:00,EB,0,1,7,1.3043,0.4565,0.3500,0.3375,-0.4250,0.5180,0,0.0952,0.0476
2012-07-02 09:25:00,EB,0,1,3,1.1111,0.1852,0.1667,0.0000,0.1000,0.7464,0,1.0000,0.9545
2012-07-05 13:45:00,GC_ME,1,0,0,1.0000,-9.5714,-9.5714,-8.7571,-7.3286,-1.5472,0,0.8636,0.8182
2012-07-06 09:45:00,EB,0,1,27,NaN,NaN,-0.4500,-0.4000,0.0143,0.1706,0,0.8182,0.7727
2012-07-09 14:30:00,P,0,1,24,5.0000,0.5000,0.1000,0.0333,0.4167,-0.0336,0,0.7727,0.7273
2012-07-12 14:00:00,P,0,1,21,3.3333,NaN,NaN,0.0500,-0.1714,-0.0659,0,0.6364,0.5909
2012-07-19 16:00:00,EB,0,1,14,1.8750,0.5625,0.3000,1.3000,-0.1000,-0.3209,0,0.4091,0.3636
2012-07-20 16:00:00,EB,0,1,13,1.7647,NaN,NaN,-0.6750,-1.6375,-0.4168,0,0.3636,0.3182
2012-07-23 11:15:00,P,0,1,10,1.5000,0.2250,0.1500,0.0333,-0.0667,-0.4770,0,0.3182,0.2727
2012-07-26 12:10:00,P,0,1,7,1.3043,NaN,NaN,-0.0333,0.3625,2.0446,0,0.1818,0.1364
2012-08-02 13:45:00,GC_ME,1,0,0,1.0000,2.5500,2.5500,2.1286,2.4250,-2.7315,1,0.9565,0.9130
2012-08-31 11:15:00,EB,0,1,6,1.2500,0.6875,0.5500,0.3600,-0.3857,0.0153,0,0.0435,0.0000
2012-09-04 15:00:00,EB,0,1,2,1.0714,-0.2143,-0.2000,0.0000,-0.1571,-0.3907,0,0.9500,0.9000
2012-09-06 13:45:00,GC_ME,1,0,0,1.0000,0.7000,0.7000,0.3667,0.1333,1.1617,0,0.8500,0.8000
2012-09-07 14:10:00,EB,0,1,27,NaN,NaN,NaN,-0.0333,-0.9400,-0.2248,0,0.8000,0.7500
2012-09-20 10:45:00,EB,0,1,14,1.8750,-0.1875,-0.1000,-0.1000,-0.4833,-0.5089,0,0.3500,0.3000
2012-09-25 16:30:00,P,0,1,9,1.4286,0.0000,0.0000,-0.1000,-0.1500,0.1118,0,0.2000,0.1500
2012-09-28 13:30:00,EB,0,1,6,1.2500,NaN,NaN,0.1000,0.1750,-0.1929,0,0.0500,0.0000
2012-10-04 13:45:00,GC_ME,1,0,0,1.0000,-0.1000,-0.1000,0.2750,-0.1143,-0.0971,0,0.8696,0.8261
2012-10-09 09:30:00,P,0,1,30,NaN,NaN,0.0000,0.0333,-0.1800,-0.5478,0,0.7391,0.6957
2012-10-17 16:30:00,EB,0,1,22,3.7500,0.3750,0.1000,0.2000,0.2857,0.0882,0,0.4783,0.4348
2012-10-22 10:30:00,EB,0,1,17,2.3077,NaN,NaN,0.1000,0.1250,0.5468,0,0.3478,0.3043
2012-10-22 15:00:00,EB,0,1,17,2.3077,-0.2308,-0.1000,0.1000,-0.2800,-0.2263,0,0.3478,0.3043
2012-10-24 14:00:00,P,0,1,15,2.0000,NaN,NaN,0.0000,-0.3333,-0.0864,0,0.2609,0.2174
2012-10-26 10:00:00,EB,0,1,13,1.7647,NaN,NaN,-0.1000,-0.0571,0.0470,0,0.1739,0.1304
2012-10-26 10:00:00,EB,0,1,13,1.7647,NaN,NaN,-0.1000,-0.0571,0.0470,0,0.1739,0.1304
2012-10-26 14:30:00,EB,0,1,13,1.7647,0.0000,0.0000,-0.1000,-0.0333,0.4675,0,0.1739,0.1304
2012-10-30 13:00:00,EB,0,1,9,1.4286,0.1429,0.1000,0.0000,0.1000,0.0423,0,0.0870,0.0435
2012-10-31 14:15:00,EB,0,1,8,1.3636,0.0000,0.0000,-0.1000,-0.1000,-0.2030,0,0.0435,0.0000
2012-11-07 13:10:00,P,0,1,1,1.0345,-0.2069,-0.2000,-0.4500,-0.4857,-0.8912,0,0.8182,0.7727
2012-11-08 13:45:00,GC_ME,1,0,0,1.0000,0.6000,0.6000,0.7250,1.0111,-0.0376,1,0.7727,0.7273
2012-11-09 14:30:00,EB,0,1,27,NaN,NaN,0.0000,-0.3000,0.0333,0.4158,0,0.7273,0.6818
2012-11-14 16:45:00,EB,0,1,22,3.7500,NaN,NaN,0.1000,-0.0500,-0.0307,0,0.5909,0.5455
2012-11-15 11:00:00,EB,0,1,21,3.3333,-0.3333,-0.1000,0.2000,0.0200,-0.0385,0,0.5455,0.5000
2012-11-15 13:00:00,P,0,1,21,3.3333,0.0000,0.0000,-0.2000,0.1333,-0.3087,0,0.5455,0.5000
2012-11-15 15:00:00,EB,0,1,21,3.3333,0.0000,0.0000,0.0000,-0.0400,0.4930,0,0.5455,0.5000
2012-11-19 09:30:00,EB,0,1,17,2.3077,0.0000,0.0000,0.0000,0.0000,0.0661,0,0.4545,0.4091
2012-11-19 10:00:00,EB,0,1,17,2.3077,NaN,NaN,0.1000,0.0667,-0.1673,0,0.4545,0.4091
2012-11-20 11:30:00,EB,0,1,16,2.1429,0.0000,0.0000,0.1000,0.1600,0.2078,0,0.4091,0.3636
2012-11-23 10:15:00,P,0,1,13,1.7647,0.1765,0.1000,-0.1000,0.0500,0.3412,0,0.2727,0.2273
2012-11-26 09:45:00,EB,0,1,10,1.5000,0.1125,0.0750,0.1000,-0.2357,-0.2535,0,0.2273,0.1818
2012-11-29 17:00:00,EB,0,1,7,1.3043,0.7826,0.6000,0.0000,-0.1000,0.2481,0,0.0909,0.0455
2012-11-30 12:00:00,EB,0,1,6,1.2500,-0.0000,-0.0000,-0.0500,-0.0429,0.1818,0,0.0455,0.0000
2012-12-03 13:00:00,EB,0,1,3,1.1111,0.0370,0.0333,0.0400,0.1437,0.2089,0,1.0000,0.9524
2012-12-03 16:30:00,EB,0,1,3,1.1111,0.0000,0.0000,-0.0500,0.1500,-0.4173,0,1.0000,0.9524
2012-12-06 13:45:00,GC_ME,1,0,0,1.0000,-0.0500,-0.0500,-0.7000,-1.9571,-0.0177,0,0.8571,0.8095
2012-12-06 15:00:00,EB,0,1,35,NaN,NaN,0.1000,-0.9600,-2.5167,0.2530,0,0.8571,0.8095
2012-12-07 11:00:00,P,0,1,34,NaN,NaN,-0.1000,0.2000,-0.1800,-0.2429,0,0.8095,0.7619
2012-12-13 14:00:00,EB,0,1,28,NaN,NaN,0.0000,-0.1000,0.0600,0.0465,0,0.6190,0.5714
2012-12-14 13:00:00,EB,0,1,27,NaN,NaN,0.0000,0.0000,-0.1750,-0.1277,0,0.5714,0.5238
2012-12-17 15:30:00,P,0,1,24,5.0000,0.0000,0.0000,0.8000,0.2600,0.1721,0,0.5238,0.4762
2012-12-17 17:00:00,EB,0,1,24,5.0000,0.5000,0.1000,-0.1000,0.3000,0.1330,0,0.5238,0.4762
2012-12-19 12:00:00,EB,0,1,22,3.7500,0.0000,0.0000,0.0000,0.1000,-0.0643,0,0.4286,0.3810
2013-01-10 13:45:00,GC_ME,1,0,0,1.0000,0.4333,0.4333,1.1000,2.5625,0.3328,0,0.6957,0.6522
2013-01-10 16:30:00,P,0,1,28,NaN,NaN,0.1000,0.0000,0.2500,-0.6529,0,0.6957,0.6522
2013-01-16 11:40:00,EB,0,1,22,3.7500,-1.1250,-0.3000,0.0000,0.2500,0.1823,0,0.5217,0.4783
2013-01-18 12:00:00,EB,0,1,20,3.0000,0.3000,0.1000,0.0500,-0.6125,-0.1386,0,0.4348,0.3913
2013-01-25 10:30:00,P,0,1,13,1.7647,0.4853,0.2750,0.2000,0.3750,0.1311,0,0.2174,0.1739
2013-01-29 12:00:00,EB,0,1,9,1.4286,-0.2857,-0.2000,-0.3000,-1.2222,0.0289,0,0.1304,0.0870
2013-01-29 13:00:00,EB,0,1,9,1.4286,0.0357,0.0250,0.1750,0.5700,0.0051,0,0.1304,0.0870
2013-01-31 09:30:00,EB,0,1,7,1.3043,0.3913,0.3000,0.2500,-0.2571,-0.5047,0,0.0435,0.0000
2013-01-31 15:45:00,EB,0,1,7,1.3043,0.2609,0.2000,0.2600,0.1800,0.1021,0,0.0435,0.0000
2013-02-07 13:45:00,GC_ME,1,0,0,1.0000,-0.3000,-0.3000,-0.9750,-2.2857,-0.0498,0,0.8000,0.7500
2013-02-07 16:30:00,EB,0,1,28,NaN,NaN,0.0000,0.2000,-0.3000,-0.4215,0,0.8000,0.7500
2013-02-12 15:30:00,P,0,1,23,4.2857,0.0000,0.0000,-0.2000,0.0200,0.0543,0,0.6500,0.6000
2013-02-13 16:50:00,EB,0,1,22,3.7500,-0.3750,-0.1000,-0.1000,-0.0750,-0.3019,0,0.6000,0.5500
2013-02-15 10:15:00,P,0,1,20,3.0000,0.0000,0.0000,0.0000,0.1000,-0.0399,0,0.5000,0.4500
2013-02-18 15:30:00,P,0,1,17,2.3077,0.0000,0.0000,0.0000,-0.1200,-0.0654,0,0.4500,0.4000
2013-02-22 11:00:00,EB,0,1,13,1.7647,-0.7059,-0.4000,-0.6750,0.0750,0.0315,0,0.2500,0.2000
2013-02-22 12:30:00,EB,0,1,13,1.7647,-0.7059,-0.4000,-0.7250,0.1375,0.6177,0,0.2500,0.2000
2013-02-27 09:30:00,EB,0,1,8,1.3636,-0.2273,-0.1667,0.0333,0.2222,-0.1769,0,0.1000,0.0500
2013-02-27 15:00:00,EB,0,1,8,1.3636,-0.2727,-0.2000,-0.1000,-0.1750,0.3629,0,0.1000,0.0500
2013-02-28 09:45:00,EB,0,1,7,1.3043,-0.2174,-0.1667,-0.1000,-0.3875,-0.4540,0,0.0500,0.0000
2013-02-28 11:00:00,EB,0,1,7,1.3043,-0.5217,-0.4000,-0.1500,-0.5375,-0.1808,0,0.0500,0.0000
2013-02-28 16:00:00,EB,0,1,7,1.3043,0.1304,0.1000,-0.0200,-0.1938,-0.0141,0,0.0500,0.0000
2013-03-07 13:45:00,GC_ME,1,0,0,1.0000,0.3000,0.3000,0.6333,2.3250,-0.0606,1,0.8095,0.7619
2013-03-08 09:20:00,EB,0,1,27,NaN,NaN,0.4000,-0.0667,-0.4571,0.2177,0,0.7619,0.7143
2013-03-11 10:00:00,EB,0,1,24,5.0000,0.5000,0.1000,0.0333,0.2833,-0.0722,0,0.7143,0.6667
2013-03-12 11:30:00,EB,0,1,23,4.2857,0.0000,0.0000,-0.0500,-0.0333,0.1095,0,0.6667,0.6190
2013-03-18 10:00:00,EB,0,1,17,2.3077,0.2308,0.1000,0.6500,-0.1333,0.2223,0,0.4762,0.4286
2013-03-19 16:00:00,EB,0,1,16,2.1429,0.2143,0.1000,0.1000,0.5500,-0.2064,0,0.4286,0.3810
2013-03-20 13:30:00,EB,0,1,15,2.0000,0.2000,0.1000,0.2000,0.7833,-0.0981,0,0.3810,0.3333
2013-03-25 12:00:00,EB,0,1,10,1.5000,0.0000,0.0000,0.1000,0.4333,-0.2842,0,0.2381,0.1905
2013-04-04 13:45:00,GC_ME,1,0,0,1.0000,-0.2000,-0.2000,0.1000,-0.6857,-0.8227,0,0.8636,0.8182
2013-04-05 11:30:00,EB,0,1,27,NaN,NaN,0.1250,0.1000,0.2750,-0.6061,0,0.8182,0.7727
2013-04-08 12:45:00,P,0,1,24,5.0000,0.0000,0.0000,0.1000,0.7286,-0.0589,0,0.7727,0.7273
2013-04-11 16:30:00,EB,0,1,21,3.3333,0.0000,0.0000,0.1000,-0.0333,0.6115,0,0.6364,0.5909
2013-04-15 15:30:00,P,0,1,17,2.3077,0.0000,0.0000,-0.2000,0.1000,-0.1458,0,0.5455,0.5000
2013-04-16 15:00:00,P,0,1,16,2.1429,-0.2143,-0.1000,0.2000,0.2250,0.0625,0,0.5000,0.4545
2013-04-22 13:00:00,EB,0,1,10,1.5000,0.0000,0.0000,-0.2000,0.0333,-0.1182,0,0.3182,0.2727
2013-04-24 14:30:00,EB,0,1,8,1.3636,0.1364,0.1000,-0.1667,-0.1400,0.0832,0,0.2273,0.1818
2013-04-24 15:00:00,EB,0,1,8,1.3636,-0.1364,-0.1000,-0.0400,-0.0333,0.4703,0,0.2273,0.1818
2013-04-25 09:55:00,EB,0,1,7,1.3043,0.2609,0.2000,0.0167,0.3714,-0.0717,0,0.1818,0.1364
2013-04-25 14:00:00,EB,0,1,7,1.3043,0.0000,0.0000,0.0000,-0.0333,-0.1567,0,0.1818,0.1364
2013-04-25 14:30:00,EB,0,1,7,1.3043,0.0000,0.0000,-0.1000,-0.1667,-0.5692,0,0.1818,0.1364
2013-04-29 12:00:00,EB,0,1,3,1.1111,0.0000,0.0000,0.0000,0.0000,0.0497,0,0.0909,0.0455
2013-05-02 13:45:00,GC_ME,1,0,0,1.0000,-0.2333,-0.2333,-0.2500,-1.9286,0.0037,1,0.9565,0.9130
2013-05-02 17:00:00,P,0,1,35,NaN,NaN,0.1000,-0.2333,-0.7833,0.3477,0,0.9565,0.9130
2013-05-03 11:45:00,EB,0,1,34,NaN,NaN,-0.1000,-0.1000,-0.3600,0.2103,0,0.9130,0.8696
2013-05-06 15:00:00,P,0,1,31,NaN,NaN,0.0000,-0.0000,0.0800,-0.0530,0,0.8696,0.8261
2013-05-08 14:15:00,EB,0,1,29,NaN,NaN,0.0000,0.1000,0.1667,-0.1026,0,0.7826,0.7391
2013-05-08 17:00:00,EB,0,1,29,NaN,NaN,NaN,0.1000,-0.1667,0.1237,0,0.7826,0.7391
2013-05-16 15:30:00,EB,0,1,21,3.3333,-0.1111,-0.0333,-0.2500,-0.2125,-0.1084,0,0.5217,0.4783
2013-05-17 11:15:00,EB,0,1,20,3.0000,-0.3000,-0.1000,-0.0333,-0.5000,0.6563,0,0.4783,0.4348
2013-05-17 11:30:00,EB,0,1,20,3.0000,-0.3000,-0.1000,0.1000,-0.4250,0.4517,0,0.4783,0.4348
2013-05-17 12:15:00,EB,0,1,20,3.0000,-1.2000,-0.4000,-0.0667,-0.4286,-0.0959,0,0.4783,0.4348
2013-05-17 13:00:00,EB,0,1,20,3.0000,0.0000,0.0000,0.0333,0.1857,-0.0992,0,0.4783,0.4348
2013-05-23 14:50:00,EB,0,1,14,1.8750,0.0000,0.0000,-0.2000,0.1250,-0.0101,0,0.3043,0.2609
2013-05-24 14:30:00,EB,0,1,13,1.7647,0.7059,0.4000,0.1000,0.1167,-0.2362,0,0.2609,0.2174
2013-05-28 14:00:00,EB,0,1,9,1.4286,0.4286,0.3000,0.1000,-0.2000,0.1757,0,0.1739,0.1304
2013-05-28 17:00:00,EB,0,1,9,1.4286,NaN,NaN,0.1000,0.9400,-0.2838,0,0.1739,0.1304
2013-05-29 17:00:00,EB,0,1,8,1.3636,0.0000,0.0000,0.0000,0.1200,-0.3262,0,0.1304,0.0870
2013-06-06 13:45:00,GC_ME,1,0,0,1.0000,0.4500,0.4500,0.7500,3.1833,-0.7378,1,0.8500,0.8000
2013-06-10 10:00:00,EB,0,1,24,5.0000,0.5000,0.1000,0.2500,0.0833,0.2443,0,0.7500,0.7000
2013-06-11 15:10:00,EB,0,1,23,4.2857,0.0000,0.0000,0.1000,0.1250,-0.0754,0,0.7000,0.6500
2013-06-12 13:30:00,EB,0,1,22,3.7500,-0.1250,-0.0333,0.0000,-0.1600,-0.0278,0,0.6500,0.6000
2013-06-13 17:00:00,P,0,1,21,3.3333,-0.3333,-0.1000,-0.1000,0.0250,-0.0428,0,0.6000,0.5500
2013-06-14 13:00:00,EB,0,1,20,3.0000,0.6000,0.2000,-0.1000,-0.4167,0.2018,0,0.5500,0.5000
2013-06-17 15:15:00,EB,0,1,17,2.3077,0.0000,0.0000,-0.1000,0.1800,0.2668,0,0.5000,0.4500
2013-06-24 14:45:00,EB,0,1,10,1.5000,0.6500,0.4333,0.8286,-0.4571,0.2438,0,0.2500,0.2000
2013-06-25 14:15:00,P,0,1,9,1.4286,0.1429,0.1000,0.1714,0.9429,-0.2636,0,0.2000,0.1500
2013-06-26 09:30:00,EB,0,1,8,1.3636,-0.1091,-0.0800,-0.0750,-0.1400,1.0041,0,0.1500,0.1000
2013-06-26 14:15:00,EB,0,1,8,1.3636,0.0000,0.0000,-0.1333,-0.4200,0.0073,0,0.1500,0.1000
2013-07-04 13:45:00,GC_ME,1,0,0,1.0000,-0.3000,-0.3000,-0.9571,-2.9167,1.6183,1,0.8696,0.8261
2013-07-05 12:30:00,EB,0,1,27,NaN,NaN,0.0000,-0.1000,0.1167,-0.0545,0,0.8261,0.7826
2013-07-08 15:00:00,P,0,1,24,5.0000,0.5000,0.1000,-0.1000,-0.0833,-0.0527,0,0.7826,0.7391
2013-07-09 17:00:00,EB,0,1,23,4.2857,NaN,NaN,-0.1000,0.0750,0.0556,0,0.7391,0.6957
2013-07-10 16:00:00,EB,0,1,22,3.7500,0.0000,0.0000,-0.0333,0.4250,-0.1151,0,0.6957,0.6522
2013-07-10 16:15:00,EB,0,1,22,3.7500,NaN,NaN,-0.1000,0.5429,-0.0530,0,0.6957,0.6522
2013-07-11 10:30:00,EB,0,1,21,3.3333,-0.3333,-0.1000,0.2500,0.2667,-0.0914,0,0.6522,0.6087
2013-07-15 15:00:00,EB,0,1,17,2.3077,0.0000,0.0000,0.1000,-0.1000,0.0899,0,0.5652,0.5217
2013-07-15 17:00:00,EB,0,1,17,2.3077,NaN,NaN,NaN,-0.2000,0.0872,0,0.5652,0.5217
2013-08-01 13:45:00,GC_ME,1,0,0,1.0000,0.0000,0.0000,0.1500,2.1667,0.2224,1,1.0000,0.9545
2013-08-21 12:00:00,EB,0,1,15,2.0000,0.2000,0.1000,0.1000,0.1429,0.0342,0,0.3636,0.3182
2013-08-27 13:00:00,EB,0,1,9,1.4286,0.0000,0.0000,-0.2000,-0.0800,0.1128,0,0.1818,0.1364
2013-08-29 14:00:00,EB,0,1,7,1.3043,0.0000,0.0000,0.0000,0.2400,-0.2308,0,0.0909,0.0455
2013-09-02 13:20:00,EB,0,1,3,1.1111,0.0000,0.0000,-0.1000,0.1000,0.1833,0,1.0000,0.9524
2013-09-04 10:55:00,EB,0,1,1,1.0345,0.0000,0.0000,-0.1000,-0.1750,-0.0446,0,0.9048,0.8571
2013-09-05 13:45:00,GC_ME,1,0,0,1.0000,0.0000,0.0000,-0.1333,-0.6143,0.1197,1,0.8571,0.8095
2013-09-06 12:40:00,EB,0,1,26,NaN,NaN,0.0000,0.3000,0.1833,0.0440,0,0.8095,0.7619
2013-09-10 14:30:00,EB,0,1,22,3.7500,0.0000,0.0000,0.1000,0.1800,-0.0457,0,0.7143,0.6667
2013-09-11 12:00:00,EB,0,1,21,3.3333,0.3333,0.1000,0.0000,0.1000,0.1316,0,0.6667,0.6190
2013-09-12 13:40:00,P,0,1,20,3.0000,0.0000,0.0000,0.0000,-0.1000,0.1836,0,0.6190,0.5714
2013-09-16 10:00:00,P,0,1,16,2.1429,-2.2500,-1.0500,0.1000,0.3000,0.0391,0,0.5238,0.4762
2013-09-17 10:30:00,EB,0,1,15,2.0000,0.0000,0.0000,0.0000,0.1400,0.1017,0,0.4762,0.4286
2013-09-23 15:00:00,P,0,1,9,1.4286,0.0000,0.0000,-0.1000,-0.1667,-0.2369,0,0.2857,0.2381
2013-09-24 13:00:00,EB,0,1,8,1.3636,0.0000,0.0000,-0.1000,0.0200,0.0644,0,0.2381,0.1905
2013-09-25 14:00:00,EB,0,1,7,1.3043,0.1304,0.1000,-0.1000,0.1000,0.2481,0,0.1905,0.1429
2013-09-26 10:30:00,EB,0,1,6,1.2500,0.0625,0.0500,0.1000,0.0500,-0.1621,0,0.1429,0.0952
2013-09-26 15:20:00,EB,0,1,6,1.2500,0.0000,0.0000,0.0000,0.1000,0.2618,0,0.1429,0.0952
2013-09-26 16:10:00,EB,0,1,6,1.2500,0.0000,0.0000,0.0000,-0.1600,-0.3424,0,0.1429,0.0952
2013-09-27 10:30:00,EB,0,1,5,1.2000,-0.1200,-0.1000,0.1000,-0.1333,-0.0661,0,0.0952,0.0476
2013-09-27 11:00:00,P,0,1,5,1.2000,0.0000,0.0000,0.1000,-0.2333,-0.3824,0,0.0952,0.0476
2013-09-30 09:45:00,EB,0,1,2,1.0714,0.0000,0.0000,0.0000,-0.0600,0.1187,0,0.0476,0.0000
2013-10-02 13:45:00,GC_ME,1,0,0,1.0000,0.0000,0.0000,-0.1333,0.0000,-0.2012,1,0.9565,0.9130
2013-10-03 17:00:00,EB,0,1,35,NaN,NaN,NaN,-0.1000,0.2000,-0.0269,0,0.9130,0.8696
2013-10-07 11:30:00,EB,0,1,31,NaN,NaN,-0.1000,0.2000,0.0250,0.1115,0,0.8261,0.7826
2013-10-07 13:15:00,EB,0,1,31,NaN,NaN,0.0000,-0.1000,-0.1000,0.1363,0,0.8261,0.7826
2013-10-11 14:30:00,EB,0,1,27,NaN,NaN,0.0000,0.0000,0.2833,0.0283,0,0.6522,0.6087
2013-10-11 15:00:00,P,0,1,27,NaN,NaN,0.0000,-0.1000,0.3333,0.2337,0,0.6522,0.6087
2013-11-04 12:30:00,EB,0,1,3,1.1111,0.0000,0.0000,-0.2000,-0.1000,-0.0542,0,0.9524,0.9048
2013-11-05 14:30:00,P,0,1,2,1.0714,0.3214,0.3000,0.0000,0.3000,-0.0824,0,0.9048,0.8571
2013-11-05 15:00:00,EB,0,1,2,1.0714,0.0000,0.0000,0.0000,0.3429,0.0030,0,0.9048,0.8571
2013-11-07 13:45:00,GC_ME,1,0,0,1.0000,-0.2000,-0.2000,-0.4500,-2.5000,0.9268,1,0.8095,0.7619
2013-11-08 15:00:00,EB,0,1,27,NaN,NaN,0.0000,0.0333,-0.0500,0.4357,0,0.7619,0.7143
2013-11-12 17:00:00,EB,0,1,23,4.2857,0.8571,0.2000,0.3000,0.0000,-0.3137,0,0.6667,0.6190
2013-11-15 13:15:00,EB,0,1,20,3.0000,-0.3000,-0.1000,0.0667,0.1250,-0.0534,0,0.5238,0.4762
2013-11-18 09:30:00,EB,0,1,17,2.3077,0.4615,0.2000,0.2000,0.3000,-0.1200,0,0.4762,0.4286
2013-11-19 09:30:00,EB,0,1,16,2.1429,0.3857,0.1800,0.1000,0.3625,-0.0587,0,0.4286,0.3810
2013-11-21 11:00:00,P,0,1,14,1.8750,0.1875,0.1000,0.1000,0.3286,0.2620,0,0.3333,0.2857
2013-11-22 09:30:00,P,0,1,13,1.7647,0.5798,0.3286,0.1667,0.2200,-0.1646,0,0.2857,0.2381
2013-11-26 13:30:00,EB,0,1,9,1.4286,-1.6286,-1.1400,-0.9167,-0.6875,0.0361,0,0.1905,0.1429
2013-11-28 09:30:00,EB,0,1,7,1.3043,0.4957,0.3800,0.3667,0.3333,0.2346,0,0.0952,0.0476
2013-11-29 09:30:00,EB,0,1,6,1.2500,0.0625,0.0500,-0.2000,-0.1833,-0.0827,0,0.0476,0.0000
2013-12-02 10:15:00,EB,0,1,3,1.1111,0.0000,0.0000,-0.1000,-0.0200,-0.0201,0,1.0000,0.9545
2013-12-05 13:45:00,GC_ME,1,0,0,1.0000,1.0875,1.0875,0.9400,1.4000,-0.3456,1,0.8636,0.8182
2013-12-06 09:30:00,EB,0,1,34,NaN,NaN,1.1429,0.9000,0.3714,-0.0698,0,0.8182,0.7727
2013-12-10 13:00:00,P,0,1,30,NaN,NaN,-0.2000,0.1000,0.0000,-0.2201,0,0.7273,0.6818
2013-12-11 12:00:00,EB,0,1,29,NaN,NaN,-0.1000,0.2000,0.2000,0.0812,0,0.6818,0.6364
2013-12-12 15:15:00,EB,0,1,28,NaN,NaN,0.1000,0.2000,0.3571,-0.2884,0,0.6364,0.5909
2013-12-13 10:45:00,EB,0,1,27,NaN,NaN,0.1000,0.1000,-0.4571,-0.0624,0,0.5909,0.5455
2013-12-13 12:15:00,EB,0,1,27,NaN,NaN,0.5000,0.3500,0.7429,0.0255,0,0.5909,0.5455
2013-12-16 15:00:00,P,0,1,24,5.0000,-0.5000,-0.1000,-0.1000,-0.2000,0.2115,0,0.5455,0.5000
2014-01-09 13:45:00,GC_ME,1,0,0,1.0000,-0.0500,-0.0500,-0.3000,-0.8625,-0.3506,0,0.7391,0.6957
2014-01-13 11:00:00,EB,0,1,24,5.0000,-0.3750,-0.0750,-0.0333,-0.2200,-0.1942,0,0.6522,0.6087
2014-01-14 15:00:00,EB,0,1,23,4.2857,3.3214,0.7750,0.6200,0.5857,-0.0274,0,0.6087,0.5652
2014-01-15 14:05:00,EB,0,1,22,3.7500,0.3750,0.1000,0.1429,0.2857,-0.0032,0,0.5652,0.5217
2014-01-22 12:30:00,EB,0,1,15,2.0000,0.4000,0.2000,0.0333,0.1800,0.0713,0,0.3478,0.3043
2014-01-31 15:30:00,EB,0,1,6,1.2500,-0.9167,-0.7333,-0.3333,0.1800,0.4482,0,0.0435,0.0000
2014-02-06 13:45:00,GC_ME,1,0,0,1.0000,2.2600,2.2600,2.7857,3.1857,0.0241,0,0.8500,0.8000
2014-02-07 11:45:00,EB,0,1,27,NaN,NaN,-0.1500,0.1000,-0.0333,0.0973,0,0.8000,0.7500
2014-02-12 12:10:00,EB,0,1,22,3.7500,-0.5625,-0.1500,-0.3400,-0.6833,-0.2951,0,0.6500,0.6000
2014-02-12 16:30:00,P,0,1,22,3.7500,-1.5000,-0.4000,-0.1000,0.2667,-0.2615,0,0.6500,0.6000
2014-02-13 11:00:00,EB,0,1,21,3.3333,-0.4444,-0.1333,0.1000,0.0000,0.0276,0,0.6000,0.5500
2014-02-13 12:20:00,EB,0,1,21,3.3333,-0.3333,-0.1000,0.1000,0.1000,-0.1138,0,0.6000,0.5500
2014-02-18 12:20:00,EB,0,1,16,2.1429,0.1786,0.0833,0.2000,0.2750,0.1259,0,0.4500,0.4000
2014-02-20 11:30:00,EB,0,1,14,1.8750,0.7500,0.4000,-0.0600,0.1000,0.0969,0,0.3500,0.3000
2014-02-26 14:00:00,EB,0,1,8,1.3636,0.2727,0.2000,-0.1000,-0.3286,-0.0032,0,0.1500,0.1000
2014-02-27 16:30:00,EB,0,1,7,1.3043,0.0870,0.0667,-0.0333,0.2400,0.4891,0,0.1000,0.0500
2014-03-03 15:00:00,P,0,1,3,1.1111,-0.1111,-0.1000,-0.2250,-0.0143,0.4289,0,1.0000,0.9524
2014-03-06 13:45:00,GC_ME,1,0,0,1.0000,3.9333,3.9333,3.3333,2.6250,-0.3196,1,0.8571,0.8095
2014-03-07 11:20:00,EB,0,1,27,NaN,NaN,0.3800,0.6111,1.2714,-0.0460,0,0.8095,0.7619
2014-03-12 14:00:00,EB,0,1,22,3.7500,0.3750,0.1000,0.1000,-0.2429,-0.1277,0,0.6667,0.6190
2014-03-20 16:00:00,EB,0,1,14,1.8750,-0.7500,-0.4000,-0.1000,-0.1667,0.0114,0,0.3810,0.3333
2014-03-24 13:00:00,EB,0,1,10,1.5000,0.0000,0.0000,-0.0333,-0.2857,0.2526,0,0.2857,0.2381
2014-03-25 17:00:00,P,0,1,9,1.4286,-0.2857,-0.2000,-0.1000,-0.6000,0.1102,0,0.2381,0.1905
2014-03-31 11:00:00,EB,0,1,3,1.1111,0.1111,0.1000,0.0000,-0.1600,-0.1535,0,0.0476,0.0000
2014-04-03 13:45:00,GC_ME,1,0,0,1.0000,2.8333,2.8333,1.4714,1.3800,0.7972,0,0.9091,0.8636
2014-04-07 11:40:00,EB,0,1,31,NaN,NaN,0.1000,-0.1000,-0.0333,-0.2310,0,0.8182,0.7727
2014-04-07 15:00:00,EB,0,1,31,NaN,NaN,-0.2333,0.0000,-0.2333,-0.1584,0,0.8182,0.7727
2014-04-09 12:15:00,EB,0,1,29,NaN,NaN,0.2667,0.2000,0.2833,-0.1353,0,0.7273,0.6818
2014-04-10 15:00:00,EB,0,1,28,NaN,NaN,0.1333,0.1000,0.0333,0.1133,0,0.6818,0.6364
2014-04-17 16:00:00,EB,0,1,21,3.3333,0.3333,0.1000,0.0000,-0.0000,0.0130,0,0.4545,0.4091
2014-04-24 11:00:00,P,0,1,14,1.8750,0.3750,0.2000,0.1000,-0.2000,-0.0056,0,0.2273,0.1818
2014-04-28 15:30:00,EB,0,1,10,1.5000,1.0800,0.7200,0.2000,0.3333,0.2259,0,0.1364,0.0909
2014-04-30 11:00:00,EB,0,1,8,1.3636,-0.1364,-0.1000,0.2250,0.4600,-0.2084,0,0.0455,0.0000
2014-05-08 13:45:00,GC_ME,1,0,0,1.0000,3.5333,3.5333,0.4000,-2.2000,0.2406,0,0.7727,0.7273
2014-05-14 09:30:00,EB,0,1,22,3.7500,-2.0625,-0.5500,-0.5167,-0.7143,-0.1720,0,0.5909,0.5455
2014-05-15 10:50:00,EB,0,1,21,3.3333,-1.0000,-0.3000,-0.0667,0.2800,0.2621,0,0.5455,0.5000
2014-05-16 11:30:00,EB,0,1,20,3.0000,0.4500,0.1500,0.1600,-0.1000,-0.3890,0,0.5000,0.4545
2014-05-19 10:00:00,EB,0,1,17,2.3077,-0.2308,-0.1000,0.1800,0.1667,-0.6214,0,0.4545,0.4091
2014-05-19 11:30:00,EB,0,1,17,2.3077,0.0000,0.0000,0.0500,0.0600,0.1373,0,0.4545,0.4091
2014-05-23 09:30:00,EB,0,1,13,1.7647,-0.3529,-0.2000,-0.1000,-0.0833,0.1004,0,0.2727,0.2273
2014-05-26 10:00:00,P,0,1,10,1.5000,-0.1500,-0.1000,-0.1000,-0.1500,0.1048,0,0.2273,0.1818
2014-05-27 15:30:00,P,0,1,9,1.4286,0.0000,0.0000,0.0333,0.2143,0.0910,0,0.1818,0.1364
2014-05-27 17:00:00,EB,0,1,9,1.4286,-0.4286,-0.3000,0.2000,0.3000,-0.0705,0,0.1818,0.1364
2014-05-28 15:00:00,EB,0,1,8,1.3636,-0.1364,-0.1000,-0.0000,0.0000,-0.0413,0,0.1364,0.0909
2014-06-02 12:30:00,EB,0,1,3,1.1111,0.0370,0.0333,0.1000,-0.1000,0.0129,0,1.0000,0.9524
2014-06-04 15:00:00,EB,0,1,1,1.0345,-0.1552,-0.1500,0.0000,-0.2000,0.1029,0,0.9048,0.8571
2014-06-05 13:45:00,GC_ME,1,0,0,1.0000,-4.2333,-4.2333,-2.4667,0.4500,0.7614,1,0.8571,0.8095
2014-06-10 13:15:00,EB,0,1,23,4.2857,-3.4286,-0.8000,-0.3750,-0.2400,-0.1325,0,0.7143,0.6667
2014-06-11 10:15:00,EB,0,1,22,3.7500,-1.1250,-0.3000,-0.4000,-0.3000,-0.0003,0,0.6667,0.6190
2014-06-11 11:00:00,P,0,1,22,3.7500,-0.0000,-0.0000,-0.3400,-0.4000,-0.2166,0,0.6667,0.6190
2014-06-20 10:15:00,EB,0,1,13,1.7647,0.3529,0.2000,0.2000,0.4000,0.1816,0,0.3333,0.2857
2014-06-23 14:00:00,EB,0,1,10,1.5000,-0.4500,-0.3000,-0.1333,0.1000,-0.0501,0,0.2857,0.2381
2014-06-24 15:50:00,EB,0,1,9,1.4286,0.1429,0.1000,0.1000,0.0333,0.2315,0,0.2381,0.1905
2014-07-03 13:45:00,GC_ME,1,0,0,1.0000,-0.2000,-0.2000,-0.4500,-0.5000,0.4825,1,0.9130,0.8696
2014-07-23 13:30:00,EB,0,1,15,2.0000,0.0000,0.0000,0.4000,-0.1000,-0.0219,0,0.3043,0.2609
2014-08-07 13:45:00,GC_ME,1,0,0,1.0000,0.0500,0.0500,0.1500,0.2333,0.0184,0,0.8095,0.7619
2014-09-02 11:15:00,EB,0,1,2,1.0714,-0.1071,-0.1000,-0.0667,-0.6667,-0.0663,0,0.9545,0.9091
2014-09-03 11:30:00,EB,0,1,1,1.0345,-0.1034,-0.1000,-0.2000,0.2000,-0.0902,0,0.9091,0.8636
2014-09-04 13:45:00,GC_ME,1,0,0,1.0000,-5.4667,-5.4667,-5.3667,-4.4000,0.9993,1,0.8636,0.8182
2014-09-08 12:15:00,EB,0,1,24,5.0000,-0.5000,-0.1000,0.2000,0.0000,-0.1406,0,0.7727,0.7273
2014-09-08 15:30:00,EB,0,1,24,5.0000,0.5000,0.1000,-0.1000,-0.1000,0.1674,0,0.7727,0.7273
2014-09-10 17:00:00,EB,0,1,22,3.7500,NaN,NaN,NaN,-0.2000,0.0935,0,0.6818,0.6364
2014-09-17 11:00:00,EB,0,1,15,2.0000,0.0000,0.0000,-0.1000,0.1000,-0.0077,0,0.4545,0.4091
2014-09-22 12:30:00,EB,0,1,10,1.5000,0.0000,0.0000,0.1000,-0.1000,0.1362,0,0.3182,0.2727
2014-09-22 15:00:00,P,0,1,10,1.5000,0.0000,0.0000,0.0000,0.0667,0.0429,0,0.3182,0.2727
2014-09-26 12:15:00,EB,0,1,6,1.2500,0.0000,0.0000,0.0000,-0.2000,0.0165,0,0.1364,0.0909
2014-09-26 17:00:00,EB,0,1,6,1.2500,NaN,NaN,NaN,NaN,0.1434,0,0.1364,0.0909
2014-09-30 09:45:00,EB,0,1,2,1.0714,-0.1071,-0.1000,0.0500,0.0333,-0.1079,0,0.0455,0.0000
2014-10-02 13:45:00,GC_ME,1,0,0,1.0000,0.5000,0.5000,0.0000,0.2000,-1.5983,1,0.9565,0.9130
2014-10-09 17:00:00,P,0,1,28,NaN,NaN,NaN,0.0000,0.0000,0.2181,0,0.7391,0.6957
2014-10-10 16:00:00,P,0,1,27,NaN,NaN,NaN,0.0000,0.0000,-0.6214,0,0.6957,0.6522
2014-10-13 14:00:00,EB,0,1,24,5.0000,0.0000,0.0000,0.2000,-0.0500,0.2258,0,0.6522,0.6087
2014-10-17 09:45:00,EB,0,1,20,3.0000,0.0000,0.0000,0.1000,-0.1400,0.9970,0,0.4783,0.4348
2014-10-17 10:00:00,EB,0,1,20,3.0000,0.0000,0.0000,0.1500,0.3400,0.4166,0,0.4783,0.4348
2014-10-20 13:50:00,EB,0,1,17,2.3077,0.0000,0.0000,-2.7000,-0.1667,0.0762,0,0.4348,0.3913
2014-10-22 15:40:00,EB,0,1,15,2.0000,0.0000,0.0000,0.0000,-0.1667,0.2104,0,0.3478,0.3043
2014-10-24 16:30:00,P,0,1,13,1.7647,NaN,NaN,-0.6000,-0.1000,0.0950,0,0.2609,0.2174
2014-11-03 13:00:00,EB,0,1,3,1.1111,-0.3333,-0.3000,-0.3000,0.1333,-0.0520,0,1.0000,0.9500
2014-11-06 13:45:00,GC_ME,1,0,0,1.0000,0.4000,0.4000,-0.0667,-0.3000,1.2007,0,0.8500,0.8000
2014-11-07 16:15:00,EB,0,1,27,NaN,NaN,0.2000,-0.4000,0.4333,0.5567,0,0.8000,0.7500
2014-11-12 15:00:00,P,0,1,22,3.7500,-5.2500,-1.4000,-0.8000,-0.1000,-0.0282,0,0.6500,0.6000
2014-11-13 14:15:00,EB,0,1,21,3.3333,0.0000,0.0000,-0.3000,-0.2000,-0.2929,0,0.6000,0.5500
2014-11-17 10:00:00,EB,0,1,17,2.3077,0.2308,0.1000,-0.1000,0.2000,-0.4502,0,0.5000,0.4500
2014-11-17 14:30:00,EB,0,1,17,2.3077,-0.4615,-0.2000,-0.4333,-0.0125,-0.2056,0,0.5000,0.4500
2014-11-17 15:45:00,EB,0,1,17,2.3077,-0.4615,-0.2000,-0.1000,-0.0500,0.9682,0,0.5000,0.4500
2014-11-17 17:00:00,P,0,1,17,2.3077,NaN,NaN,-0.1000,NaN,0.0483,0,0.5000,0.4500
2014-11-18 09:30:00,EB,0,1,16,2.1429,-1.0000,-0.4667,0.0000,-0.1333,0.2353,0,0.4500,0.4000
2014-11-19 10:00:00,EB,0,1,15,2.0000,0.1400,0.0700,-0.0250,0.0667,0.5210,0,0.4000,0.3500
2014-11-20 15:30:00,EB,0,1,14,1.8750,0.0000,0.0000,-0.9000,0.0400,0.3357,0,0.3500,0.3000
2014-11-20 16:30:00,EB,0,1,14,1.8750,-0.2344,-0.1250,-0.1000,0.1000,0.3005,0,0.3500,0.3000
2014-11-20 16:30:00,P,0,1,14,1.8750,-0.2344,-0.1250,-0.1000,0.1000,0.3005,0,0.3500,0.3000
2014-11-24 11:00:00,EB,0,1,10,1.5000,0.7500,0.5000,0.1000,0.0000,0.0983,0,0.2500,0.2000
2014-11-26 10:10:00,EB,0,1,8,1.3636,-0.3545,-0.2600,-0.0875,-0.3200,0.1804,0,0.1500,0.1000
2014-11-27 12:30:00,P,0,1,7,1.3043,-0.2609,-0.2000,-0.3000,-0.1250,0.0862,0,0.1000,0.0500
2014-11-27 15:30:00,P,0,1,7,1.3043,-0.6522,-0.5000,-1.6000,-0.3000,0.0080,0,0.1000,0.0500
2014-12-04 13:45:00,GC_ME,1,0,0,1.0000,0.1333,0.1333,0.3000,0.7833,-1.6187,1,0.8696,0.8261
2014-12-10 16:00:00,EB,0,1,43,NaN,NaN,-0.6000,-0.2000,0.1000,-0.8390,0,0.6957,0.6522
2015-01-22 13:45:00,GC_ME,1,0,0,1.0000,-0.1450,-0.1450,-0.3433,-1.4517,0.4856,1,0.3182,0.2727
2015-01-29 10:10:00,EB,0,1,35,NaN,NaN,1.6000,0.0700,0.0400,0.2601,0,0.0909,0.0455
2015-02-05 12:30:00,EB,0,1,28,NaN,NaN,-0.4000,0.0333,0.1233,0.1075,0,0.8500,0.8000
2015-02-12 10:05:00,EB,0,1,21,3.3333,-0.6833,-0.2050,0.0017,-0.1483,0.5855,0,0.6000,0.5500
2015-02-24 15:00:00,P,0,1,9,1.4286,0.9929,0.6950,-0.2650,-0.0150,0.0403,0,0.2000,0.1500
2015-03-05 13:45:00,GC_ME,1,0,0,1.0000,-0.7000,-0.7000,-1.2000,-0.1000,-0.0659,0,0.8636,0.8182
2015-03-11 09:30:00,EB,0,1,35,NaN,NaN,0.0000,0.0000,-0.0333,0.5224,0,0.6818,0.6364
2015-03-17 11:00:00,P,0,1,29,NaN,NaN,0.0000,-0.4000,-0.3400,-0.3879,0,0.5000,0.4545
2015-03-17 11:45:00,EB,0,1,29,NaN,NaN,0.0000,-0.0600,0.0550,-0.6123,0,0.5000,0.4545
2015-03-18 10:45:00,EB,0,1,28,NaN,NaN,-0.3000,-0.4500,-0.2940,-0.2816,0,0.4545,0.4091
2015-03-18 11:00:00,P,0,1,28,NaN,NaN,-0.3000,-0.3000,-0.1613,-0.4943,0,0.4545,0.4091
2015-03-23 11:00:00,EB,0,1,23,4.2857,0.0214,0.0050,0.0700,0.2200,-0.0538,0,0.3182,0.2727
2015-03-25 12:25:00,EB,0,1,21,3.3333,-6.1833,-1.8550,-0.2400,-0.2450,-0.0208,0,0.2273,0.1818
2015-03-26 14:15:00,P,0,1,20,3.0000,-0.9000,-0.3000,-0.5575,-0.0250,-0.0426,0,0.1818,0.1364
2015-04-15 13:45:00,GC_ME,1,0,0,1.0000,0.1000,0.1000,-0.7188,0.2475,0.1495,0,0.5455,0.5000
2015-04-16 15:00:00,EB,0,1,48,NaN,NaN,-0.2050,-0.1087,-0.2740,0.3260,0,0.5000,0.4545
2015-04-20 15:00:00,EB,0,1,44,NaN,NaN,-0.9200,-0.6750,-0.0900,0.2616,0,0.4091,0.3636
2015-04-23 09:45:00,EB,0,1,41,NaN,NaN,-0.1000,0.1183,-0.0075,-0.8526,0,0.2727,0.2273
2015-04-24 11:30:00,P,0,1,40,NaN,NaN,0.0000,0.0200,0.0100,-0.5186,0,0.2273,0.1818
2015-04-27 14:00:00,EB,0,1,37,NaN,NaN,0.0000,-0.0050,0.0100,0.2610,0,0.1818,0.1364
2015-05-08 14:30:00,EB,0,1,26,NaN,NaN,-0.0050,-0.0150,-0.1470,0.7179,0,0.7619,0.7143
2015-05-14 17:00:00,P,0,1,20,3.0000,3.0000,1.0000,-0.1000,-0.0483,0.1657,0,0.5714,0.5238
2015-05-19 10:30:00,EB,0,1,15,2.0000,-0.0300,-0.0150,0.3212,0.0150,-0.2624,0,0.4286,0.3810
2015-05-22 10:00:00,P,0,1,12,1.6667,-0.1889,-0.1133,-0.2000,0.0250,-0.0698,0,0.2857,0.2381
2015-06-03 13:45:00,GC_ME,1,0,0,1.0000,0.0050,0.0050,-0.0117,0.4850,-0.3192,1,0.9091,0.8636
2015-06-08 10:00:00,EB,0,1,38,NaN,NaN,-0.0100,0.0100,0.1580,0.1829,0,0.7727,0.7273
2015-06-08 16:00:00,EB,0,1,38,NaN,NaN,0.0000,0.0200,0.0150,0.2907,0,0.7727,0.7273
2015-06-15 11:45:00,EB,0,1,31,NaN,NaN,0.2000,0.0700,0.0925,-0.3541,0,0.5455,0.5000
2015-06-15 15:00:00,P,0,1,31,NaN,NaN,0.1000,-0.1250,0.0125,0.1204,0,0.5455,0.5000
2015-06-16 16:30:00,EB,0,1,30,NaN,NaN,NaN,-0.2000,0.0500,0.6691,0,0.5000,0.4545
2015-06-24 16:00:00,EB,0,1,22,3.7500,NaN,NaN,0.0100,0.0700,0.0373,0,0.2273,0.1818
2015-07-14 16:45:00,EB,0,1,2,1.0714,NaN,NaN,NaN,-0.0600,0.1665,0,0.6087,0.5652
2015-07-16 13:45:00,GC_ME,1,0,0,1.0000,0.0000,0.0000,-0.1000,0.0000,0.0554,1,0.5217,0.4783
2015-08-25 12:40:00,EB,0,1,9,1.4286,0.0071,0.0050,0.0050,-0.1758,-0.1055,0,0.2381,0.1905
2015-08-26 12:40:00,EB,0,1,8,1.3636,-0.0068,-0.0050,0.2000,-0.0650,0.9358,0,0.1905,0.1429
2015-08-27 13:15:00,EB,0,1,7,1.3043,0.2609,0.2000,0.0350,0.2100,-0.1561,0,0.1429,0.0952
2015-09-03 13:45:00,GC_ME,1,0,0,1.0000,-0.1000,-0.1000,0.0000,-0.2850,0.9682,1,0.9091,0.8636
2015-09-10 10:30:00,EB,0,1,42,NaN,NaN,0.0100,-0.0200,0.0600,-0.1401,0,0.6818,0.6364
2015-09-10 13:30:00,EB,0,1,42,NaN,NaN,0.0000,0.0050,0.0500,-0.6176,0,0.6818,0.6364
2015-09-10 13:40:00,EB,0,1,42,NaN,NaN,0.0000,0.0100,0.0050,-0.3203,0,0.6818,0.6364
2015-09-18 12:30:00,EB,0,1,34,NaN,NaN,0.0000,-0.0800,-0.2238,-0.3262,0,0.4091,0.3636
2015-09-21 14:45:00,EB,0,1,31,NaN,NaN,0.0000,-0.0150,-0.0450,-0.2424,0,0.3636,0.3182
2015-09-23 13:30:00,EB,0,1,29,NaN,NaN,0.0000,-0.0450,-0.0600,-0.2213,0,0.2727,0.2273
2015-09-23 15:00:00,P,0,1,29,NaN,NaN,0.0000,0.1950,0.2500,-0.2236,0,0.2727,0.2273
2015-09-28 10:00:00,EB,0,1,24,5.0000,0.5000,0.1000,0.0200,0.0940,-0.7468,0,0.1364,0.0909
2015-10-01 09:30:00,EB,0,1,21,3.3333,0.2833,0.0850,0.1175,-0.0333,0.0757,0,1.0000,0.9545
2015-10-02 16:00:00,EB,0,1,20,3.0000,0.2100,0.0700,0.0167,0.2310,0.9997,0,0.9545,0.9091
2015-10-08 13:15:00,EB,0,1,14,1.8750,-0.0281,-0.0150,-0.0200,-0.0250,0.1432,0,0.7727,0.7273
2015-10-16 13:30:00,EB,0,1,6,1.2500,0.0000,0.0000,0.0100,0.1150,0.0464,0,0.5000,0.4545
2015-10-20 09:30:00,EB,0,1,2,1.0714,0.0161,0.0150,0.0150,0.0400,-0.7199,0,0.4091,0.3636
2015-10-22 13:45:00,GC_ME,1,0,0,1.0000,0.0000,0.0000,-1.1225,-3.3100,2.0272,1,0.3182,0.2727
2015-10-26 11:45:00,EB,0,1,38,NaN,NaN,0.0000,0.0950,0.1050,-0.0840,0,0.2273,0.1818
2015-10-28 10:15:00,EB,0,1,36,NaN,NaN,0.0000,0.0500,0.1425,-0.0217,0,0.1364,0.0909
2015-10-28 15:45:00,EB,0,1,36,NaN,NaN,0.0000,0.1425,0.4150,0.4675,0,0.1364,0.0909
2015-10-29 16:00:00,EB,0,1,35,NaN,NaN,0.0000,-0.0200,-0.1400,0.1843,0,0.0909,0.0455
2015-11-02 09:50:00,EB,0,1,31,NaN,NaN,0.2000,0.0333,0.2975,0.5366,0,1.0000,0.9524
2015-11-02 12:10:00,EB,0,1,31,NaN,NaN,0.0000,-0.1717,-0.0270,0.2149,0,1.0000,0.9524
2015-11-04 12:00:00,P,0,1,29,NaN,NaN,0.0000,-0.0150,-0.0817,-0.0245,0,0.9048,0.8571
2015-11-04 16:20:00,EB,0,1,29,NaN,NaN,NaN,0.2283,0.4280,-0.0513,0,0.9048,0.8571
2015-11-05 11:45:00,P,0,1,28,NaN,NaN,0.0000,0.0100,0.0340,-0.0274,0,0.8571,0.8095
2015-11-05 12:15:00,EB,0,1,28,NaN,NaN,0.0000,-0.0163,-0.0338,0.0583,0,0.8571,0.8095
2015-11-06 09:45:00,EB,0,1,27,NaN,NaN,-0.0100,-0.0850,-0.1467,-0.1009,0,0.8095,0.7619
2015-11-06 11:00:00,EB,0,1,27,NaN,NaN,0.2000,-0.1275,-0.2000,-0.1548,0,0.8095,0.7619
2015-11-09 16:15:00,EB,0,1,24,5.0000,-0.0250,-0.0050,0.0600,-0.0125,-0.3798,0,0.7619,0.7143
2015-11-10 12:15:00,EB,0,1,23,4.2857,0.1286,0.0300,0.1550,0.0537,0.3362,0,0.7143,0.6667
2015-11-11 14:15:00,P,0,1,22,3.7500,-0.3750,-0.1000,-0.4640,-0.5056,-0.1574,0,0.6667,0.6190
2015-11-11 14:30:00,EB,0,1,22,3.7500,-0.2125,-0.0567,-0.1290,-0.0600,-0.1650,0,0.6667,0.6190
2015-11-11 17:00:00,EB,0,1,22,3.7500,1.1250,0.3000,-0.1000,0.0460,0.3553,0,0.6667,0.6190
2015-11-12 09:30:00,P,0,1,21,3.3333,-1.3208,-0.3962,-0.8542,-0.7314,0.3438,0,0.6190,0.5714
2015-11-13 10:00:00,EB,0,1,20,3.0000,0.0150,0.0050,0.0800,0.1380,-0.2740,0,0.5714,0.5238
2015-11-16 10:30:00,EB,0,1,17,2.3077,0.0115,0.0050,0.1442,0.7420,0.0635,0,0.5238,0.4762
2015-11-16 11:15:00,P,0,1,17,2.3077,0.0577,0.0250,0.0675,-0.0088,-0.0978,0,0.5238,0.4762
2015-11-16 17:00:00,EB,0,1,17,2.3077,0.0923,0.0400,0.0150,-0.0775,-0.0505,0,0.5238,0.4762
2015-11-17 10:00:00,EB,0,1,16,2.1429,0.1982,0.0925,0.1890,0.3483,0.3183,0,0.4762,0.4286
2015-11-19 09:30:00,EB,0,1,14,1.8750,-0.0094,-0.0050,0.0850,0.3240,-0.0346,0,0.3810,0.3333
2015-11-20 11:00:00,EB,0,1,13,1.7647,0.0441,0.0250,0.0850,0.0938,-0.0890,0,0.3333,0.2857
2015-11-20 14:00:00,EB,0,1,13,1.7647,-0.0088,-0.0050,0.0250,-0.1200,0.0738,0,0.3333,0.2857
2015-11-23 16:30:00,EB,0,1,10,1.5000,-0.2825,-0.1883,-0.2425,-0.3075,0.2843,0,0.2857,0.2381
2015-11-24 14:00:00,EB,0,1,9,1.4286,0.3286,0.2300,0.3800,0.6675,-0.4196,0,0.2381,0.1905
2015-12-03 13:45:00,GC_ME,1,0,0,1.0000,4.7667,4.7667,6.7540,10.1000,-3.5802,1,0.9130,0.8696
2015-12-03 16:00:00,EB,0,1,49,NaN,NaN,-0.0100,0.0183,1.0236,-0.6842,0,0.9130,0.8696
2015-12-10 12:30:00,EB,0,1,42,NaN,NaN,0.0000,0.0375,-0.1667,-0.4604,0,0.6957,0.6522
2015-12-11 12:30:00,EB,0,1,41,NaN,NaN,0.0000,-0.0300,-0.3170,0.1061,0,0.6522,0.6087
2015-12-14 12:00:00,P,0,1,38,NaN,NaN,0.1000,0.1833,-0.1275,-1.1118,0,0.6087,0.5652
2016-01-12 11:30:00,EB,0,1,9,1.4286,0.0714,0.0500,-0.0350,-0.0175,0.5919,0,0.6667,0.6190
2016-01-13 12:00:00,EB,0,1,8,1.3636,0.0409,0.0300,0.0850,0.0600,-0.3456,0,0.6190,0.5714
2016-01-15 15:10:00,EB,0,1,6,1.2500,-0.1750,-0.1400,-0.0300,0.4062,-0.2554,0,0.5238,0.4762
2016-01-21 13:45:00,GC_ME,1,0,0,1.0000,0.7000,0.7000,-1.5250,-3.7030,0.4015,0,0.3333,0.2857
2016-01-22 13:00:00,EB,0,1,48,NaN,NaN,-0.0300,0.0512,-0.2850,0.3185,0,0.2857,0.2381
2016-01-27 12:00:00,EB,0,1,43,NaN,NaN,0.0000,-0.0100,-0.0100,-0.2417,0,0.1429,0.0952
2016-01-27 14:00:00,EB,0,1,43,NaN,NaN,0.0000,0.5200,0.6400,0.2998,0,0.1429,0.0952
2016-02-01 10:15:00,EB,0,1,38,NaN,NaN,0.0000,0.0050,0.0133,-0.6658,0,1.0000,0.9524
2016-02-01 17:00:00,P,0,1,38,NaN,NaN,NaN,0.2250,-0.1950,0.2422,0,1.0000,0.9524
2016-02-04 13:00:00,EB,0,1,35,NaN,NaN,0.0000,-0.0800,-0.0290,-0.2946,0,0.8571,0.8095
2016-02-10 15:00:00,EB,0,1,29,NaN,NaN,0.0000,-0.0300,-0.1858,-0.4766,0,0.6667,0.6190
2016-02-15 15:00:00,P,0,1,24,5.0000,0.0250,0.0050,0.0100,-0.5540,-0.2824,0,0.5238,0.4762
2016-03-01 15:05:00,EB,0,1,9,1.4286,0.0857,0.0600,0.0200,0.0000,-0.1077,0,1.0000,0.9565
2016-03-02 09:30:00,EB,0,1,8,1.3636,0.0068,0.0050,-0.0867,0.5393,0.3143,0,0.9565,0.9130
2016-03-10 13:45:00,GC_ME,1,0,0,1.0000,2.5550,2.5550,2.8230,5.9917,0.6910,0,0.6957,0.6522
2016-03-21 10:30:00,EB,0,1,31,NaN,NaN,0.0000,0.0400,0.0400,0.2994,0,0.3913,0.3478
2016-03-22 17:00:00,EB,0,1,30,NaN,NaN,0.0000,0.0000,0.0100,0.6933,0,0.3478,0.3043
2016-03-23 10:30:00,EB,0,1,29,NaN,NaN,0.0150,0.0900,-0.0200,-0.0616,0,0.3043,0.2609
2016-04-04 10:30:00,EB,0,1,17,2.3077,-0.4615,-0.2000,-1.0000,-0.0350,0.3061,0,0.9524,0.9048
2016-04-07 16:00:00,P,0,1,14,1.8750,0.0000,0.0000,0.0000,-0.0333,-0.4773,0,0.8095,0.7619
2016-04-15 16:30:00,P,0,1,6,1.2500,0.0125,0.0100,0.0150,0.0150,0.1889,0,0.5238,0.4762
2016-04-20 12:00:00,P,0,1,1,1.0345,0.0000,0.0000,0.0000,0.0900,0.2960,0,0.3810,0.3333
2016-04-21 13:45:00,GC_ME,1,0,0,1.0000,0.0350,0.0350,0.0250,0.2267,-0.2484,1,0.3333,0.2857
2016-04-25 12:30:00,EB,0,1,38,NaN,NaN,0.0000,0.0150,0.1050,0.0481,0,0.2381,0.1905
2016-04-25 14:15:00,EB,0,1,38,NaN,NaN,0.0000,0.0000,-0.0700,-0.0250,0,0.2381,0.1905
2016-04-25 15:45:00,EB,0,1,38,NaN,NaN,0.0000,0.0000,0.0100,-0.3226,0,0.2381,0.1905
2016-05-02 16:00:00,P,0,1,31,NaN,NaN,0.0000,-0.0100,0.0200,0.0722,0,1.0000,0.9545
2016-05-03 11:00:00,EB,0,1,30,NaN,NaN,0.0000,-0.0350,-0.1200,-0.2634,0,0.9545,0.9091
2016-05-09 11:10:00,EB,0,1,24,5.0000,0.0000,0.0000,0.1000,-0.0733,0.1816,0,0.7727,0.7273
2016-05-11 10:45:00,EB,0,1,22,3.7500,0.0750,0.0200,0.0600,0.0200,0.0034,0,0.6818,0.6364
2016-05-17 09:45:00,EB,0,1,16,2.1429,0.0000,0.0000,-0.0700,0.0950,-0.2318,0,0.5000,0.4545
2016-05-20 15:00:00,EB,0,1,13,1.7647,0.0000,0.0000,0.0000,0.0450,0.1282,0,0.3636,0.3182
2016-05-25 12:30:00,EB,0,1,8,1.3636,0.0000,0.0000,0.0000,0.2000,0.0790,0,0.2273,0.1818
2016-05-25 12:30:00,EB,0,1,8,1.3636,0.0000,0.0000,0.0000,0.2000,0.0790,0,0.2273,0.1818
2016-06-02 13:45:00,GC_ME,1,0,0,1.0000,-0.0200,-0.0200,-0.0300,-0.1900,-0.4507,0,0.9545,0.9091
2016-06-02 16:00:00,P,0,1,49,NaN,NaN,0.0000,-0.0050,0.0700,-0.0758,0,0.9545,0.9091
2016-06-06 10:00:00,EB,0,1,45,NaN,NaN,-0.1475,0.0000,-0.0850,-0.3756,0,0.8636,0.8182
2016-06-06 15:45:00,EB,0,1,45,NaN,NaN,0.0000,-0.0050,-0.0150,0.1792,0,0.8636,0.8182
2016-06-07 16:15:00,EB,0,1,44,NaN,NaN,0.0000,0.0000,-0.1275,0.0928,0,0.8182,0.7727
2016-06-15 16:30:00,EB,0,1,36,NaN,NaN,NaN,-0.0150,-0.0567,-0.0457,0,0.5455,0.5000
2016-06-17 13:45:00,EB,0,1,34,NaN,NaN,0.0000,0.0000,0.0200,0.4907,0,0.4545,0.4091
2016-06-20 15:00:00,EB,0,1,31,NaN,NaN,0.1000,-0.0050,0.1100,-0.2565,0,0.4091,0.3636
2016-06-21 14:30:00,EB,0,1,30,NaN,NaN,0.0000,0.1200,-0.1000,-0.0357,0,0.3636,0.3182
2016-06-21 15:00:00,P,0,1,30,NaN,NaN,0.0000,-0.5000,-0.3750,0.0828,0,0.3636,0.3182
2016-06-23 13:15:00,EB,0,1,28,NaN,NaN,0.0000,-0.0950,-0.0050,-0.2959,0,0.2727,0.2273
2016-06-28 10:00:00,P,0,1,23,4.2857,-0.4286,-0.1000,0.4475,0.3862,0.0127,0,0.1364,0.0909
2016-06-29 15:30:00,EB,0,1,22,3.7500,0.0000,0.0000,0.1950,0.1867,0.0400,0,0.0909,0.0455
2016-07-01 12:00:00,EB,0,1,20,3.0000,0.0150,0.0050,0.0200,0.2060,0.2062,0,1.0000,0.9524
2016-07-05 14:05:00,EB,0,1,16,2.1429,0.0000,0.0000,-0.1050,-0.0800,0.2675,0,0.9048,0.8571
2016-07-07 12:00:00,EB,0,1,14,1.8750,0.0375,0.0200,0.0300,-0.0350,0.1292,0,0.8095,0.7619
2016-07-21 13:45:00,GC_ME,1,0,0,1.0000,0.0000,0.0000,0.0000,-0.1313,0.2689,1,0.3333,0.2857
2016-09-08 13:45:00,GC_ME,1,0,0,1.0000,1.0150,1.0150,0.6567,1.3792,-0.7043,1,0.7727,0.7273
2016-09-13 11:00:00,P,0,1,37,NaN,NaN,-0.2000,-0.1000,0.0050,0.0057,0,0.6364,0.5909
2016-09-22 15:00:00,P,0,1,28,NaN,NaN,0.0000,-0.1550,-0.1263,0.1772,0,0.3182,0.2727
2016-09-26 10:00:00,EB,0,1,24,5.0000,0.5000,0.1000,0.0650,0.1237,-0.0211,0,0.2273,0.1818
2016-09-26 14:30:00,EB,0,1,24,5.0000,0.0000,0.0000,-0.2000,-0.3433,-0.0127,0,0.2273,0.1818
2016-09-26 16:00:00,P,0,1,24,5.0000,0.0000,0.0000,0.0100,-0.0300,0.2076,0,0.2273,0.1818
2016-09-28 10:00:00,P,0,1,22,3.7500,0.0187,0.0050,-0.0050,0.0750,0.1013,0,0.1364,0.0909
2016-09-28 17:00:00,P,0,1,22,3.7500,0.0000,0.0000,0.0000,0.0750,-0.1559,0,0.1364,0.0909
2016-09-29 11:00:00,EB,0,1,21,3.3333,-0.6667,-0.2000,-0.0100,0.0600,-0.1601,0,0.0909,0.0455
2016-09-29 16:00:00,EB,0,1,21,3.3333,0.0000,0.0000,0.0100,-0.0100,-0.5256,0,0.0909,0.0455
2016-10-04 12:50:00,EB,0,1,16,2.1429,-0.0536,-0.0250,-0.0750,-0.2950,0.1472,0,0.9524,0.9048
2016-10-06 15:15:00,EB,0,1,14,1.8750,0.0375,0.0200,-0.0733,0.0400,0.0964,0,0.8571,0.8095
2016-10-07 13:15:00,P,0,1,13,1.7647,0.0971,0.0550,0.0850,0.0817,0.1320,0,0.8095,0.7619
2016-10-07 15:00:00,EB,0,1,13,1.7647,0.0176,0.0100,0.0000,-0.2400,-0.2042,0,0.8095,0.7619
2016-10-12 11:15:00,EB,0,1,8,1.3636,0.0000,0.0000,-0.1300,-0.2375,-0.1341,0,0.6667,0.6190
2016-10-17 11:45:00,EB,0,1,3,1.1111,-0.0833,-0.0750,-0.0050,-0.2462,0.1677,0,0.5238,0.4762
2016-10-20 13:45:00,GC_ME,1,0,0,1.0000,-0.0500,-0.0500,0.1100,-0.1975,0.0989,1,0.3810,0.3333
2016-10-28 09:30:00,EB,0,1,41,NaN,NaN,-0.1000,-0.0300,-0.1680,0.0779,0,0.0952,0.0476
2016-11-07 10:15:00,EB,0,1,31,NaN,NaN,0.0000,0.0950,0.0350,0.1700,0,0.8182,0.7727
2016-11-09 09:30:00,EB,0,1,29,NaN,NaN,-1.4000,-0.0050,-0.0567,0.3163,0,0.7273,0.6818
2016-11-10 15:30:00,EB,0,1,28,NaN,NaN,0.0000,0.0050,-0.2200,-0.3336,0,0.6818,0.6364
2016-11-10 15:50:00,EB,0,1,28,NaN,NaN,0.0000,0.0567,-0.3960,-0.8044,0,0.6818,0.6364
2016-11-14 11:00:00,EB,0,1,24,5.0000,0.0500,0.0100,0.0813,0.2925,-0.1321,0,0.5909,0.5455
2016-11-14 16:00:00,P,0,1,24,5.0000,0.0000,0.0000,-0.1000,-0.1000,0.1963,0,0.5909,0.5455
2016-11-15 09:30:00,EB,0,1,23,4.2857,0.0000,0.0000,0.0300,0.0887,-0.2637,0,0.5455,0.5000
2016-11-16 09:30:00,EB,0,1,22,3.7500,-0.0562,-0.0150,-0.0800,-0.0500,-0.0872,0,0.5000,0.4545
2016-11-28 13:15:00,EB,0,1,10,1.5000,0.1500,0.1000,0.1650,0.1850,0.2080,0,0.1364,0.0909
2016-11-28 15:00:00,P,0,1,10,1.5000,-0.0300,-0.0200,-0.0200,0.0600,-0.0786,0,0.1364,0.0909
2016-11-30 13:30:00,P,0,1,8,1.3636,-0.0205,-0.0150,-0.1275,-0.2783,-0.0995,0,0.0455,0.0000
2016-12-06 15:15:00,EB,0,1,2,1.0714,-0.0107,-0.0100,0.0150,0.1000,0.1278,0,0.8636,0.8182
2016-12-08 13:45:00,GC_ME,1,0,0,1.0000,0.1000,0.1000,0.0850,-0.0825,0.7640,0,0.7727,0.7273
2016-12-09 16:15:00,EB,0,1,41,NaN,NaN,-0.0050,-0.1300,-0.1480,0.2695,0,0.7273,0.6818
2016-12-16 13:15:00,EB,0,1,34,NaN,NaN,0.0000,-0.0100,-0.0550,-0.2551,0,0.5000,0.4545
2017-01-06 12:15:00,EB,0,1,13,1.7647,0.0000,0.0000,0.0000,-0.0100,0.0953,0,0.8182,0.7727
2017-01-16 13:30:00,EB,0,1,3,1.1111,0.0611,0.0550,0.1100,0.0650,0.0121,0,0.5455,0.5000
2017-01-16 16:30:00,EB,0,1,3,1.1111,-0.1000,-0.0900,-0.0200,-0.0250,0.0591,0,0.5455,0.5000
2017-01-19 13:45:00,GC_ME,1,0,0,1.0000,-0.0550,-0.0550,-0.0750,-0.0550,0.3546,1,0.4091,0.3636
2017-01-20 11:45:00,EB,0,1,48,NaN,NaN,-0.0333,0.0400,0.1725,0.2568,0,0.3636,0.3182
2017-01-20 15:15:00,EB,0,1,48,NaN,NaN,0.0000,0.0400,0.2533,0.1776,0,0.3636,0.3182
2017-01-23 12:30:00,P,0,1,45,NaN,NaN,-0.1050,-0.1800,-0.1288,0.1071,0,0.3182,0.2727
2017-01-23 14:15:00,EB,0,1,45,NaN,NaN,0.0050,0.0100,-0.0250,-0.1464,0,0.3182,0.2727
2017-01-24 16:15:00,EB,0,1,44,NaN,NaN,0.0000,0.0050,0.2925,-0.0299,0,0.2727,0.2273
2017-01-26 12:00:00,EB,0,1,42,NaN,NaN,0.0000,-0.0100,-0.0250,-0.1493,0,0.1818,0.1364
2017-01-31 13:15:00,EB,0,1,37,NaN,NaN,0.0000,-0.0100,-0.2050,-0.0312,0,0.0455,0.0000
2017-01-31 15:30:00,EB,0,1,37,NaN,NaN,0.0000,-0.0717,-0.3375,-0.6326,0,0.0455,0.0000
2017-02-02 13:15:00,P,0,1,35,NaN,NaN,0.0000,0.0300,0.1700,0.1195,0,0.9500,0.9000
2017-02-03 13:45:00,EB,0,1,34,NaN,NaN,0.0000,-0.0300,0.1000,0.0861,0,0.9000,0.8500
2017-02-06 15:00:00,P,0,1,31,NaN,NaN,0.0000,0.4100,0.3887,0.0607,0,0.8500,0.8000
2017-02-10 10:50:00,EB,0,1,27,NaN,NaN,0.0000,0.1000,0.1333,-0.0049,0,0.6500,0.6000
2017-02-16 15:00:00,EB,0,1,21,3.3333,0.0167,0.0050,0.0150,0.0400,0.0429,0,0.4500,0.4000
2017-02-23 09:55:00,EB,0,1,14,1.8750,-0.1125,-0.0600,-0.0400,-0.1250,0.1053,0,0.2000,0.1500
2017-02-23 12:00:00,EB,0,1,14,1.8750,0.0656,0.0350,0.0500,0.0200,-0.0849,0,0.2000,0.1500
2017-03-09 13:45:00,GC_ME,1,0,0,1.0000,-0.0700,-0.0700,-0.0200,0.4450,0.3935,1,0.7391,0.6957
2017-03-13 13:45:00,EB,0,1,45,NaN,NaN,0.0200,0.0300,0.0667,0.0688,0,0.6522,0.6087
2017-03-13 14:30:00,P,0,1,45,NaN,NaN,-0.0500,-0.0500,-0.3262,0.1013,0,0.6522,0.6087
2017-03-15 10:30:00,EB,0,1,43,NaN,NaN,0.1000,-0.0567,-0.3467,-0.1153,0,0.5652,0.5217
2017-03-22 12:30:00,EB,0,1,36,NaN,NaN,-0.1000,0.0300,-0.0583,-0.0474,0,0.3478,0.3043
2017-03-23 15:45:00,EB,0,1,35,NaN,NaN,0.0000,0.0100,0.1170,0.4606,0,0.3043,0.2609
2017-03-27 13:00:00,EB,0,1,31,NaN,NaN,0.0000,-0.0150,-0.1650,-0.0035,0,0.2174,0.1739
2017-03-27 14:00:00,EB,0,1,31,NaN,NaN,0.0000,-0.0600,0.1187,-0.1207,0,0.2174,0.1739
2017-03-28 13:45:00,EB,0,1,30,NaN,NaN,0.0000,0.0800,0.1400,-0.1223,0,0.1739,0.1304
2017-03-30 12:00:00,EB,0,1,28,NaN,NaN,0.0000,-0.0050,-0.0360,-0.0634,0,0.0870,0.0435
2017-03-31 11:00:00,EB,0,1,27,NaN,NaN,0.1000,0.0050,-0.0900,0.1816,0,0.0435,0.0000
2017-04-04 12:30:00,EB,0,1,23,4.2857,0.0000,0.0000,0.1000,0.1700,0.1125,0,0.9500,0.9000
2017-04-04 15:30:00,P,0,1,23,4.2857,-0.0429,-0.0100,-0.0300,-0.0475,0.0902,0,0.9500,0.9000
2017-04-06 09:30:00,EB,0,1,21,3.3333,1.0000,0.3000,-0.0200,0.1050,0.2009,0,0.8500,0.8000
2017-04-06 13:45:00,EB,0,1,21,3.3333,0.0000,0.0000,-0.0250,-0.1000,0.1874,0,0.8500,0.8000
2017-04-10 15:00:00,EB,0,1,17,2.3077,-0.0808,-0.0350,-0.0800,-0.1790,0.0578,0,0.7500,0.7000
2017-04-19 14:00:00,EB,0,1,8,1.3636,5.0455,3.7000,0.0050,0.0975,-0.1417,0,0.4000,0.3500
2017-04-19 16:30:00,EB,0,1,8,1.3636,0.0000,0.0000,-0.0050,0.2000,-0.0310,0,0.4000,0.3500
2017-04-21 16:00:00,P,0,1,6,1.2500,-0.0063,-0.0050,0.0000,0.0233,0.0787,0,0.3000,0.2500
2017-04-27 13:45:00,GC_ME,1,0,0,1.0000,-0.1650,-0.1650,-0.2050,-0.3940,0.0252,1,0.1000,0.0500
2017-05-04 12:30:00,EB,0,1,35,NaN,NaN,0.0000,0.1000,-0.0508,0.1046,0,0.8696,0.8261
2017-05-04 13:00:00,EB,0,1,35,NaN,NaN,0.0000,0.0200,0.0333,0.0509,0,0.8696,0.8261
2017-05-04 13:35:00,EB,0,1,35,NaN,NaN,0.0000,0.0200,-0.1250,-0.0774,0,0.8696,0.8261
2017-05-10 13:00:00,P,0,1,29,NaN,NaN,0.0000,0.0200,0.1400,0.0582,0,0.6957,0.6522
2017-05-15 13:45:00,EB,0,1,24,5.0000,0.0000,0.0000,0.0000,-0.1175,0.0143,0,0.5652,0.5217
2017-05-18 09:50:00,EB,0,1,21,3.3333,-0.0833,-0.0250,-0.0250,-0.0200,-0.1534,0,0.4348,0.3913
2017-05-18 14:30:00,EB,0,1,21,3.3333,0.0000,0.0000,0.0300,0.1933,0.1992,0,0.4348,0.3913
2017-05-18 14:45:00,EB,0,1,21,3.3333,0.0000,0.0000,0.0300,0.2640,0.2502,0,0.4348,0.3913
2017-05-19 11:00:00,EB,0,1,20,3.0000,0.0000,0.0000,0.0400,0.1750,0.1249,0,0.3913,0.3478
2017-05-19 14:00:00,EB,0,1,20,3.0000,0.0000,0.0000,0.0100,0.0267,0.0115,0,0.3913,0.3478
2017-05-23 17:00:00,EB,0,1,16,2.1429,0.0000,0.0000,NaN,0.0250,0.0841,0,0.3043,0.2609
2017-05-24 10:30:00,EB,0,1,15,2.0000,-0.0100,-0.0050,-0.0100,-0.0300,-0.0292,0,0.2609,0.2174
2017-05-24 14:45:00,P,0,1,15,2.0000,-0.0200,-0.0100,-0.0200,-0.1000,-0.0354,0,0.2609,0.2174
2017-05-29 15:00:00,EB,0,1,10,1.5000,-0.0150,-0.0100,-0.0100,0.0150,0.0630,0,0.1304,0.0870
2017-05-31 09:20:00,EB,0,1,8,1.3636,-0.0068,-0.0050,0.0000,0.0400,0.0303,0,0.0435,0.0000
2017-05-31 14:30:00,EB,0,1,8,1.3636,-0.0955,-0.0700,-0.0300,-0.1525,-0.0516,0,0.0435,0.0000
2017-06-01 15:50:00,EB,0,1,7,1.3043,-0.0261,-0.0200,-0.0300,-0.1050,0.0087,0,1.0000,0.9545
2017-06-08 13:45:00,GC_ME,1,0,0,1.0000,-0.1000,-0.1000,-0.1083,-0.2894,-0.1698,0,0.7727,0.7273
2017-06-19 10:00:00,EB,0,1,31,NaN,NaN,0.0000,0.0700,0.0500,-0.0207,0,0.4545,0.4091
2017-06-19 10:30:00,EB,0,1,31,NaN,NaN,0.0000,-0.0250,-0.0100,-0.0536,0,0.4545,0.4091
2017-06-20 16:00:00,EB,0,1,30,NaN,NaN,0.0000,-0.0300,-0.0850,-0.2980,0,0.4091,0.3636
2017-06-26 17:00:00,P,0,1,24,5.0000,0.0000,0.0000,0.0100,0.0200,-0.1441,0,0.2273,0.1818
2017-06-27 10:00:00,P,0,1,23,4.2857,0.0000,0.0000,-0.1000,0.7600,-0.2548,0,0.1818,0.1364
2017-06-30 12:30:00,EB,0,1,20,3.0000,0.0000,0.0000,0.0100,-0.0688,-0.0049,0,0.0455,0.0000
2017-06-30 14:00:00,EB,0,1,20,3.0000,0.0150,0.0050,0.0100,0.0633,-0.2460,0,0.0455,0.0000
2017-07-04 14:30:00,EB,0,1,16,2.1429,0.0000,0.0000,-0.0400,-0.1100,0.0086,0,0.9524,0.9048
2017-07-06 12:00:00,EB,0,1,14,1.8750,-0.0187,-0.0100,-0.0100,-0.0213,-0.2079,0,0.8571,0.8095
2017-07-07 10:10:00,EB,0,1,13,1.7647,-0.1765,-0.1000,0.0050,-0.0033,0.0069,0,0.8095,0.7619
2017-07-11 14:00:00,EB,0,1,9,1.4286,0.0000,0.0000,0.0000,0.1000,-0.0207,0,0.7143,0.6667
2017-07-20 13:45:00,GC_ME,1,0,0,1.0000,-0.1400,-0.1400,-0.1500,-0.3360,0.0561,1,0.3810,0.3333
2017-08-22 14:00:00,EB,0,1,16,2.1429,0.0000,0.0000,0.0000,-0.0050,0.2758,0,0.3478,0.3043
2017-08-23 09:25:00,P,0,1,15,2.0000,0.0100,0.0050,0.0683,0.1862,-0.1454,0,0.3043,0.2609
2017-09-01 11:15:00,EB,0,1,6,1.2500,-0.0125,-0.0100,0.0300,0.1812,0.0581,0,1.0000,0.9524
2017-09-04 09:40:00,EB,0,1,3,1.1111,0.2222,0.2000,0.0100,0.0050,-0.0776,0,0.9524,0.9048
2017-09-07 13:45:00,GC_ME,1,0,0,1.0000,-0.0550,-0.0550,-0.0550,-0.4750,0.0567,1,0.8095,0.7619
2017-09-12 15:45:00,EB,0,1,44,NaN,NaN,0.0000,0.0000,0.0825,-0.0975,0,0.6667,0.6190
2017-09-15 10:15:00,EB,0,1,41,NaN,NaN,0.0000,0.0500,0.2040,0.0627,0,0.5238,0.4762
2017-09-15 10:55:00,EB,0,1,41,NaN,NaN,0.0000,0.0700,0.3900,0.0712,0,0.5238,0.4762
2017-09-18 16:30:00,EB,0,1,38,NaN,NaN,0.0000,-0.0700,0.1100,-0.0394,0,0.4762,0.4286
2017-09-21 15:30:00,P,0,1,35,NaN,NaN,0.0000,0.0050,0.0100,-0.0567,0,0.3333,0.2857
2017-09-22 10:30:00,P,0,1,34,NaN,NaN,0.0000,0.0400,0.1083,0.0178,0,0.2857,0.2381
2017-09-22 13:15:00,EB,0,1,34,NaN,NaN,0.0000,0.0100,0.0525,-0.2092,0,0.2857,0.2381
2017-09-22 15:15:00,EB,0,1,34,NaN,NaN,0.0000,-0.0100,0.0300,-0.0113,0,0.2857,0.2381
2017-09-25 11:15:00,EB,0,1,31,NaN,NaN,0.0000,-0.0450,-0.0813,-0.2150,0,0.2381,0.1905
2017-09-25 15:00:00,P,0,1,31,NaN,NaN,0.1000,0.1750,0.0213,0.0582,0,0.2381,0.1905
2017-09-28 10:00:00,EB,0,1,28,NaN,NaN,-0.0050,-0.1700,-0.2270,0.1928,0,0.0952,0.0476
2017-09-28 13:10:00,EB,0,1,28,NaN,NaN,0.0000,0.0050,-0.0683,-0.0503,0,0.0952,0.0476
2017-10-02 15:00:00,EB,0,1,24,5.0000,0.0000,0.0000,-0.0100,-0.0525,0.0281,0,1.0000,0.9545
2017-10-09 09:45:00,EB,0,1,17,2.3077,0.0115,0.0050,0.0000,0.0850,-0.1814,0,0.7727,0.7273
2017-10-12 16:30:00,EB,0,1,14,1.8750,0.0000,0.0000,-0.0050,-0.0100,0.0263,0,0.6364,0.5909
2017-10-13 16:15:00,EB,0,1,13,1.7647,0.0000,0.0000,-0.0100,-0.0267,0.1890,0,0.5909,0.5455
2017-10-17 10:00:00,EB,0,1,9,1.4286,-0.0357,-0.0250,-0.0400,-0.0340,-0.1245,0,0.5000,0.4545
2017-10-17 11:30:00,EB,0,1,9,1.4286,0.0786,0.0550,0.1500,0.0333,0.1702,0,0.5000,0.4545
2017-10-18 10:10:00,P,0,1,8,1.3636,0.0477,0.0350,0.0450,0.0300,0.0778,0,0.4545,0.4091
2017-10-26 13:45:00,GC_ME,1,0,0,1.0000,0.0600,0.0600,-0.0100,-0.1280,0.4008,0,0.1818,0.1364
2017-11-07 10:00:00,P,0,1,37,NaN,NaN,0.0000,-0.0050,0.0200,-0.2095,0,0.8182,0.7727
2017-11-07 15:30:00,EB,0,1,37,NaN,NaN,0.0000,0.0000,-0.1400,0.0983,0,0.8182,0.7727
2017-11-09 11:00:00,EB,0,1,35,NaN,NaN,0.0000,0.0400,0.1000,-0.1883,0,0.7273,0.6818
2017-11-09 14:15:00,EB,0,1,35,NaN,NaN,0.0000,0.0000,0.0100,-0.1257,0,0.7273,0.6818
2017-11-09 14:45:00,EB,0,1,35,NaN,NaN,0.0000,0.0000,0.0100,-0.0503,0,0.7273,0.6818
2017-11-10 13:30:00,EB,0,1,34,NaN,NaN,0.0000,0.0000,-0.0050,0.1516,0,0.6818,0.6364
2017-11-13 10:00:00,EB,0,1,31,NaN,NaN,0.0000,0.0800,-0.0500,-0.1775,0,0.6364,0.5909
2017-11-14 10:00:00,EB,0,1,30,NaN,NaN,0.0000,0.0000,-0.0100,-0.2817,0,0.5909,0.5455
2017-11-14 16:30:00,EB,0,1,30,NaN,NaN,0.0000,0.0000,0.0050,0.1153,0,0.5909,0.5455
2017-11-15 11:00:00,EB,0,1,29,NaN,NaN,0.0000,0.0000,0.0717,-0.1505,0,0.5455,0.5000
2017-11-16 09:45:00,EB,0,1,28,NaN,NaN,0.0000,0.0700,0.1820,0.2158,0,0.5000,0.4545
2017-11-16 12:00:00,EB,0,1,28,NaN,NaN,0.0000,-0.0400,-0.0750,-0.1484,0,0.5000,0.4545
2017-11-17 09:30:00,P,0,1,27,NaN,NaN,0.0000,-0.0200,0.1200,-0.4213,0,0.4545,0.4091
2017-11-20 13:15:00,EB,0,1,24,5.0000,0.0000,0.0000,-0.0200,-0.0200,-0.1951,0,0.4091,0.3636
2017-11-20 15:00:00,P,0,1,24,5.0000,0.0000,0.0000,0.0250,0.0250,0.0537,0,0.4091,0.3636
2017-11-20 15:15:00,EB,0,1,24,5.0000,0.0000,0.0000,0.0100,0.0200,0.1113,0,0.4091,0.3636
2017-11-23 09:35:00,EB,0,1,21,3.3333,1.0000,0.3000,0.0900,-0.0350,0.2798,0,0.2727,0.2273
2017-11-24 13:30:00,EB,0,1,20,3.0000,0.0000,0.0000,-0.0800,-0.0925,-0.1680,0,0.2273,0.1818
2017-11-29 11:00:00,EB,0,1,15,2.0000,0.0000,0.0000,0.0050,0.0050,0.0083,0,0.0909,0.0455
2017-11-30 11:00:00,EB,0,1,14,1.8750,0.9000,0.4800,0.1600,0.2208,0.1117,0,0.0455,0.0000
2017-12-06 11:30:00,EB,0,1,8,1.3636,-0.0068,-0.0050,-0.0350,0.0150,0.1381,0,0.8571,0.8095
2017-12-14 13:45:00,GC_ME,1,0,0,1.0000,-0.1000,-0.1000,0.1075,-0.0187,0.1988,1,0.5714,0.5238
2018-01-18 15:30:00,EB,0,1,7,1.3043,0.0000,0.0000,-0.1200,-0.0600,-0.1602,0,0.4348,0.3913
2018-01-25 13:45:00,GC_ME,1,0,0,1.0000,0.0000,0.0000,-0.0200,-0.2630,-0.6050,1,0.2174,0.1739
2018-01-26 11:00:00,EB,0,1,41,NaN,NaN,0.0000,0.0000,-0.0017,-0.0392,0,0.1739,0.1304
2018-01-29 11:00:00,EB,0,1,38,NaN,NaN,0.0000,0.0000,0.0517,-0.0176,0,0.1304,0.0870
2018-01-29 11:45:00,EB,0,1,38,NaN,NaN,0.0000,-0.0050,-0.1790,0.1286,0,0.1304,0.0870
2018-01-29 17:00:00,EB,0,1,38,NaN,NaN,0.1050,0.0500,-0.0800,0.1303,0,0.1304,0.0870
2018-01-31 10:50:00,EB,0,1,36,NaN,NaN,0.0000,0.0000,-0.0650,-0.0885,0,0.0435,0.0000
2018-02-01 12:15:00,EB,0,1,35,NaN,NaN,0.0000,0.0000,0.0000,-0.1638,0,1.0000,0.9500
2018-02-02 11:00:00,EB,0,1,34,NaN,NaN,0.0000,0.1000,-0.0400,-0.0169,0,0.9500,0.9000
2018-02-05 17:00:00,P,0,1,31,NaN,NaN,0.0000,0.0000,0.0150,-0.2575,0,0.9000,0.8500
2018-02-07 10:00:00,EB,0,1,29,NaN,NaN,-0.1000,0.0000,-0.0100,0.1980,0,0.8000,0.7500
2018-02-08 11:45:00,EB,0,1,28,NaN,NaN,0.0000,0.0050,0.0733,-0.2270,0,0.7500,0.7000
2018-02-08 12:05:00,EB,0,1,28,NaN,NaN,0.0000,0.0000,0.0300,-0.2534,0,0.7500,0.7000
2018-02-14 11:20:00,EB,0,1,22,3.7500,0.0000,0.0000,0.1000,0.0550,-0.0226,0,0.5500,0.5000
2018-02-15 09:55:00,EB,0,1,21,3.3333,0.0000,0.0000,0.0450,-0.0700,0.1955,0,0.5000,0.4500
2018-02-15 11:45:00,EB,0,1,21,3.3333,0.0000,0.0000,0.0000,0.1000,-0.1741,0,0.5000,0.4500
2018-02-15 13:15:00,EB,0,1,21,3.3333,0.0000,0.0000,0.0000,-0.0017,-0.0961,0,0.5000,0.4500
2018-02-16 09:20:00,EB,0,1,20,3.0000,0.0000,0.0000,0.0000,-0.0350,0.2691,0,0.4500,0.4000
2018-02-22 10:30:00,EB,0,1,14,1.8750,-0.1875,-0.1000,-0.1000,0.0050,0.2299,0,0.2500,0.2000
2018-02-26 11:00:00,EB,0,1,10,1.5000,-0.0075,-0.0050,-0.0200,0.1200,0.0407,0,0.1500,0.1000
2018-02-26 15:40:00,P,0,1,10,1.5000,-0.2175,-0.1450,-0.0200,-0.1583,-0.2989,0,0.1500,0.1000
2018-02-27 09:40:00,EB,0,1,9,1.4286,0.2857,0.2000,-0.0767,0.0700,-0.1286,0,0.1000,0.0500
2018-03-08 13:45:00,GC_ME,1,0,0,1.0000,0.0000,0.0000,-0.0100,-0.2480,0.6650,1,0.7727,0.7273
2018-03-09 09:30:00,EB,0,1,48,NaN,NaN,0.2000,0.2700,0.3000,-0.0150,0,0.7273,0.6818
2018-03-09 09:45:00,EB,0,1,48,NaN,NaN,0.2000,-0.0600,0.0100,-0.0587,0,0.7273,0.6818
2018-03-14 09:45:00,EB,0,1,43,NaN,NaN,0.0000,-0.0050,-0.1000,0.0641,0,0.5909,0.5455
2018-03-14 11:45:00,EB,0,1,43,NaN,NaN,0.0000,0.0050,-1.0000,0.0467,0,0.5909,0.5455
2018-03-15 16:45:00,EB,0,1,42,NaN,NaN,0.0000,0.0000,0.0050,-0.0029,0,0.5455,0.5000
2018-03-22 09:30:00,EB,0,1,35,NaN,NaN,0.0000,-0.0150,-0.0467,-0.1614,0,0.3182,0.2727
2018-04-06 09:30:00,EB,0,1,20,3.0000,0.0000,0.0000,-0.0200,-0.0550,-0.1543,0,0.8095,0.7619
2018-04-09 15:00:00,EB,0,1,17,2.3077,-0.0115,-0.0050,0.0000,-0.0050,-0.1768,0,0.7619,0.7143
2018-04-11 13:00:00,P,0,1,15,2.0000,0.0000,0.0000,0.0000,-0.0150,-0.2639,0,0.6667,0.6190
2018-04-12 14:15:00,EB,0,1,14,1.8750,-0.0094,-0.0050,-0.0100,0.0350,-0.0023,0,0.6190,0.5714
2018-04-20 17:00:00,P,0,1,6,1.2500,0.0250,0.0200,0.0150,0.0050,0.0315,0,0.3333,0.2857
2018-04-23 16:00:00,EB,0,1,3,1.1111,0.0000,0.0000,0.0050,-0.0050,0.1349,0,0.2857,0.2381
2018-04-26 13:45:00,GC_ME,1,0,0,1.0000,-0.0100,-0.0100,-0.0550,-0.0700,-0.1230,0,0.1429,0.0952
2018-04-27 10:00:00,EB,0,1,48,NaN,NaN,0.0000,0.0050,1.1000,-0.0572,0,0.0952,0.0476
2018-05-03 13:00:00,EB,0,1,42,NaN,NaN,0.0000,0.0000,0.0150,-0.0652,0,0.9130,0.8696
2018-05-03 14:00:00,EB,0,1,42,NaN,NaN,0.0000,0.0000,-0.0200,-0.0020,0,0.9130,0.8696
2018-05-03 14:30:00,EB,0,1,42,NaN,NaN,0.0000,0.0000,0.0525,0.0661,0,0.9130,0.8696
2018-05-04 09:50:00,EB,0,1,41,NaN,NaN,0.0000,0.0350,0.0150,-0.0187,0,0.8696,0.8261
2018-05-11 15:15:00,P,0,1,34,NaN,NaN,0.0000,-0.0100,0.1000,0.1164,0,0.6522,0.6087
2018-05-14 12:00:00,EB,0,1,31,NaN,NaN,0.0000,0.0200,-0.0817,-0.2241,0,0.6087,0.5652
2018-05-14 12:15:00,EB,0,1,31,NaN,NaN,0.0000,0.0200,-0.0167,-0.0780,0,0.6087,0.5652
2018-05-14 13:45:00,EB,0,1,31,NaN,NaN,0.0000,0.0250,0.0875,0.0073,0,0.6087,0.5652
2018-05-14 17:00:00,EB,0,1,31,NaN,NaN,0.0000,0.0800,0.1000,0.0904,0,0.6087,0.5652
2018-05-16 14:15:00,P,0,1,29,NaN,NaN,0.0000,0.0000,-0.0583,0.1647,0,0.5217,0.4783
2018-05-17 12:30:00,EB,0,1,28,NaN,NaN,0.0000,-0.0400,-0.0900,-0.1036,0,0.4783,0.4348
2018-05-24 10:30:00,EB,0,1,21,3.3333,0.2000,0.0600,-0.0400,0.0675,0.1368,0,0.2609,0.2174
2018-05-24 12:30:00,EB,0,1,21,3.3333,-0.0167,-0.0050,0.0250,-0.0883,-0.1776,0,0.2609,0.2174
2018-05-25 15:15:00,EB,0,1,20,3.0000,-0.1000,-0.0333,-0.2450,-0.4025,-0.3345,0,0.2174,0.1739
2018-05-29 12:00:00,EB,0,1,16,2.1429,0.0643,0.0300,0.0333,0.3867,0.5394,0,0.1304,0.0870
2018-06-14 13:45:00,GC_ME,1,0,0,1.0000,-0.0900,-0.0900,-0.0300,-0.5175,1.2486,1,0.5714,0.5238
2018-06-15 10:45:00,EB,0,1,41,NaN,NaN,-0.1000,0.6000,-0.0517,0.0351,0,0.5238,0.4762
2018-06-19 10:00:00,P,0,1,37,NaN,NaN,0.1000,-0.1350,-0.1833,-0.1131,0,0.4286,0.3810
2018-06-26 14:00:00,EB,0,1,30,NaN,NaN,0.0000,0.1100,-0.0833,0.1601,0,0.1905,0.1429
2018-07-02 15:30:00,EB,0,1,24,5.0000,-0.0250,-0.0050,-0.1000,-0.0150,0.0984,0,1.0000,0.9545
2018-07-05 10:30:00,EB,0,1,21,3.3333,0.0667,0.0200,0.0250,0.0067,0.0503,0,0.8636,0.8182
2018-07-05 13:30:00,EB,0,1,21,3.3333,0.0000,0.0000,-0.1000,-0.0150,0.0582,0,0.8636,0.8182
2018-07-09 15:00:00,P,0,1,17,2.3077,-0.0346,-0.0150,-0.0400,-0.0500,0.1175,0,0.7727,0.7273
2018-07-26 13:45:00,GC_ME,1,0,0,1.0000,-0.0350,-0.0350,-0.0400,-0.1950,0.2362,1,0.1818,0.1364
2018-08-28 13:00:00,EB,0,1,16,2.1429,-0.0536,-0.0250,0.0050,-0.0050,-0.0295,0,0.1739,0.1304
2018-09-05 10:30:00,EB,0,1,8,1.3636,NaN,NaN,-0.0050,0.0925,-0.2465,0,0.9000,0.8500
2018-09-06 13:45:00,EB,0,1,7,1.3043,0.0065,0.0050,-0.0200,-0.1760,0.1000,0,0.8500,0.8000
2018-09-13 13:45:00,GC_ME,1,0,0,1.0000,-0.0500,-0.0500,-0.0650,-0.2100,-0.1868,0,0.6000,0.5500
2018-09-17 11:00:00,EB,0,1,38,NaN,NaN,0.0500,-0.0150,-0.1000,-0.4357,0,0.5000,0.4500
2018-09-17 12:15:00,EB,0,1,38,NaN,NaN,-0.1950,0.0000,-0.0100,0.0944,0,0.5000,0.4500
2018-09-17 14:00:00,EB,0,1,38,NaN,NaN,-0.1000,-0.1000,0.1000,-0.0789,0,0.5000,0.4500
2018-09-19 15:30:00,P,0,1,36,NaN,NaN,0.0000,-0.0100,-0.0200,0.3071,0,0.4000,0.3500
2018-09-24 15:00:00,P,0,1,31,NaN,NaN,0.0000,0.0000,0.1375,-0.2430,0,0.2500,0.2000
2018-09-25 10:10:00,EB,0,1,30,NaN,NaN,0.0000,0.0000,-0.1250,-0.0705,0,0.2000,0.1500
2018-09-25 12:45:00,EB,0,1,30,NaN,NaN,0.0000,-0.0100,0.0200,0.0287,0,0.2000,0.1500
2018-09-25 14:30:00,EB,0,1,30,NaN,NaN,0.0000,0.0000,0.0050,-0.0915,0,0.2000,0.1500
2018-09-27 15:30:00,P,0,1,28,NaN,NaN,0.0000,0.0100,0.0150,0.0872,0,0.1000,0.0500
2018-09-28 14:35:00,EB,0,1,27,NaN,NaN,-0.0100,-0.0450,-0.0500,0.3509,0,0.0500,0.0000
2018-10-05 13:00:00,EB,0,1,20,3.0000,-0.0150,-0.0050,-0.0200,-0.0100,-0.0386,0,0.8261,0.7826
2018-10-10 10:00:00,EB,0,1,15,2.0000,-0.0100,-0.0050,-0.0100,0.0380,0.1203,0,0.6957,0.6522
2018-10-12 10:45:00,P,0,1,13,1.7647,-0.0088,-0.0050,0.0000,0.0117,-0.0341,0,0.6087,0.5652
2018-10-12 11:10:00,EB,0,1,13,1.7647,0.0000,0.0000,0.0200,0.0300,-0.0211,0,0.6087,0.5652
2018-10-17 09:30:00,EB,0,1,8,1.3636,-0.0477,-0.0350,-0.0450,0.0375,-0.4284,0,0.4783,0.4348
2018-10-25 13:45:00,GC_ME,1,0,0,1.0000,-0.0800,-0.0800,-0.0800,-0.1367,-0.5970,0,0.2174,0.1739
2018-10-26 16:00:00,P,0,1,48,NaN,NaN,0.1450,0.0500,0.2220,-0.6238,0,0.1739,0.1304
2018-10-26 16:15:00,EB,0,1,48,NaN,NaN,0.0100,-0.0950,0.0410,-0.5499,0,0.1739,0.1304
2018-10-30 14:30:00,EB,0,1,44,NaN,NaN,0.0000,0.0300,0.0300,0.5150,0,0.0870,0.0435
2018-10-30 15:10:00,EB,0,1,44,NaN,NaN,0.0000,0.1000,0.0000,-0.2361,0,0.0870,0.0435
2018-11-05 14:00:00,EB,0,1,38,NaN,NaN,0.1000,-0.0100,0.0183,-0.0589,0,0.9091,0.8636
2018-11-06 13:00:00,EB,0,1,37,NaN,NaN,0.0000,0.0400,0.0400,-0.0717,0,0.8636,0.8182
2018-11-08 15:15:00,EB,0,1,35,NaN,NaN,0.0000,0.0300,-0.0475,0.1447,0,0.7727,0.7273
2018-11-08 16:20:00,P,0,1,35,NaN,NaN,0.0000,0.0200,0.0450,-0.2709,0,0.7727,0.7273
2018-11-09 11:00:00,EB,0,1,34,NaN,NaN,0.0000,0.0100,0.0788,-0.0414,0,0.7273,0.6818
2018-11-12 10:00:00,EB,0,1,31,NaN,NaN,0.0000,-0.0800,-0.1338,-0.1633,0,0.6818,0.6364
2018-11-12 16:30:00,EB,0,1,31,NaN,NaN,0.0000,0.0400,-0.0200,-0.2351,0,0.6818,0.6364
2018-11-13 09:45:00,EB,0,1,30,NaN,NaN,0.0000,0.1000,-0.4000,-0.3112,0,0.6364,0.5909
2018-11-15 13:15:00,EB,0,1,28,NaN,NaN,0.0000,0.0300,-0.0200,0.0865,0,0.5455,0.5000
2018-11-15 14:10:00,EB,0,1,28,NaN,NaN,0.0000,0.0050,-0.1325,-0.3501,0,0.5455,0.5000
2018-11-15 15:35:00,EB,0,1,28,NaN,NaN,0.0000,-0.0400,0.0650,0.0666,0,0.5455,0.5000
2018-11-16 09:30:00,P,0,1,27,NaN,NaN,0.0000,0.0000,-0.0700,-0.3483,0,0.5000,0.4545
2018-11-23 13:00:00,EB,0,1,20,3.0000,0.0000,0.0000,0.0000,-0.0100,0.0233,0,0.2727,0.2273
2018-11-26 10:00:00,EB,0,1,17,2.3077,0.0000,0.0000,0.0450,-0.0517,0.0503,0,0.2273,0.1818
2018-11-26 13:30:00,EB,0,1,17,2.3077,0.0000,0.0000,0.0000,0.0150,-0.2124,0,0.2273,0.1818
2018-11-26 15:00:00,P,0,1,17,2.3077,0.0000,0.0000,0.0600,0.0200,0.2456,0,0.2273,0.1818
2018-11-27 17:00:00,EB,0,1,16,2.1429,0.0000,0.0000,0.0850,-0.0112,0.3079,0,0.1818,0.1364
2018-11-28 13:05:00,EB,0,1,15,2.0000,0.0000,0.0000,0.0250,0.0850,0.1625,0,0.1364,0.0909
2018-11-28 14:00:00,EB,0,1,15,2.0000,0.0000,0.0000,0.0050,-0.0737,-0.1031,0,0.1364,0.0909
2018-11-28 16:20:00,EB,0,1,15,2.0000,0.0000,0.0000,0.0000,-0.0100,-0.1640,0,0.1364,0.0909
2018-11-30 11:00:00,EB,0,1,13,1.7647,0.0000,0.0000,-0.0050,-0.0067,0.1389,0,0.0455,0.0000
2018-11-30 13:45:00,EB,0,1,13,1.7647,0.0000,0.0000,0.0600,0.0725,0.3269,0,0.0455,0.0000
2018-12-05 09:30:00,P,0,1,8,1.3636,0.0068,0.0050,0.0050,0.0567,0.2841,0,0.9048,0.8571
2018-12-07 09:30:00,EB,0,1,6,1.2500,0.0000,0.0000,-0.0600,0.1175,0.2928,0,0.8095,0.7619
2018-12-13 13:45:00,GC_ME,1,0,0,1.0000,-0.0350,-0.0350,-0.0600,-0.2800,0.1206,1,0.6190,0.5714
2018-12-14 10:30:00,EB,0,1,41,NaN,NaN,-0.0700,-0.0650,0.0262,0.2544,0,0.5714,0.5238
2018-12-21 12:00:00,EB,0,1,34,NaN,NaN,0.0000,-0.0100,-0.1150,0.5768,0,0.3333,0.2857
2019-01-07 13:45:00,EB,0,1,17,2.3077,-0.1385,-0.0600,-0.1100,-0.0800,-0.0291,0,0.8261,0.7826
2019-01-11 09:20:00,EB,0,1,13,1.7647,0.0000,0.0000,0.0000,-0.1025,0.1481,0,0.6522,0.6087
2019-01-15 11:30:00,P,0,1,9,1.4286,-0.0357,-0.0250,-0.0300,-0.0450,-0.1082,0,0.5652,0.5217
2019-01-15 16:45:00,P,0,1,9,1.4286,-0.0071,-0.0050,0.0100,-0.0400,0.2120,0,0.5652,0.5217
2019-01-17 12:00:00,EB,0,1,7,1.3043,-0.0065,-0.0050,0.0000,-0.0350,0.0232,0,0.4783,0.4348
2019-01-24 13:45:00,GC_ME,1,0,0,1.0000,-0.1900,-0.1900,-0.1100,-0.2367,-0.6090,0,0.2609,0.2174
2019-01-28 15:00:00,P,0,1,38,NaN,NaN,-0.0200,-0.0250,-0.1883,-0.1864,0,0.1739,0.1304
2019-01-31 11:15:00,EB,0,1,35,NaN,NaN,0.0000,-0.0100,-0.0600,-0.1572,0,0.0435,0.0000
2019-02-04 09:30:00,EB,0,1,31,NaN,NaN,0.0000,0.0000,-0.0400,0.0641,0,0.9500,0.9000
2019-02-07 13:15:00,EB,0,1,28,NaN,NaN,0.0000,0.0100,-0.0850,-0.2099,0,0.8000,0.7500
2019-02-15 14:00:00,EB,0,1,20,3.0000,0.0000,0.0000,-0.0050,-0.1350,0.6056,0,0.5000,0.4500
2019-02-19 11:15:00,EB,0,1,16,2.1429,0.0000,0.0000,0.0300,0.1100,0.0810,0,0.4000,0.3500
2019-02-19 16:00:00,EB,0,1,16,2.1429,0.0000,0.0000,-0.0100,-0.0400,0.1609,0,0.4000,0.3500
2019-02-26 15:30:00,EB,0,1,9,1.4286,0.0000,0.0000,0.0000,0.0875,0.3340,0,0.1500,0.1000
2019-02-27 09:30:00,EB,0,1,8,1.3636,0.0000,0.0000,0.0000,0.0875,-0.1479,0,0.1000,0.0500
2019-03-07 13:45:00,GC_ME,1,0,0,1.0000,-0.0100,-0.0100,-0.0050,-0.6850,-0.3610,0,0.8095,0.7619
2019-03-12 11:45:00,EB,0,1,29,NaN,NaN,0.0000,0.0000,-0.1000,-0.2897,0,0.6667,0.6190
2019-03-18 14:15:00,EB,0,1,23,4.2857,0.0000,0.0000,-0.0200,-0.0200,0.0730,0,0.4762,0.4286
2019-03-18 16:10:00,EB,0,1,23,4.2857,-0.0214,-0.0050,-0.0100,-0.0400,-0.2021,0,0.4762,0.4286
2019-03-19 10:35:00,EB,0,1,22,3.7500,0.0000,0.0000,0.0000,-0.0050,0.0897,0,0.4286,0.3810
2019-03-22 11:15:00,EB,0,1,19,2.7273,0.0000,0.0000,0.0000,0.0150,0.0449,0,0.2857,0.2381
2019-03-25 10:30:00,EB,0,1,16,2.1429,-0.0107,-0.0050,-0.0100,-0.1000,0.2815,0,0.2381,0.1905
2019-03-27 09:45:00,EB,0,1,14,1.8750,0.0000,0.0000,0.0000,-0.0400,0.2021,0,0.1429,0.0952
2019-03-27 11:00:00,EB,0,1,14,1.8750,0.0000,0.0000,-0.1600,-0.0750,-0.2246,0,0.1429,0.0952
2019-03-27 11:45:00,EB,0,1,14,1.8750,0.0000,0.0000,0.0000,-0.2310,0.0227,0,0.1429,0.0952
2019-03-27 14:30:00,EB,0,1,14,1.8750,-0.0844,-0.0450,-0.1983,-0.3542,0.0582,0,0.1429,0.0952
2019-03-28 10:10:00,EB,0,1,13,1.7647,-0.0176,-0.0100,0.0300,-0.4175,-0.1335,0,0.0952,0.0476
2019-03-29 10:45:00,EB,0,1,12,1.6667,0.0083,0.0050,0.0100,-0.1867,-0.1936,0,0.0476,0.0000
2019-04-01 15:00:00,EB,0,1,9,1.4286,0.0000,0.0000,0.1300,0.0317,-0.0634,0,1.0000,0.9545
2019-04-10 13:45:00,GC_ME,1,0,0,1.0000,0.0000,0.0000,0.0000,-0.3500,0.0399,1,0.6818,0.6364
2019-04-12 14:45:00,EB,0,1,55,NaN,NaN,0.0000,-0.0100,0.0250,-0.1003,0,0.5909,0.5455
2019-04-12 16:00:00,P,0,1,55,NaN,NaN,-0.0300,-0.0300,0.1275,-0.1313,0,0.5909,0.5455
2019-04-17 16:30:00,EB,0,1,50,NaN,NaN,0.0000,0.0000,-0.0650,0.0782,0,0.4545,0.4091
2019-04-25 14:30:00,EB,0,1,42,NaN,NaN,0.0000,-0.0100,0.1000,-0.1846,0,0.1818,0.1364
2019-05-06 09:30:00,EB,0,1,31,NaN,NaN,0.0000,0.0000,-0.1000,-0.2011,0,0.8696,0.8261
2019-05-06 17:00:00,EB,0,1,31,NaN,NaN,0.0000,0.0000,0.0100,0.2861,0,0.8696,0.8261
2019-05-08 13:30:00,P,0,1,29,NaN,NaN,0.0000,0.0000,0.0350,0.2322,0,0.7826,0.7391
2019-05-10 09:30:00,EB,0,1,27,NaN,NaN,0.0000,0.0000,-0.0050,-0.2741,0,0.6957,0.6522
2019-05-10 16:15:00,EB,0,1,27,NaN,NaN,0.0000,0.0000,-0.0767,-0.3806,0,0.6957,0.6522
2019-05-15 16:15:00,EB,0,1,22,3.7500,0.0000,0.0000,0.0200,0.1750,0.8800,0,0.5652,0.5217
2019-05-16 09:30:00,EB,0,1,21,3.3333,0.0000,0.0000,-0.0300,-0.0850,-0.0836,0,0.5217,0.4783
2019-05-16 14:30:00,EB,0,1,21,3.3333,0.0000,0.0000,0.0000,0.0100,0.1669,0,0.5217,0.4783
2019-05-20 10:00:00,EB,0,1,17,2.3077,0.0000,0.0000,-0.0400,0.0050,-0.1839,0,0.4348,0.3913
2019-05-21 11:00:00,EB,0,1,16,2.1429,0.0000,0.0000,0.0400,0.1417,0.2037,0,0.3913,0.3478
2019-05-22 09:30:00,P,0,1,15,2.0000,0.2000,0.1000,0.0250,-0.0167,-0.1551,0,0.3478,0.3043
2019-05-22 11:30:00,EB,0,1,15,2.0000,0.0000,0.0000,0.0600,-0.0083,0.2574,0,0.3478,0.3043
2019-05-23 10:40:00,EB,0,1,14,1.8750,-0.1875,-0.1000,-0.0850,0.0675,-0.2845,0,0.3043,0.2609
2019-05-27 10:40:00,EB,0,1,10,1.5000,0.0000,0.0000,0.0000,0.0200,-0.1945,0,0.2174,0.1739
2019-05-29 09:30:00,EB,0,1,8,1.3636,-0.0068,-0.0050,0.0375,0.0000,-0.0478,0,0.1304,0.0870
2019-06-06 13:45:00,GC_ME,1,0,0,1.0000,0.3000,0.3000,1.1500,2.6417,-0.5885,1,0.8500,0.8000
2019-06-10 14:15:00,EB,0,1,45,NaN,NaN,0.0100,0.0000,-0.0133,-0.0298,0,0.7500,0.7000
2019-06-12 10:15:00,P,0,1,43,NaN,NaN,0.0000,-0.1000,-0.0600,-0.2152,0,0.6500,0.6000
2019-06-12 11:00:00,EB,0,1,43,NaN,NaN,0.0000,-0.1100,0.0283,0.0174,0,0.6500,0.6000
2019-06-12 14:15:00,EB,0,1,43,NaN,NaN,0.0000,0.0100,-0.0400,0.2686,0,0.6500,0.6000
2019-06-14 12:00:00,EB,0,1,41,NaN,NaN,0.0000,-0.0400,-0.0783,-0.2625,0,0.5500,0.5000
2019-06-18 10:00:00,P,0,1,37,NaN,NaN,0.0000,-0.8675,-3.6125,1.2433,0,0.4500,0.4000
2019-06-19 16:00:00,P,0,1,36,NaN,NaN,0.0000,-0.0300,-0.1225,-0.0817,0,0.4000,0.3500
2019-06-20 09:30:00,EB,0,1,35,NaN,NaN,0.1000,-0.3067,0.1183,-0.1100,0,0.3500,0.3000
2019-06-24 13:00:00,EB,0,1,31,NaN,NaN,0.0000,-0.0400,0.1410,-0.0104,0,0.2500,0.2000
2019-06-26 11:00:00,EB,0,1,29,NaN,NaN,0.0000,-0.0150,0.0800,0.3257,0,0.1500,0.1000
2019-06-28 09:30:00,EB,0,1,27,NaN,NaN,0.0900,0.0200,0.0000,0.0157,0,0.0500,0.0000
2019-07-01 12:15:00,EB,0,1,24,5.0000,6.5000,1.3000,0.0100,0.1000,0.0234,0,1.0000,0.9565
2019-07-04 11:10:00,EB,0,1,21,3.3333,0.0167,0.0050,-0.1000,-0.0050,0.0297,0,0.8696,0.8261
2019-07-11 12:15:00,EB,0,1,14,1.8750,0.0469,0.0250,0.1525,0.1050,-0.2208,0,0.6522,0.6087
2019-07-25 13:45:00,GC_ME,1,0,0,1.0000,3.8800,3.8800,2.4900,1.8700,-0.7366,1,0.2174,0.1739
2019-08-27 14:00:00,EB,0,1,16,2.1429,-0.2250,-0.1050,-0.1950,-0.2712,0.2478,0,0.1818,0.1364
2019-09-04 13:00:00,EB,0,1,8,1.3636,-0.0273,-0.0200,-0.0300,-0.0467,0.2374,0,0.9048,0.8571
2019-09-04 16:00:00,EB,0,1,8,1.3636,-0.0477,-0.0350,-0.0500,-0.0675,-0.1656,0,0.9048,0.8571
2019-09-05 11:15:00,EB,0,1,7,1.3043,0.0587,0.0450,0.1633,0.6730,0.0492,0,0.8571,0.8095
2019-09-12 13:45:00,GC_ME,1,0,0,1.0000,3.5050,3.5050,4.1060,6.7420,0.0423,0,0.6190,0.5714
2019-09-16 14:00:00,EB,0,1,38,NaN,NaN,0.1100,0.0733,0.2717,-0.0057,0,0.5238,0.4762
2019-09-18 10:00:00,EB,0,1,36,NaN,NaN,0.0000,0.0950,-0.2300,0.0428,0,0.4286,0.3810
2019-09-19 14:00:00,EB,0,1,35,NaN,NaN,0.0000,-0.5000,0.1200,0.0801,0,0.3810,0.3333
2019-09-23 15:00:00,P,0,1,31,NaN,NaN,0.0000,-0.0700,-0.4470,-0.0568,0,0.2857,0.2381
2019-09-24 14:00:00,EB,0,1,30,NaN,NaN,0.0000,-0.0500,-0.0400,-0.1092,0,0.2381,0.1905
2019-09-24 16:30:00,EB,0,1,30,NaN,NaN,0.0000,0.1300,-0.0600,-0.2395,0,0.2381,0.1905
2019-09-25 11:00:00,EB,0,1,29,NaN,NaN,0.0000,-0.2600,-0.4550,-0.2183,0,0.1905,0.1429
2019-09-25 16:00:00,EB,0,1,29,NaN,NaN,0.0000,0.0200,0.1700,0.0598,0,0.1905,0.1429
2019-09-26 15:30:00,P,0,1,28,NaN,NaN,NaN,NaN,NaN,0.0037,0,0.1429,0.0952
2019-09-27 14:30:00,EB,0,1,27,NaN,NaN,NaN,NaN,NaN,-0.0502,0,0.0952,0.0476
2019-10-02 13:00:00,EB,0,1,22,3.7500,NaN,NaN,0.1000,NaN,-0.0562,0,0.9565,0.9130
2019-10-03 09:45:00,EB,0,1,21,3.3333,NaN,NaN,-0.1000,NaN,0.2388,0,0.9130,0.8696
2019-10-04 13:25:00,EB,0,1,20,3.0000,NaN,NaN,NaN,NaN,0.1035,0,0.8696,0.8261
2019-10-11 12:00:00,P,0,1,13,1.7647,NaN,NaN,0.1000,0.6000,-0.1292,0,0.6522,0.6087
2019-10-11 12:30:00,EB,0,1,13,1.7647,NaN,NaN,0.0000,0.5000,-0.2632,0,0.6522,0.6087
2019-10-16 16:00:00,EB,0,1,8,1.3636,NaN,NaN,0.1000,-0.2000,0.0758,0,0.5217,0.4783
2019-10-17 16:30:00,EB,0,1,7,1.3043,NaN,NaN,0.1000,-0.1000,-0.1077,0,0.4783,0.4348
2019-10-18 16:00:00,P,0,1,6,1.2500,-0.0187,-0.0150,-0.2467,0.1000,-0.2842,0,0.4348,0.3913
2019-10-24 13:45:00,GC_ME,1,0,0,1.0000,0.0450,0.0450,0.0800,0.1100,-0.2235,1,0.2609,0.2174
2019-10-28 16:00:00,P,0,1,45,NaN,NaN,0.0900,0.0400,-0.0567,-0.0171,0,0.1739,0.1304
2019-11-06 10:00:00,EB,0,1,36,NaN,NaN,NaN,-0.1833,0.0133,-0.3081,0,0.8571,0.8095
2019-11-06 10:30:00,EB,0,1,36,NaN,NaN,NaN,-0.0500,-0.1400,-0.1082,0,0.8571,0.8095
2019-11-11 16:30:00,EB,0,1,31,NaN,NaN,NaN,-0.1200,0.0400,0.0184,0,0.7143,0.6667
2019-11-12 09:30:00,EB,0,1,30,NaN,NaN,-0.1000,-0.0817,-0.1113,-0.0985,0,0.6667,0.6190
2019-11-14 10:45:00,EB,0,1,28,NaN,NaN,NaN,0.0867,0.1550,0.0470,0,0.5714,0.5238
2019-11-14 12:00:00,EB,0,1,28,NaN,NaN,NaN,0.1000,0.0000,0.0019,0,0.5714,0.5238
2019-11-15 16:00:00,EB,0,1,27,NaN,NaN,NaN,-0.1100,-0.0600,0.0370,0,0.5238,0.4762
2019-11-18 10:00:00,EB,0,1,24,5.0000,0.1000,0.0200,0.1200,0.2075,-0.1418,0,0.4762,0.4286
2019-11-18 14:05:00,EB,0,1,24,5.0000,NaN,NaN,-0.0800,-0.1833,-0.3945,0,0.4762,0.4286
2019-11-21 10:40:00,EB,0,1,21,3.3333,-0.0167,-0.0050,-0.0733,0.1000,0.3471,0,0.3333,0.2857
2019-11-22 09:30:00,P,0,1,20,3.0000,-0.1500,-0.0500,-0.0500,-0.0788,-0.3061,0,0.2857,0.2381
2019-11-27 10:30:00,EB,0,1,15,2.0000,-0.1100,-0.0550,0.0400,0.0600,0.0586,0,0.1429,0.0952
2019-11-27 11:30:00,P,0,1,15,2.0000,0.1400,0.0700,0.1750,0.0983,-0.1981,0,0.1429,0.0952
2019-12-02 15:00:00,P,0,1,10,1.5000,0.0000,0.0000,0.0100,0.0900,-0.2503,0,1.0000,0.9545
2019-12-12 13:45:00,GC_ME,1,0,0,1.0000,0.1700,0.1700,NaN,0.3000,0.3335,0,0.6364,0.5909
2019-12-16 13:30:00,EB,0,1,38,NaN,NaN,0.0350,0.0300,-0.0100,0.0590,0,0.5455,0.5000
2019-12-16 14:00:00,EB,0,1,38,NaN,NaN,-0.0100,-0.0100,-0.0350,0.1156,0,0.5455,0.5000
2019-12-18 09:30:00,P,0,1,36,NaN,NaN,0.0000,0.3000,-0.3000,0.0699,0,0.4545,0.4091
2019-12-18 12:15:00,EB,0,1,36,NaN,NaN,0.1000,0.1000,-0.3000,-0.0853,0,0.4545,0.4091
2020-01-08 14:00:00,EB,0,1,15,2.0000,0.4000,0.2000,0.0800,0.0600,-0.1255,0,0.7826,0.7391
2020-01-09 16:45:00,EB,0,1,14,1.8750,NaN,NaN,0.0000,-0.1000,-0.0985,0,0.7391,0.6957
2020-01-14 09:30:00,EB,0,1,9,1.4286,0.0143,0.0100,0.1300,0.0650,0.1690,0,0.6087,0.5652
2020-01-23 13:45:00,GC_ME,1,0,0,1.0000,0.0300,0.0300,-0.0950,-0.4600,-0.5547,1,0.3043,0.2609
2020-01-28 16:00:00,EB,0,1,44,NaN,NaN,NaN,0.1100,0.1000,0.5660,0,0.1739,0.1304
2020-02-03 10:15:00,EB,0,1,38,NaN,NaN,0.0000,-0.1400,-0.1925,-0.2184,0,1.0000,0.9500
2020-02-05 12:30:00,EB,0,1,36,NaN,NaN,0.0000,0.0267,0.1350,-0.0801,0,0.9000,0.8500
2020-02-05 13:15:00,P,0,1,36,NaN,NaN,0.0000,-0.1000,0.1575,0.1623,0,0.9000,0.8500
2020-02-11 15:00:00,P,0,1,30,NaN,NaN,NaN,0.1400,0.3675,0.1796,0,0.7000,0.6500
2020-02-12 10:50:00,EB,0,1,29,NaN,NaN,0.0000,-0.1600,-0.2150,0.0310,0,0.6500,0.6000
2020-02-13 13:00:00,EB,0,1,28,NaN,NaN,0.0000,0.0100,0.0400,0.2292,0,0.6000,0.5500
2020-02-17 15:00:00,EB,0,1,24,5.0000,0.0000,0.0000,0.0050,-0.1050,0.1100,0,0.5000,0.4500
2020-02-18 14:45:00,EB,0,1,23,4.2857,0.0214,0.0050,0.0600,0.2087,0.1698,0,0.4500,0.4000
2020-02-20 11:30:00,EB,0,1,21,3.3333,0.0167,0.0050,0.0000,0.0000,-0.0591,0,0.3500,0.3000
2020-02-26 14:30:00,P,0,1,15,2.0000,-0.0200,-0.0100,0.0275,0.0775,0.3851,0,0.1500,0.1000
2020-02-27 10:30:00,EB,0,1,14,1.8750,-0.0938,-0.0500,-0.1667,0.1000,0.0134,0,0.1000,0.0500
2020-02-27 10:45:00,P,0,1,14,1.8750,0.1875,0.1000,-0.1000,-0.1000,-0.5069,0,0.1000,0.0500
2020-02-27 11:10:00,EB,0,1,14,1.8750,-0.1875,-0.1000,-0.3000,0.2500,-0.6719,0,0.1000,0.0500
2020-02-27 17:00:00,EB,0,1,14,1.8750,2.0625,1.1000,1.3333,1.5333,0.5098,0,0.1000,0.0500
2020-03-02 13:30:00,EB,0,1,10,1.5000,0.6562,0.4375,0.7225,0.6570,1.1646,0,1.0000,0.9545
2020-03-12 13:45:00,GC_ME,1,0,0,1.0000,9.1300,9.1300,9.3380,7.3950,-3.9063,1,0.6364,0.5909
2020-04-16 11:05:00,EB,0,1,14,1.8750,0.2250,0.1200,-0.1000,-0.0050,-0.3444,0,0.5000,0.4545
2020-04-16 12:00:00,P,0,1,14,1.8750,0.0469,0.0250,0.1650,0.0925,-0.0963,0,0.5000,0.4545
2020-04-30 13:45:00,GC_ME,1,0,0,1.0000,1.9450,1.9450,1.1500,0.3275,-1.0494,1,0.0455,0.0000
2020-05-05 10:00:00,EB,0,1,30,NaN,NaN,0.0000,-0.1400,-0.3100,-0.8285,0,0.9048,0.8571
2020-05-07 16:00:00,P,0,1,28,NaN,NaN,-0.0150,-0.3000,-0.2817,-0.2464,0,0.8095,0.7619
2020-05-08 13:00:00,P,0,1,27,NaN,NaN,0.0150,0.1250,0.3575,0.0831,0,0.7619,0.7143
2020-05-11 12:45:00,EB,0,1,24,5.0000,0.0250,0.0050,0.0083,-0.0133,0.1135,0,0.7143,0.6667
2020-05-13 13:00:00,EB,0,1,22,3.7500,0.0000,0.0000,0.1000,0.1000,0.0865,0,0.6190,0.5714
2020-05-13 17:00:00,EB,0,1,22,3.7500,NaN,NaN,-0.1000,-0.2000,-0.6550,0,0.6190,0.5714
2020-05-14 17:00:00,EB,0,1,21,3.3333,-0.1833,-0.0550,-0.2325,-0.2450,0.8071,0,0.5714,0.5238
2020-05-19 16:00:00,EB,0,1,16,2.1429,0.0857,0.0400,0.0600,0.0500,-0.2697,0,0.4286,0.3810
2020-05-21 09:30:00,EB,0,1,14,1.8750,-0.1125,-0.0600,-0.0250,0.0433,-0.1403,0,0.3333,0.2857
2020-05-22 16:30:00,EB,0,1,13,1.7647,0.0265,0.0150,0.0500,0.1000,0.1874,0,0.2857,0.2381
2020-05-26 14:45:00,EB,0,1,9,1.4286,0.0500,0.0350,0.0950,0.1083,0.2008,0,0.1905,0.1429
2020-05-27 09:30:00,P,0,1,8,1.3636,0.0614,0.0450,-0.0250,-0.0850,0.3070,0,0.1429,0.0952
2020-05-27 10:30:00,EB,0,1,8,1.3636,-0.4227,-0.3100,-0.2700,-0.2817,0.7611,0,0.1429,0.0952
2020-06-04 13:45:00,GC_ME,1,0,0,1.0000,0.0950,0.0950,0.2925,0.2083,0.0227,0,0.8636,0.8182
2020-06-08 15:45:00,P,0,1,38,NaN,NaN,0.0000,-0.0450,-0.1150,-0.7888,0,0.7727,0.7273
2020-06-10 13:00:00,EB,0,1,36,NaN,NaN,0.0000,-0.0600,-0.1700,0.2833,0,0.6818,0.6364
2020-06-10 15:30:00,EB,0,1,36,NaN,NaN,0.0000,-0.0700,-0.1567,-0.7368,0,0.6818,0.6364
2020-06-22 16:15:00,EB,0,1,24,5.0000,0.0000,0.0000,0.0200,0.1500,-0.2130,0,0.3182,0.2727
2020-06-25 14:30:00,EB,0,1,21,3.3333,-0.0667,-0.0200,0.0100,0.0250,0.4229,0,0.1818,0.1364
2020-06-25 16:30:00,EB,0,1,21,3.3333,0.0000,0.0000,-0.0400,-0.0983,0.4347,0,0.1818,0.1364
2020-06-30 13:00:00,EB,0,1,16,2.1429,0.0000,0.0000,0.0000,-0.1250,0.1060,0,0.0455,0.0000
2020-06-30 17:00:00,EB,0,1,16,2.1429,0.0643,0.0300,0.0500,0.2750,0.3080,0,0.0455,0.0000
2020-07-01 09:45:00,EB,0,1,15,2.0000,0.0300,0.0150,0.0900,0.1050,-0.0151,0,1.0000,0.9565
2020-07-01 14:10:00,P,0,1,15,2.0000,0.2600,0.1300,0.1000,0.2550,1.1457,0,1.0000,0.9565
2020-07-02 15:00:00,EB,0,1,14,1.8750,0.0750,0.0400,0.0400,0.0500,0.5475,0,0.9565,0.9130
2020-07-08 16:00:00,EB,0,1,8,1.3636,0.0886,0.0650,0.0900,0.2000,-0.0325,0,0.7826,0.7391
2020-07-13 11:30:00,EB,0,1,3,1.1111,0.0000,0.0000,-0.1000,-0.0000,0.0475,0,0.6522,0.6087
2020-07-16 13:45:00,GC_ME,1,0,0,1.0000,-0.3200,-0.3200,-0.1000,-0.1600,0.2686,1,0.5217,0.4783
2020-07-17 10:30:00,EB,0,1,55,NaN,NaN,0.1400,0.1350,0.0167,0.0280,0,0.4783,0.4348
2020-07-17 10:30:00,EB,0,1,55,NaN,NaN,0.1400,0.1350,0.0167,0.0280,0,0.4783,0.4348
2020-07-20 10:00:00,EB,0,1,52,NaN,NaN,-0.1650,-0.0750,0.0200,0.8078,0,0.4348,0.3913
2020-07-20 16:30:00,EB,0,1,52,NaN,NaN,0.0600,0.0100,0.0900,0.1254,0,0.4348,0.3913
2020-07-22 15:15:00,P,0,1,50,NaN,NaN,0.0000,0.0175,-0.2500,-0.0068,0,0.3478,0.3043
2020-07-22 17:00:00,EB,0,1,50,NaN,NaN,NaN,0.0550,0.3850,-0.2143,0,0.3478,0.3043
2020-07-23 11:00:00,EB,0,1,49,NaN,NaN,0.1000,0.0450,-0.0850,-0.1578,0,0.3043,0.2609
2020-08-18 10:00:00,EB,0,1,23,4.2857,0.0000,0.0000,0.0000,-0.1000,0.4685,0,0.4762,0.4286
2020-08-26 13:30:00,EB,0,1,15,2.0000,0.0000,0.0000,0.0000,0.1000,-0.1272,0,0.1905,0.1429
2020-09-01 09:30:00,EB,0,1,9,1.4286,0.0000,0.0000,0.0000,0.1500,-0.1089,0,1.0000,0.9545
2020-09-10 13:45:00,GC_ME,1,0,0,1.0000,0.0000,0.0000,0.0000,-0.2000,0.5064,1,0.6818,0.6364
2020-09-11 10:50:00,EB,0,1,48,NaN,NaN,0.0000,-1.1000,-0.0333,-0.1293,0,0.6364,0.5909
2020-09-11 11:30:00,P,0,1,48,NaN,NaN,0.0000,0.0000,0.0000,-0.3096,0,0.6364,0.5909
2020-09-11 11:45:00,EB,0,1,48,NaN,NaN,0.0000,0.0000,0.2000,-0.0687,0,0.6364,0.5909
2020-09-11 14:00:00,EB,0,1,48,NaN,NaN,0.0000,0.0000,-0.2000,-0.1158,0,0.6364,0.5909
2020-09-14 15:30:00,EB,0,1,45,NaN,NaN,0.0000,0.0000,-0.2500,-0.1401,0,0.5909,0.5455
2020-09-16 13:00:00,EB,0,1,43,NaN,NaN,0.0000,0.0000,-0.1000,-0.2000,0,0.5000,0.4545
2020-09-17 10:00:00,EB,0,1,42,NaN,NaN,0.0000,0.1000,0.4250,0.0475,0,0.4545,0.4091
2020-09-18 11:15:00,EB,0,1,41,NaN,NaN,0.0000,-0.1000,-0.4333,0.0214,0,0.4091,0.3636
2020-09-18 16:00:00,EB,0,1,41,NaN,NaN,0.0000,0.1000,0.1000,-0.2721,0,0.4091,0.3636
2020-09-21 14:20:00,P,0,1,38,NaN,NaN,0.0000,0.0000,0.2000,-0.1239,0,0.3636,0.3182
2020-09-22 14:00:00,EB,0,1,37,NaN,NaN,0.0000,0.0000,-0.1000,-0.0958,0,0.3182,0.2727
2020-09-28 11:45:00,EB,0,1,31,NaN,NaN,0.1000,0.1000,-0.3000,0.4312,0,0.1364,0.0909
2020-09-28 15:30:00,EB,0,1,31,NaN,NaN,0.0000,0.0000,-0.0667,0.2570,0,0.1364,0.0909
2020-09-28 15:45:00,P,0,1,31,NaN,NaN,0.1000,0.0000,0.1000,0.3102,0,0.1364,0.0909
2020-09-30 09:30:00,P,0,1,29,NaN,NaN,0.0000,-0.1000,0.1000,-0.2838,0,0.0455,0.0000
2020-09-30 16:00:00,EB,0,1,29,NaN,NaN,0.0000,0.0000,0.2000,0.1573,0,0.0455,0.0000
2020-10-02 12:00:00,EB,0,1,27,NaN,NaN,0.0000,-2.5000,0.1000,0.0126,0,0.9545,0.9091
2020-10-06 10:35:00,P,0,1,23,4.2857,NaN,NaN,NaN,0.0000,0.1672,0,0.8636,0.8182
2020-10-06 15:00:00,P,0,1,23,4.2857,NaN,NaN,NaN,0.1000,-0.1259,0,0.8636,0.8182
2020-10-07 14:10:00,P,0,1,22,3.7500,NaN,NaN,NaN,-0.3000,0.1781,0,0.8182,0.7727
2020-10-08 09:25:00,EB,0,1,21,3.3333,0.6667,0.2000,NaN,-0.0500,-0.3897,0,0.7727,0.7273
2020-10-08 10:00:00,EB,0,1,21,3.3333,NaN,NaN,0.0000,0.1000,-0.2950,0,0.7727,0.7273
2020-10-08 12:15:00,EB,0,1,21,3.3333,NaN,NaN,-0.2000,0.0000,0.1001,0,0.7727,0.7273
2020-10-12 10:45:00,EB,0,1,17,2.3077,0.0000,0.0000,0.0000,0.1000,-0.2709,0,0.6818,0.6364
2020-10-12 13:00:00,P,0,1,17,2.3077,0.0000,0.0000,0.0000,0.2000,0.3314,0,0.6818,0.6364
2020-10-12 17:00:00,EB,0,1,17,2.3077,NaN,NaN,NaN,NaN,0.1552,0,0.6818,0.6364
2020-10-14 10:00:00,P,0,1,15,2.0000,0.0000,0.0000,0.1000,-0.1000,0.2625,0,0.5909,0.5455
2020-10-14 13:00:00,EB,0,1,15,2.0000,0.0000,0.0000,0.0000,0.0000,-0.0138,0,0.5909,0.5455
2020-10-14 14:00:00,EB,0,1,15,2.0000,-0.2000,-0.1000,0.0000,-0.1000,0.1283,0,0.5909,0.5455
2020-10-19 13:30:00,EB,0,1,10,1.5000,0.0000,0.0000,0.0000,-0.1000,-0.1978,0,0.4545,0.4091
2020-10-19 14:30:00,P,0,1,10,1.5000,0.0000,0.0000,0.0000,-0.0000,-0.0542,0,0.4545,0.4091
2020-10-19 14:40:00,EB,0,1,10,1.5000,0.0000,0.0000,0.0000,-0.0000,-0.1141,0,0.4545,0.4091
2020-10-19 14:45:00,P,0,1,10,1.5000,0.0000,0.0000,0.0000,-0.0000,-0.1236,0,0.4545,0.4091
2020-10-21 12:00:00,EB,0,1,8,1.3636,0.0000,0.0000,0.0000,0.1000,0.0050,0,0.3636,0.3182
2020-10-21 15:55:00,EB,0,1,8,1.3636,0.0000,0.0000,0.0000,-0.1000,0.1507,0,0.3636,0.3182
2020-10-29 13:45:00,GC_ME,1,0,0,1.0000,0.1000,0.1000,-0.6000,-0.8667,1.3021,0,0.0909,0.0455
2020-10-30 10:00:00,EB,0,1,41,NaN,NaN,0.0000,0.0000,-0.1000,0.5406,0,0.0455,0.0000
2020-10-30 13:00:00,EB,0,1,41,NaN,NaN,0.0000,0.0000,0.0000,-0.2615,0,0.0455,0.0000
2020-11-02 15:00:00,EB,0,1,38,NaN,NaN,0.0000,0.1000,-0.2000,-0.1448,0,1.0000,0.9524
2020-11-04 09:45:00,EB,0,1,36,NaN,NaN,0.0000,-0.1000,-0.1000,0.8399,0,0.9048,0.8571
2020-11-04 14:00:00,EB,0,1,36,NaN,NaN,0.0000,0.0000,-0.1667,0.5501,0,0.9048,0.8571
2020-11-04 16:00:00,EB,0,1,36,NaN,NaN,NaN,0.0000,-0.1000,1.1665,0,0.9048,0.8571
2020-11-05 11:40:00,EB,0,1,35,NaN,NaN,0.0000,0.0000,0.0500,0.4039,0,0.8571,0.8095
2020-11-05 16:10:00,EB,0,1,35,NaN,NaN,NaN,NaN,0.0000,0.1431,0,0.8571,0.8095
2020-11-09 10:25:00,P,0,1,31,NaN,NaN,0.0000,-0.1000,0.0000,0.1041,0,0.7619,0.7143
2020-11-09 13:00:00,EB,0,1,31,NaN,NaN,0.0000,0.2000,1.0333,3.3813,0,0.7619,0.7143
2020-11-11 14:00:00,P,0,1,29,NaN,NaN,0.0000,0.0000,0.2500,-0.0494,0,0.6667,0.6190
2020-11-12 10:50:00,EB,0,1,28,NaN,NaN,0.0000,0.0000,0.0000,0.0603,0,0.6190,0.5714
2020-11-12 14:00:00,EB,0,1,28,NaN,NaN,0.0000,0.0000,0.1000,-0.1345,0,0.6190,0.5714
2020-11-12 15:15:00,EB,0,1,28,NaN,NaN,0.0000,0.0000,-0.2333,0.1173,0,0.6190,0.5714
2020-11-12 16:30:00,EB,0,1,28,NaN,NaN,NaN,NaN,NaN,-0.2516,0,0.6190,0.5714
2020-11-16 10:00:00,EB,0,1,24,5.0000,0.0000,0.0000,-0.1000,0.0150,0.1881,0,0.5238,0.4762
2020-11-16 14:00:00,P,0,1,24,5.0000,-0.1500,-0.0300,0.1000,-0.4033,-0.1259,0,0.5238,0.4762
2020-11-16 14:30:00,EB,0,1,24,5.0000,0.0000,0.0000,0.0000,-0.1000,0.0717,0,0.5238,0.4762
2020-11-17 17:00:00,P,0,1,23,4.2857,NaN,NaN,0.1000,0.0033,0.0802,0,0.4762,0.4286
2020-11-19 16:15:00,EB,0,1,21,3.3333,-0.0333,-0.0100,-0.0450,0.0450,-0.1320,0,0.3810,0.3333
2020-11-20 09:35:00,P,0,1,20,3.0000,0.1200,0.0400,0.0900,-0.1467,0.0659,0,0.3333,0.2857
2020-11-20 10:45:00,EB,0,1,20,3.0000,-0.0300,-0.0100,0.0400,-0.0525,0.1844,0,0.3333,0.2857
2020-11-23 14:10:00,EB,0,1,17,2.3077,0.0115,0.0050,0.0100,-0.0200,-0.2056,0,0.2857,0.2381
2020-11-24 14:15:00,EB,0,1,16,2.1429,-0.0857,-0.0400,0.0000,-0.0600,-0.0685,0,0.2381,0.1905
2020-11-24 15:00:00,P,0,1,16,2.1429,-0.0857,-0.0400,-0.0300,-0.0200,-0.0884,0,0.2381,0.1905
2020-11-26 13:00:00,EB,0,1,14,1.8750,0.0656,0.0350,-0.0200,-0.0800,-0.0444,0,0.1429,0.0952
2020-11-26 14:00:00,EB,0,1,14,1.8750,-0.0328,-0.0175,0.1000,0.0733,0.1682,0,0.1429,0.0952
2020-11-27 10:30:00,EB,0,1,13,1.7647,0.0088,0.0050,0.0100,-0.0600,-0.2071,0,0.0952,0.0476
2020-11-27 11:00:00,EB,0,1,13,1.7647,-0.0088,-0.0050,-0.0100,-0.0400,-0.0023,0,0.0952,0.0476
2020-11-30 11:30:00,P,0,1,10,1.5000,-0.0150,-0.0100,0.0000,-0.0700,0.0760,0,0.0476,0.0000
2020-12-10 13:45:00,GC_ME,1,0,0,1.0000,1.0150,1.0150,1.0083,1.3125,-0.6908,1,0.6957,0.6522
2020-12-14 10:45:00,EB,0,1,38,NaN,NaN,0.0100,0.1200,0.0883,0.3203,0,0.6087,0.5652
2020-12-14 14:30:00,EB,0,1,38,NaN,NaN,0.0000,-0.0100,-0.0050,-0.0894,0,0.6087,0.5652
2020-12-15 15:05:00,EB,0,1,37,NaN,NaN,-0.1000,0.0000,-0.1000,-0.1638,0,0.5652,0.5217
2020-12-16 09:30:00,EB,0,1,36,NaN,NaN,0.0000,0.0733,0.1575,0.2708,0,0.5217,0.4783
2020-12-16 16:30:00,EB,0,1,36,NaN,NaN,NaN,NaN,0.0100,0.3325,0,0.5217,0.4783
2020-12-17 17:00:00,EB,0,1,35,NaN,NaN,NaN,-0.0400,0.2617,-0.0833,0,0.4783,0.4348
2021-01-11 15:40:00,P,0,1,10,1.5000,0.0000,0.0000,0.0100,0.0800,0.6176,0,0.7143,0.6667
2021-01-13 10:00:00,P,0,1,8,1.3636,0.0000,0.0000,0.0000,0.0000,0.2457,0,0.6190,0.5714
2021-01-21 13:45:00,GC_ME,1,0,0,1.0000,-0.1000,-0.1000,-0.1000,-0.1000,-0.3417,0,0.3333,0.2857
2021-01-25 09:45:00,P,0,1,45,NaN,NaN,-0.0900,0.0000,-0.4067,-0.0433,0,0.2381,0.1905
2021-01-25 11:45:00,EB,0,1,45,NaN,NaN,-0.0050,0.0000,0.0033,0.0403,0,0.2381,0.1905
2021-01-25 14:45:00,EB,0,1,45,NaN,NaN,0.0200,0.0000,-0.0175,0.3630,0,0.2381,0.1905
2021-01-25 14:45:00,EB,0,1,45,NaN,NaN,0.0200,0.0000,-0.0175,0.3630,0,0.2381,0.1905
2021-01-27 16:00:00,EB,0,1,43,NaN,NaN,-0.2000,-0.3000,0.3500,0.6583,0,0.1429,0.0952
2021-02-05 14:30:00,EB,0,1,34,NaN,NaN,0.0000,0.0200,0.1433,0.0128,0,0.8000,0.7500
2021-02-08 17:00:00,P,0,1,31,NaN,NaN,NaN,NaN,-0.0500,-0.3439,0,0.7500,0.7000
2021-02-09 16:00:00,EB,0,1,30,NaN,NaN,0.0000,0.0000,-0.1000,0.1017,0,0.7000,0.6500
2021-02-10 14:00:00,EB,0,1,29,NaN,NaN,0.0000,-0.0200,-0.2500,0.0344,0,0.6500,0.6000
2021-02-10 14:00:00,P,0,1,29,NaN,NaN,0.0000,-0.0200,-0.2500,0.0344,0,0.6500,0.6000
2021-02-22 15:30:00,P,0,1,17,2.3077,NaN,NaN,-0.0450,0.0100,0.1924,0,0.2500,0.2000
2021-02-25 11:45:00,EB,0,1,14,1.8750,0.0094,0.0050,0.0200,0.2420,-0.2986,0,0.1000,0.0500
2021-02-25 16:00:00,EB,0,1,14,1.8750,0.0000,0.0000,-0.1000,0.2000,-0.4829,0,0.1000,0.0500
2021-02-26 09:30:00,EB,0,1,13,1.7647,0.0706,0.0400,0.0550,-0.3775,0.8404,0,0.0500,0.0000
2021-03-01 16:20:00,EB,0,1,10,1.5000,0.0150,0.0100,0.0700,0.1433,0.4371,0,1.0000,0.9565
2021-03-02 14:40:00,EB,0,1,9,1.4286,0.0000,0.0000,0.0000,0.0833,0.0771,0,0.9565,0.9130
2021-03-03 14:00:00,EB,0,1,8,1.3636,-0.0341,-0.0250,0.0100,0.0700,-0.5528,0,0.9130,0.8696
2021-03-03 16:00:00,EB,0,1,8,1.3636,-0.1273,-0.0933,-0.0900,0.2288,-0.0813,0,0.9130,0.8696
2021-03-11 13:45:00,GC_ME,1,0,0,1.0000,0.2750,0.2750,0.3525,0.3825,0.1078,0,0.6522,0.6087
2021-03-17 16:00:00,EB,0,1,36,NaN,NaN,0.0000,0.0800,0.0200,0.1353,0,0.4783,0.4348
2021-03-18 14:00:00,EB,0,1,35,NaN,NaN,0.0000,0.0200,0.1840,0.0078,0,0.4348,0.3913
2021-03-19 11:45:00,EB,0,1,34,NaN,NaN,0.0000,-0.0300,0.2000,-0.1464,0,0.3913,0.3478
2021-03-24 16:40:00,P,0,1,29,NaN,NaN,NaN,NaN,0.0100,0.0566,0,0.2609,0.2174
2021-04-08 11:30:00,P,0,1,14,1.8750,0.0000,0.0000,0.0000,0.0000,-0.1138,0,0.7727,0.7273
2021-04-09 09:30:00,EB,0,1,13,1.7647,0.0000,0.0000,-0.0100,0.1000,0.0350,0,0.7273,0.6818
2021-04-12 09:45:00,EB,0,1,10,1.5000,-0.0300,-0.0200,-0.1000,-0.1100,-0.1769,0,0.6818,0.6364
2021-04-14 13:45:00,EB,0,1,8,1.3636,-0.1636,-0.1200,-0.1050,-0.0150,-0.1583,0,0.5909,0.5455
2021-04-14 16:00:00,P,0,1,8,1.3636,0.0000,0.0000,0.0000,0.2000,-0.0068,0,0.5909,0.5455
2021-04-22 13:45:00,GC_ME,1,0,0,1.0000,0.0800,0.0800,0.0133,-0.1750,-0.0834,1,0.3182,0.2727
2021-04-26 14:00:00,EB,0,1,45,NaN,NaN,0.0050,0.0100,0.1050,0.1203,0,0.2273,0.1818
2021-04-26 15:00:00,EB,0,1,45,NaN,NaN,-0.0150,-0.0600,-0.0400,0.1359,0,0.2273,0.1818
2021-04-28 16:00:00,P,0,1,43,NaN,NaN,0.0000,-0.0300,0.0900,0.0346,0,0.1364,0.0909
2021-04-29 09:30:00,EB,0,1,42,NaN,NaN,0.0000,0.0050,0.0100,0.1447,0,0.0909,0.0455
2021-04-29 11:00:00,EB,0,1,42,NaN,NaN,0.0000,-0.0400,-0.1133,-0.1073,0,0.0909,0.0455
2021-05-05 15:00:00,EB,0,1,36,NaN,NaN,0.0000,0.0150,0.1000,0.1687,0,0.9048,0.8571
2021-05-06 12:30:00,EB,0,1,35,NaN,NaN,0.0000,-0.0400,-0.1000,0.0273,0,0.8571,0.8095
2021-05-06 13:15:00,P,0,1,35,NaN,NaN,0.0000,0.0000,0.1000,0.0208,0,0.8571,0.8095
2021-05-06 15:15:00,EB,0,1,35,NaN,NaN,0.0000,0.0100,-0.1000,-0.2798,0,0.8571,0.8095
2021-05-07 12:00:00,P,0,1,34,NaN,NaN,0.0000,0.0000,0.0200,0.2473,0,0.8095,0.7619
2021-05-18 16:00:00,P,0,1,23,4.2857,NaN,NaN,-0.0050,0.0350,0.1064,0,0.4762,0.4286
2021-05-21 13:00:00,P,0,1,20,3.0000,0.0000,0.0000,-0.0300,-0.1000,0.1716,0,0.3333,0.2857
2021-05-25 16:00:00,EB,0,1,16,2.1429,0.0000,0.0000,0.0000,-0.1000,-0.1830,0,0.2381,0.1905
2021-05-27 11:45:00,EB,0,1,14,1.8750,0.0000,0.0000,0.0000,0.1000,0.0221,0,0.1429,0.0952
2021-05-27 15:00:00,EB,0,1,14,1.8750,0.0000,0.0000,-0.0050,0.0500,0.3368,0,0.1429,0.0952
2021-06-03 15:45:00,EB,0,1,7,1.3043,0.0196,0.0150,0.0250,0.0200,0.0612,0,0.9091,0.8636
2021-06-10 13:45:00,GC_ME,1,0,0,1.0000,0.0150,0.0150,0.0175,-0.1917,0.4758,0,0.6818,0.6364
2021-06-14 15:00:00,EB,0,1,38,NaN,NaN,-0.0950,-0.0500,0.1000,0.0617,0,0.5909,0.5455
2021-06-15 13:00:00,EB,0,1,37,NaN,NaN,0.0000,0.0000,-0.0400,0.0607,0,0.5455,0.5000
2021-06-15 15:50:00,EB,0,1,37,NaN,NaN,NaN,-0.0800,-0.0067,-0.1017,0,0.5455,0.5000
2021-06-16 10:00:00,EB,0,1,36,NaN,NaN,0.0000,-0.0550,0.0100,-0.1010,0,0.5000,0.4545
2021-06-16 11:00:00,EB,0,1,36,NaN,NaN,0.0000,0.0450,-0.0100,-0.0251,0,0.5000,0.4545
2021-06-17 14:30:00,EB,0,1,35,NaN,NaN,0.0000,0.0200,-0.0200,0.0417,0,0.4545,0.4091
2021-06-17 16:00:00,EB,0,1,35,NaN,NaN,NaN,-0.0800,0.0200,0.2985,0,0.4545,0.4091
2021-06-21 16:15:00,P,0,1,31,NaN,NaN,NaN,0.0100,0.0250,0.3098,0,0.3636,0.3182
2021-06-22 16:00:00,EB,0,1,30,NaN,NaN,0.0000,0.0200,0.1583,0.1738,0,0.3182,0.2727
2021-06-23 09:30:00,EB,0,1,29,NaN,NaN,0.0000,0.0200,-0.1067,-0.3894,0,0.2727,0.2273
2021-06-24 13:30:00,EB,0,1,28,NaN,NaN,0.0000,0.1750,-0.1913,0.0499,0,0.2273,0.1818
2021-06-28 10:15:00,EB,0,1,24,5.0000,0.0000,0.0000,-0.0100,-0.0800,-0.1367,0,0.1364,0.0909
2021-06-28 17:00:00,EB,0,1,24,5.0000,0.0250,0.0050,0.0100,-0.0200,-0.1197,0,0.1364,0.0909
2021-06-29 15:40:00,P,0,1,23,4.2857,0.0000,0.0000,0.0000,-0.0200,-0.1684,0,0.0909,0.0455
2021-06-30 10:00:00,EB,0,1,22,3.7500,-0.0187,-0.0050,0.0000,-0.0400,-0.8428,0,0.0455,0.0000
2021-07-02 14:30:00,P,0,1,20,3.0000,-0.0150,-0.0050,0.1000,-0.0300,0.0438,0,0.9545,0.9091
2021-07-05 11:00:00,P,0,1,17,2.3077,0.0000,0.0000,0.0150,0.0600,-0.0654,0,0.9091,0.8636
2021-07-05 13:30:00,P,0,1,17,2.3077,0.0000,0.0000,0.0000,0.0050,0.1015,0,0.9091,0.8636
2021-07-06 10:10:00,EB,0,1,16,2.1429,0.0000,0.0000,0.0000,-0.0850,0.0496,0,0.8636,0.8182
2021-07-09 12:00:00,P,0,1,13,1.7647,0.0000,0.0000,0.0100,0.0500,0.0203,0,0.7273,0.6818
2021-07-12 11:00:00,EB,0,1,10,1.5000,-0.0075,-0.0050,-0.0200,-0.0750,-0.0672,0,0.6818,0.6364
2021-07-14 14:45:00,EB,0,1,8,1.3636,-0.0102,-0.0075,0.0000,0.0200,0.1982,0,0.5909,0.5455
2021-07-22 13:45:00,GC_ME,1,0,0,1.0000,0.0750,0.0750,-0.0300,-0.1033,-0.2343,1,0.3182,0.2727
2021-08-24 14:30:00,EB,0,1,16,2.1429,0.1607,0.0750,0.1250,0.0450,-0.1498,0,0.2727,0.2273
2021-08-25 10:30:00,EB,0,1,15,2.0000,-0.0100,-0.0050,-0.1000,-0.0100,-0.0944,0,0.2273,0.1818
2021-08-26 17:00:00,EB,0,1,14,1.8750,-0.0375,-0.0200,-0.0400,-0.0775,0.0955,0,0.1818,0.1364
2021-09-03 17:00:00,P,0,1,6,1.2500,0.0000,0.0000,-0.0050,0.0100,0.1432,0,0.9091,0.8636
2021-09-09 13:45:00,GC_ME,1,0,0,1.0000,-0.1150,-0.1150,-0.1050,-0.1450,0.4662,1,0.7273,0.6818
2021-09-10 11:30:00,P,0,1,48,NaN,NaN,0.0100,0.0100,0.0600,-0.0919,0,0.6818,0.6364
2021-09-13 11:00:00,EB,0,1,45,NaN,NaN,0.0000,0.0000,0.0000,0.1007,0,0.6364,0.5909
2021-09-13 15:30:00,P,0,1,45,NaN,NaN,0.1350,0.1300,0.0025,-0.4812,0,0.6364,0.5909
2021-09-15 14:30:00,EB,0,1,43,NaN,NaN,0.0000,-0.0050,0.0250,-0.0242,0,0.5455,0.5000
2021-09-15 17:00:00,EB,0,1,43,NaN,NaN,NaN,0.0050,0.0350,-0.0778,0,0.5455,0.5000
2021-09-16 14:00:00,P,0,1,42,NaN,NaN,0.0000,-0.1200,-0.0700,0.0392,0,0.5000,0.4545
2021-09-20 12:35:00,EB,0,1,38,NaN,NaN,0.0000,0.0000,-0.0100,-0.1462,0,0.4091,0.3636
2021-09-23 11:45:00,EB,0,1,35,NaN,NaN,0.0000,0.0200,-0.0400,-0.1778,0,0.2727,0.2273
2021-09-24 13:50:00,EB,0,1,34,NaN,NaN,0.0000,0.0000,0.0050,-0.1024,0,0.2273,0.1818
2021-09-24 15:15:00,EB,0,1,34,NaN,NaN,0.0000,-0.0050,0.0825,0.3076,0,0.2273,0.1818
2021-09-27 13:45:00,P,0,1,31,NaN,NaN,0.0000,-0.0200,0.0825,-0.0909,0,0.1818,0.1364
2021-09-28 14:00:00,P,0,1,30,NaN,NaN,0.0000,0.0000,-0.0200,-0.1302,0,0.1364,0.0909
2021-09-30 10:00:00,EB,0,1,28,NaN,NaN,0.0000,0.0000,-0.0600,-0.3725,0,0.0455,0.0000
2021-10-04 09:30:00,EB,0,1,24,5.0000,0.0000,0.0000,-0.2000,1.1000,-0.0716,0,0.9524,0.9048
2021-10-07 10:30:00,EB,0,1,21,3.3333,0.0167,0.0050,0.0100,-0.0567,0.0224,0,0.8095,0.7619
2021-10-07 15:00:00,EB,0,1,21,3.3333,NaN,NaN,NaN,-0.0450,-0.0730,0,0.8095,0.7619
2021-10-07 15:00:00,EB,0,1,21,3.3333,NaN,NaN,NaN,-0.0450,-0.0730,0,0.8095,0.7619
2021-10-08 14:05:00,P,0,1,20,3.0000,-0.1500,-0.0500,-0.1400,-0.2025,-0.1315,0,0.7619,0.7143
2021-10-08 15:00:00,EB,0,1,20,3.0000,0.2100,0.0700,0.1900,0.2775,-0.0668,0,0.7619,0.7143
2021-10-11 14:00:00,EB,0,1,17,2.3077,0.0000,0.0000,-0.0200,-0.0300,0.1028,0,0.7143,0.6667
2021-10-11 16:45:00,EB,0,1,17,2.3077,0.0000,0.0000,0.0100,-0.0100,-0.1239,0,0.7143,0.6667
2021-10-12 14:30:00,EB,0,1,16,2.1429,0.0107,0.0050,-0.0700,0.3450,0.0550,0,0.6667,0.6190
2021-10-12 15:00:00,P,0,1,16,2.1429,-0.0750,-0.0350,-0.0600,0.2333,-0.0698,0,0.6667,0.6190
2021-10-12 15:00:00,EB,0,1,16,2.1429,-0.0750,-0.0350,-0.0600,0.2333,-0.0698,0,0.6667,0.6190
2021-10-14 12:00:00,P,0,1,14,1.8750,-0.0094,-0.0050,-0.0150,-0.1000,-0.0368,0,0.5714,0.5238
2021-10-14 12:05:00,EB,0,1,14,1.8750,-0.0187,-0.0100,-0.0150,-0.1000,-0.0172,0,0.5714,0.5238
2021-10-19 13:10:00,EB,0,1,9,1.4286,0.0429,0.0300,0.0200,0.4188,-0.0934,0,0.4286,0.3810
2021-10-19 14:00:00,EB,0,1,9,1.4286,0.0571,0.0400,0.0800,-0.2575,-0.0843,0,0.4286,0.3810
2021-10-19 16:00:00,EB,0,1,9,1.4286,-0.0286,-0.0200,-0.0333,-0.7788,0.0406,0,0.4286,0.3810
2021-10-20 09:20:00,EB,0,1,8,1.3636,-0.0068,-0.0050,-0.1000,-0.2933,0.3077,0,0.3810,0.3333
2021-10-28 13:45:00,GC_ME,1,0,0,1.0000,-0.0400,-0.0400,0.1525,0.6288,-0.2015,0,0.0952,0.0476
2021-11-02 12:20:00,EB,0,1,44,NaN,NaN,0.0000,0.0250,0.1288,-0.0453,0,0.9545,0.9091
2021-11-03 11:00:00,P,0,1,43,NaN,NaN,0.0000,-0.1100,-0.7188,0.0715,0,0.9091,0.8636
2021-11-03 11:15:00,EB,0,1,43,NaN,NaN,0.0000,-0.0600,-0.0900,-0.0114,0,0.9091,0.8636
2021-11-04 14:00:00,P,0,1,42,NaN,NaN,0.0000,0.0100,-0.2142,-0.0989,0,0.8636,0.8182
2021-11-04 15:00:00,EB,0,1,42,NaN,NaN,0.0000,0.0550,0.3867,0.2356,0,0.8636,0.8182
2021-11-05 09:30:00,EB,0,1,41,NaN,NaN,0.0000,-0.0300,0.0500,0.1350,0,0.8182,0.7727
2021-11-05 12:00:00,EB,0,1,41,NaN,NaN,0.0000,-0.0550,-0.2475,0.1822,0,0.8182,0.7727
2021-11-08 14:10:00,EB,0,1,38,NaN,NaN,0.0000,-0.0200,-0.1370,0.0495,0,0.7727,0.7273
2021-11-09 14:00:00,P,0,1,37,NaN,NaN,0.0000,-0.0400,-0.1825,0.0280,0,0.7273,0.6818
2021-11-09 17:00:00,EB,0,1,37,NaN,NaN,NaN,0.0000,-0.0850,-0.1583,0,0.7273,0.6818
2021-11-10 10:30:00,EB,0,1,36,NaN,NaN,0.0000,-0.0200,-0.1250,0.0592,0,0.6818,0.6364
2021-11-11 13:15:00,EB,0,1,35,NaN,NaN,0.0000,0.0000,0.2225,-0.0212,0,0.6364,0.5909
2021-11-11 17:00:00,EB,0,1,35,NaN,NaN,NaN,0.0100,-0.1000,0.0792,0,0.6364,0.5909
2021-11-12 14:50:00,EB,0,1,34,NaN,NaN,0.0000,-0.0050,-0.1875,0.0032,0,0.5909,0.5455
2021-11-15 11:00:00,P,0,1,31,NaN,NaN,0.0000,0.0200,0.1533,0.0137,0,0.5455,0.5000
2021-11-15 16:45:00,EB,0,1,31,NaN,NaN,NaN,0.0933,-0.3067,0.1261,0,0.5455,0.5000
2021-11-17 15:00:00,EB,0,1,29,NaN,NaN,0.0000,-0.0800,-0.2562,0.0343,0,0.4545,0.4091
2021-11-18 11:00:00,EB,0,1,28,NaN,NaN,0.0950,-0.0100,0.1100,-0.1161,0,0.4091,0.3636
2021-11-18 15:30:00,EB,0,1,28,NaN,NaN,0.0400,0.0175,-0.0200,-0.3166,0,0.4091,0.3636
2021-11-19 09:30:00,P,0,1,27,NaN,NaN,0.0100,0.0000,-0.3067,0.0498,0,0.3636,0.3182
2021-11-24 11:10:00,EB,0,1,22,3.7500,-0.0187,-0.0050,-0.1300,0.0525,-0.2014,0,0.2273,0.1818
2021-11-24 17:00:00,EB,0,1,22,3.7500,-0.0562,-0.0150,-0.0700,-0.2333,0.0742,0,0.2273,0.1818
2021-11-25 10:00:00,EB,0,1,21,3.3333,0.2333,0.0700,-0.0200,-0.0817,0.0375,0,0.1818,0.1364
2021-11-25 10:00:00,EB,0,1,21,3.3333,0.2333,0.0700,-0.0200,-0.0817,0.0375,0,0.1818,0.1364
2021-11-25 14:30:00,P,0,1,21,3.3333,0.0000,0.0000,-0.0175,-0.1450,-0.0957,0,0.1818,0.1364
2021-11-29 09:30:00,EB,0,1,17,2.3077,-0.0115,-0.0050,-0.0033,0.2760,-0.1640,0,0.0909,0.0455
2021-12-03 09:30:00,P,0,1,13,1.7647,0.0309,0.0175,0.0433,-0.0163,-0.4653,0,0.9130,0.8696
2021-12-03 14:00:00,EB,0,1,13,1.7647,-0.0176,-0.0100,0.0100,0.2587,0.1599,0,0.9130,0.8696
2021-12-08 12:30:00,EB,0,1,8,1.3636,-0.0136,-0.0100,-0.0050,0.1867,0.3731,0,0.7826,0.7391
2021-12-08 14:10:00,EB,0,1,8,1.3636,0.1636,0.1200,0.0075,0.0675,-0.0681,0,0.7826,0.7391
2021-12-10 11:00:00,EB,0,1,6,1.2500,-0.0375,-0.0300,0.0750,0.0433,0.0836,0,0.6957,0.6522
2021-12-10 11:10:00,EB,0,1,6,1.2500,0.1156,0.0925,0.0767,-0.0080,0.0541,0,0.6957,0.6522
2021-12-16 13:45:00,GC_ME,1,0,0,1.0000,0.2050,0.2050,-0.1500,-0.5950,-0.6844,1,0.5217,0.4783
2022-01-11 11:20:00,P,0,1,23,4.2857,-0.1179,-0.0275,-0.1225,0.1080,-0.2040,0,0.7143,0.6667
2022-01-13 11:30:00,EB,0,1,21,3.3333,NaN,NaN,-0.0150,0.0600,0.0227,0,0.6190,0.5714
2022-01-13 15:30:00,EB,0,1,21,3.3333,-0.0167,-0.0050,-0.0125,-0.1550,-0.4727,0,0.6190,0.5714
2022-01-14 14:30:00,P,0,1,20,3.0000,0.0300,0.0100,0.0100,-0.0100,0.1379,0,0.5714,0.5238
2022-01-21 13:30:00,P,0,1,13,1.7647,-0.0088,-0.0050,0.0037,-0.0175,-0.2381,0,0.3333,0.2857
2022-02-03 13:45:00,GC_ME,1,0,0,1.0000,0.2300,0.2300,0.1733,5.1750,-0.9632,1,0.9000,0.8500
2022-02-07 16:45:00,P,0,1,31,NaN,NaN,0.0000,-0.0850,-0.8700,-0.0063,0,0.8000,0.7500
2022-02-10 13:00:00,EB,0,1,28,NaN,NaN,NaN,-0.0800,-0.1837,0.0837,0,0.6500,0.6000
2022-02-10 14:15:00,EB,0,1,28,NaN,NaN,NaN,0.0400,1.3540,-0.7371,0,0.6500,0.6000
2022-02-17 15:00:00,EB,0,1,21,3.3333,0.1167,0.0350,0.2300,-0.0220,-0.1598,0,0.4000,0.3500
2022-02-18 14:10:00,EB,0,1,20,3.0000,-0.0075,-0.0025,-0.0150,-0.1588,-0.7272,0,0.3500,0.3000
2022-02-23 10:15:00,EB,0,1,15,2.0000,0.0100,0.0050,0.0100,0.0000,0.0419,0,0.2000,0.1500
2022-02-23 12:30:00,EB,0,1,15,2.0000,0.0650,0.0325,-0.0350,-0.5767,-0.1322,0,0.2000,0.1500
2022-02-23 16:00:00,EB,0,1,15,2.0000,0.0500,0.0250,-0.2150,-0.2870,-1.1631,0,0.2000,0.1500
2022-02-24 17:00:00,EB,0,1,14,1.8750,0.1969,0.1050,0.1810,0.7775,0.2406,0,0.1500,0.1000
2022-02-25 15:00:00,P,0,1,13,1.7647,0.3000,0.1700,0.1000,-0.0183,-0.0317,0,0.1000,0.0500
2022-02-28 12:30:00,EB,0,1,10,1.5000,-0.0075,-0.0050,-0.0483,-0.0775,0.0747,0,0.0500,0.0000
2022-03-02 12:00:00,EB,0,1,8,1.3636,0.0682,0.0500,0.0983,0.4008,0.1313,0,0.9565,0.9130
2022-03-02 17:00:00,EB,0,1,8,1.3636,0.1364,0.1000,-0.0700,-0.1110,0.1072,0,0.9565,0.9130
2022-03-10 13:45:00,GC_ME,1,0,0,1.0000,0.1575,0.1575,0.1325,4.0442,-0.1361,1,0.6957,0.6522
2022-03-14 10:30:00,EB,0,1,31,NaN,NaN,-0.0300,0.0225,-0.0950,0.5478,0,0.6087,0.5652
2022-03-15 16:15:00,P,0,1,30,NaN,NaN,0.0150,0.0300,0.0658,-0.6124,0,0.5652,0.5217
2022-03-17 10:30:00,P,0,1,28,NaN,NaN,0.0250,0.1000,-0.0460,-0.4410,0,0.4783,0.4348
2022-03-17 11:15:00,EB,0,1,28,NaN,NaN,0.0050,-0.0575,-0.0550,0.3766,0,0.4783,0.4348
2022-03-17 13:45:00,EB,0,1,28,NaN,NaN,-0.0450,-0.0750,0.5800,-0.1917,0,0.4783,0.4348
2022-03-22 14:00:00,EB,0,1,23,4.2857,-0.1071,-0.0250,0.0625,0.7008,0.3685,0,0.3478,0.3043
2022-03-22 14:15:00,P,0,1,23,4.2857,-0.1286,-0.0300,0.1200,1.0017,0.2563,0,0.3478,0.3043
2022-03-24 10:30:00,EB,0,1,21,3.3333,-0.0333,-0.0100,-0.0150,0.2871,-0.6741,0,0.2609,0.2174
2022-03-30 10:00:00,P,0,1,15,2.0000,0.0700,0.0350,0.0200,-0.5610,-0.4875,0,0.0870,0.0435
2022-03-30 16:15:00,EB,0,1,15,2.0000,0.0500,0.0250,0.0075,-0.1700,-0.0761,0,0.0870,0.0435
2022-03-31 10:00:00,EB,0,1,14,1.8750,-0.0969,-0.0517,-0.1383,-0.1775,-0.4981,0,0.0435,0.0000
2022-03-31 12:00:00,EB,0,1,14,1.8750,-0.2953,-0.1575,-0.3563,-1.0942,-0.2974,0,0.0435,0.0000
2022-04-06 11:00:00,EB,0,1,8,1.3636,-0.0409,-0.0300,-0.0800,-0.1300,-0.0477,0,0.8571,0.8095
2022-04-06 12:45:00,EB,0,1,8,1.3636,-0.0034,-0.0025,-0.0483,-0.3438,-0.5354,0,0.8571,0.8095
2022-04-08 13:15:00,EB,0,1,6,1.2500,-0.0063,-0.0050,-0.0200,0.4888,0.0029,0,0.7619,0.7143
2022-04-14 13:45:00,GC_ME,1,0,0,1.0000,NaN,NaN,-1.2350,-6.1000,0.2371,0,0.5714,0.5238
2022-04-21 12:00:00,P,0,1,49,NaN,NaN,0.0200,-0.0833,-1.1510,0.2842,0,0.3333,0.2857
2022-04-22 15:00:00,P,0,1,48,NaN,NaN,0.0050,0.7600,2.9613,-0.4472,0,0.2857,0.2381
2022-05-05 12:30:00,EB,0,1,35,NaN,NaN,0.0000,-0.4183,-1.7875,0.2311,0,0.8636,0.8182
2022-05-11 10:00:00,P,0,1,29,NaN,NaN,0.0000,-0.2737,-0.7288,0.9693,0,0.6818,0.6364
2022-05-11 14:20:00,EB,0,1,29,NaN,NaN,-0.0600,0.0133,2.3570,-1.4372,0,0.6818,0.6364
2022-05-16 10:20:00,EB,0,1,24,5.0000,-0.5750,-0.1150,0.2175,0.7283,0.5709,0,0.5455,0.5000
2022-05-19 14:30:00,EB,0,1,21,3.3333,-0.1000,-0.0300,-0.1733,-0.3450,-0.0863,0,0.4091,0.3636
2022-05-20 14:00:00,EB,0,1,20,3.0000,0.0750,0.0250,-0.0833,-0.4950,-0.1348,0,0.3636,0.3182
2022-05-25 10:00:00,P,0,1,15,2.0000,-0.0900,-0.0450,-0.1567,-0.4275,-0.0554,0,0.2273,0.1818
2022-05-25 11:45:00,EB,0,1,15,2.0000,-0.2500,-0.1250,-0.2433,-0.4892,0.3092,0,0.2273,0.1818
2022-06-01 14:00:00,EB,0,1,8,1.3636,-0.0455,-0.0333,-0.1425,0.2775,0.3818,0,1.0000,0.9545
2022-06-09 13:45:00,GC_ME,1,0,0,1.0000,-2.4250,-2.4250,-4.2687,6.8808,-1.4011,0,0.7273,0.6818
2022-06-15 15:00:00,EB,0,1,36,NaN,NaN,-0.1350,-0.2750,-2.3150,0.5425,0,0.5455,0.5000
2022-06-16 09:50:00,EB,0,1,35,NaN,NaN,-0.0900,0.4933,1.0375,0.1056,0,0.5000,0.4545
2022-06-16 10:30:00,EB,0,1,35,NaN,NaN,0.0650,-0.1800,2.9780,-0.8086,0,0.5000,0.4545
2022-06-20 15:00:00,P,0,1,31,NaN,NaN,-0.2000,-0.0750,1.7990,0.0353,0,0.4091,0.3636
2022-06-22 09:40:00,EB,0,1,29,NaN,NaN,-0.3700,-0.3038,0.2712,-0.2157,0,0.3182,0.2727
2022-06-24 13:30:00,EB,0,1,27,NaN,NaN,-0.0250,-0.0883,0.8008,0.1643,0,0.2273,0.1818
2022-06-28 10:00:00,P,0,1,23,4.2857,0.4286,0.1000,0.2117,-1.3100,0.4877,0,0.1364,0.0909
2022-06-28 10:30:00,EB,0,1,23,4.2857,-0.3429,-0.0800,-0.5300,-1.4225,0.3856,0,0.1364,0.0909
2022-06-28 11:30:00,EB,0,1,23,4.2857,0.1714,0.0400,0.3962,2.0475,-0.4450,0,0.1364,0.0909
2022-06-28 13:00:00,EB,0,1,23,4.2857,0.0429,0.0100,0.0775,-0.2925,0.1331,0,0.1364,0.0909
2022-06-29 10:00:00,EB,0,1,22,3.7500,0.2812,0.0750,0.3383,3.5356,-0.0139,0,0.0909,0.0455
2022-06-29 12:00:00,EB,0,1,22,3.7500,-0.0375,-0.0100,-0.3150,0.5825,-0.6606,0,0.0909,0.0455
2022-06-29 17:00:00,P,0,1,22,3.7500,-0.2250,-0.0600,-0.1762,-1.3550,-0.1761,0,0.0909,0.0455
2022-07-01 12:30:00,EB,0,1,20,3.0000,-0.1800,-0.0600,-0.2100,-4.0440,-0.4815,0,1.0000,0.9524
2022-07-04 17:00:00,EB,0,1,17,2.3077,-0.5192,-0.2250,-0.0500,1.2000,0.1084,0,0.9524,0.9048
2022-07-07 11:45:00,EB,0,1,14,1.8750,0.0234,0.0125,0.0750,0.0290,-0.1336,0,0.8095,0.7619
2022-07-08 13:55:00,P,0,1,13,1.7647,0.2118,0.1200,0.2817,3.0760,-0.2900,0,0.7619,0.7143
2022-07-21 14:15:00,GC_ME,1,0,0,1.0000,15.6650,15.6650,13.2525,8.5070,0.1200,0,0.3333,0.2857
2022-08-18 14:45:00,EB,0,1,21,3.3333,0.3000,0.0900,-0.0150,0.0733,-0.2026,0,0.4348,0.3913
2022-08-23 13:00:00,EB,0,1,16,2.1429,-0.0214,-0.0100,-0.3300,-1.3540,-0.2137,0,0.3043,0.2609
2022-08-29 15:00:00,EB,0,1,10,1.5000,-0.3275,-0.2183,-0.0250,-0.0400,0.1839,0,0.1304,0.0870
2022-09-08 14:15:00,GC_ME,1,0,0,1.0000,6.0433,6.0433,8.3833,11.6562,-0.2236,1,0.7727,0.7273
2022-09-09 11:30:00,P,0,1,48,NaN,NaN,-0.0300,-0.0712,-2.6850,-0.3984,0,0.7273,0.6818
2022-09-12 09:30:00,EB,0,1,45,NaN,NaN,-0.2000,0.5517,0.2100,0.6472,0,0.6818,0.6364
2022-09-12 14:00:00,EB,0,1,45,NaN,NaN,-0.2900,-0.6913,0.1860,0.0947,0,0.6818,0.6364
2022-09-14 13:00:00,EB,0,1,43,NaN,NaN,-0.1000,0.0600,1.9450,-0.3497,0,0.5909,0.5455
2022-09-15 11:15:00,EB,0,1,42,NaN,NaN,0.0000,-0.1500,-0.8825,-0.0926,0,0.5455,0.5000
2022-09-16 10:30:00,P,0,1,41,NaN,NaN,0.0000,0.4500,1.7550,-0.0206,0,0.5000,0.4545
2022-09-19 11:00:00,EB,0,1,38,NaN,NaN,0.0050,0.1550,1.8188,-0.5017,0,0.4545,0.4091
2022-09-26 09:30:00,EB,0,1,31,NaN,NaN,-0.0150,0.4883,-1.2000,0.0066,0,0.2273,0.1818
2022-09-26 15:00:00,P,0,1,31,NaN,NaN,0.0650,-0.8150,-4.6363,0.4253,0,0.2273,0.1818
2022-09-27 13:30:00,EB,0,1,30,NaN,NaN,-0.0300,0.2000,1.6350,0.2893,0,0.1818,0.1364
2022-09-27 15:15:00,EB,0,1,30,NaN,NaN,-0.0200,0.1025,3.6000,-0.3816,0,0.1818,0.1364
2022-09-28 17:00:00,EB,0,1,29,NaN,NaN,0.0050,0.0350,0.8067,0.1129,0,0.1364,0.0909
2022-09-29 10:00:00,EB,0,1,28,NaN,NaN,0.0800,0.2183,0.0400,0.3752,0,0.0909,0.0455
2022-09-29 10:15:00,EB,0,1,28,NaN,NaN,0.0500,-0.0850,0.5050,0.0365,0,0.0909,0.0455
2022-09-30 13:00:00,EB,0,1,27,NaN,NaN,NaN,0.1000,0.0512,-0.5592,0,0.0455,0.0000
2022-10-04 17:00:00,P,0,1,23,4.2857,-0.0429,-0.0100,-0.0350,1.3867,0.3973,0,0.9524,0.9048
2022-10-10 15:00:00,EB,0,1,17,2.3077,0.0692,0.0300,-0.0200,0.5563,-0.3006,0,0.7619,0.7143
2022-10-11 14:45:00,EB,0,1,16,2.1429,-0.0214,-0.0100,0.0350,0.5990,-0.4711,0,0.7143,0.6667
2022-10-12 15:30:00,P,0,1,15,2.0000,-0.1200,-0.0600,-0.1950,-2.3087,0.3029,0,0.6667,0.6190
2022-10-14 12:00:00,P,0,1,13,1.7647,0.1765,0.1000,-0.2075,-0.9540,0.7198,0,0.5714,0.5238
2022-10-17 10:00:00,EB,0,1,10,1.5000,0.4050,0.2700,0.1562,-0.5530,0.1758,0,0.5238,0.4762
2022-10-17 17:00:00,EB,0,1,10,1.5000,0.1500,0.1000,0.1000,0.1000,-0.2495,0,0.5238,0.4762
2022-10-27 14:15:00,GC_ME,1,0,0,1.0000,1.7300,1.7300,-0.4617,-13.8350,0.6443,0,0.1429,0.0952
2022-10-31 16:00:00,EB,0,1,45,NaN,NaN,-0.2000,-0.1000,-0.1900,0.0494,0,0.0476,0.0000
2022-11-04 10:15:00,EB,0,1,41,NaN,NaN,-0.0050,-0.0350,1.7770,0.3225,0,0.8636,0.8182
2022-11-04 10:30:00,P,0,1,41,NaN,NaN,0.0950,0.2000,2.6990,0.2801,0,0.8636,0.8182
2022-11-07 09:40:00,P,0,1,38,NaN,NaN,0.0925,-0.1913,-1.6070,0.8249,0,0.8182,0.7727
2022-11-07 10:30:00,EB,0,1,38,NaN,NaN,0.1250,-0.1000,-1.4690,0.0493,0,0.8182,0.7727
2022-11-09 11:00:00,EB,0,1,36,NaN,NaN,0.1300,-0.0000,-0.3267,0.1041,0,0.7273,0.6818
2022-11-10 14:00:00,EB,0,1,35,NaN,NaN,0.0050,-2.0467,-12.7075,2.3298,0,0.6818,0.6364
2022-11-11 13:00:00,EB,0,1,34,NaN,NaN,0.0000,0.0850,0.8450,-0.0504,0,0.6364,0.5909
2022-11-11 13:00:00,EB,0,1,34,NaN,NaN,0.0000,0.0850,0.8450,-0.0504,0,0.6364,0.5909
2022-11-11 17:00:00,EB,0,1,34,NaN,NaN,0.0550,0.0067,-0.9317,-0.1641,0,0.6364,0.5909
2022-11-14 11:00:00,EB,0,1,31,NaN,NaN,0.0000,-1.1675,-3.0317,-0.0650,0,0.5909,0.5455
2022-11-16 16:00:00,EB,0,1,29,NaN,NaN,0.0100,0.0213,1.3237,-0.1009,0,0.5000,0.4545
2022-11-18 09:30:00,P,0,1,27,NaN,NaN,-0.1000,0.0950,2.1475,0.6360,0,0.4091,0.3636
2022-11-23 09:30:00,EB,0,1,22,3.7500,-0.2062,-0.0550,0.0975,0.1350,-0.0361,0,0.2727,0.2273
2022-11-24 12:15:00,EB,0,1,21,3.3333,0.2500,0.0750,0.0025,0.4310,-0.1449,0,0.2273,0.1818
2022-11-24 14:00:00,EB,0,1,21,3.3333,0.6000,0.1800,0.8317,2.0125,-0.1922,0,0.2273,0.1818
2022-11-28 15:00:00,P,0,1,17,2.3077,0.1269,0.0550,0.1000,0.6000,0.2123,0,0.1364,0.0909
2022-11-29 14:30:00,EB,0,1,16,2.1429,0.1286,0.0600,0.0817,0.9087,0.2464,0,0.0909,0.0455
2022-12-02 13:00:00,EB,0,1,13,1.7647,0.1721,0.0975,-0.0950,-0.6925,0.2109,0,0.9545,0.9091
2022-12-07 15:30:00,EB,0,1,8,1.3636,0.5386,0.3950,0.6067,-0.2250,0.1378,0,0.8182,0.7727
2022-12-08 13:00:00,P,0,1,7,1.3043,0.1370,0.1050,0.1950,-0.1867,0.1121,0,0.7727,0.7273
2022-12-15 14:15:00,GC_ME,1,0,0,1.0000,-4.8675,-4.8675,-2.7900,15.3360,-2.1559,0,0.5455,0.5000
2023-01-10 11:10:00,EB,0,1,23,4.2857,0.0857,0.0200,0.0550,-0.3113,-0.0526,0,0.7273,0.6818
2023-01-19 11:30:00,P,0,1,14,1.8750,0.0187,0.0100,0.1267,0.7117,-0.3573,0,0.4091,0.3636
2023-01-20 11:00:00,P,0,1,13,1.7647,0.3794,0.2150,0.0733,0.0650,0.1274,0,0.3636,0.3182
2023-01-23 15:30:00,EB,0,1,10,1.5000,-0.0525,-0.0350,-0.1000,0.0925,0.2666,0,0.3182,0.2727
2023-01-24 10:45:00,P,0,1,9,1.4286,0.1214,0.0850,0.1883,0.0233,-0.1920,0,0.2727,0.2273
2023-02-02 14:15:00,GC_ME,1,0,0,1.0000,-0.1350,-0.1350,0.1600,-7.2570,0.5594,1,0.9500,0.9000
2023-02-16 10:15:00,EB,0,1,28,NaN,NaN,0.0150,0.0350,0.4825,0.1872,0,0.4500,0.4000
2023-02-16 16:00:00,EB,0,1,28,NaN,NaN,-0.0100,0.0783,0.0600,0.4148,0,0.4500,0.4000
2023-03-02 13:30:00,EB,0,1,14,1.8750,0.3281,0.1750,0.2050,0.7467,0.1287,0,0.9565,0.9130
2023-03-03 09:55:00,EB,0,1,13,1.7647,-0.1941,-0.1100,0.0387,-0.3333,-0.0059,0,0.9130,0.8696
2023-03-06 11:00:00,EB,0,1,10,1.5000,0.0300,0.0200,-0.0250,-0.3340,-0.0204,0,0.8696,0.8261
2023-03-08 11:00:00,P,0,1,8,1.3636,0.2727,0.2000,-0.0200,0.0783,0.0685,0,0.7826,0.7391
2023-03-08 11:00:00,EB,0,1,8,1.3636,0.2727,0.2000,-0.0200,0.0783,0.0685,0,0.7826,0.7391
2023-03-10 10:00:00,EB,0,1,6,1.2500,0.1187,0.0950,-0.0733,1.8000,0.3444,0,0.6957,0.6522
2023-03-16 14:15:00,GC_ME,1,0,0,1.0000,11.0350,11.0350,13.3000,7.7737,1.1554,0,0.5217,0.4783
2023-03-20 15:00:00,P,0,1,45,NaN,NaN,0.1100,-0.0450,-0.5700,0.3862,0,0.4348,0.3913
2023-03-22 09:45:00,P,0,1,43,NaN,NaN,0.8100,0.7250,-1.1220,0.3840,0,0.3478,0.3043
2023-03-22 10:30:00,EB,0,1,43,NaN,NaN,0.7400,0.6200,-0.4600,0.1170,0,0.3478,0.3043
2023-03-22 14:45:00,EB,0,1,43,NaN,NaN,-0.0100,0.6200,0.4725,0.2781,0,0.3478,0.3043
2023-03-23 17:00:00,EB,0,1,42,NaN,NaN,0.0150,-0.1400,-2.1063,-0.0269,0,0.3043,0.2609
2023-03-27 15:40:00,EB,0,1,38,NaN,NaN,-0.0075,-0.0325,-2.3710,-0.1097,0,0.2174,0.1739
2023-03-27 17:00:00,EB,0,1,38,NaN,NaN,0.0200,-0.3675,0.1025,0.0805,0,0.2174,0.1739
2023-03-31 17:00:00,P,0,1,34,NaN,NaN,-0.0850,-0.3960,-1.4770,-0.1536,0,0.0435,0.0000
2023-04-05 16:00:00,EB,0,1,29,NaN,NaN,-0.0500,-0.5188,-1.7230,-0.1918,0,0.9000,0.8500
2023-04-12 14:30:00,EB,0,1,22,3.7500,-0.3563,-0.0950,-0.1675,-0.5170,0.3386,0,0.6500,0.6000
2023-04-14 12:00:00,P,0,1,20,3.0000,-0.1050,-0.0350,-0.1163,-1.3480,-0.0617,0,0.5500,0.5000
2023-04-17 17:00:00,P,0,1,17,2.3077,-0.1154,-0.0500,-0.0750,-0.8633,-0.0142,0,0.5000,0.4500
2023-04-19 12:30:00,EB,0,1,15,2.0000,0.0300,0.0150,0.1017,0.3000,0.1357,0,0.4000,0.3500
2023-04-20 14:00:00,P,0,1,14,1.8750,-0.0094,-0.0050,-0.0650,-1.3157,-0.0606,0,0.3500,0.3000
2023-04-21 16:30:00,EB,0,1,13,1.7647,-0.0176,-0.0100,0.0612,-0.7280,0.1497,0,0.3000,0.2500
2023-04-24 11:00:00,EB,0,1,10,1.5000,0.0075,0.0050,0.0300,0.7163,0.1816,0,0.2500,0.2000
2023-04-24 15:30:00,EB,0,1,10,1.5000,0.2475,0.1650,0.3050,1.0012,-0.0433,0,0.2500,0.2000
2023-04-28 11:45:00,P,0,1,6,1.2500,0.2875,0.2300,0.4913,2.2160,0.0130,0,0.0500,0.0000
2023-05-04 14:15:00,GC_ME,1,0,0,1.0000,-4.4250,-4.4250,-5.8817,-7.6675,0.5083,1,0.8696,0.8261
2023-05-05 10:00:00,EB,0,1,41,NaN,NaN,0.0050,0.0100,-0.6380,-0.1670,0,0.8261,0.7826
2023-05-08 16:00:00,EB,0,1,38,NaN,NaN,-0.0250,0.0125,-0.6262,-0.0389,0,0.7826,0.7391
2023-05-09 10:00:00,EB,0,1,37,NaN,NaN,0.1050,0.1638,1.2258,-0.2285,0,0.7391,0.6957
2023-05-11 14:00:00,EB,0,1,35,NaN,NaN,0.0150,-0.3740,-1.8630,-0.1304,0,0.6522,0.6087
2023-05-16 16:30:00,P,0,1,30,NaN,NaN,0.0950,0.0300,0.5833,0.1399,0,0.5217,0.4783
2023-05-17 11:00:00,EB,0,1,29,NaN,NaN,-0.0250,-0.0733,-0.3325,-0.0283,0,0.4783,0.4348
2023-05-17 11:30:00,EB,0,1,29,NaN,NaN,-0.0650,0.0200,0.0688,0.0834,0,0.4783,0.4348
2023-05-19 16:55:00,EB,0,1,27,NaN,NaN,-0.0800,-0.3488,-1.2833,-0.3168,0,0.3913,0.3478
2023-05-22 11:00:00,EB,0,1,24,5.0000,0.3250,0.0650,0.1817,0.5413,-0.1033,0,0.3478,0.3043
2023-05-22 16:15:00,EB,0,1,24,5.0000,0.2000,0.0400,0.1075,0.3262,0.0543,0,0.3478,0.3043
2023-05-25 11:00:00,EB,0,1,21,3.3333,0.3333,0.1000,0.2150,0.5737,0.2500,0,0.2174,0.1739
2023-05-26 09:40:00,EB,0,1,20,3.0000,-0.2250,-0.0750,-0.0517,-1.6450,-0.1729,0,0.1739,0.1304
2023-06-01 11:30:00,P,0,1,14,1.8750,-0.0375,-0.0200,-0.0800,0.3300,-0.0385,0,1.0000,0.9545
2023-06-05 15:00:00,P,0,1,10,1.5000,-0.0225,-0.0150,0.0550,0.4725,-0.1221,0,0.9091,0.8636
2023-06-07 10:00:00,EB,0,1,8,1.3636,-0.0545,-0.0400,0.0800,-0.1125,-0.0329,0,0.8182,0.7727
2023-06-07 11:10:00,EB,0,1,8,1.3636,0.0068,0.0050,0.0950,0.4975,-0.0551,0,0.8182,0.7727
2023-06-09 10:00:00,EB,0,1,6,1.2500,0.0375,0.0300,0.0050,0.0575,0.0261,0,0.7273,0.6818
2023-06-15 14:15:00,GC_ME,1,0,0,1.0000,0.2133,0.2133,1.0317,1.4837,0.1413,0,0.5455,0.5000
2023-06-19 13:00:00,EB,0,1,38,NaN,NaN,0.1500,0.2375,0.7150,-0.0171,0,0.4545,0.4091
2023-06-19 13:40:00,EB,0,1,38,NaN,NaN,-0.0050,0.4200,1.7337,-0.1847,0,0.4545,0.4091
2023-06-22 11:15:00,EB,0,1,35,NaN,NaN,-0.0500,0.2750,0.0633,-0.0584,0,0.3182,0.2727
2023-06-22 16:30:00,EB,0,1,35,NaN,NaN,-0.0250,-0.0150,0.6167,-0.0502,0,0.3182,0.2727
2023-06-23 14:45:00,EB,0,1,34,NaN,NaN,-0.0050,-0.2550,-1.1438,-0.3398,0,0.2727,0.2273
2023-06-27 10:00:00,P,0,1,30,NaN,NaN,0.0150,0.1725,0.5167,-0.1146,0,0.1818,0.1364
2023-06-27 10:30:00,EB,0,1,30,NaN,NaN,0.1650,0.0550,-0.1533,-0.1530,0,0.1818,0.1364
2023-06-27 11:30:00,EB,0,1,30,NaN,NaN,-0.0650,0.0400,0.9725,-0.0448,0,0.1818,0.1364
2023-06-27 13:00:00,EB,0,1,30,NaN,NaN,0.0200,0.0300,-0.0950,-0.2099,0,0.1818,0.1364
2023-06-28 17:00:00,P,0,1,29,NaN,NaN,0.0150,-0.0050,-1.0167,-0.0637,0,0.1364,0.0909
2023-07-07 11:00:00,EB,0,1,20,3.0000,0.4425,0.1475,0.3667,1.2530,0.4202,0,0.8095,0.7619
2023-07-12 15:45:00,EB,0,1,15,2.0000,-0.0700,-0.0350,-0.0825,-0.2860,0.3542,0,0.6667,0.6190
2023-07-17 10:15:00,P,0,1,10,1.5000,0.0000,0.0000,0.0900,0.0050,-0.2048,0,0.5238,0.4762
2023-07-27 14:15:00,GC_ME,1,0,0,1.0000,-0.1150,-0.1150,-1.1133,-3.7837,0.5796,1,0.1429,0.0952
2023-08-03 11:15:00,EB,0,1,42,NaN,NaN,-0.0050,0.0750,-0.0450,0.3428,0,0.9130,0.8696
2023-09-04 13:30:00,EB,0,1,10,1.5000,0.4237,0.2825,0.4825,0.4300,-0.2275,0,0.9524,0.9048
2023-09-04 15:30:00,P,0,1,10,1.5000,-0.0750,-0.0500,-0.3425,-0.0700,-0.2104,0,0.9524,0.9048
2023-09-04 16:00:00,EB,0,1,10,1.5000,-0.4350,-0.2900,-0.3800,-0.2850,-0.4177,0,0.9524,0.9048
2023-09-05 14:30:00,EB,0,1,9,1.4286,-0.1310,-0.0917,-0.1683,-0.1025,0.0075,0,0.9048,0.8571
2023-09-07 10:30:00,EB,0,1,7,1.3043,0.1304,0.1000,-0.2000,0.1675,0.4297,0,0.8095,0.7619
2023-09-14 14:15:00,GC_ME,1,0,0,1.0000,7.9217,7.9217,6.3133,2.8262,1.0258,0,0.5714,0.5238
2023-09-15 11:45:00,P,0,1,41,NaN,NaN,-0.2350,-0.0400,0.3000,0.0496,0,0.5238,0.4762
2023-09-18 11:00:00,EB,0,1,38,NaN,NaN,0.0050,-0.2000,0.1633,-0.2905,0,0.4762,0.4286
2023-09-19 14:30:00,EB,0,1,37,NaN,NaN,-0.1200,0.0650,0.5350,-0.2682,0,0.4286,0.3810
2023-09-20 11:00:00,EB,0,1,36,NaN,NaN,0.0000,0.0250,-0.2433,0.0045,0,0.3810,0.3333
2023-09-20 14:30:00,EB,0,1,36,NaN,NaN,0.0100,0.0100,-0.0338,0.2042,0,0.3810,0.3333
2023-09-21 16:00:00,P,0,1,35,NaN,NaN,0.0150,-0.1133,-1.2775,0.0986,0,0.3333,0.2857
2023-09-21 16:40:00,EB,0,1,35,NaN,NaN,0.0625,0.2675,-0.7817,-0.2375,0,0.3333,0.2857
2023-09-22 13:00:00,EB,0,1,34,NaN,NaN,-0.0100,-0.0700,0.2325,-0.0951,0,0.2857,0.2381
2023-09-25 15:00:00,EB,0,1,31,NaN,NaN,-0.0450,-0.0050,-0.2567,-0.1535,0,0.2381,0.1905
2023-09-25 15:00:00,P,0,1,31,NaN,NaN,-0.0450,-0.0050,-0.2567,-0.1535,0,0.2381,0.1905
2023-09-29 09:40:00,P,0,1,27,NaN,NaN,-0.0100,0.0350,-0.0617,0.0644,0,0.0476,0.0000
2023-10-04 10:15:00,P,0,1,22,3.7500,-0.0375,-0.0100,-0.0200,-0.2375,0.3220,0,0.9091,0.8636
2023-10-04 13:40:00,EB,0,1,22,3.7500,NaN,NaN,-0.2000,-0.5333,0.0771,0,0.9091,0.8636
2023-10-05 11:45:00,EB,0,1,21,3.3333,-0.0167,-0.0050,-0.0150,-0.3688,0.3105,0,0.8636,0.8182
2023-10-09 10:00:00,EB,0,1,17,2.3077,0.0346,0.0150,-0.0150,0.2000,0.4216,0,0.7727,0.7273
2023-10-10 14:00:00,P,0,1,16,2.1429,0.0214,0.0100,0.1000,-0.4625,-0.2090,0,0.7273,0.6818
2023-10-12 09:40:00,EB,0,1,14,1.8750,-0.0750,-0.0400,-0.1267,-0.0500,0.0955,0,0.6364,0.5909
2023-10-12 13:00:00,EB,0,1,14,1.8750,-0.0844,-0.0450,-0.0367,-0.0067,-0.1954,0,0.6364,0.5909
2023-10-13 15:00:00,P,0,1,13,1.7647,0.0353,0.0200,0.0100,0.2750,0.0612,0,0.5909,0.5455
2023-10-26 14:15:00,GC_ME,1,0,0,1.0000,-0.4600,-0.4600,-0.7425,-3.1575,0.4732,1,0.1818,0.1364
2023-10-30 14:00:00,EB,0,1,45,NaN,NaN,0.0000,-0.0100,-0.2250,0.1163,0,0.0909,0.0455
2023-11-02 12:00:00,EB,0,1,42,NaN,NaN,-0.0050,0.0500,-0.0200,0.1773,0,0.9545,0.9091
2023-11-06 09:35:00,EB,0,1,38,NaN,NaN,-0.0100,0.0250,-0.0200,-0.2415,0,0.8636,0.8182
2023-11-08 09:45:00,EB,0,1,36,NaN,NaN,-0.0150,0.0600,0.6567,-0.3245,0,0.7727,0.7273
2023-11-10 13:30:00,P,0,1,34,NaN,NaN,0.3050,0.0300,-0.0875,0.1044,0,0.6818,0.6364
2023-11-14 14:15:00,EB,0,1,30,NaN,NaN,NaN,-0.2650,-3.8667,0.7863,0,0.5909,0.5455
2023-11-16 12:30:00,P,0,1,28,NaN,NaN,0.0050,-0.0450,-0.5400,-0.1647,0,0.5000,0.4545
2023-11-16 15:15:00,EB,0,1,28,NaN,NaN,0.0100,-0.0450,-0.4888,-0.0544,0,0.5000,0.4545
2023-11-17 09:30:00,P,0,1,27,NaN,NaN,0.0050,0.0967,-0.4183,0.2921,0,0.4545,0.4091
2023-11-17 16:00:00,EB,0,1,27,NaN,NaN,-0.0300,0.1025,0.8883,0.0364,0,0.4545,0.4091
2023-11-21 17:00:00,P,0,1,23,4.2857,-0.0214,-0.0050,0.0275,-0.3500,-0.0265,0,0.3636,0.3182
2023-11-22 15:00:00,EB,0,1,22,3.7500,0.0000,0.0000,-0.0200,0.0067,0.0528,0,0.3182,0.2727
2023-11-23 13:30:00,EB,0,1,21,3.3333,-0.0333,-0.0100,-0.0700,0.1250,0.0186,0,0.2727,0.2273
2023-11-24 11:00:00,P,0,1,20,3.0000,0.2400,0.0800,0.2000,-0.4288,0.0520,0,0.2273,0.1818
2023-11-24 14:00:00,EB,0,1,20,3.0000,-0.0900,-0.0300,-0.0150,0.2712,-0.1053,0,0.2273,0.1818
2023-11-27 15:00:00,P,0,1,17,2.3077,-0.1385,-0.0600,-0.1125,-0.7450,0.0398,0,0.1818,0.1364
2023-11-28 17:00:00,P,0,1,16,2.1429,0.0107,0.0050,-0.1500,-0.5375,0.1230,0,0.1364,0.0909
2023-11-30 14:30:00,P,0,1,14,1.8750,0.1219,0.0650,-0.0875,0.6450,-0.0602,0,0.0455,0.0000
2023-12-01 11:00:00,EB,0,1,13,1.7647,0.3441,0.1950,0.0250,0.7520,-0.0969,0,1.0000,0.9524
2023-12-01 12:30:00,P,0,1,13,1.7647,-0.2118,-0.1200,-0.0925,0.5400,-0.0383,0,1.0000,0.9524
2023-12-04 09:45:00,EB,0,1,10,1.5000,0.0188,0.0125,0.2367,-1.2940,-0.2524,0,0.9524,0.9048
2023-12-04 15:00:00,P,0,1,10,1.5000,0.0450,0.0300,0.1100,-1.3275,0.2442,0,0.9524,0.9048
2023-12-07 16:00:00,EB,0,1,7,1.3043,-0.0261,-0.0200,0.0533,0.6600,0.0721,0,0.8095,0.7619
2023-12-14 14:15:00,GC_ME,1,0,0,1.0000,0.1350,0.1350,0.8400,4.7375,-0.5937,1,0.5714,0.5238
2023-12-20 15:00:00,EB,0,1,36,NaN,NaN,0.0100,0.0900,0.4910,-0.2600,0,0.3810,0.3333
2023-12-21 17:00:00,EB,0,1,35,NaN,NaN,-0.0150,0.0200,-0.7438,0.1104,0,0.3333,0.2857
2024-01-10 09:20:00,EB,0,1,15,2.0000,-0.1600,-0.0800,0.0883,0.0600,0.1258,0,0.6957,0.6522
2024-01-10 15:00:00,EB,0,1,15,2.0000,0.1900,0.0950,0.0800,0.1850,0.0544,0,0.6957,0.6522
2024-01-12 13:30:00,EB,0,1,13,1.7647,0.6838,0.3875,0.3000,0.5575,0.0249,0,0.6087,0.5652
2024-01-17 09:30:00,EB,0,1,8,1.3636,0.0341,0.0250,0.1975,-0.6488,-0.0946,0,0.4783,0.4348
2024-01-17 16:15:00,P,0,1,8,1.3636,-0.1739,-0.1275,-0.2350,0.0617,0.2420,0,0.4783,0.4348
2024-01-18 16:15:00,P,0,1,7,1.3043,0.0652,0.0500,0.0200,0.1325,0.0020,0,0.4348,0.3913
2024-01-25 14:15:00,GC_ME,1,0,0,1.0000,-0.0150,-0.0150,-1.3133,-8.3200,0.7337,1,0.2174,0.1739
2024-01-29 14:10:00,EB,0,1,38,NaN,NaN,0.0000,-0.0100,-0.3033,0.0270,0,0.1304,0.0870
2024-01-30 10:00:00,EB,0,1,37,NaN,NaN,-0.0050,0.1000,-0.0988,0.0391,0,0.0870,0.0435
2024-02-01 12:30:00,EB,0,1,35,NaN,NaN,-0.0025,0.2487,0.8590,0.1890,0,1.0000,0.9524
2024-02-08 16:30:00,EB,0,1,28,NaN,NaN,0.0150,-0.1275,0.3200,-0.1092,0,0.7619,0.7143
2024-02-09 15:15:00,EB,0,1,27,NaN,NaN,0.0050,0.1225,0.5125,-0.2460,0,0.7143,0.6667
2024-02-12 10:45:00,EB,0,1,24,5.0000,0.4000,0.0800,0.1300,-0.2583,0.1175,0,0.6667,0.6190
2024-02-12 16:00:00,EB,0,1,24,5.0000,-0.0250,-0.0050,0.2000,-0.2617,0.2111,0,0.6667,0.6190
2024-02-14 09:30:00,EB,0,1,22,3.7500,0.2250,0.0600,0.3883,0.1025,0.2285,0,0.5714,0.5238
2024-02-14 15:00:00,EB,0,1,22,3.7500,-0.2438,-0.0650,-0.2150,0.0983,-0.1015,0,0.5714,0.5238
2024-02-15 13:00:00,EB,0,1,21,3.3333,0.0333,0.0100,0.1767,0.6550,0.1605,0,0.5238,0.4762
2024-02-16 09:45:00,EB,0,1,20,3.0000,0.8250,0.2750,0.2033,-0.8325,0.1174,0,0.4762,0.4286
2024-02-23 10:20:00,EB,0,1,13,1.7647,-0.5735,-0.3250,-0.2933,-1.1462,0.0727,0,0.2381,0.1905
2024-02-26 17:00:00,P,0,1,10,1.5000,-0.0675,-0.0450,0.1100,0.9225,-0.0604,0,0.1905,0.1429
2024-02-27 13:00:00,EB,0,1,9,1.4286,-0.0071,-0.0050,0.0250,-0.5038,0.1580,0,0.1429,0.0952
2024-03-07 14:15:00,GC_ME,1,0,0,1.0000,0.3100,0.3100,0.8150,-1.6000,0.7195,0,0.8095,0.7619
2024-03-13 12:45:00,EB,0,1,29,NaN,NaN,-0.0050,0.0750,0.6950,-0.1776,0,0.6190,0.5714
2024-03-14 11:15:00,EB,0,1,28,NaN,NaN,0.0100,0.2667,0.1900,0.0151,0,0.5714,0.5238
2024-03-14 12:00:00,EB,0,1,28,NaN,NaN,0.0000,0.1000,0.3525,-0.0157,0,0.5714,0.5238
2024-03-15 14:30:00,EB,0,1,27,NaN,NaN,0.0100,0.0100,0.1325,-0.2037,0,0.5238,0.4762
2024-03-19 09:30:00,EB,0,1,23,4.2857,0.3643,0.0850,-0.0850,-0.2633,0.1545,0,0.4286,0.3810
2024-03-20 09:45:00,P,0,1,22,3.7500,0.0938,0.0250,0.2200,-0.3937,0.1328,0,0.3810,0.3333
2024-03-20 10:30:00,EB,0,1,22,3.7500,0.0938,0.0250,0.2450,0.3762,0.1485,0,0.3810,0.3333
2024-03-20 14:45:00,EB,0,1,22,3.7500,-0.0187,-0.0050,-0.0400,0.5000,0.0124,0,0.3810,0.3333
2024-03-27 10:00:00,EB,0,1,15,2.0000,-0.0150,-0.0075,0.0550,0.0233,0.0369,0,0.1429,0.0952
2024-03-27 13:35:00,EB,0,1,15,2.0000,0.0600,0.0300,0.0350,0.3937,0.0963,0,0.1429,0.0952
2024-04-11 14:15:00,GC_ME,1,0,0,1.0000,0.4475,0.4475,0.3883,0.0075,0.2248,0,0.6364,0.5909
2024-04-12 13:00:00,EB,0,1,55,NaN,NaN,-0.0000,-0.2050,-0.7233,-0.0771,0,0.5909,0.5455
2024-04-15 14:00:00,EB,0,1,52,NaN,NaN,0.0150,-0.0383,0.6138,0.3626,0,0.5455,0.5000
2024-04-16 15:40:00,P,0,1,51,NaN,NaN,-0.0150,0.0100,-0.2412,-0.2394,0,0.5000,0.4545
2024-04-17 15:00:00,EB,0,1,50,NaN,NaN,0.0950,0.2275,-0.1600,0.0462,0,0.4545,0.4091
2024-04-18 10:00:00,EB,0,1,49,NaN,NaN,-0.0150,-0.1850,-0.0333,0.0391,0,0.4091,0.3636
2024-04-24 09:35:00,EB,0,1,43,NaN,NaN,0.0050,-0.1000,-0.1117,0.1837,0,0.2273,0.1818
2024-04-25 11:15:00,P,0,1,42,NaN,NaN,-0.0050,0.0150,0.0067,-0.1275,0,0.1818,0.1364
2024-04-29 13:15:00,EB,0,1,38,NaN,NaN,0.0000,0.0450,-0.5200,-0.0280,0,0.0909,0.0455
2024-05-09 14:15:00,EB,0,1,28,NaN,NaN,0.0050,-0.1000,-0.6233,0.1525,0,0.7391,0.6957
2024-05-09 14:15:00,EB,0,1,28,NaN,NaN,0.0050,-0.1000,-0.6233,0.1525,0,0.7391,0.6957
2024-05-10 10:45:00,EB,0,1,27,NaN,NaN,-0.0150,-0.0250,0.6575,0.1374,0,0.6957,0.6522
2024-05-14 14:45:00,EB,0,1,23,4.2857,0.0000,0.0000,-0.0050,0.1025,0.0787,0,0.6087,0.5652
2024-05-16 10:00:00,EB,0,1,21,3.3333,0.0917,0.0275,0.0850,0.8525,-0.0892,0,0.5217,0.4783
2024-05-17 09:20:00,EB,0,1,20,3.0000,0.0000,0.0000,0.0050,0.0567,-0.2683,0,0.4783,0.4348
2024-05-22 10:05:00,P,0,1,15,2.0000,0.0600,0.0300,0.0600,0.1133,-0.0929,0,0.3478,0.3043
2024-05-27 14:00:00,EB,0,1,10,1.5000,-0.4838,-0.3225,-1.2250,-2.6250,0.1527,0,0.2174,0.1739
2024-06-06 14:15:00,GC_ME,1,0,0,1.0000,0.3500,0.3500,0.4900,3.0762,-0.2040,1,0.8500,0.8000
2024-06-07 10:00:00,EB,0,1,41,NaN,NaN,-0.0850,0.1475,0.3125,-0.2938,0,0.8000,0.7500
2024-06-07 16:15:00,P,0,1,41,NaN,NaN,0.1900,-0.0100,-0.4390,0.0519,0,0.8000,0.7500
2024-06-11 13:05:00,EB,0,1,37,NaN,NaN,-0.0200,-0.0150,0.0370,-0.3674,0,0.7000,0.6500
2024-06-12 11:30:00,EB,0,1,36,NaN,NaN,0.0200,-0.0600,-0.0770,0.1579,0,0.6500,0.6000
2024-06-12 15:00:00,EB,0,1,36,NaN,NaN,-0.2800,-0.0800,-1.5513,0.3218,0,0.6500,0.6000
2024-06-14 11:00:00,EB,0,1,34,NaN,NaN,-0.0800,-0.0650,-1.4487,-0.4780,0,0.5500,0.5000
2024-06-17 10:00:00,EB,0,1,31,NaN,NaN,0.1250,0.5325,0.8538,-0.3270,0,0.5000,0.4500
2024-06-17 11:00:00,P,0,1,31,NaN,NaN,-0.1850,0.0650,1.1750,-0.0088,0,0.5000,0.4500
2024-06-17 13:30:00,EB,0,1,31,NaN,NaN,0.0400,-0.0225,0.7700,0.1718,0,0.5000,0.4500
2024-06-18 14:00:00,EB,0,1,30,NaN,NaN,-0.0050,0.1900,-1.1763,-0.0653,0,0.4500,0.4000
2024-06-18 15:30:00,EB,0,1,30,NaN,NaN,0.2200,0.0425,-0.4440,0.1077,0,0.4500,0.4000
2024-06-26 12:40:00,EB,0,1,22,3.7500,-0.0656,-0.0175,0.0450,0.2412,-0.2947,0,0.1500,0.1000
2024-07-03 16:15:00,P,0,1,15,2.0000,0.0300,0.0150,-0.0817,-1.3500,0.0314,0,0.9130,0.8696
2024-07-04 11:00:00,EB,0,1,14,1.8750,-0.0281,-0.0150,0.0250,0.6380,0.0313,0,0.8696,0.8261
2024-07-09 11:00:00,EB,0,1,9,1.4286,-0.0286,-0.0200,-0.0050,0.0117,-0.0801,0,0.7391,0.6957
2024-07-18 14:15:00,GC_ME,1,0,0,1.0000,0.4125,0.4125,0.0675,-1.7375,0.1074,0,0.4348,0.3913
2024-07-24 14:00:00,EB,0,1,50,NaN,NaN,-0.0450,-0.0625,-0.2870,-0.1679,0,0.2609,0.2174
2024-07-25 17:00:00,P,0,1,49,NaN,NaN,0.0000,0.2875,1.1912,0.2352,0,0.2174,0.1739
2024-08-29 11:15:00,EB,0,1,14,1.8750,0.0187,0.0100,-0.0550,-0.2050,0.2792,0,0.0909,0.0455
2024-09-12 14:15:00,GC_ME,1,0,0,1.0000,0.0550,0.0550,1.5550,1.4570,-0.7593,1,0.6190,0.5714
2024-09-13 11:30:00,P,0,1,34,NaN,NaN,0.0300,0.0130,0.0325,0.0360,0,0.5714,0.5238
2024-09-16 10:10:00,EB,0,1,31,NaN,NaN,-0.0100,0.0317,0.1450,-0.0243,0,0.5238,0.4762
2024-09-16 14:00:00,EB,0,1,31,NaN,NaN,0.0100,-0.1487,-0.8350,-0.1925,0,0.5238,0.4762
2024-09-20 17:00:00,P,0,1,27,NaN,NaN,-0.0150,0.0525,-1.1200,-0.1228,0,0.3333,0.2857
2024-09-23 15:00:00,EB,0,1,24,5.0000,0.0500,0.0100,0.2575,0.3233,-0.0681,0,0.2857,0.2381
2024-09-26 15:30:00,P,0,1,21,3.3333,0.4500,0.1350,0.6160,1.3980,0.0044,0,0.1429,0.0952
2024-09-26 16:15:00,EB,0,1,21,3.3333,0.5250,0.1575,0.4525,0.8060,-0.3879,0,0.1429,0.0952
2024-09-27 10:15:00,EB,0,1,20,3.0000,0.1913,0.0638,0.2590,0.9613,0.0673,0,0.0952,0.0476
2024-09-27 11:40:00,EB,0,1,20,3.0000,0.2700,0.0900,0.4320,0.5650,0.1926,0,0.0952,0.0476
2024-09-30 15:00:00,P,0,1,17,2.3077,-2.3885,-1.0350,-2.4833,-3.1220,0.0629,0,0.0476,0.0000
2024-10-02 11:30:00,EB,0,1,15,2.0000,-0.1400,-0.0700,-0.2100,-0.3360,-0.3888,0,0.9565,0.9130
2024-10-02 13:00:00,EB,0,1,15,2.0000,-0.1200,-0.0600,-0.1550,-0.2360,-0.1328,0,0.9565,0.9130
2024-10-04 12:00:00,EB,0,1,13,1.7647,-0.2824,-0.1600,0.1050,0.1133,0.1459,0,0.8696,0.8261
2024-10-04 15:10:00,EB,0,1,13,1.7647,-0.8735,-0.4950,-0.3167,-0.7340,-0.2894,0,0.8696,0.8261
2024-10-07 09:45:00,EB,0,1,10,1.5000,-0.6900,-0.4600,-0.0767,0.8562,0.0427,0,0.8261,0.7826
2024-10-09 10:30:00,EB,0,1,8,1.3636,-0.0068,-0.0050,0.1183,-0.0667,-0.0592,0,0.7391,0.6957
2024-10-17 14:15:00,GC_ME,1,0,0,1.0000,-0.9100,-0.9100,-1.9090,-4.5790,0.1333,1,0.4783,0.4348
2024-10-22 16:00:00,P,0,1,51,NaN,NaN,-0.0850,-0.2400,0.8817,0.0713,0,0.3478,0.3043
2024-10-23 16:00:00,EB,0,1,50,NaN,NaN,0.0000,0.2450,0.6225,0.1283,0,0.3043,0.2609
2024-10-23 16:00:00,P,0,1,50,NaN,NaN,0.0000,0.2450,0.6225,0.1283,0,0.3043,0.2609
2024-10-25 14:00:00,P,0,1,48,NaN,NaN,0.0050,-0.0125,0.2100,0.0610,0,0.2174,0.1739
2024-10-30 16:00:00,EB,0,1,43,NaN,NaN,0.1450,-0.0110,0.4210,0.0879,0,0.0870,0.0435
2024-11-04 14:30:00,EB,0,1,38,NaN,NaN,0.0675,0.1113,0.0590,-0.2414,0,0.9524,0.9048
2024-11-05 16:10:00,P,0,1,37,NaN,NaN,-0.0050,0.1550,1.6740,0.2961,0,0.9048,0.8571
2024-11-06 15:00:00,P,0,1,36,NaN,NaN,0.0000,0.0792,0.7000,-0.4823,0,0.8571,0.8095
2024-11-06 15:30:00,EB,0,1,36,NaN,NaN,-0.0050,-0.0667,-0.1667,-0.6879,0,0.8571,0.8095
2024-11-07 11:45:00,EB,0,1,35,NaN,NaN,0.0050,0.3950,0.1333,0.1686,0,0.8095,0.7619
2024-11-07 14:30:00,EB,0,1,35,NaN,NaN,-0.3000,-0.0325,-1.1250,0.1511,0,0.8095,0.7619
2024-11-14 09:30:00,EB,0,1,28,NaN,NaN,0.0050,-0.2580,-0.8870,0.4137,0,0.5714,0.5238
2024-11-15 16:15:00,EB,0,1,27,NaN,NaN,0.0150,-0.0425,-1.0012,-0.2345,0,0.5238,0.4762
2024-11-15 16:30:00,EB,0,1,27,NaN,NaN,0.0050,-0.1417,-0.9962,-0.2947,0,0.5238,0.4762
2024-11-18 14:00:00,EB,0,1,24,5.0000,1.0500,0.2100,0.6590,0.9000,-0.2144,0,0.4762,0.4286
2024-11-19 10:00:00,EB,0,1,23,4.2857,-0.1929,-0.0450,-0.3100,-0.8113,-1.0453,0,0.4286,0.3810
2024-11-21 09:30:00,EB,0,1,21,3.3333,-0.6250,-0.1875,-0.6500,-0.7300,-0.2771,0,0.3333,0.2857
2024-11-21 16:30:00,EB,0,1,21,3.3333,0.1000,0.0300,0.1187,0.0013,0.3117,0,0.3333,0.2857
2024-11-21 16:30:00,EB,0,1,21,3.3333,0.1000,0.0300,0.1187,0.0013,0.3117,0,0.3333,0.2857
2024-11-22 09:30:00,P,0,1,20,3.0000,-7.4250,-2.4750,-7.3270,-13.1250,-0.4251,0,0.2857,0.2381
2024-11-22 09:40:00,EB,0,1,20,3.0000,-4.5675,-1.5225,-5.2000,-5.4400,-0.9901,0,0.2857,0.2381
2024-11-22 16:45:00,EB,0,1,20,3.0000,-0.5925,-0.1975,-0.6600,-1.3500,-0.0140,0,0.2857,0.2381
2024-11-29 12:30:00,EB,0,1,13,1.7647,-0.0353,-0.0200,0.0075,-1.4250,0.3872,0,0.0476,0.0000
2024-12-04 10:00:00,EB,0,1,8,1.3636,0.3182,0.2333,0.3000,0.6000,0.0890,0,0.9091,0.8636
2024-12-04 16:30:00,P,0,1,8,1.3636,0.1364,0.1000,0.2000,-0.0400,0.0402,0,0.9091,0.8636
2024-12-12 14:15:00,GC_ME,1,0,0,1.0000,1.1050,1.1050,1.9360,2.5500,0.2456,0,0.6364,0.5909
2024-12-16 09:45:00,EB,0,1,45,NaN,NaN,NaN,0.2430,0.1500,-0.0408,0,0.5455,0.5000
2024-12-18 10:00:00,EB,0,1,43,NaN,NaN,-0.1350,0.0050,0.3525,0.1160,0,0.4545,0.4091
2025-01-03 17:00:00,EB,0,1,27,NaN,NaN,0.3350,0.1000,0.5700,-0.0673,0,0.9130,0.8696
2025-01-17 12:15:00,EB,0,1,13,1.7647,-0.2824,-0.1600,-0.1783,-0.3987,0.0138,0,0.4783,0.4348
2025-01-22 16:05:00,P,0,1,8,1.3636,0.0273,0.0200,0.0050,0.5613,-0.1914,0,0.3478,0.3043
2025-01-24 11:00:00,P,0,1,6,1.2500,-0.1313,-0.1050,0.2850,-1.0713,-0.1670,0,0.2609,0.2174
2025-01-24 12:00:00,EB,0,1,6,1.2500,0.1938,0.1550,0.5167,1.2275,0.0030,0,0.2609,0.2174
2025-01-28 15:30:00,EB,0,1,2,1.0714,0.1554,0.1450,-0.1625,-0.3663,-0.1424,0,0.1739,0.1304
2025-01-30 14:15:00,GC_ME,1,0,0,1.0000,0.1000,0.1000,-0.7438,-2.9388,0.0116,0,0.0870,0.0435
2025-02-05 15:05:00,EB,0,1,29,NaN,NaN,-0.0700,0.4020,1.9567,-0.1437,0,0.9000,0.8500
2025-02-07 09:45:00,EB,0,1,27,NaN,NaN,0.1550,-0.2100,-0.7750,-0.0682,0,0.8000,0.7500
2025-02-12 11:00:00,EB,0,1,22,3.7500,-0.6375,-0.1700,0.0950,1.2550,-0.1386,0,0.6500,0.6000
2025-02-13 09:40:00,EB,0,1,21,3.3333,-0.0333,-0.0100,-0.0117,0.1500,0.0237,0,0.6000,0.5500
2025-02-18 15:02:00,EB,0,1,16,2.1429,-0.6321,-0.2950,-0.0900,-0.3525,-0.2012,0,0.4500,0.4000
2025-02-21 15:30:00,EB,0,1,13,1.7647,-0.1235,-0.0700,-0.2033,-0.8862,-0.3235,0,0.3000,0.2500
2025-02-25 14:09:00,EB,0,1,9,1.4286,0.0357,0.0250,0.0550,0.0400,0.3116,0,0.2000,0.1500
2025-03-06 14:15:00,GC_ME,1,0,0,1.0000,-0.0350,-0.0350,1.1587,3.7067,0.3583,1,0.8571,0.8095
2025-03-12 09:45:00,P,0,1,36,NaN,NaN,-0.1000,0.6750,1.0400,0.4172,0,0.6667,0.6190
2025-03-12 16:15:00,EB,0,1,36,NaN,NaN,NaN,-0.3000,0.1000,0.3128,0,0.6667,0.6190
2025-03-13 10:15:00,EB,0,1,35,NaN,NaN,NaN,-0.0250,0.4250,0.4724,0,0.6190,0.5714
2025-03-14 14:15:00,EB,0,1,34,NaN,NaN,NaN,-0.2000,-0.2667,-0.0015,0,0.5714,0.5238
2025-03-19 13:00:00,EB,0,1,29,NaN,NaN,0.2300,0.2100,-0.4000,-0.1855,0,0.4286,0.3810
2025-03-19 14:00:00,EB,0,1,29,NaN,NaN,-0.1900,0.0075,1.1875,-0.2131,0,0.4286,0.3810
2025-03-20 13:00:00,EB,0,1,28,NaN,NaN,0.1800,0.0100,0.7017,-0.1871,0,0.3810,0.3333
2025-03-27 14:00:00,EB,0,1,21,3.3333,-0.0667,-0.0200,-0.1550,-1.0800,-0.1206,0,0.1429,0.0952
2025-04-01 11:00:00,EB,0,1,16,2.1429,-1.1786,-0.5500,-0.8000,-0.5333,0.3233,0,1.0000,0.9545
2025-04-01 14:30:00,P,0,1,16,2.1429,0.6964,0.3250,0.8667,1.1200,0.0428,0,1.0000,0.9545
2025-04-02 11:00:00,P,0,1,15,2.0000,-0.2000,-0.1000,0.2000,0.1750,0.1089,0,0.9545,0.9091
2025-04-02 12:30:00,EB,0,1,15,2.0000,-0.3000,-0.1500,-0.3000,-0.7833,-0.0201,0,0.9545,0.9091
2025-04-02 16:05:00,EB,0,1,15,2.0000,0.4500,0.2250,0.3200,1.3833,0.3107,0,0.9545,0.9091
2025-04-03 09:20:00,EB,0,1,14,1.8750,0.2812,0.1500,0.1750,0.9000,0.2530,0,0.9091,0.8636
2025-04-03 12:00:00,EB,0,1,14,1.8750,0.1875,0.1000,0.2000,0.5250,-0.3947,0,0.9091,0.8636
2025-04-07 11:45:00,EB,0,1,10,1.5000,0.1800,0.1200,-0.0667,-1.3650,1.8361,0,0.8182,0.7727
2025-04-08 11:00:00,EB,0,1,9,1.4286,-0.5214,-0.3650,-0.2013,0.8650,-0.0456,0,0.7727,0.7273
2025-04-08 15:30:00,EB,0,1,9,1.4286,0.3143,0.2200,0.4700,0.9660,0.2487,0,0.7727,0.7273
2025-04-09 14:30:00,EB,0,1,8,1.3636,-0.1091,-0.0800,-0.1225,0.3250,0.8943,0,0.7273,0.6818
2025-04-11 11:45:00,P,0,1,6,1.2500,-0.1438,-0.1150,0.1225,0.7120,1.0628,0,0.6364,0.5909
2025-04-17 14:15:00,GC_ME,1,0,0,1.0000,-0.4475,-0.4475,-2.8425,-9.3390,0.1267,1,0.4545,0.4091
2025-04-22 16:00:00,P,0,1,44,NaN,NaN,-0.0600,-0.2550,-0.6560,0.2865,0,0.3182,0.2727
2025-04-25 15:00:00,P,0,1,41,NaN,NaN,0.4550,-0.1125,0.3325,-0.0407,0,0.1818,0.1364
2025-04-28 15:00:00,EB,0,1,38,NaN,NaN,NaN,-0.2000,0.1000,0.0782,0,0.1364,0.0909
2025-05-15 09:40:00,EB,0,1,21,3.3333,0.1000,0.0300,-0.4587,-0.5250,0.1236,0,0.5455,0.5000
2025-05-15 12:15:00,EB,0,1,21,3.3333,-0.2333,-0.0700,-0.0075,0.0867,0.0885,0,0.5455,0.5000
2025-05-16 17:00:00,EB,0,1,20,3.0000,-0.3750,-0.1250,0.0200,0.4225,0.3528,0,0.5000,0.4545
2025-05-20 12:00:00,EB,0,1,16,2.1429,-0.0857,-0.0400,0.0013,-0.1067,0.1474,0,0.4091,0.3636
2025-05-21 10:00:00,EB,0,1,15,2.0000,-0.1200,-0.0600,0.1875,0.4113,-0.1865,0,0.3636,0.3182
2025-05-22 17:00:00,EB,0,1,14,1.8750,-0.1344,-0.0717,-0.1625,-0.7937,0.2156,0,0.3182,0.2727
2025-05-23 10:30:00,EB,0,1,13,1.7647,-0.0088,-0.0050,-0.1313,-0.4300,-0.2680,0,0.2727,0.2273
2025-05-26 15:00:00,P,0,1,10,1.5000,-0.0037,-0.0025,-0.0050,0.0250,0.0722,0,0.2273,0.1818
2025-06-05 14:15:00,GC_ME,1,0,0,1.0000,-0.2350,-0.2350,1.2250,4.6500,-0.4686,0,0.8571,0.8095
2025-06-06 10:30:00,P,0,1,48,NaN,NaN,0.2200,0.2833,0.2938,-0.0067,0,0.8095,0.7619
2025-06-09 11:00:00,EB,0,1,45,NaN,NaN,NaN,NaN,-0.0000,-0.0764,0,0.7619,0.7143
2025-06-11 11:00:00,EB,0,1,43,NaN,NaN,0.1900,0.0325,0.0950,0.0175,0,0.6667,0.6190
2025-06-11 14:00:00,EB,0,1,43,NaN,NaN,0.0650,-0.0825,-1.1350,0.2251,0,0.6667,0.6190
2025-06-12 11:15:00,EB,0,1,42,NaN,NaN,0.2000,0.0383,-0.9960,-0.1645,0,0.6190,0.5714
2025-06-12 14:00:00,EB,0,1,42,NaN,NaN,-0.0950,-0.0300,-0.3125,0.1800,0,0.6190,0.5714
2025-06-12 16:15:00,EB,0,1,42,NaN,NaN,-0.0050,0.0000,-0.2500,0.2625,0,0.6190,0.5714
2025-06-16 12:15:00,EB,0,1,38,NaN,NaN,-0.0200,-0.0400,-0.4900,0.1256,0,0.5238,0.4762
2025-06-18 09:30:00,EB,0,1,36,NaN,NaN,NaN,0.1000,0.2250,0.0922,0,0.4286,0.3810
2025-06-19 09:30:00,P,0,1,35,NaN,NaN,-0.1500,-0.2000,-0.0500,-0.0860,0,0.3810,0.3333
2025-06-19 11:45:00,EB,0,1,35,NaN,NaN,NaN,-0.1000,-0.5600,0.0789,0,0.3810,0.3333
2025-06-23 15:20:00,P,0,1,31,NaN,NaN,NaN,NaN,-0.0750,0.2127,0,0.2857,0.2381
2025-06-24 13:15:00,EB,0,1,30,NaN,NaN,0.1300,-0.0050,0.2725,-0.0977,0,0.2381,0.1905
2025-06-24 14:55:00,EB,0,1,30,NaN,NaN,0.0050,0.0700,0.2783,0.0315,0,0.2381,0.1905
2025-06-24 15:00:00,P,0,1,30,NaN,NaN,0.0000,-0.0000,0.2750,0.0268,0,0.2381,0.1905
2025-06-26 11:45:00,EB,0,1,28,NaN,NaN,NaN,-0.1000,-0.1000,0.0991,0,0.1429,0.0952
2025-06-26 13:00:00,EB,0,1,28,NaN,NaN,0.0600,-0.0600,-0.3360,-0.1003,0,0.1429,0.0952
2025-06-30 10:30:00,EB,0,1,24,5.0000,0.1000,0.0200,-0.1000,-0.2640,-0.1217,0,0.0476,0.0000
2025-06-30 13:00:00,EB,0,1,24,5.0000,-1.2500,-0.2500,-0.0900,-0.0333,0.0354,0,0.0476,0.0000
2025-07-02 16:15:00,P,0,1,22,3.7500,-0.0375,-0.0100,0.0912,0.2683,0.3130,0,0.9565,0.9130
2025-07-04 09:30:00,EB,0,1,20,3.0000,-0.0900,-0.0300,-0.0875,-0.2800,-0.3292,0,0.8696,0.8261
2025-07-09 12:45:00,EB,0,1,15,2.0000,-0.5000,-0.2500,0.1000,-0.2600,-0.0002,0,0.7391,0.6957
2025-07-09 13:00:00,EB,0,1,15,2.0000,-0.0800,-0.0400,-0.2050,-0.1437,0.0811,0,0.7391,0.6957
2025-07-11 13:30:00,EB,0,1,13,1.7647,0.1279,0.0725,-0.0100,0.0880,-0.0463,0,0.6522,0.6087
2025-07-24 14:15:00,GC_ME,1,0,0,1.0000,0.4950,0.4950,1.3675,3.5063,-0.3908,1,0.2609,0.2174
2025-08-20 09:30:00,P,0,1,22,3.7500,-0.0562,-0.0150,0.0383,-0.1250,0.2349,0,0.3810,0.3333
2025-09-03 09:30:00,P,0,1,8,1.3636,-0.0187,-0.0138,-0.0475,-0.3567,0.1651,0,0.9091,0.8636
2025-09-04 11:30:00,EB,0,1,7,1.3043,-0.0049,-0.0037,-0.1133,0.0525,0.2364,0,0.8636,0.8182
2025-09-11 14:15:00,GC_ME,1,0,0,1.0000,0.0075,0.0075,-0.0750,0.3600,-0.1555,1,0.6364,0.5909
2025-09-15 13:30:00,EB,0,1,36,NaN,NaN,0.0950,0.2000,0.1117,0.1273,0,0.5455,0.5000
2025-09-17 09:30:00,P,0,1,34,NaN,NaN,NaN,-0.1000,0.1467,-0.0156,0,0.4545,0.4091
2025-09-17 10:00:00,EB,0,1,34,NaN,NaN,0.0000,0.0750,-0.0983,-0.0904,0,0.4545,0.4091
2025-09-17 13:15:00,EB,0,1,34,NaN,NaN,NaN,-0.0612,-0.0025,0.0184,0,0.4545,0.4091
2025-09-18 10:00:00,EB,0,1,33,NaN,NaN,-0.0500,0.1000,0.1671,0.2706,0,0.4091,0.3636
2025-09-22 15:45:00,EB,0,1,29,NaN,NaN,NaN,-0.1000,0.1414,-0.1449,0,0.3182,0.2727
2025-09-23 16:25:00,EB,0,1,28,NaN,NaN,0.0000,-0.0150,0.1870,-0.0767,0,0.2727,0.2273
2025-09-26 09:30:00,EB,0,1,25,6.0000,1.4700,0.2450,-0.1600,-0.0350,0.0959,0,0.1364,0.0909
2025-09-29 10:00:00,EB,0,1,22,3.7500,-0.0187,-0.0050,-0.0800,-0.0300,0.1140,0,0.0909,0.0455
2025-09-30 13:00:00,EB,0,1,21,3.3333,NaN,NaN,NaN,0.1000,0.0334,0,0.0455,0.0000
2025-09-30 14:50:00,P,0,1,21,3.3333,NaN,NaN,NaN,0.1000,0.1400,0,0.0455,0.0000
2025-10-01 09:30:00,EB,0,1,20,3.0000,2.2500,0.7500,-0.0275,0.0580,0.0539,0,1.0000,0.9565
2025-10-01 09:55:00,EB,0,1,20,3.0000,-0.7500,-0.2500,-0.0644,-0.2630,0.2640,0,1.0000,0.9565
2025-10-03 11:40:00,P,0,1,18,2.5000,NaN,NaN,-1.0000,-0.2029,0.0797,0,0.9130,0.8696
2025-10-03 15:50:00,EB,0,1,18,2.5000,NaN,NaN,0.0200,0.1487,-0.0064,0,0.9130,0.8696
2025-10-06 10:00:00,EB,0,1,15,2.0000,1.4900,0.7450,-0.1817,-0.6010,0.0915,0,0.8696,0.8261
2025-10-08 12:30:00,EB,0,1,13,1.7647,NaN,NaN,-0.0367,-0.2525,0.1180,0,0.7826,0.7391
2025-10-09 17:00:00,EB,0,1,12,1.6667,NaN,NaN,-0.2000,0.0117,-0.1039,0,0.7391,0.6957
2025-10-14 09:50:00,EB,0,1,7,1.3043,-0.0293,-0.0225,-0.0730,-0.0800,0.1868,0,0.6087,0.5652
2025-10-15 09:40:00,EB,0,1,6,1.2500,NaN,NaN,0.0283,-0.0467,0.2871,0,0.5652,0.5217
2025-10-17 15:00:00,P,0,1,4,1.1538,0.0000,0.0000,-0.0312,-0.0017,-0.1180,0,0.4783,0.4348
2025-10-20 16:00:00,EB,0,1,1,1.0345,NaN,NaN,0.0000,NaN,0.1892,0,0.4348,0.3913
2025-10-21 13:00:00,P,0,1,7,1.3043,-0.3848,-0.2950,0.0887,-0.0020,0.2833,0,0.3913,0.3478
2025-10-22 13:00:00,EB,0,1,6,1.2500,0.0000,0.0000,0.0142,-0.1244,-0.0216,0,0.3478,0.3043
2025-10-22 14:25:00,P,0,1,6,1.2500,0.0000,0.0000,0.0887,0.8131,-0.0155,0,0.3478,0.3043
2025-10-23 15:30:00,EB,0,1,5,1.2000,0.0000,0.0000,0.0580,0.1540,0.1279,0,0.3043,0.2609
2025-10-27 10:15:00,EB,0,1,1,1.0345,0.1034,0.1000,-0.0017,-0.0100,0.0887,0,0.2174,0.1739
2025-10-30 14:15:00,GC_ME,1,0,0,1.0000,0.0000,0.0000,0.0470,-0.4325,0.3538,1,0.0870,0.0435
