year,month,n_gc,n_sp_1m,n_sp_1y,z_gc_1m_adj_sum,z_gc_1m_adj_kilian,z_gc_1m_adj_kilianfix,z_gc_1m_raw_sum,z_gc_1m_raw_kilian,z_gc_1m_raw_kilianfix,z_gc_3m_sum,z_gc_3m_kilian,z_gc_3m_kilianfix,z_gc_1y_sum,z_gc_1y_kilian,z_gc_1y_kilianfix,z_sp_1m_adj_sum,z_sp_1m_adj_kilian,z_sp_1m_adj_kilianfix,z_sp_1m_raw_sum,z_sp_1m_raw_kilian,z_sp_1m_raw_kilianfix,z_sp_3m_sum,z_sp_3m_kilian,z_sp_3m_kilianfix,z_sp_1y_sum,z_sp_1y_kilian,z_sp_1y_kilianfix,z_gcs_1m_adj_sum,z_gcs_1m_adj_kilian,z_gcs_1m_adj_kilianfix,z_gcs_1m_raw_sum,z_gcs_1m_raw_kilian,z_gcs_1m_raw_kilianfix,z_gcs_3m_sum,z_gcs_3m_kilian,z_gcs_3m_kilianfix,z_gcs_1y_sum,z_gcs_1y_kilian,z_gcs_1y_kilianfix,z_gc_1m_adj_jk_sum,z_gc_1m_adj_jk_kilian,z_gc_1m_adj_jk_kilianfix,z_gc_1m_adj_info_sum,z_gc_1m_adj_info_kilian,z_gc_1m_adj_info_kilianfix,z_gc_1y_jk_sum,z_gc_1y_jk_kilian,z_gc_1y_jk_kilianfix,z_gc_1y_info_sum,z_gc_1y_info_kilian,z_gc_1y_info_kilianfix,z_gc_path1y_sum,z_gc_path1y_kilian,z_gc_path1y_kilianfix
1999,1,2,2,2,0.000000,0.000000,0.000000,0.000000,0.000000,0.000000,0.000000,0.000000,0.000000,-1.000000,-0.333333,-0.285714,-0.652174,-0.372671,-0.341615,-0.500000,-0.285714,-0.261905,-1.000000,-0.476190,-0.428571,-1.500000,-0.761905,-0.690476,-0.652174,-0.372671,-0.341615,-0.500000,-0.285714,-0.261905,-1.000000,-0.476190,-0.428571,-2.500000,-1.095238,-0.976190,0.000000,0.000000,0.000000,0.000000,0.000000,0.000000,0.000000,0.000000,0.000000,-1.000000,-0.333333,-0.285714,0.060800,0.049219,0.046324
1999,2,1,1,2,-0.500000,-0.175000,-0.150000,-0.500000,-0.175000,-0.150000,0.500000,0.175000,0.150000,0.000000,-0.666667,-0.714286,3.260870,0.046584,-0.147516,2.500000,0.035714,-0.113095,0.500000,-0.798810,-0.871429,-0.500000,-1.113095,-1.159524,2.760870,-0.128416,-0.297516,2.000000,-0.139286,-0.263095,1.000000,-0.623810,-0.721429,-0.500000,-1.779762,-1.873810,0.000000,0.000000,0.000000,-0.500000,-0.175000,-0.150000,0.000000,0.000000,0.000000,0.000000,-0.666667,-0.714286,0.421582,0.159135,0.140951
1999,3,2,4,5,-1.500000,-0.977174,-0.936957,-1.500000,-0.977174,-0.936957,0.500000,0.542391,0.545652,0.000000,0.000000,0.000000,0.071429,3.232919,3.392857,0.500000,2.641304,2.744565,-1.500000,0.948913,1.039130,-2.500000,-0.733696,-0.650000,-1.428571,2.255745,2.455901,-1.000000,1.664130,1.807609,-1.000000,1.491304,1.584783,-2.500000,-0.733696,-0.650000,-1.500000,-0.652174,-0.586957,0.000000,-0.325000,-0.350000,0.000000,0.000000,0.000000,0.000000,0.000000,0.000000,1.143145,0.771048,0.742425
1999,4,2,3,4,2.500000,1.083992,0.905138,2.500000,1.083992,0.905138,2.000000,1.828063,1.758893,1.500000,0.931818,0.863636,0.000000,-0.226708,-0.223602,0.000000,0.108696,0.130435,0.100000,-1.655731,-1.725494,1.800000,-1.009486,-1.200000,2.500000,0.857284,0.681536,2.500000,1.192688,1.035573,2.100000,0.172332,0.033399,3.300000,-0.077668,-0.336364,2.500000,1.083992,0.905138,0.000000,0.000000,0.000000,1.000000,0.772727,0.727273,0.500000,0.159091,0.136364,-0.743109,0.071905,0.155385
1999,5,2,0,7,0.000000,0.568182,0.681818,0.000000,0.568182,0.681818,0.000000,0.454545,0.545455,0.800000,1.253896,1.283983,0.000000,0.000000,0.000000,0.000000,0.000000,0.000000,-0.400000,-0.203896,-0.180303,-3.100000,-1.191342,-0.961905,0.000000,0.568182,0.681818,0.000000,0.568182,0.681818,-0.400000,0.250649,0.365152,-2.300000,0.062554,0.322078,0.000000,0.568182,0.681818,0.000000,0.000000,0.000000,0.800000,0.912987,0.920346,0.000000,0.340909,0.363636,0.000000,-0.168888,-0.202666
1999,6,2,8,15,1.500000,0.931818,0.863636,1.500000,0.931818,0.863636,-1.000000,-0.954545,-0.909091,0.500000,0.341558,0.356926,-6.797207,-5.156451,-4.847487,-5.500000,-4.136364,-3.886364,-0.500000,-0.864286,-0.860606,0.000000,-1.740476,-1.888095,-5.297207,-4.224633,-3.983850,-4.000000,-3.204545,-3.022727,-1.500000,-1.818831,-1.769697,0.500000,-1.398918,-1.531169,1.000000,0.454545,0.409091,0.500000,0.477273,0.454545,0.500000,0.341558,0.356926,0.000000,0.000000,0.000000,-0.460745,-0.359420,-0.338477
1999,7,3,1,5,0.000000,0.568182,0.636364,0.000000,0.568182,0.636364,1.000000,0.727273,0.636364,7.750000,6.545455,6.215909,16.250000,10.177425,9.129825,13.000000,8.090909,7.250000,66.000000,32.113636,29.090909,0.250000,0.488636,0.477273,16.250000,10.745607,9.766188,13.000000,8.659091,7.886364,67.000000,32.840909,29.727273,8.000000,7.034091,6.693182,0.000000,0.545455,0.590909,0.000000,0.022727,0.045455,3.500000,3.772727,3.636364,4.250000,2.772727,2.579545,0.000000,-0.101325,-0.122268
1999,8,1,0,1,0.500000,0.090909,0.068182,0.500000,0.090909,0.068182,0.000000,0.227273,0.272727,0.000000,1.477273,1.829545,0.000000,4.431818,5.170455,0.000000,3.545455,4.136364,0.000000,34.136364,37.136364,101.000000,83.147727,78.568182,0.500000,4.522727,5.238636,0.500000,3.636364,4.204545,0.000000,34.363636,37.409091,101.000000,84.625000,80.397727,0.000000,0.000000,0.000000,0.500000,0.090909,0.068182,0.000000,0.000000,0.159091,0.000000,1.477273,1.670455,-0.299982,-0.054542,-0.040907
1999,9,2,1,8,-8.750000,-2.318182,-1.897727,-8.750000,-2.318182,-1.897727,-6.000000,-3.454545,-3.181818,-1.000000,-0.272727,-0.227273,-6.000000,-3.818182,-3.545455,-4.000000,-2.545455,-2.363636,0.000000,0.000000,0.000000,1.000000,18.295455,22.840909,-14.750000,-6.136364,-5.443182,-12.750000,-4.863636,-4.261364,-6.000000,-3.454545,-3.181818,0.000000,18.022727,22.613636,-0.750000,-0.545455,-0.511364,-8.000000,-1.772727,-1.386364,0.000000,0.000000,0.000000,-1.000000,-0.272727,-0.227273,5.435280,1.510534,1.249840
1999,10,2,11,14,-23.000000,-21.070346,-20.372835,-23.000000,-21.070346,-20.372835,-8.000000,-8.783550,-8.675325,-8.125000,-7.185606,-6.844156,8.167984,0.062441,-0.599238,6.000000,0.069264,-0.398268,-6.000000,-3.952381,-3.666667,6.500000,5.020563,4.756494,-14.832016,-21.007905,-20.972073,-17.000000,-21.001082,-20.771104,-14.000000,-12.735931,-12.341991,-1.625000,-2.165043,-2.087662,0.000000,-0.204545,-0.238636,-23.000000,-20.865801,-20.134199,0.000000,0.000000,0.000000,-8.125000,-7.185606,-6.844156,8.592560,8.148272,7.986161
1999,11,2,9,16,0.000000,-7.952381,-9.047619,0.000000,-7.952381,-9.047619,1.900000,-0.302814,-0.770130,0.600000,-0.966667,-1.380844,5.986908,8.729947,8.846766,4.300000,6.567100,6.657359,0.000000,-1.638528,-1.924242,-1.300000,1.593074,1.961688,5.986908,0.777566,-0.200853,4.300000,-1.385281,-2.390260,1.900000,-1.941342,-2.694372,-0.700000,0.626407,0.580844,0.000000,0.000000,0.000000,0.000000,-7.952381,-9.047619,-0.400000,-0.163636,-0.145455,1.000000,-0.803030,-1.235390,-0.339200,3.984832,4.409419
1999,12,2,5,5,1.000000,0.956522,0.913043,1.000000,0.956522,0.913043,0.000000,0.440909,0.527273,-0.300000,-0.113043,-0.072727,-1.200000,2.345903,2.670210,-1.000000,1.513439,1.752372,1.800000,1.043083,0.964822,-0.200000,-0.341107,-0.391502,-0.200000,3.302425,3.583253,0.000000,2.469960,2.665415,1.800000,1.483992,1.492095,-0.500000,-0.454150,-0.464229,0.000000,0.000000,0.000000,1.000000,0.956522,0.913043,0.000000,-0.236364,-0.254545,-0.300000,0.123320,0.181818,-0.260763,-0.449862,-0.453943
2000,1,2,3,3,-1.000000,-0.075569,0.015528,-1.000000,-0.075569,0.015528,-1.500000,-0.571429,-0.500000,-4.500000,-3.834576,-3.633333,5.723262,1.279550,0.954839,4.000000,0.814700,0.580745,0.500000,1.800207,1.854658,0.000000,-0.275776,-0.284472,4.723262,1.203980,0.970367,3.000000,0.739130,0.596273,-1.000000,1.228778,1.354658,-4.500000,-4.110352,-3.917805,0.500000,0.452381,0.428571,-1.500000,-0.527950,-0.413043,0.000000,0.000000,0.000000,-4.500000,-3.834576,-3.633333,-3.656836,-3.394885,-3.232087
2000,2,2,0,0,0.000000,-1.119048,-1.166667,0.000000,-1.119048,-1.166667,-3.000000,-3.642857,-3.571429,5.500000,3.547619,3.071429,0.000000,4.078495,4.351031,0.000000,2.880952,3.071429,0.000000,-0.952381,-0.928571,0.000000,0.071429,0.071429,0.000000,2.959447,3.184365,0.000000,1.761905,1.904762,-3.000000,-4.595238,-4.500000,5.500000,3.619048,3.142857,-0.500000,-0.404762,-0.357143,0.500000,-0.714286,-0.809524,0.000000,0.000000,0.000000,5.500000,3.547619,3.071429,5.621600,4.479578,4.037748
2000,3,3,4,5,-5.000000,-3.240166,-3.022774,-5.000000,-3.240166,-3.022774,-6.750000,-5.003106,-4.852484,-5.000000,-2.260870,-1.781573,-2.514706,-1.170077,-1.060742,-1.500000,-0.695652,-0.630435,1.000000,0.608696,0.565217,0.500000,-0.152174,-0.173913,-7.514706,-4.410242,-4.083516,-6.500000,-3.935818,-3.653209,-5.750000,-4.394410,-4.287267,-4.500000,-2.413043,-1.955487,-5.000000,-3.525880,-3.332298,0.000000,0.285714,0.309524,-5.000000,-3.260870,-3.043478,0.000000,1.000000,1.261905,1.229417,1.485440,1.699683
2000,4,2,1,1,7.250000,-1.796739,-2.376630,7.250000,-1.796739,-2.376630,15.300000,-1.502609,-2.561087,0.500000,-1.689130,-1.931522,0.000000,-1.344629,-1.453964,0.000000,-0.804348,-0.869565,0.000000,0.391304,0.434783,1.500000,1.402174,1.348913,7.250000,-3.141368,-3.830595,7.250000,-2.601087,-3.246196,15.300000,-1.111304,-2.126304,2.000000,-0.286957,-0.582609,9.250000,-0.596739,-1.276630,-2.000000,-1.200000,-1.100000,0.500000,-1.689130,-1.931522,0.000000,0.000000,0.000000,-4.609735,0.903700,1.187639
2000,5,2,5,5,-2.500000,6.981522,7.452717,-2.500000,6.981522,7.452717,-1.500000,14.878696,15.708913,2.500000,1.950000,1.866304,-27.271603,-23.818297,-22.632575,-21.100000,-18.434783,-17.517391,-2.000000,-2.391304,-2.304348,12.000000,9.684783,9.238043,-29.771603,-16.836775,-15.179858,-23.600000,-11.453261,-10.064674,-3.500000,12.487391,13.404565,14.500000,11.634783,11.104348,-2.500000,7.781522,8.352717,0.000000,-0.800000,-0.900000,0.000000,0.450000,0.475000,2.500000,1.500000,1.391304,2.164709,-4.430136,-4.754741
2000,6,2,1,3,5.500000,1.884387,1.525692,5.500000,1.884387,1.525692,14.200000,9.691304,8.980632,15.700000,13.540909,12.935968,1.111111,-2.443204,-3.679431,1.000000,-1.756126,-2.718972,-1.000000,0.164032,0.122530,1.900000,4.656126,5.091502,6.611111,-0.558817,-2.153740,6.500000,0.128261,-1.193281,13.200000,9.855336,9.103162,17.600000,18.197036,18.027470,4.500000,1.520751,1.207510,1.000000,0.363636,0.318182,15.700000,12.540909,11.827273,0.000000,1.000000,1.108696,11.853001,11.532660,11.088005
2000,7,2,0,0,0.500000,2.087662,2.313853,0.500000,2.087662,2.313853,0.500000,3.328571,3.950216,-6.850000,-1.188528,-0.148701,0.000000,0.101010,0.151515,0.000000,0.090909,0.136364,0.000000,-0.772727,-0.818182,0.000000,0.309091,0.395455,0.500000,2.188672,2.465368,0.500000,2.178571,2.450216,0.500000,2.555844,3.132035,-6.850000,-0.879437,0.246753,0.500000,1.451299,1.632035,0.000000,0.636364,0.681818,0.000000,3.159091,3.872727,-6.850000,-4.347619,-4.021429,-3.949982,-1.371238,-0.644371
2000,8,2,0,0,-9.250000,-2.069876,-1.643892,-9.250000,-2.069876,-1.643892,-6.500000,-1.341615,-1.035197,-5.800000,-5.363251,-5.437267,0.000000,0.000000,0.000000,0.000000,0.000000,0.000000,0.000000,0.000000,0.000000,0.000000,0.000000,0.000000,-9.250000,-2.069876,-1.643892,-9.250000,-2.069876,-1.643892,-6.500000,-1.341615,-1.035197,-5.800000,-5.363251,-5.437267,-7.250000,-0.243789,0.095238,-2.000000,-1.826087,-1.739130,-2.800000,-0.121739,0.000000,-3.000000,-5.241511,-5.437267,0.996062,-1.821909,-2.053311
2000,9,1,3,4,0.000000,-7.108696,-7.510870,0.000000,-7.108696,-7.510870,-0.500000,-5.372671,-5.631470,-2.000000,-4.081988,-4.238923,-1.942308,-1.424908,-1.332418,-1.000000,-0.809524,-0.761905,0.000000,-0.119048,-0.119048,-0.825000,-1.080952,-1.041667,-1.942308,-8.533604,-8.843287,-1.000000,-7.918219,-8.272774,-0.500000,-5.491718,-5.750518,-2.825000,-5.162940,-5.280590,0.000000,-6.934783,-7.250000,0.000000,-0.173913,-0.260870,-2.000000,-3.821118,-3.847619,0.000000,-0.260870,-0.391304,0.000000,2.253688,2.296995
2000,10,2,0,0,0.000000,0.000000,0.000000,0.000000,0.000000,0.000000,6.500000,5.399351,5.080087,5.500000,3.665584,3.320346,0.000000,-0.517399,-0.609890,0.000000,-0.190476,-0.238095,0.000000,0.119048,0.119048,0.000000,0.255952,0.216667,0.000000,-0.517399,-0.609890,0.000000,-0.190476,-0.238095,6.500000,5.518398,5.199134,5.500000,3.921537,3.537013,0.000000,0.000000,0.000000,0.000000,0.000000,0.000000,5.000000,3.461039,3.138528,0.500000,0.204545,0.181818,0.000000,0.000000,0.000000
2000,11,3,3,5,-1.000000,-0.045455,0.000000,-1.000000,-0.045455,0.000000,-2.750000,-0.147727,0.272727,-1.150000,0.788636,1.090909,0.000000,0.000000,0.000000,0.000000,0.000000,0.000000,-1.400000,-1.163636,-1.100000,0.350000,0.734091,0.718182,-1.000000,-0.045455,0.000000,-1.000000,-0.045455,0.000000,-4.150000,-1.311364,-0.827273,-0.800000,1.522727,1.809091,0.000000,0.000000,0.000000,-1.000000,-0.045455,0.000000,-1.000000,0.181818,0.454545,-0.150000,0.606818,0.636364,0.282364,0.012835,0.000000
2000,12,1,1,1,0.000000,-0.954545,-1.000000,0.000000,-0.954545,-1.000000,0.200000,-1.601623,-1.736147,2.500000,0.467208,0.295887,0.000000,0.000000,0.000000,0.000000,0.000000,0.000000,0.200000,-0.036364,-0.109524,1.500000,1.115909,1.060390,0.000000,-0.954545,-1.000000,0.000000,-0.954545,-1.000000,0.400000,-1.637987,-1.845671,4.000000,1.583117,1.356277,0.000000,0.000000,0.000000,0.000000,-0.954545,-1.000000,0.000000,-0.500000,-0.545455,2.500000,0.967208,0.841342,0.000000,0.269529,0.282364
2001,1,2,4,7,0.000000,0.000000,0.000000,0.000000,0.000000,0.000000,1.350000,1.107453,1.058282,1.100000,0.810559,0.881781,2.430556,0.640097,0.534420,2.000000,0.543478,0.456522,3.900000,0.852174,0.692133,1.250000,-0.145652,-0.128571,2.430556,0.640097,0.534420,2.000000,0.543478,0.456522,5.250000,1.959627,1.750414,2.350000,0.664907,0.753209,0.000000,0.000000,0.000000,0.000000,0.000000,0.000000,2.800000,1.217391,1.095652,-1.700000,-0.406832,-0.213872,1.221600,-0.181565,-0.234678
2001,2,2,3,5,0.500000,0.250000,0.225000,0.500000,0.250000,0.225000,2.200000,1.678261,1.626957,0.800000,1.660870,1.668696,-1.250000,1.540459,1.708635,-1.000000,1.256522,1.393478,-1.800000,2.577826,2.837391,0.050000,1.510652,1.562500,-0.750000,1.790459,1.933635,-0.500000,1.506522,1.618478,0.400000,4.256087,4.464348,0.850000,3.171522,3.231196,0.000000,0.000000,0.000000,0.500000,0.250000,0.225000,-0.200000,1.382609,1.514348,1.000000,0.278261,0.154348,0.700018,1.753174,1.771287
2001,3,3,3,3,6.500000,3.795455,3.525000,6.500000,3.795455,3.525000,6.300000,3.604545,3.428182,7.050000,6.050000,5.769545,10.000000,1.272727,0.755682,9.000000,1.245455,0.786364,1.400000,-0.875455,-1.029091,2.000000,1.389545,1.301136,16.500000,5.068182,4.280682,15.500000,5.040909,4.311364,7.700000,2.729091,2.399091,9.050000,7.439545,7.070682,6.000000,3.272727,3.000000,0.500000,0.522727,0.525000,6.250000,5.113636,4.819545,0.800000,0.936364,0.950000,2.542238,3.441230,3.360674
2001,4,2,1,2,16.000000,13.621212,13.154762,16.000000,13.621212,13.154762,13.000000,12.212121,11.879437,13.000000,10.952381,10.653788,-0.652174,7.137211,7.622812,-0.500000,6.502165,6.935065,-0.500000,0.493074,0.580519,2.700000,2.988312,2.950649,15.347826,20.758423,20.777574,15.500000,20.123377,20.089827,12.500000,12.705195,12.459957,15.700000,13.940693,13.604437,0.000000,2.727273,3.000000,16.000000,10.893939,10.154762,-1.500000,0.922078,1.277597,14.500000,10.030303,9.376190,3.015785,1.461540,1.433488
2001,5,2,2,6,-16.500000,-6.731884,-5.252588,-16.500000,-6.731884,-5.252588,-19.750000,-9.405797,-7.928054,-18.000000,-8.582816,-7.181159,0.000000,-0.062112,-0.093168,0.000000,-0.047619,-0.071429,-1.300000,-0.673706,-0.640994,-0.600000,0.561491,0.716149,-16.500000,-6.793996,-5.345756,-16.500000,-6.779503,-5.324017,-21.050000,-10.079503,-8.569048,-18.600000,-8.021325,-6.465010,-16.500000,-12.065217,-11.347826,0.000000,5.333333,6.095238,-17.000000,-13.111801,-12.444099,-1.000000,4.528986,5.262940,-5.972603,-2.358553,-1.955266
2001,6,2,3,6,10.000000,1.041408,-0.152174,10.000000,1.041408,-0.152174,5.750000,-2.784679,-3.917184,2.000000,-4.869565,-5.747412,-0.597826,0.002588,0.031056,-0.500000,0.000000,0.023810,-1.500000,-0.769151,-0.754244,10.300000,1.224224,0.707660,9.402174,1.043996,-0.121118,9.500000,1.041408,-0.128364,4.250000,-3.553830,-4.671429,12.300000,-3.645342,-5.039752,4.500000,-0.791925,-1.723602,5.500000,1.833333,1.571429,0.700000,-4.607246,-5.379710,1.300000,-0.262319,-0.367702,-5.094034,-5.490721,-5.507827
2001,7,2,5,5,3.500000,7.091991,7.409091,3.500000,7.091991,7.409091,5.400000,5.641991,5.670346,5.400000,4.004545,3.854329,-21.915266,-21.629030,-20.661350,-20.500000,-20.159091,-19.251082,-4.150000,-5.107035,-4.989827,5.550000,13.912338,14.150541,-18.415266,-14.537039,-13.252259,-17.000000,-13.067100,-11.841991,1.250000,0.534957,0.680519,10.950000,17.916883,18.004870,2.500000,3.016234,3.116883,1.000000,4.075758,4.292208,1.750000,1.644697,1.598485,3.650000,2.359848,2.255844,2.996128,-0.983280,-1.362041
2001,8,2,2,2,9.500000,7.844862,7.590909,9.500000,7.844862,7.590909,0.250000,6.216601,6.451186,0.250000,7.851976,8.086561,1.875000,-0.723607,-1.801277,1.000000,-0.753953,-1.729249,-1.000000,-0.534684,-0.679842,-1.000000,-0.277866,0.017885,11.375000,7.121255,5.789632,10.500000,7.090909,5.861660,-0.750000,5.681917,5.771344,-0.750000,7.574111,8.104447,9.500000,7.253953,6.954545,0.000000,0.590909,0.636364,6.250000,6.216897,6.024704,-6.000000,1.635079,2.061858,-6.483253,2.299073,2.717141
2001,9,3,6,6,2.500000,2.936957,3.225000,2.500000,2.936957,3.225000,-3.400000,-5.024783,-4.843913,0.525000,-4.341522,-4.356902,-2.649425,0.548163,0.762156,-2.000000,0.063043,0.206522,8.000000,3.386957,2.943478,6.825000,3.673207,3.288478,-0.149425,3.485120,3.987156,0.500000,3.000000,3.431522,4.600000,-1.637826,-1.900435,7.350000,-0.668315,-1.068424,1.500000,2.336957,2.675000,1.000000,0.600000,0.550000,-1.125000,-0.290761,0.037228,1.650000,-4.050761,-4.394130,-1.096508,-6.329606,-6.556661
2001,10,2,9,10,10.750000,7.639130,7.296739,10.750000,7.639130,7.296739,6.150000,1.385652,0.948261,5.150000,4.160000,3.962337,-5.296176,-6.789807,-6.692010,-4.750000,-5.639130,-5.532609,-0.600000,3.373913,3.800000,2.087500,2.826250,3.076739,5.453824,0.849323,0.604729,6.000000,2.000000,1.764130,5.550000,4.759565,4.748261,7.237500,6.986250,7.039076,3.500000,2.510870,2.433696,7.250000,5.128261,4.863043,0.000000,-0.562500,-0.618750,5.150000,4.722500,4.581087,-2.485207,-1.189808,-1.136581
2001,11,1,1,5,1.750000,6.613142,7.000988,1.750000,6.613142,7.000988,-1.100000,1.854348,2.171739,4.875000,4.417045,4.419368,1.071429,0.446311,0.167341,0.500000,-0.056324,-0.285573,0.700000,0.194269,0.136364,-5.450000,-1.257955,-0.919466,2.821429,7.059453,7.168329,2.250000,6.556818,6.715415,-0.400000,2.048617,2.308103,-0.575000,3.159091,3.499901,1.750000,4.091403,4.164032,0.000000,2.521739,2.836957,4.875000,3.767045,3.545455,0.000000,0.650000,0.873913,3.673064,-0.239044,-0.514054
2001,12,1,6,9,-2.000000,-1.316558,-1.141775,-2.000000,-1.316558,-1.141775,3.500000,2.750000,2.533333,5.166667,5.536526,5.512085,5.625000,4.893321,4.674165,1.000000,1.176407,1.151515,-3.000000,-2.125325,-1.950649,2.083333,-1.097998,-1.444931,3.625000,3.576763,3.532390,-1.000000,-0.140152,0.009740,0.500000,0.624675,0.582684,7.250000,4.438528,4.067154,0.000000,0.397727,0.477273,-2.000000,-1.714286,-1.619048,5.166667,5.536526,5.512085,0.000000,0.000000,0.000000,6.670594,6.552439,6.401749
2002,1,1,0,2,2.500000,1.996894,1.792961,2.500000,1.996894,1.792961,1.750000,2.097826,2.188406,-0.025000,0.715269,0.962388,0.000000,1.364796,1.632653,0.500000,0.553830,0.579710,1.000000,0.226708,0.040373,1.000000,1.358851,1.414579,2.500000,3.361690,3.425614,3.000000,2.550725,2.372671,2.750000,2.324534,2.228778,0.975000,2.074120,2.376967,2.500000,2.282609,2.173913,0.000000,-0.285714,-0.380952,0.000000,0.738095,0.984127,-0.025000,-0.022826,-0.021739,-1.768109,-0.661418,-0.266896
2002,2,1,1,4,1.000000,1.017391,1.076087,1.000000,1.017391,1.076087,2.000000,1.752174,1.728261,3.650000,2.917826,2.734239,0.000000,0.000000,0.000000,-1.000000,-0.734783,-0.663043,0.800000,0.150435,0.153913,-1.200000,-0.354565,-0.251087,1.000000,1.017391,1.076087,0.000000,0.282609,0.413043,2.800000,1.902609,1.882174,2.450000,2.563261,2.483152,0.000000,0.217391,0.326087,1.000000,0.800000,0.750000,0.000000,0.000000,0.000000,3.650000,2.917826,2.734239,2.989237,2.237641,2.011305
2002,3,1,3,7,0.750000,0.807143,0.821429,0.750000,0.807143,0.821429,0.900000,1.128571,1.185714,1.625000,2.045476,2.150595,-6.235294,-2.543417,-2.246499,-3.000000,-1.438095,-1.345238,2.000000,1.303810,1.248571,2.866667,0.600873,0.404365,-5.485294,-1.736275,-1.425070,-2.250000,-0.630952,-0.523810,2.900000,2.432381,2.434286,4.491667,2.646349,2.554960,0.000000,0.000000,0.000000,0.750000,0.807143,0.821429,0.000000,0.000000,0.000000,1.625000,2.045476,2.150595,1.144627,1.524451,1.619406
2002,4,1,4,5,-1.000000,-0.720779,-0.639610,-1.000000,-0.720779,-0.639610,0.000000,0.171429,0.214286,-2.500000,-1.849567,-1.658550,-11.000000,-10.282786,-10.079705,-4.000000,-3.898268,-3.859307,2.200000,3.621645,3.616883,1.466667,1.891703,1.961544,-12.000000,-11.003565,-10.719315,-5.000000,-4.619048,-4.498918,2.200000,3.793074,3.831169,-1.033333,0.042136,0.302994,0.000000,0.000000,0.000000,-1.000000,-0.720779,-0.639610,0.000000,0.000000,0.000000,-2.500000,-1.849567,-1.658550,-1.717636,-1.265389,-1.132809
2002,5,1,3,3,1.500000,1.298419,1.187747,1.500000,1.298419,1.187747,3.000000,2.869565,2.739130,7.900000,7.215613,6.758498,-2.795944,-5.144544,-5.522981,-1.666667,-2.233202,-2.342556,-2.100000,-0.897628,-0.706324,-5.212500,-0.545982,-0.252684,-1.295944,-3.846125,-4.335234,-0.166667,-0.934783,-1.154809,0.900000,1.971937,2.032806,2.687500,6.669631,6.505814,1.500000,1.434783,1.369565,0.000000,-0.136364,-0.181818,7.900000,7.556522,7.213043,0.000000,-0.340909,-0.454545,6.878455,6.345168,5.968031
2002,6,1,1,5,-1.166667,-0.926449,-0.802899,-1.166667,-0.926449,-0.802899,-1.000000,-0.719565,-0.539130,2.150000,2.170978,2.406957,4.333333,0.539509,0.201279,1.300000,-0.517101,-0.654565,0.733333,-0.067826,-0.195797,-0.400000,-2.923261,-3.129891,3.166667,-0.386941,-0.601620,0.133333,-1.443551,-1.457464,-0.266667,-0.787391,-0.734928,1.750000,-0.752283,-0.722935,0.000000,0.065217,0.130435,-1.166667,-0.991667,-0.933333,2.150000,2.170978,2.406957,0.000000,0.000000,0.000000,3.052624,2.893794,3.040226
2002,7,1,3,3,-0.200000,-0.348913,-0.398551,-0.200000,-0.348913,-0.398551,2.000000,1.589130,1.452174,-1.900000,-1.329674,-1.139565,-2.965909,0.144401,0.490020,-1.300000,-0.036522,0.085000,0.666667,-1.007536,-0.999855,1.622500,-1.036630,-1.127174,-3.165909,-0.204513,0.091469,-1.500000,-0.385435,-0.313551,2.666667,0.581594,0.452319,-0.277500,-2.366304,-2.266739,0.000000,0.000000,0.000000,-0.200000,-0.348913,-0.398551,0.000000,0.322500,0.430000,-1.900000,-1.652174,-1.569565,-1.694887,-1.015921,-0.789599
2002,8,1,1,1,0.000000,-0.026087,-0.034783,0.000000,-0.026087,-0.034783,0.300000,0.560870,0.634190,-0.500000,-0.747826,-0.807708,0.000000,-1.376976,-1.505929,0.000000,-0.743478,-0.800000,-0.500000,1.168445,1.220158,-1.250000,1.243903,1.371265,0.000000,-1.403063,-1.540711,0.000000,-0.769565,-0.834783,-0.200000,1.729315,1.854348,-1.750000,0.496077,0.563557,0.000000,0.000000,0.000000,0.000000,-0.026087,-0.034783,0.000000,0.000000,0.000000,-0.500000,-0.747826,-0.807708,-0.439200,-0.660272,-0.713999
2002,9,1,3,3,-0.150000,-0.092857,-0.085714,-0.150000,-0.092857,-0.085714,-1.000000,-0.619048,-0.557792,-4.550000,-2.816667,-2.622727,-1.369565,-1.173913,-1.108696,-1.050000,-0.900000,-0.850000,-3.400000,-2.683766,-2.544589,-5.540000,-5.886558,-5.679567,-1.519565,-1.266770,-1.194410,-1.200000,-0.992857,-0.935714,-4.400000,-3.302814,-3.102381,-10.090000,-8.703225,-8.302294,0.000000,0.000000,0.000000,-0.150000,-0.092857,-0.085714,0.000000,0.000000,0.000000,-4.550000,-2.816667,-2.622727,-4.380965,-2.712026,-2.523372
2002,10,1,2,2,3.000000,2.029814,1.892236,3.000000,2.029814,1.892236,3.000000,1.706004,1.527950,2.250000,-0.168116,-0.482609,1.928571,1.313665,1.164596,1.800000,1.258696,1.130435,2.100000,0.708075,0.454865,1.550000,0.874720,0.543520,4.928571,3.343478,3.056832,4.800000,3.288509,3.022671,5.100000,2.414079,1.982816,3.800000,0.706605,0.060911,3.000000,2.086957,1.956522,0.000000,-0.057143,-0.064286,2.250000,1.565217,1.467391,0.000000,-1.733333,-1.950000,0.146110,-1.567298,-1.782268
2002,11,1,6,6,7.650000,7.105901,6.872050,7.650000,7.105901,6.872050,2.525000,2.957091,2.967288,-1.550000,-0.569979,-0.398344,5.079768,1.828409,1.670366,2.983333,1.130193,1.066391,3.175000,1.095497,1.035611,2.516667,0.602899,0.550449,12.729768,8.934310,8.542416,10.633333,8.236094,7.938440,5.700000,4.052588,4.002899,0.966667,0.032919,0.152105,7.650000,7.105901,6.872050,0.000000,0.000000,0.000000,0.000000,0.684783,0.782609,-1.550000,-1.254762,-1.180952,-7.009160,-5.629614,-5.289492
2002,12,1,3,6,-6.475000,-4.134903,-3.476299,-6.475000,-4.134903,-3.476299,-4.450000,-3.362229,-3.039719,-1.633333,-1.705844,-1.705411,1.148413,3.769351,3.959044,-1.513333,0.684747,0.895599,-5.250000,-2.417532,-2.027706,-1.645000,0.474924,0.669538,-5.326587,-0.365552,0.482746,-7.988333,-3.450155,-2.580700,-9.700000,-5.779762,-5.067424,-3.278333,-1.230920,-1.035873,0.000000,1.457143,1.821429,-6.475000,-5.592045,-5.297727,0.000000,0.000000,0.000000,-1.633333,-1.705844,-1.705411,3.099590,1.341841,0.867181
2003,1,1,1,1,1.800000,0.447480,0.074901,1.800000,0.447480,0.074901,1.500000,0.501877,0.234387,2.800000,1.846838,1.650856,-5.250000,-2.374238,-2.093776,-1.050000,-0.638419,-0.661555,0.100000,-0.352964,-0.595949,-0.433333,-0.319200,-0.375132,-3.450000,-1.926757,-2.018875,0.750000,-0.190939,-0.586653,1.600000,0.148913,-0.361561,2.366667,1.527638,1.275725,0.000000,0.000000,0.000000,1.800000,0.447480,0.074901,0.000000,0.000000,0.000000,2.800000,1.846838,1.650856,1.561986,1.577183,1.650161
2003,2,1,8,8,2.233333,2.367899,2.334493,2.233333,2.367899,2.334493,1.100000,1.326304,1.336522,-0.340000,0.441435,0.580174,-1.618790,-2.262738,-2.410059,-1.225000,-0.738967,-0.723370,-2.475000,-0.597717,-0.469620,-0.283333,-0.751558,-0.756232,0.614543,0.105161,-0.075567,1.008333,1.628931,1.611123,-1.375000,0.728587,0.866902,-0.623333,-0.310123,-0.176058,2.233333,1.898333,1.786667,0.000000,0.469565,0.547826,0.000000,0.000000,0.000000,-0.340000,0.441435,0.580174,-1.890692,-1.199613,-1.037166
2003,3,1,2,5,9.500000,8.477857,8.137143,9.500000,8.477857,8.137143,4.675000,4.172143,4.004524,-1.225000,-1.101000,-1.059667,3.543478,2.728834,2.479157,3.100000,2.605893,2.397024,1.800000,-0.513929,-0.723393,0.312500,0.923452,0.894405,13.043478,11.206691,10.616300,12.600000,11.083750,10.534167,6.475000,3.658214,3.281131,-0.912500,-0.177548,-0.165262,9.500000,8.477857,8.137143,0.000000,0.000000,0.000000,0.000000,0.000000,0.000000,-1.225000,-1.101000,-1.059667,-8.019053,-7.157078,-6.869753
2003,4,1,3,4,3.500000,4.538961,4.832251,3.500000,4.538961,4.832251,1.600000,2.122403,2.272294,0.490000,0.270455,0.189848,2.392857,-0.568794,-0.508823,0.500000,-1.448052,-1.323160,-0.775000,0.378247,0.499188,1.725000,0.581548,0.518019,5.892857,3.970168,4.323428,4.000000,3.090909,3.509091,0.825000,2.500649,2.771483,2.215000,0.852002,0.707868,3.500000,4.538961,4.832251,0.000000,0.000000,0.000000,0.490000,0.445455,0.423182,0.000000,-0.175000,-0.233333,-1.974672,-2.940735,-3.232837
2003,5,1,6,6,3.500000,3.022727,3.022727,3.500000,3.022727,3.022727,3.642857,2.960390,2.867532,3.600000,2.826364,2.685000,-2.747408,1.177696,1.411344,-0.950000,1.161364,1.227273,-1.450000,-1.397727,-1.367045,-0.965000,0.564091,0.686364,0.752592,4.200423,4.434071,2.550000,4.184091,4.250000,2.192857,1.562662,1.500487,2.635000,3.390455,3.371364,3.500000,3.022727,3.022727,0.000000,0.000000,0.000000,3.600000,2.826364,2.685000,0.000000,0.000000,0.000000,1.135328,0.697783,0.556420
2003,6,1,2,5,-1.575000,-0.554545,-0.320455,-1.575000,-0.554545,-0.320455,-3.266667,-1.972078,-1.650938,-6.825000,-5.031818,-4.543182,-2.100000,-3.330948,-3.355830,0.023333,-1.171248,-1.215541,0.925000,-0.624567,-0.734524,-3.325000,-3.536472,-3.422002,-3.675000,-3.885493,-3.676285,-1.551667,-1.725794,-1.535996,-2.341667,-2.596645,-2.385462,-10.150000,-8.568290,-7.965184,0.000000,0.795455,0.954545,-1.575000,-1.350000,-1.275000,0.000000,0.818182,0.981818,-6.825000,-5.850000,-5.525000,-5.627737,-4.565746,-4.246153
2003,7,2,1,1,0.000000,-0.225000,-0.300000,0.000000,-0.225000,-0.300000,2.600000,0.624638,0.356039,4.100000,-0.307609,-0.810870,0.000000,-0.100000,-0.200000,0.000000,0.674127,0.675238,0.500000,1.271998,1.294306,0.833333,0.293251,0.098685,0.000000,-0.325000,-0.500000,0.000000,0.449127,0.375238,3.100000,1.896636,1.650345,4.933333,-0.014358,-0.712184,0.000000,0.000000,0.000000,0.000000,-0.225000,-0.300000,0.000000,0.000000,0.000000,4.100000,-0.307609,-0.810870,0.000000,-0.803962,-1.071950
2003,8,0,1,2,0.000000,0.000000,0.000000,0.000000,0.000000,0.000000,0.000000,1.508696,1.621739,0.000000,3.432609,3.610870,0.000000,0.000000,0.000000,0.000000,0.000000,0.000000,0.300000,0.157764,0.165217,-0.440000,-0.261822,-0.204638,0.000000,0.000000,0.000000,0.000000,0.000000,0.000000,0.300000,1.666460,1.786957,-0.440000,3.170787,3.406232,0.000000,0.000000,0.000000,0.000000,0.000000,0.000000,0.000000,0.000000,0.000000,0.000000,3.432609,3.610870,0.000000,0.000000,0.000000
2003,9,1,2,6,0.000000,0.000000,0.000000,0.000000,0.000000,0.000000,0.000000,0.000000,0.000000,-1.075000,-0.928409,-0.879545,-4.875000,-3.323864,-3.102273,-1.300000,-0.886364,-0.827273,0.000000,0.185714,0.200000,0.445833,0.768339,0.727121,-4.875000,-3.323864,-3.102273,-1.300000,-0.886364,-0.827273,0.000000,0.185714,0.200000,-0.629167,-0.160070,-0.152424,0.000000,0.000000,0.000000,0.000000,0.000000,0.000000,0.000000,0.000000,0.000000,-1.075000,-0.928409,-0.879545,-1.014200,-0.875900,-0.829800
2003,10,1,2,6,0.000000,0.000000,0.000000,0.000000,0.000000,0.000000,0.150000,0.143478,0.136957,1.733333,1.511380,1.387154,0.750000,-1.388093,-1.642292,0.500000,-0.304941,-0.385771,0.400000,0.200000,0.182609,1.625000,-0.384741,-0.435128,0.750000,-1.388093,-1.642292,0.500000,-0.304941,-0.385771,0.550000,0.343478,0.319565,3.358333,1.126639,0.952026,0.000000,0.000000,0.000000,0.000000,0.000000,0.000000,1.733333,1.657971,1.582609,0.000000,-0.146591,-0.195455,1.794133,1.577828,1.453722
2003,11,1,2,6,0.000000,0.000000,0.000000,0.000000,0.000000,0.000000,0.000000,0.006522,0.013043,0.920000,0.857362,0.886725,-1.632353,0.134751,0.248977,-1.000000,0.116304,0.188043,0.200000,0.580000,0.587391,2.154167,2.139647,2.102591,-1.632353,0.134751,0.248977,-1.000000,0.116304,0.188043,0.200000,0.586522,0.600435,3.074167,2.997009,2.989315,0.000000,0.000000,0.000000,0.000000,0.000000,0.000000,0.000000,0.075362,0.150725,0.920000,0.782000,0.736000,0.980800,0.911686,0.940652
2003,12,1,2,3,0.200000,0.173913,0.165217,0.200000,0.173913,0.165217,-0.500000,-0.434783,-0.413043,-2.800000,-2.296783,-2.129043,0.000000,-1.180147,-1.261765,1.000000,-0.029348,-0.122826,-0.500000,-0.723478,-0.691739,-1.063333,0.754882,0.908822,0.200000,-1.006234,-1.096547,1.200000,0.144565,0.042391,-1.000000,-1.158261,-1.104783,-3.863333,-1.541900,-1.220221,0.200000,0.173913,0.165217,0.000000,0.000000,0.000000,0.000000,0.000000,0.000000,-2.800000,-2.296783,-2.129043,-2.883513,-2.360282,-2.185872
2004,1,1,5,5,-0.500000,-0.360277,-0.328854,-0.500000,-0.360277,-0.328854,0.100000,0.012055,-0.014229,-1.725000,-1.698172,-1.741502,0.750000,0.334091,0.300000,0.300000,0.427075,0.456917,1.600000,0.298024,0.203557,1.437500,-0.352856,-0.464429,0.250000,-0.026186,-0.028854,-0.200000,0.066798,0.128063,1.700000,0.310079,0.189328,-0.287500,-2.051028,-2.205931,-0.500000,-0.360277,-0.328854,0.000000,0.000000,0.000000,-1.725000,-1.332955,-1.254545,0.000000,-0.365217,-0.486957,-1.303418,-1.383297,-1.449421
2004,2,1,3,4,-0.100000,-0.198636,-0.216364,-0.100000,-0.198636,-0.216364,-0.500000,-0.402273,-0.372727,-1.475000,-1.645795,-1.650455,2.382353,1.130615,1.045588,1.350000,0.582273,0.528409,0.100000,1.275455,1.343182,0.225000,1.675682,1.729773,2.282353,0.931979,0.829225,1.250000,0.383636,0.312045,-0.400000,0.873182,0.970455,-1.250000,0.029886,0.079318,0.000000,-0.113636,-0.136364,-0.100000,-0.085000,-0.080000,0.000000,-0.392045,-0.470455,-1.475000,-1.253750,-1.180000,-1.342044,-1.436968,-1.429113
2004,3,1,3,5,2.000000,1.724130,1.632174,2.000000,1.724130,1.632174,2.000000,1.664130,1.552174,4.150000,3.387446,3.133261,0.303571,1.776343,1.882262,-0.300000,0.605870,0.686413,0.100000,0.526522,0.527174,0.720833,0.575290,0.555199,2.303571,3.500473,3.514436,1.700000,2.330000,2.318587,2.100000,2.190652,2.079348,4.870833,3.962736,3.688460,0.000000,0.000000,0.000000,2.000000,1.724130,1.632174,0.000000,0.000000,0.000000,4.150000,3.387446,3.133261,2.767673,2.205366,2.017930
2004,4,1,4,8,3.950000,4.210870,4.118281,3.950000,4.210870,4.118281,4.933333,5.194203,5.056917,7.875000,8.416304,8.238785,-0.514286,-0.042787,-0.006211,-0.200000,-0.051779,-0.055731,1.800000,0.257115,0.179644,3.808333,1.005847,0.864081,3.435714,4.168083,4.112069,3.750000,4.159091,4.062549,6.733333,5.451318,5.236561,11.683333,9.422151,9.102866,3.950000,3.950000,3.770455,0.000000,0.260870,0.347826,7.875000,7.875000,7.517045,0.000000,0.541304,0.721739,5.085624,5.446625,5.335794
2004,5,1,4,9,0.000000,0.000000,0.179545,0.000000,0.000000,0.179545,0.500000,0.428571,0.629004,1.387500,1.189286,1.481169,-0.005128,-0.380897,-0.404029,0.100000,-0.085281,-0.099134,0.600000,1.638745,1.691991,0.766667,2.580808,2.717406,-0.005128,-0.380897,-0.224484,0.100000,-0.085281,0.080411,1.100000,2.067316,2.320996,2.154167,3.770094,4.198575,0.000000,0.000000,0.179545,0.000000,0.000000,0.000000,1.387500,1.189286,1.481169,0.000000,0.000000,0.000000,1.448300,1.241400,1.403598
2004,6,1,4,10,-0.500000,-0.454545,-0.431818,-0.500000,-0.454545,-0.431818,-0.200000,-0.110390,-0.077489,-1.400000,-1.074513,-0.944805,-1.137255,-0.820641,-0.769192,-0.200000,-0.141991,-0.128139,0.300000,0.383983,0.398918,0.524167,1.386578,1.399260,-1.637255,-1.275186,-1.201010,-0.700000,-0.596537,-0.559957,0.100000,0.273593,0.321429,-0.875833,0.312065,0.454455,-0.500000,-0.454545,-0.431818,0.000000,0.000000,0.000000,-1.400000,-1.074513,-0.944805,0.000000,0.000000,0.000000,-0.978418,-0.682571,-0.569131
2004,7,1,1,3,0.100000,0.054545,0.027273,0.100000,0.054545,0.027273,0.000000,-0.018182,-0.027273,-0.133333,-0.260606,-0.318182,0.600000,0.082531,0.003565,0.200000,0.136364,0.118182,-0.200000,-0.136364,-0.113636,1.833333,2.302235,2.242727,0.700000,0.137077,0.030838,0.300000,0.190909,0.145455,-0.200000,-0.154545,-0.140909,1.700000,2.041629,1.924545,0.100000,0.054545,0.027273,0.000000,0.000000,0.000000,0.000000,-0.127273,-0.190909,-0.133333,-0.133333,-0.127273,-0.144690,-0.233637,-0.271533
2004,8,1,0,0,0.700000,0.604545,0.577273,0.700000,0.604545,0.577273,1.050000,0.906818,0.859091,-1.037500,-0.896023,-0.854924,0.000000,0.300000,0.327273,0.000000,0.081818,0.090909,0.000000,0.100000,0.090909,0.000000,-0.079924,0.003409,0.700000,0.904545,0.904545,0.700000,0.686364,0.668182,1.050000,1.006818,0.950000,-1.037500,-0.975947,-0.851515,0.000000,0.000000,0.004545,0.700000,0.604545,0.572727,-1.037500,-0.896023,-0.848864,0.000000,0.000000,-0.006061,-1.481794,-1.279731,-1.218954
2004,9,1,3,4,0.000000,0.095455,0.127273,0.000000,0.095455,0.127273,0.200000,0.334091,0.372727,1.250000,1.051705,0.947727,0.000000,0.000000,0.000000,0.000000,0.000000,0.000000,-0.600000,-0.445455,-0.418182,-0.623333,-0.590455,-0.562121,0.000000,0.095455,0.127273,0.000000,0.095455,0.127273,-0.400000,-0.111364,-0.045455,0.626667,0.461250,0.385606,0.000000,0.000000,0.000000,0.000000,0.095455,0.127273,1.250000,1.051705,0.947727,0.000000,0.000000,0.000000,1.310800,1.049155,0.922219
2004,10,1,4,8,-0.200000,-0.161905,-0.152381,-0.200000,-0.161905,-0.152381,-0.150000,-0.112338,-0.096104,-1.033333,-0.779690,-0.673665,2.615385,1.150183,1.025641,1.400000,0.676190,0.609524,-0.250000,-0.187879,-0.203247,-1.740000,-0.721530,-0.667006,2.415385,0.988278,0.873260,1.200000,0.514286,0.457143,-0.400000,-0.300216,-0.299351,-2.773333,-1.501219,-1.340671,0.000000,0.000000,0.000000,-0.200000,-0.161905,-0.152381,0.000000,0.056818,0.113636,-1.033333,-0.836508,-0.787302,-0.828221,-0.610882,-0.511862
2004,11,1,4,11,-0.700000,-0.642641,-0.620346,-0.700000,-0.642641,-0.620346,0.000000,-0.028571,-0.035714,0.100000,-0.110462,-0.164214,1.248089,1.451243,1.519053,1.000000,0.628355,0.649567,-0.700000,-0.405303,-0.385390,-3.227000,-2.328016,-2.264191,0.548089,0.808602,0.898707,0.300000,-0.014286,0.029221,-0.700000,-0.433874,-0.421104,-3.127000,-2.438478,-2.428405,0.000000,0.000000,0.000000,-0.700000,-0.642641,-0.620346,0.100000,0.086364,0.081818,0.000000,-0.196825,-0.246032,0.665894,0.417334,0.347627
2004,12,1,0,6,0.300000,0.191502,0.146640,0.300000,0.191502,0.146640,0.500000,0.478261,0.456522,3.125000,3.002767,2.871443,0.000000,1.262048,1.318779,-0.400000,0.830237,0.893083,-0.883000,-0.775016,-0.768443,-0.072362,-2.288236,-2.431771,0.300000,1.453550,1.465419,-0.100000,1.021739,1.039723,-0.383000,-0.296755,-0.311921,3.052638,0.714531,0.439671,0.300000,0.286957,0.273913,0.000000,-0.095455,-0.127273,3.125000,3.002767,2.871443,0.000000,0.000000,0.000000,2.969331,2.931033,2.832200
2005,1,1,3,4,-0.400000,-0.234576,-0.202484,-0.400000,-0.234576,-0.202484,-0.650000,-0.380642,-0.327950,-5.240000,-3.107940,-2.722547,-0.112500,-0.100000,-0.094643,0.000000,-0.153830,-0.171222,0.450000,-0.395538,-0.455358,-1.175000,-0.293587,-0.240780,-0.512500,-0.334576,-0.297127,-0.400000,-0.388406,-0.373706,-0.200000,-0.776180,-0.783308,-6.415000,-3.401527,-2.963327,-0.400000,-0.234576,-0.202484,0.000000,0.000000,0.000000,-5.240000,-3.107940,-2.722547,0.000000,0.000000,0.000000,-4.890575,-2.898397,-2.536411
2005,2,1,3,4,-0.500000,-0.602381,-0.596429,-0.500000,-0.602381,-0.596429,-0.600000,-0.787619,-0.788571,-0.750000,-2.671190,-2.883214,1.000000,0.787500,0.732143,0.200000,0.179048,0.169048,0.000000,0.076190,0.097619,-0.040000,-0.559873,-0.613825,0.500000,0.185119,0.135714,-0.300000,-0.423333,-0.427381,-0.600000,-0.711429,-0.690952,-0.790000,-3.231063,-3.497040,0.000000,-0.152381,-0.171429,-0.500000,-0.450000,-0.425000,0.000000,-1.996190,-2.245714,-0.750000,-0.675000,-0.637500,-0.328418,-2.158652,-2.375116
2005,3,1,2,5,-0.100000,-0.141304,-0.161957,-0.100000,-0.141304,-0.161957,-0.500000,-0.516522,-0.524783,-1.300000,-1.261957,-1.242935,0.000000,0.200000,0.250000,-0.100000,-0.029565,-0.015217,0.200000,0.297826,0.289130,-0.045000,-0.039261,-0.039304,-0.100000,0.058696,0.088043,-0.200000,-0.170870,-0.177174,-0.300000,-0.218696,-0.235652,-1.345000,-1.301217,-1.282239,-0.100000,-0.091304,-0.086957,0.000000,-0.050000,-0.075000,-1.300000,-1.186957,-1.130435,0.000000,-0.075000,-0.112500,-1.167044,-1.098403,-1.064083
2005,4,1,6,7,-0.200000,-0.170600,-0.165424,-0.200000,-0.170600,-0.165424,-0.500000,-0.448240,-0.446170,-2.100000,-1.813043,-1.769565,-0.543874,-0.154320,-0.128421,-0.350000,-0.123292,-0.110973,0.233333,0.218047,0.215631,-1.366667,-0.601184,-0.538061,-0.743874,-0.324920,-0.293845,-0.550000,-0.293892,-0.276398,-0.266667,-0.230193,-0.230538,-3.466667,-2.414227,-2.307626,0.000000,-0.008696,-0.013043,-0.200000,-0.161905,-0.152381,0.000000,-0.113043,-0.169565,-2.100000,-1.700000,-1.600000,-1.894887,-1.635438,-1.595947
2005,5,1,3,5,0.000000,-0.038095,-0.047619,0.000000,-0.038095,-0.047619,0.250000,0.132035,0.096861,0.650000,0.190909,0.061364,0.025000,-0.358872,-0.385907,0.000000,-0.238961,-0.255628,-0.300000,-0.100722,-0.075974,0.550000,-0.360404,-0.450483,0.025000,-0.396967,-0.433526,0.000000,-0.277056,-0.303247,-0.050000,0.031313,0.020887,1.200000,-0.169495,-0.389120,0.000000,0.000000,0.000000,0.000000,-0.038095,-0.047619,0.000000,0.000000,0.000000,0.650000,0.190909,0.061364,0.710800,0.285251,0.162709
2005,6,1,8,13,0.450000,0.429545,0.409091,0.450000,0.429545,0.409091,1.050000,1.025000,0.988636,2.404167,2.353977,2.274242,0.000000,-0.005682,-0.004545,0.200000,0.100000,0.090909,-0.266667,-0.684848,-0.686364,2.273393,0.998068,0.919732,0.450000,0.423864,0.404545,0.650000,0.529545,0.500000,0.783333,0.340152,0.302273,4.677560,3.352045,3.193975,0.450000,0.429545,0.409091,0.000000,0.000000,0.000000,2.404167,2.294886,2.185606,0.000000,0.059091,0.088636,2.140263,2.107597,2.042621
2005,7,1,4,5,0.500000,0.425216,0.421861,0.500000,0.425216,0.421861,0.625000,0.553680,0.571645,3.588889,3.014571,2.952952,0.200000,0.200000,0.190476,0.000000,0.100866,0.109957,0.300000,0.500649,0.474242,-0.327619,1.342180,1.461117,0.700000,0.625216,0.612338,0.500000,0.526082,0.531818,0.925000,1.054329,1.045887,3.261270,4.356751,4.414069,0.000000,0.020455,0.040909,0.500000,0.404762,0.380952,0.000000,0.109280,0.218561,3.588889,2.905291,2.734392,3.288907,2.759733,2.700403
2005,8,1,0,0,0.000000,0.095238,0.119048,0.000000,0.095238,0.119048,0.300000,0.379917,0.396636,0.310000,0.953163,1.110584,0.000000,-0.000000,0.009524,0.000000,-0.019048,-0.019048,0.000000,0.085714,0.100000,0.000000,-0.351293,-0.366893,0.000000,0.095238,0.128571,0.000000,0.076190,0.100000,0.300000,0.465631,0.496636,0.310000,0.601871,0.743691,0.000000,0.000000,0.000000,0.000000,0.095238,0.119048,0.310000,0.269565,0.256087,0.000000,0.683598,0.854497,0.370800,0.948893,1.089386
2005,9,1,6,6,0.100000,0.100000,0.095455,0.100000,0.100000,0.095455,0.000000,0.039130,0.052174,-1.950000,-1.909565,-1.807451,0.250000,0.011364,0.000000,0.200000,0.009091,0.000000,-0.550000,0.022727,0.047727,-0.312381,-0.071082,-0.056883,0.350000,0.111364,0.095455,0.300000,0.109091,0.095455,-0.550000,0.061858,0.099901,-2.262381,-1.980647,-1.864334,0.000000,0.000000,0.000000,0.100000,0.100000,0.095455,-1.950000,-1.909565,-1.807451,0.000000,0.000000,0.000000,-1.961356,-1.912991,-1.807717
2005,10,1,10,11,-0.200000,-0.171429,-0.157359,-0.200000,-0.171429,-0.157359,-0.200000,-0.171429,-0.161905,-0.707143,-0.606122,-0.661085,-1.250000,-0.547078,-0.476190,-0.400000,0.019481,0.047619,4.729167,2.609217,2.359019,-0.366333,0.696971,0.700216,-1.450000,-0.718506,-0.633550,-0.600000,-0.151948,-0.109740,4.529167,2.437789,2.197114,-1.073476,0.090849,0.039131,-0.200000,-0.171429,-0.161905,0.000000,0.000000,0.004545,-0.707143,-0.606122,-0.661085,0.000000,0.000000,0.000000,-0.502030,-0.430312,-0.495558
2005,11,1,7,8,-1.366667,-1.270996,-1.218398,-1.366667,-1.270996,-1.218398,-1.616667,-1.498268,-1.434307,0.012000,-0.090111,-0.124330,3.972753,1.241805,1.001702,2.233333,0.612338,0.491775,5.142857,3.573846,3.565278,3.701000,-0.219118,-0.404790,2.606086,-0.029191,-0.216697,0.866667,-0.658658,-0.726623,3.526190,2.075577,2.130970,3.713000,-0.309230,-0.529120,-1.366667,-1.270996,-1.218398,0.000000,0.000000,0.000000,0.000000,-0.101020,-0.134694,0.012000,0.010909,0.010364,1.058937,0.890951,0.818912
2005,12,1,0,4,-1.375000,-1.499242,-1.498864,-1.375000,-1.499242,-1.498864,-1.966667,-2.113636,-2.097727,-2.983333,-2.982242,-2.846091,0.000000,2.266662,2.447242,-0.300000,1.187879,1.303030,1.330000,4.116688,4.290000,1.650089,3.931493,4.024716,-1.375000,0.767420,0.948378,-1.675000,-0.311364,-0.195833,-0.636667,2.003052,2.192273,-1.333244,0.949251,1.178626,-1.375000,-1.499242,-1.498864,0.000000,0.000000,0.000000,-2.983333,-2.983333,-2.847727,0.000000,0.001091,0.001636,-1.930384,-1.834117,-1.698238
2006,1,1,4,4,-1.166667,-0.742424,-0.751894,-1.166667,-0.742424,-0.751894,-1.737500,-1.105682,-1.116098,-3.121429,-1.986364,-1.980087,0.300000,0.095455,0.081818,0.200000,-0.018182,-0.040909,-0.252083,0.210701,0.282614,0.782857,0.507975,0.547394,-0.866667,-0.646970,-0.670076,-0.966667,-0.760606,-0.792803,-1.989583,-0.894981,-0.833485,-2.338571,-1.478389,-1.432692,-1.166667,-0.742424,-0.751894,0.000000,0.000000,0.000000,-3.121429,-1.986364,-1.980087,0.000000,0.000000,0.000000,-2.218804,-1.411966,-1.398856
2006,2,1,4,5,-1.233333,-1.595909,-1.587273,-1.233333,-1.595909,-1.587273,-0.800000,-1.391818,-1.430795,0.342857,-0.809351,-0.968377,1.188889,0.448434,0.402626,0.900000,0.302727,0.266818,0.520000,0.022511,-0.014947,0.730357,0.611583,0.610649,-0.044444,-1.147475,-1.184646,-0.333333,-1.293182,-1.320455,-0.280000,-1.369307,-1.445742,1.073214,-0.197768,-0.357727,-1.233333,-1.595909,-1.587273,0.000000,0.000000,0.000000,0.000000,-1.135065,-1.276948,0.342857,0.325714,0.308571,1.293585,0.422068,0.256534
2006,3,1,7,8,-0.466667,-0.508043,-0.549420,-0.466667,-0.508043,-0.549420,-0.100000,-0.135652,-0.171304,2.850000,2.743230,2.636460,0.307994,1.075128,1.121182,0.250000,0.839565,0.873696,-0.800000,0.133815,0.194598,0.785000,1.530159,1.532547,-0.158673,0.567085,0.571761,-0.216667,0.331522,0.324275,-0.900000,-0.001837,0.023293,3.635000,4.273389,4.169006,0.000000,-0.061667,-0.123333,-0.466667,-0.446377,-0.426087,2.850000,2.726087,2.602174,0.000000,0.017143,0.034286,3.247530,3.171012,3.094494
2006,4,1,5,5,-1.300000,-1.125290,-1.080580,-1.300000,-1.125290,-1.080580,-8.100000,-6.889348,-6.488696,-8.987500,-7.515462,-6.942174,3.314441,1.542345,1.390014,2.716667,1.362101,1.237138,2.214000,-0.275665,-0.421148,3.246905,0.101990,-0.026225,2.014441,0.417056,0.309435,1.416667,0.236812,0.156558,-5.886000,-7.165013,-6.909843,-5.740595,-7.413472,-6.968399,-1.300000,-1.105000,-1.040000,0.000000,-0.020290,-0.040580,-8.987500,-7.515462,-6.942174,0.000000,0.000000,0.000000,-7.988667,-6.649170,-6.108540
2006,5,1,4,11,-2.050000,-1.977609,-1.953478,-2.050000,-1.977609,-1.953478,-0.500000,-1.649783,-2.033043,0.866667,-0.594502,-1.081558,-1.722344,1.486082,1.726689,0.150000,2.054565,2.183877,0.336607,2.332895,2.428960,0.020833,3.371690,3.533130,-3.772344,-0.491526,-0.226789,-1.900000,0.076957,0.230399,-0.163393,0.683112,0.395916,0.887500,2.777189,2.451572,0.000000,-0.195000,-0.260000,-2.050000,-1.782609,-1.693478,0.866667,-0.594502,-1.081558,0.000000,0.000000,0.000000,2.406672,0.894458,0.390387
2006,6,1,6,7,-2.866667,-2.482543,-2.441370,-2.866667,-2.482543,-2.441370,-3.800000,-3.001581,-2.850593,-2.760000,-2.019684,-1.856548,-0.052415,-1.489525,-1.562027,-0.333333,-0.796838,-0.775165,-0.135417,-0.094748,-0.073958,-0.682872,-1.123572,-1.091627,-2.919082,-3.972068,-4.003397,-3.200000,-3.279381,-3.216535,-3.935417,-3.096330,-2.924551,-3.442872,-3.143256,-2.948175,-2.866667,-2.215152,-2.084848,0.000000,-0.267391,-0.356522,-2.760000,-2.019684,-1.856548,0.000000,0.000000,0.000000,-0.630718,-0.173459,-0.040152
2006,7,1,5,7,-1.250000,-1.722944,-1.793723,-1.250000,-1.722944,-1.793723,1.731667,0.620649,0.365462,2.828571,1.797217,1.537069,0.092308,0.198425,0.191647,0.200000,0.177273,0.152597,1.363333,0.856914,0.785838,-1.156667,-0.618083,-0.594043,-1.157692,-1.524518,-1.602076,-1.050000,-1.545671,-1.641126,3.095000,1.477563,1.151300,1.671905,1.179135,0.943026,0.000000,-0.651515,-0.781818,-1.250000,-1.071429,-1.011905,2.828571,1.797217,1.537069,0.000000,0.000000,0.000000,3.791326,3.106363,2.897155
2006,8,2,0,0,1.000000,0.734472,0.631470,1.000000,0.734472,0.631470,1.033333,0.843033,0.880566,4.351786,3.040495,2.985980,0.000000,0.072527,0.076923,0.000000,0.066667,0.076190,0.000000,0.389563,0.454484,0.000000,-0.321217,-0.376296,1.000000,0.807000,0.708393,1.000000,0.801139,0.707660,1.033333,1.232597,1.335050,4.351786,2.719278,2.609684,1.000000,0.913043,0.869565,0.000000,-0.178571,-0.238095,4.351786,3.040495,2.985980,0.000000,0.000000,0.000000,3.751822,2.577369,2.594785
2006,9,0,3,8,0.000000,0.086957,0.130435,0.000000,0.086957,0.130435,0.000000,0.437681,0.482609,0.000000,1.715373,1.904581,0.776589,0.334400,0.297420,0.450000,0.228571,0.207143,-0.400000,0.180952,0.200000,0.689619,0.011800,-0.021039,0.776589,0.421357,0.427855,0.450000,0.315528,0.337578,-0.400000,0.618634,0.682609,0.689619,1.727173,1.883542,0.000000,0.086957,0.130435,0.000000,0.000000,0.000000,0.000000,1.715373,1.904581,0.000000,0.000000,0.000000,0.000000,1.716072,1.879194
2006,10,1,2,7,0.000000,0.000000,0.000000,0.000000,0.000000,0.000000,0.100000,0.086364,0.081818,0.100000,0.086364,0.081818,0.489130,0.633394,0.648141,0.300000,0.344156,0.351948,0.100000,-0.480952,-0.504545,1.961667,2.004561,1.948233,0.489130,0.633394,0.648141,0.300000,0.344156,0.351948,0.200000,-0.394589,-0.422727,2.061667,2.090925,2.030052,0.000000,0.000000,0.000000,0.000000,0.000000,0.000000,0.000000,0.000000,0.000000,0.100000,0.086364,0.081818,0.000000,0.000000,0.000000
2006,11,1,4,11,-0.200000,-0.190909,-0.181818,-0.200000,-0.190909,-0.181818,-0.333333,-0.304545,-0.284848,0.171429,0.177273,0.174026,-0.852941,-0.100471,-0.039468,-0.850000,-0.431818,-0.379545,0.425000,-0.009091,-0.023864,-1.196190,0.253950,0.397489,-1.052941,-0.291380,-0.221286,-1.050000,-0.622727,-0.561364,0.091667,-0.313636,-0.308712,-1.024762,0.431223,0.571515,0.000000,0.000000,0.000000,-0.200000,-0.190909,-0.181818,0.171429,0.163636,0.155844,0.000000,0.013636,0.018182,0.376541,0.359426,0.342310
2006,12,1,1,3,-0.098333,-0.088694,-0.093102,-0.098333,-0.088694,-0.093102,0.600000,0.470563,0.426840,3.751250,3.044518,2.873680,0.187500,-0.383117,-0.430816,-0.050000,-0.293290,-0.329545,0.100000,0.455519,0.470076,-0.310714,-0.991917,-1.031494,0.089167,-0.471811,-0.523918,-0.148333,-0.381984,-0.422648,0.700000,0.926082,0.896916,3.440536,2.052601,1.842186,-0.098333,-0.079603,-0.074921,0.000000,-0.009091,-0.018182,0.000000,0.007792,0.015584,3.751250,3.036726,2.858095,3.883004,3.160500,2.992710
2007,1,1,4,4,-0.400000,-0.279600,-0.266891,-0.400000,-0.279600,-0.266891,-2.860000,-1.750932,-1.598012,-5.487500,-2.864281,-2.447063,-0.600000,-0.118711,-0.083696,-0.200000,-0.075880,-0.069565,0.000000,0.061180,0.065942,-0.166190,-0.116146,-0.123716,-1.000000,-0.398311,-0.350587,-0.600000,-0.355480,-0.336456,-2.860000,-1.689752,-1.532070,-5.653690,-2.980427,-2.570779,-0.400000,-0.279600,-0.266891,0.000000,0.000000,0.000000,-5.487500,-3.578804,-3.340217,0.000000,0.714524,0.893155,-5.138075,-2.611298,-2.202999
2007,2,1,5,8,-0.850000,-0.776630,-0.751522,-0.850000,-0.776630,-0.751522,0.350000,-0.732283,-0.874130,2.057143,-0.365839,-0.707283,1.200000,0.024783,-0.061304,0.600000,0.078261,0.039565,0.325000,-0.061359,-0.077609,-0.837143,-0.335379,-0.300748,0.350000,-0.751848,-0.812826,-0.250000,-0.698370,-0.711957,0.675000,-0.793641,-0.951739,1.220000,-0.701218,-1.008031,0.000000,-0.139130,-0.156522,-0.850000,-0.637500,-0.595000,2.057143,-0.365839,-0.707283,0.000000,0.000000,0.000000,2.731272,0.261298,-0.098661
2007,3,1,6,8,0.100000,-0.135227,-0.182273,0.100000,-0.135227,-0.182273,0.450000,0.435227,0.432273,1.014286,1.298052,1.354805,-2.212500,0.445227,0.605795,-1.000000,0.254545,0.330000,0.400000,0.394659,0.392727,2.474048,-0.027369,-0.181683,-2.112500,0.310000,0.423523,-0.900000,0.119318,0.147727,0.850000,0.829886,0.825000,3.488333,1.270683,1.173122,0.000000,0.000000,0.000000,0.100000,-0.135227,-0.182273,0.000000,0.514286,0.617143,1.014286,0.783766,0.737662,1.002929,1.457809,1.548785
2007,4,1,3,4,0.100000,0.084632,0.084416,0.100000,0.084632,0.084416,-0.500000,-0.207251,-0.162987,-0.117500,0.157781,0.209481,0.333333,-1.720743,-1.837184,0.100000,-0.816450,-0.866667,0.150000,0.473377,0.484416,0.378571,1.961003,2.055433,0.433333,-1.636111,-1.752769,0.200000,-0.731818,-0.782251,-0.350000,0.266126,0.321429,0.261071,2.118785,2.264913,0.100000,0.061905,0.057143,0.000000,0.022727,0.027273,0.000000,0.000000,0.000000,-0.117500,0.157781,0.209481,-0.128856,0.148170,0.199894
2007,5,1,7,8,0.000000,0.038095,0.042857,0.000000,0.038095,0.042857,0.000000,-0.190476,-0.214286,-1.114286,-0.819917,-0.777065,0.187500,0.263414,0.271135,0.100000,0.092340,0.092754,0.100000,0.200932,0.203727,0.479167,0.324649,0.321843,0.187500,0.301510,0.313992,0.100000,0.130435,0.135611,0.100000,0.010455,-0.010559,-0.635119,-0.495268,-0.455223,0.000000,0.038095,0.042857,0.000000,0.000000,0.000000,0.000000,0.000000,0.000000,-1.114286,-0.819917,-0.777065,-1.053486,-0.781948,-0.742280
2007,6,1,10,12,-0.100000,-0.085714,-0.080952,-0.100000,-0.085714,-0.080952,-0.225000,-0.192857,-0.182143,-2.043333,-2.090559,-2.041705,-6.155292,-4.208035,-3.906773,-1.550000,-1.094720,-1.016563,-0.100000,0.013354,0.022464,-1.838095,-1.128362,-1.020000,-6.255292,-4.293749,-3.987726,-1.650000,-1.180435,-1.097516,-0.325000,-0.179503,-0.159679,-3.881429,-3.218921,-3.061705,0.000000,0.000000,0.000000,-0.100000,-0.085714,-0.080952,0.000000,0.000000,0.000000,-2.043333,-2.090559,-2.041705,-1.910377,-1.958092,-1.912925
2007,7,1,4,8,0.000000,-0.014286,-0.019048,0.000000,-0.014286,-0.019048,0.200000,0.140584,0.120779,0.792857,0.392835,0.259495,0.069328,-1.854924,-2.151185,0.000000,-0.444805,-0.518615,-0.133333,0.039610,0.040909,0.566786,0.718175,0.604884,0.069328,-1.869210,-2.170232,0.000000,-0.459091,-0.537662,0.066667,0.180195,0.161688,1.359643,1.111011,0.864379,0.000000,0.000000,0.000000,0.000000,-0.014286,-0.019048,0.792857,0.684740,0.648701,0.000000,-0.291905,-0.389206,0.853657,0.464338,0.334565
2007,8,1,1,1,-0.700000,-0.669565,-0.639130,-0.700000,-0.669565,-0.639130,0.483333,0.489592,0.477668,0.300000,0.395073,0.418069,-0.075000,0.091125,0.097537,-0.050000,0.048221,0.050395,-0.962500,-0.510754,-0.474967,-1.245455,-0.744193,-0.664279,-0.775000,-0.578440,-0.541593,-0.750000,-0.621344,-0.588735,-0.479167,-0.021163,0.002701,-0.945455,-0.349119,-0.246210,-0.700000,-0.669565,-0.639130,0.000000,0.000000,0.000000,0.000000,0.108117,0.144156,0.300000,0.286957,0.273913,0.865894,0.944655,0.945810
2007,9,1,6,8,-3.220000,-2.767435,-2.636870,-3.220000,-2.767435,-2.636870,-2.928571,-2.468271,-2.300828,-3.145455,-2.660593,-2.490277,-2.169205,-0.987121,-0.881922,-0.900000,-0.400547,-0.357721,1.089583,0.258427,0.162100,4.082048,2.464161,2.205908,-5.389205,-3.754556,-3.518791,-4.120000,-3.167982,-2.994591,-1.838988,-2.209845,-2.138729,0.936593,-0.196432,-0.284369,-3.220000,-2.767435,-2.636870,0.000000,0.000000,0.000000,-3.145455,-2.673636,-2.516364,0.000000,0.013043,0.026087,-0.761220,-0.609390,-0.533681
2007,10,1,3,10,0.000000,-0.483000,-0.644000,0.000000,-0.483000,-0.644000,0.039000,-0.405373,-0.553497,-0.900000,-1.254427,-1.372569,-0.887636,-1.909362,-1.979230,-3.305417,-2.847370,-2.748656,-1.080833,-0.546271,-0.444799,-2.995815,-0.657117,-0.322762,-0.887636,-2.392362,-2.623230,-3.305417,-3.330370,-3.392656,-1.041833,-0.951644,-0.998296,-3.895815,-1.911544,-1.695331,0.000000,-0.483000,-0.644000,0.000000,0.000000,0.000000,0.000000,-0.471818,-0.629091,-0.900000,-0.782609,-0.743478,-0.839200,-0.843922,-0.845496
2007,11,1,9,9,-0.253000,-0.195500,-0.184000,-0.253000,-0.195500,-0.184000,-1.011111,-0.776226,-0.728571,-2.705000,-2.207619,-2.123794,-1.520268,-0.639864,-0.609354,-0.883333,-1.201933,-1.305496,-0.954524,-0.813961,-0.817566,-3.569051,-3.341469,-3.309492,-1.773268,-0.835364,-0.793354,-1.136333,-1.397433,-1.489496,-1.965635,-1.590187,-1.546137,-6.274051,-5.549087,-5.433286,0.000000,0.000000,0.000000,-0.253000,-0.195500,-0.184000,0.000000,0.000000,0.000000,-2.705000,-2.207619,-2.123794,-2.461644,-2.011641,-1.936235
2007,12,1,4,6,-0.375000,-0.378929,-0.372571,-0.375000,-0.378929,-0.372571,1.166667,0.770202,0.668687,4.912500,3.595942,3.239058,0.201058,-1.485284,-1.563961,-1.269167,-1.822753,-1.802468,0.341667,-0.465880,-0.525538,-2.094102,-3.626398,-3.688909,-0.173942,-1.864213,-1.936533,-1.644167,-2.201681,-2.175039,1.508333,0.304322,0.143149,2.818398,-0.030457,-0.449850,0.000000,0.000000,0.000000,-0.375000,-0.378929,-0.372571,4.912500,4.210714,3.976786,0.000000,-0.614773,-0.737727,5.243886,3.935295,3.573693
2008,1,1,6,6,-0.200000,-0.192702,-0.201863,-0.200000,-0.192702,-0.201863,-0.750000,-0.355072,-0.266908,-0.025000,0.684394,0.919410,1.357738,0.981967,0.932509,0.670000,0.054686,-0.034881,-3.726548,-1.055806,-0.877512,-5.720000,-2.127944,-1.978967,1.157738,0.789265,0.730646,0.470000,-0.138016,-0.236744,-4.476548,-1.410878,-1.144420,-5.745000,-1.443549,-1.059557,0.000000,0.000000,0.000000,-0.200000,-0.192702,-0.201863,0.000000,0.701786,0.935714,-0.025000,-0.017391,-0.016304,0.180113,0.874422,1.116300
2008,2,1,8,10,-0.550000,-0.506108,-0.488613,-0.550000,-0.506108,-0.488613,-2.940000,-2.608261,-2.500870,-7.908333,-6.409593,-6.034092,3.012000,2.610010,2.525614,1.075000,1.080155,1.058095,0.620000,-1.815107,-2.006655,0.471667,-2.722460,-2.993616,2.462000,2.103903,2.037001,0.525000,0.574048,0.569482,-2.320000,-4.423368,-4.507524,-7.436667,-9.132053,-9.027709,0.000000,0.000000,0.000000,-0.550000,-0.506108,-0.488613,0.000000,0.000000,0.000000,-7.908333,-6.409593,-6.034092,-7.450673,-5.976681,-5.614056
2008,3,1,4,6,0.600000,0.409524,0.354762,0.600000,0.409524,0.354762,1.220000,0.485714,0.287619,4.940000,2.727937,2.116111,-0.111345,0.986694,1.135425,0.205000,0.388571,0.430000,2.191667,0.983810,0.908968,4.226667,0.176825,-0.001984,0.488655,1.396218,1.490187,0.805000,0.798095,0.784762,3.411667,1.469524,1.196587,9.166667,2.904762,2.114127,0.600000,0.514286,0.485714,0.000000,-0.104762,-0.130952,4.940000,4.234286,3.999048,0.000000,-1.506349,-1.882937,4.567862,2.496134,1.923823
2008,4,1,9,10,0.200000,0.222078,0.241558,0.200000,0.222078,0.241558,0.400000,0.447013,0.486926,-0.700000,0.228442,0.495498,4.411154,0.969703,0.763894,2.666667,0.668810,0.557359,-1.765000,0.119661,0.304253,4.490238,5.402128,5.399297,4.611154,1.191781,1.005452,2.866667,0.890887,0.798918,-1.365000,0.566674,0.791180,3.790238,5.630570,5.894794,0.000000,0.085714,0.114286,0.200000,0.136364,0.127273,-0.700000,0.228442,0.495498,0.000000,0.000000,0.000000,-0.783513,0.118339,0.371470
2008,5,1,6,7,-0.150000,-0.052273,-0.036364,-0.150000,-0.052273,-0.036364,-0.200000,-0.027273,0.000000,-1.535714,-1.409416,-1.371429,0.339286,4.216986,4.402071,0.000000,2.527273,2.648485,0.843333,-0.196439,-0.315000,0.520238,2.237370,2.417825,0.189286,4.164713,4.365707,-0.150000,2.475000,2.612121,0.643333,-0.223712,-0.315000,-1.015476,0.827955,1.046396,0.000000,0.000000,0.000000,-0.150000,-0.052273,-0.036364,0.000000,-0.222727,-0.254545,-1.535714,-1.186688,-1.116883,-1.366680,-1.305370,-1.278863
2008,6,1,10,10,0.725000,0.587338,0.545996,0.725000,0.587338,0.545996,10.866667,9.268831,8.742280,21.190000,17.813831,16.734978,1.259398,0.507709,0.463160,-0.091667,-0.516955,-0.512590,0.310000,0.633207,0.656778,0.122381,1.290893,1.308712,1.984398,1.095047,1.009156,0.633333,0.070382,0.033405,11.176667,9.902038,9.399058,21.312381,19.104724,18.043690,0.725000,0.621429,0.586905,0.000000,-0.034091,-0.040909,21.190000,18.162857,17.153810,0.000000,-0.349026,-0.418831,20.727667,17.455962,16.406809
2008,7,1,1,4,-1.600000,-1.357298,-1.253209,-1.600000,-1.357298,-1.253209,-3.025000,-1.209576,-0.560594,-16.280000,-11.837205,-10.120331,0.258621,0.829422,0.878149,0.050000,0.258885,0.252346,0.546667,0.493865,0.484859,1.633333,0.721548,0.656361,-1.341379,-0.527876,-0.375060,-1.550000,-1.098413,-1.000863,-2.478333,-0.715711,-0.075735,-14.646667,-11.115657,-9.463970,-1.600000,-1.357298,-1.253209,0.000000,0.000000,0.000000,-16.280000,-11.837205,-10.120331,0.000000,0.000000,0.000000,-15.064698,-10.793629,-9.151611
2008,8,1,1,1,0.400000,0.184679,0.096066,0.400000,0.184679,0.096066,-1.760000,-1.687805,-1.735518,-8.837500,-8.569819,-8.856812,0.136364,0.030725,0.035476,0.100000,0.003416,0.000828,-0.140000,0.047246,0.077681,-1.171429,0.208015,0.334812,0.536364,0.215404,0.131542,0.500000,0.188095,0.096894,-1.900000,-1.640559,-1.657836,-10.008929,-8.361803,-8.521999,0.400000,0.184679,0.096066,0.000000,0.000000,0.000000,0.000000,-1.415652,-2.123478,-8.837500,-7.154167,-6.733333,-9.065325,-8.648570,-8.871875
2008,9,1,12,15,-0.450000,-0.312446,-0.272944,-0.450000,-0.312446,-0.272944,-0.883333,-1.098117,-1.141775,-0.250000,-1.899242,-2.308712,0.037207,0.518025,0.522827,-0.300000,0.017532,0.035931,-0.275000,0.452727,0.458561,-11.959881,-4.352815,-3.864967,-0.412793,0.205579,0.249883,-0.750000,-0.294913,-0.237013,-1.158333,-0.645390,-0.683214,-12.209881,-6.252058,-6.173679,0.000000,0.076190,0.095238,-0.450000,-0.388636,-0.368182,0.000000,0.000000,0.000000,-0.250000,-1.899242,-2.308712,0.135504,-1.609703,-2.047544
2008,10,2,9,10,-0.583333,-0.526581,-0.521673,-0.583333,-0.526581,-0.521673,-12.245238,-10.360827,-9.868577,-7.500000,-7.538439,-7.223715,-3.997894,0.604889,0.780402,-5.883333,-1.791963,-1.549802,2.983333,3.153360,3.011150,9.041667,0.630701,-0.306046,-4.581227,0.078308,0.258728,-6.466667,-2.318544,-2.071476,-9.261905,-7.207468,-6.857428,1.541667,-6.907738,-7.529762,0.000000,0.000000,0.000000,-0.583333,-0.526581,-0.521673,1.900000,1.486957,1.404348,-9.400000,-9.025395,-8.628063,-6.957488,-7.044447,-6.735788
2008,11,1,11,11,8.300000,6.936884,6.496522,8.300000,6.936884,6.496522,16.300000,11.850135,10.502733,14.533333,12.357681,11.304928,-5.145962,-7.466480,-7.383003,-2.150000,-5.085688,-5.233986,-4.269167,-2.652754,-2.309585,-16.434167,-7.898806,-6.683982,3.154038,-0.529596,-0.886482,6.150000,1.851196,1.262536,12.030833,9.197381,8.193148,-1.900833,4.458875,4.620946,8.300000,7.055000,6.640000,0.000000,-0.118116,-0.143478,14.533333,12.766377,12.122319,0.000000,-0.408696,-0.817391,8.605157,7.419820,6.687063
2008,12,1,0,5,1.933333,2.926159,3.257101,1.933333,2.926159,3.257101,3.616667,5.589928,6.247681,9.350000,10.310435,10.630580,0.000000,-2.646199,-2.903497,-0.200000,-1.544022,-1.642826,3.746667,-0.081993,-0.458350,3.975000,-6.365976,-7.360511,1.933333,0.279961,0.353605,1.733333,1.382138,1.614275,7.363333,5.507935,5.789332,13.325000,3.944458,3.270069,1.933333,2.926159,3.257101,0.000000,0.000000,0.000000,9.350000,10.310435,10.630580,0.000000,0.000000,0.000000,8.015777,8.261015,8.342760
2009,1,1,7,7,-2.325000,-1.016008,-0.826268,-2.325000,-1.016008,-0.826268,-0.975000,-0.060079,0.141486,-0.360000,1.023202,1.446087,-8.553571,-3.080682,-2.691883,-3.500000,-1.134387,-0.983992,-1.683333,0.744872,0.984285,3.863333,4.011268,4.008488,-10.878571,-4.096690,-3.518151,-5.825000,-2.150395,-1.810260,-2.658333,0.684792,1.125771,3.503333,5.034470,5.454575,0.000000,0.252174,0.336232,-2.325000,-1.268182,-1.162500,0.000000,1.219565,1.626087,-0.360000,-0.196364,-0.180000,1.378435,1.797410,2.083266
2009,2,1,6,9,-1.350000,-2.204318,-2.242500,-1.350000,-2.204318,-2.242500,-5.225000,-4.884432,-4.667500,-6.866667,-6.000303,-5.673333,3.330372,-3.876848,-4.432165,1.500000,-1.695341,-1.929432,-1.258333,-1.826795,-1.840394,-3.884286,0.736238,1.106058,1.980372,-6.081166,-6.674665,0.150000,-3.899659,-4.171932,-6.483333,-6.711227,-6.507894,-10.750952,-5.264065,-4.567275,0.000000,0.000000,0.000000,-1.350000,-2.204318,-2.242500,0.000000,0.000000,0.000000,-6.866667,-6.000303,-5.673333,-5.831756,-4.330431,-3.976187
2009,3,1,7,8,1.825000,1.373636,1.223182,1.825000,1.373636,1.223182,0.233333,-0.582235,-0.854091,-0.716667,-1.648939,-1.959697,4.945291,4.386982,4.328714,2.170000,1.889205,1.865568,0.455714,-0.550120,-0.633751,0.050000,-2.231054,-2.427541,6.770291,5.760618,5.551896,3.995000,3.262841,3.088750,0.689048,-1.132355,-1.487842,-0.666667,-3.879994,-4.387238,0.000000,0.000000,0.000000,1.825000,1.373636,1.223182,-0.716667,-0.618939,-0.586364,0.000000,-1.030000,-1.373333,-1.972720,-2.578476,-2.780395
2009,4,1,1,3,8.150000,8.028409,7.740909,8.150000,8.028409,7.740909,6.440000,6.179091,5.896970,5.220000,4.885000,4.615152,-0.352941,2.212426,2.453255,-0.650000,0.621591,0.749773,-1.615000,-0.961006,-0.866883,-2.946667,-2.985000,-2.848788,7.797059,10.240835,10.194164,7.500000,8.650000,8.490682,4.825000,5.218084,5.030087,2.273333,1.900000,1.766364,8.150000,7.779545,7.409091,0.000000,0.248864,0.331818,5.220000,4.885000,4.615152,0.000000,0.000000,0.000000,-0.599942,-0.841679,-0.904078
2009,5,1,8,9,-0.975000,-0.418831,-0.001948,-0.975000,-0.418831,-0.001948,-1.533333,-0.948543,-0.582799,-3.580000,-2.660823,-2.253074,9.354629,3.743926,3.282425,4.175000,1.527597,1.299242,3.310238,0.852963,0.621923,4.125000,0.850411,0.520043,8.379629,3.325095,3.280477,3.200000,1.108766,1.297294,1.776905,-0.095580,0.039124,0.545000,-1.810411,-1.733030,0.000000,0.370455,0.740909,-0.975000,-0.789286,-0.742857,0.000000,0.237273,0.474545,-3.580000,-2.898095,-2.727619,-2.815676,-2.306626,-2.199817
2009,6,1,7,10,0.400000,0.159740,0.095130,0.400000,0.159740,0.095130,1.357143,0.880014,0.745310,6.000000,4.499913,4.056710,-2.638634,3.381327,3.946723,0.026667,2.455584,2.653182,0.901667,2.706442,2.823088,3.548810,4.598777,4.633896,-2.238634,3.541067,4.041853,0.426667,2.615325,2.748312,2.258810,3.586456,3.568398,9.548810,9.098690,8.690606,0.000000,0.000000,0.000000,0.400000,0.159740,0.095130,0.000000,0.000000,0.000000,6.000000,4.499913,4.056710,5.772175,4.448741,4.052289
2009,7,1,4,6,-5.500000,-5.206324,-4.949012,-5.500000,-5.206324,-4.949012,-5.533333,-5.107689,-4.805421,-5.650000,-4.586166,-4.067787,-2.656863,-2.244645,-2.249067,-3.500000,-2.607800,-2.454414,-3.313095,-1.279853,-1.094821,-1.993333,0.371420,0.619396,-8.156863,-7.450969,-7.198079,-9.000000,-7.814124,-7.403426,-8.846429,-6.387542,-5.900241,-7.643333,-4.214746,-3.448391,0.000000,0.000000,0.000000,-5.500000,-5.206324,-4.949012,0.000000,0.000000,0.000000,-5.650000,-4.586166,-4.067787,-1.620601,-0.763025,-0.430193
2009,8,1,0,0,-1.300000,-1.353416,-1.530642,-1.300000,-1.353416,-1.530642,-0.525000,-0.690580,-0.906159,0.583333,0.254348,-0.019082,0.000000,-1.094203,-1.209719,0.000000,-0.878261,-1.030435,0.000000,-1.694151,-1.838199,0.000000,-0.983768,-1.070435,-1.300000,-2.447619,-2.740360,-1.300000,-2.231677,-2.561077,-0.525000,-2.384731,-2.744358,0.583333,-0.729420,-1.089517,0.000000,0.000000,0.000000,-1.300000,-1.353416,-1.530642,0.583333,0.500000,0.472222,0.000000,-0.245652,-0.491304,1.582166,1.285681,1.139879
2009,9,1,2,8,-1.375000,-1.435714,-1.435119,-1.375000,-1.435714,-1.435119,-1.866667,-1.771970,-1.712121,-5.740000,-5.134848,-4.846162,0.286364,0.026653,0.013636,0.875000,0.544318,0.504545,0.790000,0.777273,0.741364,-0.126667,-0.441818,-0.436061,-1.088636,-1.409061,-1.421483,-0.500000,-0.891396,-0.930574,-1.076667,-0.994697,-0.970758,-5.866667,-5.576667,-5.282222,0.000000,0.000000,0.000000,-1.375000,-1.435714,-1.435119,0.000000,0.083333,0.111111,-5.740000,-5.218182,-4.957273,-4.687050,-4.034931,-3.746542
2009,10,1,6,9,-1.100000,-0.975000,-0.987500,-1.100000,-0.975000,-0.987500,-1.350000,-1.212879,-1.236364,-3.080000,-2.901818,-3.022727,-1.835714,-0.740614,-0.644156,-0.740000,-0.122045,-0.048636,-1.651667,-0.924470,-0.813485,-3.573333,-1.435303,-1.278636,-2.935714,-1.715614,-1.631656,-1.840000,-1.097045,-1.036136,-3.001667,-2.137348,-2.049848,-6.653333,-4.337121,-4.301364,0.000000,0.000000,0.000000,-1.100000,-0.975000,-0.987500,0.000000,0.000000,0.000000,-3.080000,-2.901818,-3.022727,-2.225480,-2.145785,-2.257674
2009,11,1,8,11,-0.933333,-1.050000,-1.055556,-0.933333,-1.050000,-1.055556,-1.200000,-1.335390,-1.339610,-0.980000,-1.540000,-1.633333,-2.295238,-1.852170,-1.826314,-1.133333,-0.744416,-0.724084,-0.940000,-1.044946,-1.075260,-0.487500,-1.685934,-1.825144,-3.228571,-2.902170,-2.881870,-2.066667,-1.794416,-1.779639,-2.140000,-2.380335,-2.414870,-1.467500,-3.225934,-3.458478,-0.933333,-0.800000,-0.755556,0.000000,-0.250000,-0.300000,-0.980000,-0.840000,-0.793333,0.000000,-0.700000,-0.840000,-0.245741,-0.716426,-0.805882
2009,12,1,0,7,-2.466667,-2.385507,-2.322705,-2.466667,-2.385507,-2.322705,-3.340000,-3.220994,-3.132919,-2.800000,-2.696522,-2.621449,0.000000,-1.278458,-1.387755,0.250000,-0.491408,-0.556246,-0.050000,-0.685611,-0.728199,1.800833,0.591135,0.489624,-2.466667,-3.663965,-3.710460,-2.216667,-2.876915,-2.878951,-3.390000,-3.906605,-3.861118,-0.999167,-2.105386,-2.131825,-2.466667,-2.385507,-2.322705,0.000000,0.000000,0.000000,-2.800000,-2.696522,-2.621449,0.000000,0.000000,0.000000,-0.959343,-0.911028,-0.881019
2010,1,1,6,6,-0.050000,-0.243064,-0.347930,-0.050000,-0.243064,-0.347930,-0.525000,-0.590435,-0.710652,-2.505556,-1.675224,-1.677651,-0.294483,-0.048054,-0.034031,-0.200000,0.036646,0.057039,-0.483333,-0.112008,-0.091166,-2.763333,-0.051201,0.158683,-0.344483,-0.291118,-0.381961,-0.250000,-0.206418,-0.290890,-1.008333,-0.702443,-0.801818,-5.268889,-1.726426,-1.518968,0.000000,-0.214493,-0.321739,-0.050000,-0.028571,-0.026190,0.000000,-0.243478,-0.365217,-2.505556,-1.431746,-1.312434,-2.408677,-1.459808,-1.386820
2010,2,1,4,5,0.000000,-0.021429,-0.023810,0.000000,-0.021429,-0.023810,-0.150000,-0.352500,-0.370000,-1.672222,-2.495198,-2.530899,0.056324,-0.251024,-0.267863,0.050000,-0.173929,-0.185952,0.266667,-0.348571,-0.384921,0.248889,-2.125351,-2.269382,0.056324,-0.272452,-0.291673,0.050000,-0.195357,-0.209762,0.116667,-0.701071,-0.754921,-1.423333,-4.620549,-4.800282,0.000000,0.000000,0.000000,0.000000,-0.021429,-0.023810,0.000000,0.000000,0.000000,-1.672222,-2.495198,-2.530899,-1.611422,-2.401999,-2.436127
2010,3,1,7,9,-0.460000,-0.400000,-0.380000,-0.460000,-0.400000,-0.380000,-0.425000,-0.392065,-0.381087,-1.568750,-1.614964,-1.630368,-0.440585,-0.116790,-0.094818,-0.133333,0.000326,0.008623,0.133333,0.343188,0.350725,0.534444,0.092095,0.081303,-0.900585,-0.516790,-0.474818,-0.593333,-0.399674,-0.371377,-0.291667,-0.048877,-0.030362,-1.034306,-1.522868,-1.549065,-0.460000,-0.400000,-0.380000,0.000000,0.000000,0.000000,-1.568750,-1.364130,-1.295924,0.000000,-0.250833,-0.334444,-1.176031,-1.264349,-1.293788
2010,4,1,6,9,0.100000,0.017273,-0.007273,0.100000,0.017273,-0.007273,0.033333,-0.029677,-0.049671,-0.200000,-0.359165,-0.418281,-0.805195,-1.177870,-1.160426,0.100000,-0.281159,-0.291502,-0.183810,0.102807,0.116959,2.911944,2.032253,1.923129,-0.705195,-1.160598,-1.167699,0.200000,-0.263887,-0.298775,-0.150476,0.073130,0.067289,2.711944,1.673088,1.504848,0.100000,0.017273,-0.007273,0.000000,0.000000,0.000000,0.000000,-0.204620,-0.272826,-0.200000,-0.154545,-0.145455,-0.211356,-0.316716,-0.358241
2010,5,1,8,10,0.400000,0.365584,0.351082,0.400000,0.365584,0.351082,0.440000,0.384719,0.365281,1.190000,0.974545,0.908788,0.930071,0.377483,0.296594,0.600000,0.546032,0.522006,0.507619,0.141533,0.109005,-0.329861,1.352023,1.500092,1.330071,0.743067,0.647676,1.000000,0.911616,0.873088,0.947619,0.526251,0.474287,0.860139,2.326568,2.408880,0.400000,0.365584,0.351082,0.000000,0.000000,0.000000,1.190000,1.020000,0.963333,0.000000,-0.045455,-0.054545,0.962175,0.776686,0.721261
2010,6,1,11,12,-0.400000,-0.215584,-0.178355,-0.400000,-0.215584,-0.178355,-0.840000,-0.509870,-0.450736,0.350000,0.408636,0.449394,0.098475,0.650352,0.690165,-0.150000,0.215332,0.250722,-0.176667,0.107948,0.140150,3.250714,0.657582,0.494115,-0.301525,0.434767,0.511810,-0.550000,-0.000253,0.072367,-1.016667,-0.401922,-0.310585,3.600714,1.066218,0.943508,-0.400000,-0.215584,-0.178355,0.000000,0.000000,0.000000,0.000000,0.170000,0.226667,0.350000,0.238636,0.222727,0.699425,0.614335,0.628360
2010,7,1,3,6,2.350000,1.688636,1.563636,2.350000,1.688636,1.563636,2.885714,1.962597,1.793247,4.911111,3.906313,3.698990,-0.503836,-0.178085,-0.150707,-2.943333,-2.120152,-1.993182,-1.833333,-1.603333,-1.528030,-0.139167,2.818074,2.972159,1.846164,1.510551,1.412929,-0.593333,-0.431515,-0.429545,1.052381,0.359264,0.265216,4.771944,6.724387,6.671149,0.000000,-0.127273,-0.145455,2.350000,1.815909,1.709091,0.000000,0.000000,0.000000,4.911111,3.906313,3.698990,3.276237,2.754182,2.637054
2010,8,1,0,0,-0.300000,0.275000,0.395455,-0.300000,0.275000,0.395455,-0.235714,0.452273,0.594156,-1.687500,-0.341225,-0.041288,0.000000,-0.215241,-0.238142,0.000000,-0.834545,-0.968333,0.000000,-0.375000,-0.458333,0.000000,-0.476591,-0.482917,-0.300000,0.059759,0.157312,-0.300000,-0.559545,-0.572879,-0.235714,0.077273,0.135823,-1.687500,-0.817816,-0.524205,0.000000,0.000000,0.000000,-0.300000,0.275000,0.395455,0.000000,0.000000,0.000000,-1.687500,-0.341225,-0.041288,-1.410231,-0.473327,-0.260306
2010,9,1,8,12,-0.666667,-0.677273,-0.660606,-0.666667,-0.677273,-0.660606,-0.616667,-0.620779,-0.603463,-0.872727,-1.063171,-1.100207,-3.295130,-1.253778,-1.103999,-1.666667,-0.635606,-0.559848,-1.083333,-0.080758,-0.031515,-0.709683,0.521425,0.553683,-3.961797,-1.931051,-1.764605,-2.333333,-1.312879,-1.220455,-1.700000,-0.701537,-0.634978,-1.582410,-0.541747,-0.546523,0.000000,0.000000,0.000000,-0.666667,-0.677273,-0.660606,0.000000,0.000000,0.000000,-0.872727,-1.063171,-1.100207,-0.330885,-0.508149,-0.557210
2010,10,1,11,12,-0.266667,-0.246176,-0.263781,-0.266667,-0.246176,-0.263781,-0.040000,-0.060411,-0.086537,-0.770000,-0.663003,-0.666006,5.779457,-0.157904,-0.582895,2.626190,-0.411900,-0.612714,1.743810,-0.487338,-0.619619,0.702857,-1.090422,-1.156149,5.512790,-0.404080,-0.846676,2.359524,-0.658076,-0.876495,1.703810,-0.547749,-0.706155,-0.067143,-1.753424,-1.822155,-0.266667,-0.215873,-0.203175,0.000000,-0.030303,-0.060606,-0.770000,-0.623333,-0.586667,0.000000,-0.039669,-0.079339,-0.516783,-0.433388,-0.423820
2010,11,1,12,12,-0.460000,-0.448066,-0.439856,-0.460000,-0.448066,-0.439856,-0.650000,-0.568983,-0.541342,-0.987500,-0.999508,-0.991288,2.431050,6.274955,6.439665,-0.046429,2.334410,2.461578,0.726310,1.624102,1.674126,-0.387302,1.194747,1.245821,1.971050,5.826889,5.999809,-0.506429,1.886344,2.021722,0.076310,1.055119,1.132784,-1.374802,0.195239,0.254533,0.000000,-0.050794,-0.063492,-0.460000,-0.397273,-0.376364,0.000000,-0.146667,-0.183333,-0.987500,-0.852841,-0.807955,-0.594781,-0.612109,-0.609682
2010,12,1,0,1,-1.560000,-1.554901,-1.507984,-1.560000,-1.554901,-1.507984,-2.857143,-2.821556,-2.726877,-2.418182,-2.447703,-2.387451,0.000000,0.052104,0.162606,-1.388889,-1.460766,-1.402490,-0.400000,0.017736,0.068141,1.022222,-0.219877,-0.281926,-1.560000,-1.502797,-1.345378,-2.948889,-3.015667,-2.910474,-3.257143,-2.803820,-2.658736,-1.395960,-2.667580,-2.669377,0.000000,0.000000,0.000000,-1.560000,-1.554901,-1.507984,0.000000,0.000000,0.000000,-2.418182,-2.447703,-2.387451,-1.231743,-1.259295,-1.232777
2011,1,1,6,6,0.600000,0.303602,0.207205,0.600000,0.303602,0.207205,1.566667,0.845618,0.646791,6.128571,3.688739,3.291764,4.400049,0.612456,0.402930,3.364286,0.165301,-0.055289,3.609643,-0.168572,-0.357851,4.035000,0.102487,-0.045212,5.000049,0.916059,0.610135,3.964286,0.468904,0.151916,5.176310,0.677045,0.288940,10.163571,3.791226,3.246552,0.600000,0.371429,0.342857,0.000000,-0.067826,-0.135652,6.128571,3.793878,3.502041,0.000000,-0.105138,-0.210277,5.756433,3.509952,3.182282
2011,2,1,5,7,-1.228571,-0.877143,-0.787143,-1.228571,-0.877143,-0.787143,-2.762500,-1.889425,-1.676696,-4.412500,-1.636556,-1.124094,-15.526871,-8.383445,-7.397575,-5.110357,-1.059680,-0.643958,-0.628750,2.904571,3.107896,6.034398,6.949785,6.840208,-16.755442,-9.260588,-8.184718,-6.338929,-1.936823,-1.431101,-3.391250,1.015146,1.431200,1.621898,5.313229,5.716114,-1.228571,-0.877143,-0.787143,0.000000,0.000000,0.000000,-4.412500,-1.636556,-1.124094,0.000000,0.000000,0.000000,-3.465208,-0.925760,-0.478384
2011,3,1,7,13,1.050000,0.835839,0.728758,1.050000,0.835839,0.728758,10.333333,9.158533,8.571132,16.037500,14.201685,13.283777,1.040427,-2.099193,-2.920772,0.293333,0.004515,-0.263756,1.384405,1.065608,0.973979,4.638254,5.128302,5.228359,2.090427,-1.263354,-2.192014,1.343333,0.840354,0.465001,11.717738,10.224141,9.545112,20.675754,19.329987,18.512136,1.050000,0.835839,0.728758,0.000000,0.000000,0.000000,16.037500,14.201685,13.283777,0.000000,0.000000,0.000000,15.340658,13.660167,12.819922
2011,4,1,4,5,1.400000,1.224638,1.203623,1.400000,1.224638,1.203623,1.700000,2.274741,2.643064,0.575000,1.860041,2.529943,-3.768849,-2.805168,-2.580463,-0.916667,-1.556077,-1.499672,0.040000,0.588321,0.646608,0.187302,2.897674,3.090419,-2.368849,-1.580531,-1.376840,0.483333,-0.331439,-0.296049,1.740000,2.863062,3.289672,0.762302,4.757716,5.620362,0.000000,0.091304,0.136957,1.400000,1.133333,1.066667,0.000000,1.394565,2.091848,0.575000,0.465476,0.438095,-0.374389,1.030894,1.715707
2011,5,1,8,17,-2.500000,-1.892424,-1.712121,-2.500000,-1.892424,-1.712121,-7.062500,-5.775622,-5.373647,-12.388889,-10.589971,-9.999459,-1.324145,-1.195531,-1.314812,-8.377976,-5.995289,-5.658122,-10.904405,-8.347350,-7.849791,-15.164563,-11.833162,-11.134945,-3.824145,-3.087956,-3.026933,-10.877976,-7.887713,-7.370244,-17.966905,-14.122973,-13.223438,-27.553452,-22.423133,-21.134403,-2.500000,-2.159091,-2.045455,0.000000,0.266667,0.333333,-12.388889,-10.699495,-10.136364,0.000000,0.109524,0.136905,-10.524180,-9.160377,-8.699833
2011,6,1,12,15,-0.940000,-1.024545,-1.095455,-0.940000,-1.024545,-1.095455,-0.033333,-0.987311,-1.306818,-3.757143,-4.421861,-4.814214,4.075704,0.679070,0.433622,1.360000,-2.092175,-2.534811,0.185556,-2.858187,-3.362276,-1.614715,-3.308765,-3.924667,3.135704,-0.345476,-0.661833,0.420000,-3.116721,-3.630265,0.152222,-3.845498,-4.669095,-5.371858,-7.730627,-8.738881,-0.940000,-1.024545,-1.095455,0.000000,0.000000,0.000000,-3.757143,-4.421861,-4.814214,0.000000,0.000000,0.000000,-3.018073,-3.630078,-3.971264
2011,7,1,2,2,0.850000,0.431732,0.348528,0.850000,0.431732,0.348528,0.483333,0.382179,0.357648,1.466667,0.162626,-0.077994,-4.372549,-0.732602,-0.339127,-1.133333,0.205996,0.321782,-0.570000,-0.099185,-0.063608,-1.750000,-2.912710,-2.902773,-3.522549,-0.300871,0.009402,-0.283333,0.637727,0.670310,-0.086667,0.282994,0.294040,-0.283333,-2.750084,-2.980767,0.000000,-0.256364,-0.299091,0.850000,0.688095,0.647619,0.000000,-1.024675,-1.195455,1.466667,1.187302,1.117460,0.914138,-0.083095,-0.263810
2011,8,1,2,2,-7.980000,-6.777226,-6.389793,-7.980000,-6.777226,-6.389793,-11.100000,-9.560110,-9.054486,-18.200000,-15.546722,-14.685576,0.136364,-1.513283,-1.727429,0.075000,-0.470238,-0.527467,0.414286,-0.020311,-0.065466,4.595238,0.210041,-0.073085,-7.843636,-8.290509,-8.117222,-7.905000,-7.247464,-6.917260,-10.685714,-9.580421,-9.119952,-13.604762,-15.336680,-14.758661,0.000000,0.000000,0.000000,-7.980000,-6.777226,-6.389793,0.000000,0.000000,0.000000,-18.200000,-15.546722,-14.685576,-12.381124,-10.592073,-10.010233
2011,9,1,7,7,3.750000,1.856858,1.339447,3.750000,1.856858,1.339447,1.412500,-0.356349,-0.903162,-3.188889,-4.838054,-5.484409,3.299616,0.787325,0.643271,1.242976,-0.107835,-0.161074,0.161111,-0.452305,-0.441616,-1.858730,1.943575,2.227856,7.049616,2.644183,1.982718,4.992976,1.749022,1.178373,1.573611,-0.808654,-1.344778,-5.047619,-2.894479,-3.256554,3.750000,2.897727,2.727273,0.000000,-1.040870,-1.387826,0.000000,0.000000,0.000000,-3.188889,-4.838054,-5.484409,-5.833952,-6.122983,-6.396113
2011,10,1,14,14,13.600000,12.509416,12.032251,13.600000,12.509416,12.032251,10.916667,9.678166,9.222529,11.075000,8.768110,8.095779,-2.528353,1.033939,1.304320,0.977619,2.205574,2.215519,2.616310,3.151210,3.033947,2.765476,3.031701,2.815524,11.071647,13.543355,13.336571,14.577619,14.714989,14.247770,13.532976,12.829375,12.256475,13.840476,11.799811,10.911303,13.600000,12.509416,12.032251,0.000000,0.000000,0.000000,11.075000,9.492857,8.965476,0.000000,-0.724747,-0.869697,1.322537,-0.192295,-0.520453
2011,11,1,8,13,-13.766667,-10.572294,-9.298918,-13.766667,-10.572294,-9.298918,-10.971429,-8.414502,-7.395960,-7.410000,-5.154221,-4.290022,-1.295036,-1.267825,-1.329358,-1.815000,-0.722825,-0.593771,1.948690,1.371657,1.407666,2.901111,1.007525,1.007346,-15.061702,-11.840120,-10.628276,-15.581667,-11.295119,-9.892689,-9.022738,-7.042846,-5.988294,-4.508889,-4.146696,-3.282676,-13.766667,-10.572294,-9.298918,0.000000,0.000000,0.000000,-7.410000,-5.154221,-4.290022,0.000000,0.000000,0.000000,2.584324,2.538319,2.483828
2011,12,1,1,4,2.233333,0.474242,-0.253030,2.233333,0.474242,-0.253030,-1.057143,-1.814286,-2.264935,-1.042857,-1.479481,-1.768896,0.500000,-0.752112,-0.833705,0.086667,-0.861136,-0.947576,-0.136667,0.997917,1.092706,1.087500,2.555788,2.638225,2.733333,-0.277870,-1.086735,2.320000,-0.386894,-1.200606,-1.193810,-0.816369,-1.172229,0.044643,1.076308,0.869329,2.233333,0.474242,-0.253030,0.000000,0.000000,0.000000,0.000000,-0.673636,-1.010455,-1.042857,-0.805844,-0.758442,-2.593549,-1.769167,-1.533810
2012,1,1,4,4,-0.200000,0.380303,0.490909,-0.200000,0.380303,0.490909,-0.164286,-0.344805,-0.385390,-0.455556,-0.526912,-0.553608,0.033613,0.121467,0.142666,-0.050000,-0.107879,-0.101667,-0.610000,-0.419697,-0.398182,-1.118571,-0.122321,-0.022045,-0.166387,0.501770,0.633575,-0.250000,0.272424,0.389242,-0.774286,-0.764502,-0.783571,-1.574127,-0.649233,-0.575653,0.000000,0.507576,0.609091,-0.200000,-0.127273,-0.118182,0.000000,0.000000,0.000000,-0.455556,-0.526912,-0.553608,-0.250443,-0.748816,-0.855320
2012,2,1,2,2,-0.100000,-0.144156,-0.148485,-0.100000,-0.144156,-0.148485,0.280000,0.140260,0.119459,0.444444,0.151804,0.109933,0.450000,0.306303,0.286402,0.233333,0.148268,0.134885,0.260000,-0.224740,-0.264848,-0.276786,-0.674439,-0.712103,0.350000,0.162147,0.137917,0.133333,0.004113,-0.013600,0.540000,-0.084481,-0.145390,0.167659,-0.522635,-0.602170,-0.100000,-0.071429,-0.066667,0.000000,-0.072727,-0.081818,0.000000,0.000000,0.000000,0.444444,0.151804,0.109933,0.577401,0.321359,0.282480
2012,3,1,4,5,0.166667,0.100216,0.087879,0.166667,0.100216,0.087879,-0.233333,-0.100303,-0.076364,-0.311111,-0.113420,-0.078114,0.908333,0.839935,0.820076,0.180000,0.244156,0.247085,-0.200000,-0.055714,-0.034242,-0.516071,-0.563451,-0.553173,1.075000,0.940152,0.907955,0.346667,0.344372,0.334964,-0.433333,-0.156017,-0.110606,-0.827183,-0.676871,-0.631288,0.166667,0.100216,0.087879,0.000000,0.000000,0.000000,0.000000,0.000000,0.000000,-0.311111,-0.113420,-0.078114,-0.370572,-0.121379,-0.077040
2012,4,1,8,9,0.150000,0.173593,0.174026,0.150000,0.173593,0.174026,0.100000,0.037446,0.022078,0.710000,0.571674,0.523723,0.349720,0.516604,0.541239,0.200000,0.135844,0.134502,0.083333,0.131349,0.118290,-0.265476,-0.478726,-0.489542,0.499720,0.690197,0.715265,0.350000,0.309437,0.308528,0.183333,0.168795,0.140368,0.444524,0.092948,0.034181,0.150000,0.173593,0.174026,0.000000,0.000000,0.000000,0.710000,0.642381,0.608571,0.000000,-0.070707,-0.084848,0.662566,0.515243,0.466848
2012,5,1,2,7,0.950000,0.881677,0.847516,0.950000,0.881677,0.847516,0.860000,0.794741,0.762112,1.462500,1.402945,1.373168,0.272727,0.348662,0.353458,0.050000,0.156211,0.163561,0.073333,0.015317,0.016097,1.053452,0.625513,0.567069,1.222727,1.230339,1.200974,1.000000,1.037888,1.011077,0.933333,0.810059,0.778209,2.515952,2.028458,1.940237,0.950000,0.881677,0.847516,0.000000,0.000000,0.000000,1.462500,1.402945,1.373168,0.000000,0.000000,0.000000,0.837815,0.828063,0.823187
2012,6,1,7,8,1.166667,1.082609,1.068357,1.166667,1.082609,1.068357,1.100000,1.017640,1.002650,3.157143,2.833296,2.746543,2.972058,1.843239,1.713570,1.150000,0.641408,0.588820,0.329167,0.034206,0.021720,-0.003730,0.774060,0.820040,4.138725,2.925848,2.781928,2.316667,1.724017,1.657177,1.429167,1.051846,1.024370,3.153413,3.607356,3.566583,1.166667,1.082609,1.068357,0.000000,0.000000,0.000000,3.157143,2.833296,2.746543,0.000000,0.000000,0.000000,2.376119,2.109527,2.032805
2012,7,1,4,8,-9.571429,-8.099567,-7.608947,-9.571429,-8.099567,-7.608947,-8.757143,-7.405844,-6.955411,-7.328571,-5.878200,-5.394743,1.472685,2.156222,2.230809,0.266667,0.620022,0.662662,0.308333,0.376172,0.377832,-1.082143,-0.648668,-0.599657,-8.098743,-5.943345,-5.378138,-9.304762,-7.479545,-6.946284,-8.448810,-7.029672,-6.577579,-8.410714,-6.526868,-5.994401,0.000000,0.166667,0.222222,-9.571429,-8.266234,-7.831169,0.000000,0.451020,0.601361,-7.328571,-6.329221,-5.996104,-0.361378,0.027346,0.156921
2012,8,1,1,1,2.550000,1.133936,0.588001,2.550000,1.133936,0.588001,2.128571,0.841869,0.351270,2.425000,1.320215,0.881663,0.687500,0.629323,0.666372,0.550000,0.244368,0.232576,0.360000,0.302773,0.301136,-0.385714,-0.831813,-0.864232,3.237500,1.763259,1.254373,3.100000,1.378303,0.820577,2.488571,1.144642,0.652407,2.039286,0.488401,0.017431,2.550000,2.439130,2.328261,0.000000,-1.305195,-1.740260,2.425000,2.319565,2.214130,0.000000,-0.999351,-1.332468,0.645813,0.568456,0.523950
2012,9,1,3,5,0.700000,0.705870,0.781739,0.700000,0.705870,0.781739,0.366667,0.404213,0.478427,0.133333,0.218768,0.317536,-0.401786,0.388412,0.438393,-0.300000,0.301087,0.340000,-0.133333,0.267681,0.290000,-1.555476,-1.460646,-1.399643,0.298214,1.094282,1.220132,0.400000,1.006957,1.121739,0.233333,0.671894,0.768427,-1.422143,-1.241878,-1.082107,0.000000,0.110870,0.221739,0.700000,0.595000,0.560000,0.000000,0.105435,0.210870,0.133333,0.113333,0.106667,-0.310961,-0.236238,-0.192611
2012,10,1,5,10,-0.100000,0.018043,0.057391,-0.100000,0.018043,0.057391,0.275000,0.294130,0.300507,-0.114286,-0.079379,-0.067743,0.287088,-0.021087,-0.053658,0.100000,-0.053261,-0.072609,0.033333,0.076667,0.068551,-0.530238,-0.622366,-0.677086,0.187088,-0.003043,0.003733,0.000000,-0.035217,-0.015217,0.308333,0.370797,0.369058,-0.644524,-0.701745,-0.744829,0.000000,0.000000,0.000000,-0.100000,0.018043,0.057391,0.000000,0.000000,0.000000,-0.114286,-0.079379,-0.067743,0.018671,-0.030409,-0.046769
2012,11,1,10,13,0.600000,0.450593,0.418972,0.600000,0.450593,0.418972,0.725000,0.596097,0.575099,1.011111,0.766406,0.715478,0.531349,-0.030669,-0.042339,0.475000,-0.041057,-0.058300,-0.500000,-0.547727,-0.523551,-0.490952,-0.667750,-0.668488,1.131349,0.419924,0.376633,1.075000,0.409536,0.360672,0.225000,0.048370,0.051548,0.520159,0.098656,0.046990,0.600000,0.463636,0.436364,0.000000,-0.013043,-0.017391,1.011111,0.781313,0.735354,0.000000,-0.014907,-0.019876,0.638973,0.496187,0.467955
2012,12,1,5,9,-0.050000,0.093506,0.123160,-0.050000,0.093506,0.123160,-0.700000,-0.435227,-0.368939,-1.957143,-1.447753,-1.308596,0.537037,1.036546,1.035125,0.133333,0.684794,0.700036,-0.170000,-0.418463,-0.433095,-1.857917,-1.930622,-1.864466,0.487037,1.130052,1.158285,0.083333,0.778301,0.823196,-0.870000,-0.853690,-0.802035,-3.815060,-3.378375,-3.173062,0.000000,0.136364,0.163636,-0.050000,-0.042857,-0.040476,0.000000,0.229798,0.275758,-1.957143,-1.677551,-1.584354,-1.860265,-1.449291,-1.331663
2013,1,1,7,8,0.433333,0.294306,0.273085,0.433333,0.294306,0.273085,1.100000,0.665217,0.584058,2.562500,1.503017,1.298407,0.062468,-0.117181,-0.094324,0.500000,0.058075,0.042685,0.635000,0.267277,0.231573,-0.466865,-0.091004,-0.159178,0.495801,0.177125,0.178761,0.933333,0.352381,0.315769,1.735000,0.932495,0.815631,2.095635,1.412013,1.139229,0.000000,0.000000,0.000000,0.433333,0.294306,0.273085,0.000000,0.000000,0.000000,2.562500,1.503017,1.298407,2.310623,1.341638,1.152592
2013,2,1,11,12,-0.300000,-0.108116,-0.074275,-0.300000,-0.108116,-0.074275,-0.975000,-0.445217,-0.348641,-2.285714,-1.048680,-0.822981,-2.895460,-0.240632,-0.093143,-1.733333,0.164783,0.273188,-1.836667,0.163746,0.283188,-1.234028,-0.772094,-0.730691,-3.195460,-0.348748,-0.167418,-2.033333,0.056667,0.198913,-2.811667,-0.281471,-0.065453,-3.519742,-1.820774,-1.553673,0.000000,0.000000,0.000000,-0.300000,-0.108116,-0.074275,0.000000,0.000000,0.000000,-2.285714,-1.048680,-0.822981,-2.008445,-0.903523,-0.702639
2013,3,1,6,7,0.300000,0.182857,0.153571,0.300000,0.182857,0.153571,0.633333,0.317698,0.238790,2.325000,1.425000,1.200000,1.145055,-1.602024,-1.801324,0.800000,-0.908571,-1.033333,0.966667,-1.044437,-1.182302,1.426190,-0.554269,-0.683884,1.445055,-1.419167,-1.647752,1.100000,-0.725714,-0.879762,1.600000,-0.726738,-0.943512,3.751190,0.870731,0.516116,0.300000,0.242857,0.228571,0.000000,-0.060000,-0.075000,2.325000,1.882143,1.771429,0.000000,-0.457143,-0.571429,2.169331,1.354436,1.150712
2013,4,1,11,12,-0.200000,-0.115584,-0.092208,-0.200000,-0.115584,-0.092208,0.100000,0.206999,0.232612,-0.685714,-0.149351,-0.007468,0.046584,0.450283,0.502692,0.225000,0.383874,0.411742,-0.190000,0.662482,0.717150,1.326667,1.956723,1.964334,-0.153416,0.334698,0.410484,0.025000,0.268290,0.319535,-0.090000,0.869481,0.949762,0.640952,1.807372,1.956866,0.000000,0.057143,0.071429,-0.200000,-0.172727,-0.163636,0.000000,0.442857,0.553571,-0.685714,-0.592208,-0.561039,-0.480602,-0.001859,0.123288
2013,5,1,9,15,-0.233333,-0.250461,-0.249407,-0.233333,-0.250461,-0.249407,-0.250000,-0.225494,-0.210079,-1.928571,-1.938227,-1.885545,-0.776657,-0.553867,-0.517982,0.066667,-0.007115,0.000214,-0.250000,-0.550343,-0.548109,-1.342024,-1.074524,-0.955872,-1.009991,-0.804328,-0.767389,-0.166667,-0.257576,-0.249193,-0.500000,-0.775837,-0.758188,-3.270595,-3.012751,-2.841417,-0.233333,-0.223188,-0.213043,0.000000,-0.027273,-0.036364,-1.928571,-1.844720,-1.760870,0.000000,-0.093506,-0.124675,-1.699407,-1.691056,-1.639014
2013,6,1,10,10,0.450000,0.372355,0.339710,0.450000,0.372355,0.339710,0.750000,0.626630,0.578261,3.183333,2.621982,2.378965,1.325433,0.481964,0.381924,0.620000,0.429812,0.401710,0.841667,0.325142,0.272189,-0.237619,0.035085,-0.011383,1.775433,0.854319,0.721634,1.070000,0.802167,0.741420,1.591667,0.951773,0.850450,2.945714,2.657067,2.367582,0.450000,0.372355,0.339710,0.000000,0.000000,0.000000,3.183333,2.621982,2.378965,0.000000,0.000000,0.000000,2.919430,2.407628,2.187769
2013,7,1,4,8,-0.300000,-0.193370,-0.157826,-0.300000,-0.193370,-0.157826,-0.957143,-0.719798,-0.640683,-2.916667,-2.058732,-1.772754,0.166667,0.900888,0.959913,0.000000,0.413377,0.444377,-0.083333,0.431017,0.476724,1.042857,0.614496,0.557273,-0.133333,0.707519,0.802087,-0.300000,0.220007,0.286551,-1.040476,-0.288781,-0.163960,-1.873810,-1.444236,-1.215480,-0.300000,-0.193370,-0.157826,0.000000,0.000000,0.000000,-2.916667,-2.058732,-1.772754,0.000000,0.000000,0.000000,-2.639398,-1.857214,-1.596486
2013,8,1,3,3,0.000000,-0.039130,-0.052174,0.000000,-0.039130,-0.052174,0.150000,0.025155,-0.023278,2.166667,1.786232,1.560935,0.200000,0.065481,0.063636,0.100000,0.023320,0.018775,-0.100000,0.024638,0.025560,0.302857,0.337844,0.369419,0.200000,0.026350,0.011462,0.100000,-0.015810,-0.033399,0.050000,0.049793,0.002282,2.469524,2.124076,1.930355,0.000000,-0.039130,-0.052174,0.000000,0.000000,0.000000,0.000000,-0.380435,-0.507246,2.166667,2.166667,2.068182,2.227467,1.883197,1.667193
2013,9,1,16,17,0.000000,0.000000,0.000000,0.000000,0.000000,0.000000,-0.133333,-0.114286,-0.101118,-0.614286,-0.526531,-0.398794,-1.843732,-0.806732,-0.709844,-0.900000,-0.403030,-0.355628,0.300000,0.038095,0.019264,0.245000,0.627843,0.629942,-1.843732,-0.806732,-0.709844,-0.900000,-0.403030,-0.355628,0.166667,-0.076190,-0.081854,-0.369286,0.101312,0.231148,0.000000,0.000000,0.000000,0.000000,0.000000,0.000000,-0.614286,-0.526531,-0.497279,0.000000,0.000000,0.098485,-0.553486,-0.474416,-0.346811
2013,10,1,0,5,0.000000,0.000000,0.000000,0.000000,0.000000,0.000000,-0.133333,-0.146584,-0.147136,0.000000,-0.087755,-0.117007,0.000000,-0.909727,-0.997524,-0.100000,-0.515942,-0.554451,-0.100000,0.087992,0.106625,0.741667,0.383620,0.363040,0.000000,-0.909727,-0.997524,-0.100000,-0.515942,-0.554451,-0.233333,-0.058592,-0.040511,0.741667,0.295865,0.246033,0.000000,0.000000,0.000000,0.000000,0.000000,0.000000,0.000000,-0.087755,-0.117007,0.000000,0.000000,0.000000,0.060800,-0.020913,-0.049913
2013,11,1,12,13,-0.200000,-0.161905,-0.152381,-0.200000,-0.161905,-0.152381,-0.450000,-0.370083,-0.354451,-2.500000,-2.023810,-1.904762,1.422737,1.058332,0.990582,0.498571,0.456010,0.427921,0.016667,0.113596,0.108454,1.291429,1.095275,1.066025,1.222737,0.896427,0.838201,0.298571,0.294105,0.275540,-0.433333,-0.256487,-0.245997,-1.208571,-0.928535,-0.838737,-0.200000,-0.161905,-0.152381,0.000000,0.000000,0.000000,-2.500000,-2.023810,-1.904762,0.000000,0.000000,0.000000,-2.294887,-1.855122,-1.743199
2013,12,1,2,8,1.087500,0.901109,0.842154,1.087500,0.901109,0.842154,0.940000,0.726104,0.661948,1.400000,0.732900,0.550216,-0.500000,0.091678,0.182155,1.442857,1.110235,1.068392,1.650000,1.061075,0.986869,0.994286,1.122267,1.138569,0.587500,0.992787,1.024308,2.530357,2.011344,1.910546,2.590000,1.787179,1.648817,2.394286,1.855167,1.688785,1.087500,0.901109,0.842154,0.000000,0.000000,0.000000,1.400000,0.732900,0.550216,0.000000,0.000000,0.000000,0.676100,0.146783,0.006771
2014,1,1,5,5,-0.050000,0.111339,0.162945,-0.050000,0.111339,0.162945,-0.300000,-0.093557,-0.037787,-0.862500,-0.446591,-0.345455,2.804762,1.861133,1.716460,0.266667,0.874821,0.928811,0.429524,0.899408,0.955733,1.011429,0.731982,0.733202,2.754762,1.972472,1.879404,0.216667,0.986160,1.091756,0.129524,0.805851,0.917947,0.148929,0.285391,0.387747,0.000000,0.148295,0.197727,-0.050000,-0.036957,-0.034783,0.000000,0.190909,0.254545,-0.862500,-0.637500,-0.600000,-0.765622,-0.473699,-0.409679
2014,2,1,8,9,2.260000,1.907957,1.792783,2.260000,1.907957,1.792783,2.785714,2.289596,2.137267,3.185714,2.482857,2.286071,-1.552023,-0.698474,-0.498926,-0.183333,-0.653696,-0.632935,-0.133333,-0.039308,-0.013967,-0.063571,0.462424,0.509578,0.707977,1.209483,1.293856,2.076667,1.254261,1.159848,2.652381,2.250288,2.123300,3.122143,2.945281,2.795649,0.000000,0.000000,0.000000,2.260000,1.907957,1.792783,0.000000,0.000000,0.000000,3.185714,2.482857,2.286071,1.615781,1.173686,1.059609
2014,3,1,6,7,3.933333,3.710429,3.636127,3.933333,3.710429,3.636127,3.333333,3.275000,3.255556,2.625000,2.727857,2.762143,-0.660714,-0.346754,-0.392893,-0.120000,0.299048,0.295595,0.252778,0.166947,0.148243,-0.198095,0.597925,0.604179,3.272619,3.363674,3.243234,3.813333,4.009476,3.931722,3.586111,3.441947,3.403799,2.426905,3.325782,3.366322,3.933333,3.371429,3.184127,0.000000,0.339000,0.452000,2.625000,2.250000,2.125000,0.000000,0.477857,0.637143,-0.152350,0.111782,0.199826
2014,4,1,4,8,2.833333,3.137662,3.196176,2.833333,3.137662,3.196176,1.471429,1.813853,1.905700,1.380000,1.629545,1.691818,1.651970,-0.073336,-0.179888,1.186667,0.161255,0.101602,0.725000,0.179876,0.158959,0.643333,-0.724040,-0.762716,4.485303,3.064326,3.016288,4.020000,3.298918,3.297778,2.196429,1.993729,2.064658,2.023333,0.905505,0.929102,0.000000,0.561905,0.749206,2.833333,2.575758,2.446970,0.000000,0.375000,0.500000,1.380000,1.254545,1.191818,-0.603630,-0.570519,-0.550336
2014,5,1,10,10,3.533333,2.987879,2.956061,3.533333,2.987879,2.956061,0.400000,0.442857,0.491558,-2.200000,-1.574545,-1.411818,-3.911145,-0.596811,-0.343943,-1.500000,0.221818,0.343939,-0.160000,0.368258,0.408485,-0.026667,0.432186,0.462641,-0.377812,2.391067,2.612118,2.033333,3.209697,3.300000,0.240000,0.811115,0.900043,-2.226667,-1.142359,-0.949177,0.000000,0.000000,0.000000,3.533333,2.987879,2.956061,-2.200000,-1.700000,-1.600000,0.000000,0.125455,0.188182,-4.688724,-3.677980,-3.492294
2014,6,1,8,8,-4.233333,-2.825541,-2.463348,-4.233333,-2.825541,-2.463348,-2.466667,-2.023377,-1.887734,0.450000,-0.114286,-0.235714,-4.625908,-5.319429,-5.276926,-1.216667,-1.764502,-1.774747,-0.848333,-0.604113,-0.570988,-0.706667,-0.596241,-0.563802,-8.859242,-8.144970,-7.740274,-5.450000,-4.590043,-4.238095,-3.315000,-2.627489,-2.458723,-0.256667,-0.710527,-0.799517,-4.233333,-3.628571,-3.426984,0.000000,0.803030,0.963636,0.000000,-0.500000,-0.600000,0.450000,0.385714,0.364286,3.565419,1.990454,1.607548
2014,7,1,1,1,-0.200000,-0.787371,-0.980262,-0.200000,-0.787371,-0.980262,-0.450000,-0.763251,-0.861146,-0.500000,-0.392236,-0.349068,0.000000,-1.346661,-1.566942,0.000000,-0.347619,-0.405556,0.400000,-0.117785,-0.175573,-0.100000,0.012105,-0.017198,-0.200000,-2.134032,-2.547205,-0.200000,-1.134990,-1.385818,-0.050000,-0.881035,-1.036718,-0.600000,-0.380131,-0.366266,-0.200000,-0.787371,-0.980262,0.000000,0.000000,0.000000,-0.500000,-0.456522,-0.434783,0.000000,0.064286,0.085714,-0.294887,0.240101,0.422704
2014,8,1,0,0,0.050000,0.023085,0.012008,0.050000,0.023085,0.012008,0.150000,0.082298,0.055590,0.233333,0.145411,0.112560,0.000000,0.000000,0.000000,0.000000,0.000000,0.000000,0.000000,0.278261,0.295652,0.000000,-0.069565,-0.073913,0.050000,0.023085,0.012008,0.050000,0.023085,0.012008,0.150000,0.360559,0.351242,0.233333,0.075845,0.038647,0.000000,-0.017391,-0.026087,0.050000,0.040476,0.038095,0.000000,-0.043478,-0.065217,0.233333,0.188889,0.177778,0.258055,0.183259,0.158150
2014,9,1,9,10,-5.466667,-4.711688,-4.460823,-5.466667,-4.711688,-4.460823,-5.366667,-4.606277,-4.355195,-4.400000,-3.755556,-3.544444,-0.317734,-0.201187,-0.186744,-0.300000,-0.190909,-0.177273,-0.116667,-0.179545,-0.174242,-0.866667,-0.659091,-0.619697,-5.784401,-4.912875,-4.647567,-5.766667,-4.902597,-4.638095,-5.483333,-4.785823,-4.529437,-5.266667,-4.414646,-4.164141,-5.466667,-4.721212,-4.472727,0.000000,0.009524,0.011905,-4.400000,-3.800000,-3.600000,0.000000,0.044444,0.055556,-0.394653,-0.291683,-0.261456
2014,10,1,5,8,0.500000,-0.267194,-0.537418,0.500000,-0.267194,-0.537418,0.000000,-0.731818,-0.975758,0.200000,-0.408696,-0.617391,0.000000,-0.116547,-0.130990,0.000000,-0.109091,-0.122727,-2.850000,-1.017556,-0.898946,-0.283333,-0.301054,-0.328129,0.500000,-0.383741,-0.668407,0.500000,-0.376285,-0.660145,-2.850000,-1.749374,-1.874704,-0.083333,-0.709750,-0.945520,0.500000,-0.267194,-0.537418,0.000000,0.000000,0.000000,0.200000,-0.408696,-0.617391,0.000000,0.000000,0.000000,-0.099982,-0.149451,-0.163043
2014,11,1,15,16,0.400000,0.361739,0.363478,0.400000,0.361739,0.363478,-0.066667,-0.056667,-0.053333,-0.300000,-0.246304,-0.222609,-8.121980,-4.607036,-4.200937,-2.906667,-1.453500,-1.308167,-5.545833,-4.029357,-3.875978,-0.167500,0.134062,0.130118,-7.721980,-4.245297,-3.837459,-2.506667,-1.091761,-0.944688,-5.612500,-4.086024,-3.929312,-0.467500,-0.112243,-0.092491,0.000000,0.021739,0.043478,0.400000,0.340000,0.320000,-0.300000,-0.246304,-0.222609,0.000000,0.000000,0.000000,-0.527825,-0.452999,-0.430954
2014,12,1,0,1,0.133333,0.175942,0.190145,0.133333,0.175942,0.190145,0.300000,0.250870,0.234493,0.783333,0.636159,0.587101,0.000000,-3.514944,-3.921043,-0.600000,-1.870558,-1.989804,-0.200000,-3.425172,-3.693768,0.100000,-0.421851,-0.434574,0.133333,-3.339002,-3.730898,-0.466667,-1.694616,-1.799659,0.100000,-3.174303,-3.459275,0.883333,0.214308,0.152527,0.133333,0.115942,0.110145,0.000000,0.060000,0.080000,0.783333,0.636159,0.587101,0.000000,0.000000,0.000000,0.747925,0.571196,0.512286
2015,1,1,0,1,-0.145000,-0.028745,-0.016357,-0.145000,-0.028745,-0.016357,-0.343333,-0.070112,-0.041462,-1.451667,-0.359720,-0.259677,0.000000,0.000000,0.000000,1.600000,-0.037154,-0.135968,0.070000,-0.054506,-0.066383,0.040000,0.034071,0.036601,-0.145000,-0.028745,-0.016357,1.455000,-0.065899,-0.152325,-0.273333,-0.124618,-0.107846,-1.411667,-0.325649,-0.223076,-0.145000,-0.028745,-0.016357,0.000000,0.000000,0.000000,-1.451667,-0.359720,-0.259677,0.000000,0.000000,0.000000,-1.286240,-0.311703,-0.220719
2015,2,0,2,3,0.000000,-0.098864,-0.105455,0.000000,-0.098864,-0.105455,0.000000,-0.234091,-0.249697,0.000000,-0.989773,-1.055758,0.309524,-0.211429,-0.226905,0.090000,1.130545,1.198773,-0.230000,0.039970,0.054652,-0.040000,0.049197,0.053015,0.309524,-0.310292,-0.332359,0.090000,1.031682,1.093318,-0.230000,-0.194121,-0.195045,-0.040000,-0.940576,-1.002742,0.000000,-0.098864,-0.105455,0.000000,0.000000,0.000000,0.000000,-0.989773,-1.055758,0.000000,0.000000,0.000000,0.000000,-0.876982,-0.935447
2015,3,1,3,8,-0.700000,-0.604545,-0.572727,-0.700000,-0.604545,-0.572727,-1.200000,-1.036364,-0.981818,-0.100000,-0.086364,-0.081818,-7.061905,-1.041169,-0.704697,-2.750000,-0.333273,-0.203773,-1.937500,-0.910879,-0.834311,-0.823583,-0.415220,-0.379784,-7.761905,-1.645714,-1.277424,-3.450000,-0.937818,-0.776500,-3.137500,-1.947242,-1.816129,-0.923583,-0.501583,-0.461602,0.000000,0.000000,0.000000,-0.700000,-0.604545,-0.572727,0.000000,0.000000,0.000000,-0.100000,-0.086364,-0.081818,0.465894,0.402363,0.381186
2015,4,1,0,5,0.100000,-0.040909,-0.077273,0.100000,-0.040909,-0.077273,-0.718750,-0.555682,-0.577557,0.247500,0.121364,0.105568,0.000000,-5.499784,-5.820779,-1.225000,-2.508864,-2.578182,-0.650417,-1.527557,-1.586061,-0.351500,-0.632970,-0.654428,0.100000,-5.540693,-5.898052,-1.125000,-2.549773,-2.655455,-1.369167,-2.083239,-2.163617,-0.104000,-0.511606,-0.548860,0.000000,0.000000,0.000000,0.100000,-0.040909,-0.077273,0.000000,0.000000,0.000000,0.247500,0.121364,0.105568,0.236144,0.192337,0.202780
2015,5,0,3,4,0.000000,0.045455,0.050000,0.000000,0.045455,0.050000,0.000000,-0.326705,-0.359375,0.000000,0.112500,0.123750,2.781111,1.647460,1.515026,0.866667,-0.190054,-0.287006,0.006250,-0.343850,-0.373712,-0.155333,-0.305775,-0.314355,2.781111,1.692915,1.565026,0.866667,-0.144600,-0.237006,0.006250,-0.670555,-0.733087,-0.155333,-0.193275,-0.190605,0.000000,0.000000,0.000000,0.000000,0.045455,0.050000,0.000000,0.000000,0.000000,0.000000,0.112500,0.123750,0.000000,0.107338,0.118072
2015,6,1,0,6,0.005000,0.004545,0.004318,0.005000,0.004545,0.004318,-0.011667,-0.010606,-0.010076,0.485000,0.440909,0.418864,0.000000,1.133651,1.266085,0.290000,0.493766,0.521854,-0.215000,-0.110260,-0.100189,0.398000,0.202578,0.177090,0.005000,1.138196,1.270403,0.295000,0.498312,0.526172,-0.226667,-0.120866,-0.110265,0.883000,0.643487,0.595954,0.005000,0.004545,0.004318,0.000000,0.000000,0.000000,0.485000,0.440909,0.418864,0.000000,0.000000,0.000000,0.542192,0.492902,0.468257
2015,7,1,0,1,0.000000,0.000455,0.000682,0.000000,0.000455,0.000682,-0.100000,-0.053235,-0.049417,0.000000,0.044091,0.066136,0.000000,0.000000,0.000000,0.000000,0.134091,0.147273,0.000000,-0.110455,-0.120227,-0.060000,0.129615,0.150314,0.000000,0.000455,0.000682,0.000000,0.134545,0.147955,-0.100000,-0.163689,-0.169644,-0.060000,0.173706,0.216451,0.000000,0.000455,0.000682,0.000000,0.000000,0.000000,0.000000,0.044091,0.066136,0.000000,0.000000,0.000000,0.060800,0.081012,0.103014
2015,8,0,3,3,0.000000,0.000000,0.000000,0.000000,0.000000,0.000000,0.000000,-0.047826,-0.052174,0.000000,0.000000,0.000000,0.261194,0.037669,0.025231,0.200000,0.028810,0.019286,0.240000,0.044286,0.032857,-0.030833,-0.047724,-0.048865,0.261194,0.037669,0.025231,0.200000,0.028810,0.019286,0.240000,-0.003540,-0.019317,-0.030833,-0.047724,-0.048865,0.000000,0.000000,0.000000,0.000000,0.000000,0.000000,0.000000,0.000000,0.000000,0.000000,0.000000,0.000000,0.000000,0.029078,0.031722
2015,9,1,1,8,-0.100000,-0.090909,-0.086364,-0.100000,-0.090909,-0.086364,0.000000,0.000000,0.000000,-0.285000,-0.259091,-0.246136,0.500000,0.291707,0.281418,0.110000,0.191645,0.196169,0.070000,0.197760,0.206006,0.130250,0.028560,0.021172,0.400000,0.200798,0.195054,0.010000,0.100736,0.109805,0.070000,0.197760,0.206006,-0.154750,-0.230530,-0.224965,-0.100000,-0.090909,-0.086364,0.000000,0.000000,0.000000,-0.285000,-0.259091,-0.246136,0.000000,0.000000,0.000000,-0.152044,-0.138221,-0.131310
2015,10,1,5,9,0.000000,-0.009091,-0.013636,0.000000,-0.009091,-0.013636,-1.122500,-0.357159,-0.306136,-3.310000,-1.079091,-0.941591,0.481280,0.900448,0.901299,0.155000,0.235909,0.233864,0.406667,0.243068,0.227765,0.850167,0.423973,0.391250,0.481280,0.891357,0.887662,0.155000,0.226818,0.220227,-0.715833,-0.114091,-0.078371,-2.459833,-0.655117,-0.550341,0.000000,-0.009091,-0.013636,0.000000,0.000000,0.000000,-3.310000,-1.079091,-0.941591,0.000000,0.000000,0.000000,-3.249200,-1.047658,-0.906879
2015,11,0,16,24,0.000000,0.000000,0.000000,0.000000,0.000000,0.000000,0.000000,-0.765341,-0.816364,0.000000,-2.256818,-2.407273,-0.233019,-0.180601,-0.147629,0.386250,0.319609,0.308261,-0.647750,-0.380804,-0.331474,0.860446,0.828356,0.826026,-0.233019,-0.180601,-0.147629,0.386250,0.319609,0.308261,-0.647750,-1.146145,-1.147838,0.860446,-1.428463,-1.581247,0.000000,0.000000,0.000000,0.000000,0.000000,0.000000,0.000000,-2.256818,-2.407273,0.000000,0.000000,0.000000,0.000000,-2.215364,-2.363054
2015,12,1,0,4,4.766667,4.352174,4.144928,4.766667,4.352174,4.144928,6.754000,6.166696,5.873043,10.100000,9.221739,8.782609,0.000000,-0.039767,-0.050863,0.090000,0.127017,0.141497,0.209167,0.099462,0.059523,0.412405,1.087662,1.110705,4.766667,4.312407,4.094064,4.856667,4.479191,4.286424,6.963167,6.266158,5.932566,10.512405,10.309401,9.893313,4.766667,4.352174,4.144928,0.000000,0.000000,0.000000,10.100000,9.221739,8.782609,0.000000,0.000000,0.000000,6.721348,6.136883,5.844650
2016,1,1,3,6,0.700000,0.647826,0.821739,0.700000,0.647826,0.821739,-1.525000,0.078971,0.445242,-3.703000,-0.356072,0.259391,-0.062662,-0.018723,-0.015739,-0.090000,0.008261,0.016460,0.581250,0.175383,0.156799,0.793750,0.124975,0.105108,0.637338,0.629103,0.806000,0.610000,0.656087,0.838199,-0.943750,0.254354,0.602041,-2.909250,-0.231098,0.364499,0.000000,0.414493,0.621739,0.700000,0.233333,0.200000,-3.703000,-0.356072,0.259391,0.000000,0.000000,0.000000,-4.147294,-0.797966,-0.308244
2016,2,0,1,5,0.000000,0.466667,0.500000,0.000000,0.466667,0.500000,0.000000,-1.016667,-1.089286,0.000000,-2.468667,-2.645000,0.025000,-0.030844,-0.035019,0.005000,-0.057381,-0.061905,0.130000,0.626845,0.648333,-0.950500,-0.073698,0.009361,0.025000,0.435823,0.464981,0.005000,0.409286,0.438095,0.130000,-0.389821,-0.440952,-0.950500,-2.542365,-2.635639,0.000000,0.000000,0.000000,0.000000,0.466667,0.500000,0.000000,-2.468667,-2.645000,0.000000,0.000000,0.000000,0.000000,-2.764863,-2.962353
2016,3,1,2,5,2.555000,1.777391,1.666304,2.555000,1.777391,1.666304,2.823000,1.963826,1.841087,5.991667,4.168116,3.907609,0.092532,0.104141,0.101308,0.080000,0.071729,0.068489,0.063333,-0.036522,-0.033085,0.569286,0.198985,0.128972,2.647532,1.881532,1.767612,2.635000,1.849120,1.734793,2.886333,1.927304,1.808002,6.560952,4.367101,4.036580,0.000000,0.000000,0.000000,2.555000,1.777391,1.666304,0.000000,0.000000,0.000000,5.991667,4.168116,3.907609,4.208872,2.927911,2.744917
2016,4,1,4,7,0.035000,0.789275,0.898696,0.035000,0.789275,0.898696,0.025000,0.867507,0.989056,0.226667,1.899106,2.148820,-0.449038,-0.432716,-0.407310,-0.190000,-0.174586,-0.162060,-0.970000,-0.857764,-0.808820,0.081667,0.032943,0.053806,-0.414038,0.356559,0.491385,-0.155000,0.614689,0.736636,-0.945000,0.009743,0.180236,0.308333,1.932050,2.202626,0.035000,0.011667,0.010000,0.000000,0.777609,0.888696,0.226667,0.075556,0.064762,0.000000,1.823551,2.084058,0.262212,1.368365,1.538873
2016,5,0,6,8,0.000000,0.023333,0.025000,0.000000,0.023333,0.025000,0.000000,0.016667,0.017857,0.000000,0.151111,0.161905,0.075000,0.035111,0.010319,0.020000,0.008874,-0.001082,0.045000,0.010725,-0.037511,0.386667,0.106324,0.092637,0.075000,0.058444,0.035319,0.020000,0.032208,0.023918,0.045000,0.027392,-0.019654,0.386667,0.257435,0.254542,0.000000,0.023333,0.025000,0.000000,0.000000,0.000000,0.000000,0.151111,0.161905,0.000000,0.000000,0.000000,0.000000,0.174808,0.187294
2016,6,1,2,12,-0.020000,-0.019091,-0.018182,-0.020000,-0.019091,-0.018182,-0.030000,-0.028636,-0.027273,-0.190000,-0.181364,-0.172727,-0.428571,-0.034578,-0.011688,-0.147500,-0.093750,-0.086136,0.137500,-0.099432,-0.103636,0.008750,0.164337,0.181515,-0.448571,-0.053669,-0.029870,-0.167500,-0.112841,-0.104318,0.107500,-0.128068,-0.130909,-0.181250,-0.017027,0.008788,0.000000,0.000000,0.000000,-0.020000,-0.019091,-0.018182,0.000000,0.000000,0.000000,-0.190000,-0.181364,-0.172727,-0.114769,-0.109552,-0.104335
2016,7,1,3,3,0.000000,-0.000909,-0.001818,0.000000,-0.000909,-0.001818,0.000000,-0.001364,-0.002727,-0.131250,-0.052386,-0.054773,0.052500,-0.324773,-0.346753,0.025000,-0.026196,-0.034091,-0.055000,0.191445,0.200314,0.091000,0.319168,0.315233,0.052500,-0.325682,-0.348571,0.025000,-0.027105,-0.035909,-0.055000,0.190081,0.197587,-0.040250,0.266782,0.260460,0.000000,0.000000,0.000000,0.000000,-0.000909,-0.001818,-0.131250,-0.043750,-0.037500,0.000000,-0.008636,-0.017273,-0.070450,-0.028700,-0.030562
2016,8,0,0,0,0.000000,0.000000,0.000000,0.000000,0.000000,0.000000,0.000000,0.000000,0.000000,0.000000,-0.087500,-0.093750,0.000000,0.007143,0.009643,0.000000,0.003810,0.005000,0.000000,-0.004286,-0.006905,0.000000,-0.014286,-0.009952,0.000000,0.007143,0.009643,0.000000,0.003810,0.005000,0.000000,-0.004286,-0.006905,0.000000,-0.101786,-0.103702,0.000000,0.000000,0.000000,0.000000,0.000000,0.000000,0.000000,-0.087500,-0.093750,0.000000,0.000000,0.000000,0.000000,-0.046967,-0.050321
2016,9,1,7,9,1.015000,0.784318,0.738182,1.015000,0.784318,0.738182,0.656667,0.507424,0.477576,1.379167,1.065720,1.003030,-0.147917,0.055587,0.062311,-0.295000,-0.122045,-0.108636,-0.385000,-0.142045,-0.124545,-0.170833,-0.068712,-0.060947,0.867083,0.839905,0.800492,0.720000,0.662273,0.629545,0.271667,0.365379,0.353030,1.208333,0.997008,0.942083,1.015000,0.784318,0.738182,0.000000,0.000000,0.000000,1.379167,1.065720,1.003030,0.000000,0.000000,0.000000,0.707580,0.546766,0.514604
2016,10,1,6,7,-0.050000,0.211634,0.260152,-0.050000,0.211634,0.260152,0.110000,0.191147,0.215758,-0.197500,0.238209,0.310303,0.015301,-0.173175,-0.180627,-0.115000,-0.175812,-0.183745,-0.228333,-0.400574,-0.407201,-1.065083,-0.780284,-0.737331,-0.034699,0.038459,0.079524,-0.165000,0.035823,0.076407,-0.118333,-0.209426,-0.191443,-1.262583,-0.542075,-0.427028,-0.050000,0.211634,0.260152,0.000000,0.000000,0.000000,-0.197500,0.238209,0.310303,0.000000,0.000000,0.000000,-0.100622,0.122481,0.159436
2016,11,0,7,11,0.000000,-0.030952,-0.033333,0.000000,-0.030952,-0.033333,0.000000,0.068095,0.073333,0.000000,-0.122262,-0.131667,0.093295,0.001827,-0.001685,-1.340000,-1.121688,-1.066255,0.100417,0.024683,0.009246,-0.439750,-0.661580,-0.692309,0.093295,-0.029126,-0.035019,-1.340000,-1.152641,-1.099589,0.100417,0.092779,0.082579,-0.439750,-0.783842,-0.823976,0.000000,-0.030952,-0.033333,0.000000,0.000000,0.000000,0.000000,-0.122262,-0.131667,0.000000,0.000000,0.000000,0.000000,-0.062290,-0.067081
2016,12,1,1,3,0.100000,0.077273,0.072727,0.100000,0.077273,0.072727,0.085000,0.065682,0.061818,-0.082500,-0.063750,-0.060000,-0.010714,0.067188,0.071916,-0.015000,-0.342727,-0.402955,-0.125000,-0.081572,-0.071326,-0.103000,-0.213864,-0.229170,0.089286,0.144461,0.144643,0.085000,-0.265455,-0.330227,-0.040000,-0.015890,-0.009508,-0.185500,-0.277614,-0.289170,0.000000,0.000000,0.000000,0.100000,0.077273,0.072727,-0.082500,-0.063750,-0.060000,0.000000,0.000000,0.000000,-0.093856,-0.072525,-0.068259
2017,1,1,3,11,-0.055000,0.000227,0.007273,-0.055000,0.000227,0.007273,-0.075000,-0.011364,-0.004091,-0.055000,-0.041250,-0.042500,-0.038889,-0.022673,-0.021392,-0.168333,-0.065758,-0.058788,-0.086667,-0.018485,-0.020227,0.027083,0.115905,0.109992,-0.093889,-0.022446,-0.014120,-0.223333,-0.065530,-0.051515,-0.161667,-0.029848,-0.024318,-0.027917,0.074655,0.067492,-0.055000,-0.022500,-0.020000,0.000000,0.022727,0.027273,-0.055000,-0.041250,-0.042500,0.000000,0.000000,0.000000,0.045486,-0.002723,-0.009057
2017,2,0,3,7,0.000000,-0.032500,-0.035000,0.000000,-0.032500,-0.035000,0.000000,-0.044318,-0.047727,0.000000,-0.032500,-0.035000,-0.030208,-0.019552,-0.019809,-0.020000,-0.108053,-0.114705,0.535000,0.317159,0.286470,0.727083,0.522555,0.487432,-0.030208,-0.052052,-0.054809,-0.020000,-0.140553,-0.149705,0.535000,0.272841,0.238742,0.727083,0.490055,0.452432,0.000000,-0.032500,-0.035000,0.000000,0.000000,0.000000,0.000000,-0.032500,-0.035000,0.000000,0.000000,0.000000,0.000000,0.026878,0.028946
2017,3,1,0,10,-0.070000,-0.051739,-0.048696,-0.070000,-0.051739,-0.048696,-0.020000,-0.014783,-0.013913,0.445000,0.328913,0.309565,0.000000,-0.028333,-0.029844,0.070000,-0.010728,-0.014772,-0.031667,0.077047,0.105174,-0.579833,-0.281187,-0.219623,-0.070000,-0.080072,-0.078539,0.000000,-0.062467,-0.063467,-0.051667,0.062264,0.091261,-0.134833,0.047726,0.089942,-0.070000,-0.051739,-0.048696,0.000000,0.000000,0.000000,0.000000,0.000000,0.000000,0.445000,0.328913,0.309565,0.556310,0.411185,0.386998
2017,4,1,8,8,-0.165000,-0.034761,-0.029554,-0.165000,-0.034761,-0.029554,-0.205000,-0.025717,-0.016337,-0.394000,0.076687,0.115735,5.915578,2.765016,2.469237,3.950000,1.761228,1.566772,-0.055000,-0.029214,-0.027841,0.269333,-0.124792,-0.163468,5.750578,2.730255,2.439682,3.785000,1.726467,1.537217,-0.260000,-0.054931,-0.044178,-0.124667,-0.048105,-0.047734,-0.165000,-0.034761,-0.029554,0.000000,0.000000,0.000000,-0.394000,-0.039400,-0.019700,0.000000,0.116087,0.135435,-0.214142,0.123710,0.158604
2017,5,0,12,16,0.000000,-0.148500,-0.156750,0.000000,-0.148500,-0.156750,0.000000,-0.184500,-0.194750,0.000000,-0.354600,-0.374300,-0.230606,3.100101,3.405907,-0.125000,2.232902,2.435837,0.175000,0.136750,0.126391,0.316500,0.303842,0.303548,-0.230606,2.951601,3.249157,-0.125000,2.084402,2.279087,0.175000,-0.047750,-0.068359,0.316500,-0.050758,-0.070752,0.000000,-0.148500,-0.156750,0.000000,0.000000,0.000000,0.000000,-0.354600,-0.374300,0.000000,0.000000,0.000000,0.000000,-0.192728,-0.203435
2017,6,1,5,8,-0.100000,-0.077273,-0.072727,-0.100000,-0.077273,-0.072727,-0.108333,-0.083712,-0.078788,-0.289375,-0.223608,-0.210455,-0.011087,-0.205550,-0.215072,-0.015000,-0.125425,-0.130178,-0.085000,-0.021818,-0.010346,0.624583,0.190506,0.175877,-0.111087,-0.282823,-0.287800,-0.115000,-0.202698,-0.202905,-0.193333,-0.105530,-0.089134,0.335208,-0.033102,-0.034578,0.000000,0.000000,0.000000,-0.100000,-0.077273,-0.072727,0.000000,0.000000,0.000000,-0.289375,-0.223608,-0.210455,-0.156419,-0.120869,-0.113759
2017,7,1,4,4,-0.140000,-0.076061,-0.073939,-0.140000,-0.076061,-0.073939,-0.150000,-0.081764,-0.079545,-0.336000,-0.193767,-0.190920,-0.195221,-0.144610,-0.135818,-0.110000,-0.084751,-0.080195,-0.045000,-0.090801,-0.092522,-0.034583,0.549447,0.579484,-0.335221,-0.220671,-0.209758,-0.250000,-0.160812,-0.154134,-0.195000,-0.172565,-0.172067,-0.370583,0.355680,0.388564,-0.140000,-0.053333,-0.046667,0.000000,-0.022727,-0.027273,-0.336000,-0.128000,-0.112000,0.000000,-0.065767,-0.078920,-0.174181,-0.101904,-0.100720
2017,8,0,2,2,0.000000,-0.086667,-0.093333,0.000000,-0.086667,-0.093333,0.000000,-0.092857,-0.100000,0.000000,-0.208000,-0.224000,0.010000,-0.033249,-0.042980,0.005000,-0.018954,-0.024410,0.068333,0.018416,0.013302,0.181250,0.074608,0.065081,0.010000,-0.119915,-0.136313,0.005000,-0.105621,-0.117743,0.068333,-0.074441,-0.086698,0.181250,-0.133392,-0.158919,0.000000,-0.086667,-0.093333,0.000000,0.000000,0.000000,0.000000,-0.208000,-0.224000,0.000000,0.000000,0.000000,0.000000,-0.107826,-0.116121
2017,9,1,2,14,-0.055000,-0.044524,-0.041905,-0.055000,-0.044524,-0.041905,-0.055000,-0.044524,-0.041905,-0.475000,-0.384524,-0.361905,0.209722,0.206097,0.196545,0.285000,0.207288,0.193934,0.100000,0.144917,0.143126,0.818250,0.746285,0.715201,0.154722,0.161573,0.154640,0.230000,0.162764,0.152029,0.045000,0.100393,0.101222,0.343250,0.361761,0.353296,-0.055000,-0.044524,-0.041905,0.000000,0.000000,0.000000,-0.475000,-0.384524,-0.361905,0.000000,0.000000,0.000000,-0.374514,-0.303178,-0.285344
2017,10,1,7,7,0.060000,0.000433,-0.004913,0.060000,0.000433,-0.004913,-0.010000,-0.012294,-0.014459,-0.128000,-0.113749,-0.130550,0.102123,0.062621,0.067966,0.070000,0.115963,0.126353,0.130000,0.058983,0.057835,0.025167,0.202633,0.240454,0.162123,0.063054,0.063052,0.130000,0.116396,0.121439,0.120000,0.046688,0.043377,-0.102833,0.088885,0.109904,0.000000,-0.010476,-0.013095,0.060000,0.010909,0.008182,-0.128000,-0.113749,-0.130550,0.000000,0.000000,0.000000,-0.110494,-0.091426,-0.104237
2017,11,0,7,20,0.000000,0.049091,0.051818,0.000000,0.049091,0.051818,0.000000,-0.008182,-0.008636,0.000000,-0.104727,-0.110545,1.900000,0.363720,0.281999,0.780000,0.138864,0.106591,0.315000,0.175682,0.167273,0.362000,0.109000,0.093689,1.900000,0.412811,0.333817,0.780000,0.187955,0.158409,0.315000,0.167500,0.158636,0.362000,0.004273,-0.016856,0.000000,0.000000,0.000000,0.000000,0.049091,0.051818,0.000000,-0.104727,-0.110545,0.000000,0.000000,0.000000,0.000000,-0.090404,-0.095426
2017,12,1,1,1,-0.100000,-0.057143,-0.052381,-0.100000,-0.057143,-0.052381,0.107500,0.061429,0.056310,-0.018750,-0.010714,-0.009821,-0.006818,1.580519,1.667208,-0.005000,0.672078,0.707771,-0.035000,0.182955,0.198939,0.015000,0.286660,0.302400,-0.106818,1.523377,1.614827,-0.105000,0.614935,0.655390,0.072500,0.244383,0.255249,-0.003750,0.275946,0.292579,-0.100000,-0.057143,-0.052381,0.000000,0.000000,0.000000,-0.018750,-0.010714,-0.009821,0.000000,0.000000,0.000000,0.114206,0.065261,0.059822
2018,1,1,1,6,0.000000,-0.042857,-0.047619,0.000000,-0.042857,-0.047619,-0.020000,0.041724,0.047712,-0.263000,-0.065210,-0.054668,0.000000,-0.000974,-0.001299,0.105000,0.012981,0.008178,-0.075000,-0.051304,-0.049710,-0.334000,-0.054104,-0.038867,0.000000,-0.043831,-0.048918,0.105000,-0.029876,-0.039441,-0.095000,-0.009581,-0.001998,-0.597000,-0.119313,-0.093535,0.000000,-0.042857,-0.047619,0.000000,0.000000,0.000000,0.000000,-0.008036,-0.008929,-0.263000,-0.057174,-0.045739,-0.202200,0.004989,0.019219
2018,2,0,9,15,0.000000,0.000000,0.000000,0.000000,0.000000,0.000000,0.000000,-0.015652,-0.016522,0.000000,-0.205826,-0.217261,-0.126786,-0.052054,-0.045714,-0.150000,-0.016196,-0.004130,0.033333,0.108888,0.103960,0.153333,-0.201587,-0.223775,-0.126786,-0.052054,-0.045714,-0.150000,-0.016196,-0.004130,0.033333,0.093236,0.087438,0.153333,-0.407413,-0.441036,0.000000,0.000000,0.000000,0.000000,0.000000,0.000000,0.000000,0.000000,0.000000,0.000000,-0.205826,-0.217261,0.000000,-0.158243,-0.167035
2018,3,1,0,6,0.000000,0.000000,0.000000,0.000000,0.000000,0.000000,-0.010000,-0.007727,-0.007273,-0.248000,-0.191636,-0.180364,0.000000,-0.074732,-0.081071,0.400000,0.248409,0.222727,0.195000,0.043705,0.036508,-0.831667,-0.359500,-0.314030,0.000000,-0.074732,-0.081071,0.400000,0.248409,0.222727,0.185000,0.035977,0.029235,-1.079667,-0.551136,-0.494394,0.000000,0.000000,0.000000,0.000000,0.000000,0.000000,-0.248000,-0.191636,-0.180364,0.000000,0.000000,0.000000,-0.187200,-0.144654,-0.136145
2018,4,1,6,7,-0.010000,-0.001429,-0.000952,-0.010000,-0.001429,-0.000952,-0.055000,-0.010130,-0.007965,-0.070000,-0.066364,-0.074303,0.004087,-0.006261,-0.006456,0.010000,0.108853,0.126558,-0.005000,0.031569,0.040671,1.060000,-0.326667,-0.414946,-0.005913,-0.007690,-0.007408,0.000000,0.107424,0.125606,-0.060000,0.021439,0.032706,0.990000,-0.393030,-0.489249,0.000000,0.000000,0.000000,-0.010000,-0.001429,-0.000952,0.000000,-0.056364,-0.067636,-0.070000,-0.010000,-0.006667,-0.001984,-0.042829,-0.051244
2018,5,0,4,15,0.000000,-0.008571,-0.009048,0.000000,-0.008571,-0.009048,0.000000,-0.047143,-0.049762,0.000000,-0.060000,-0.063333,0.147619,0.044820,0.038596,0.051667,0.021253,0.019482,-0.096667,0.050694,0.054658,0.066667,1.051594,1.099172,0.147619,0.036249,0.029549,0.051667,0.012681,0.010435,-0.096667,0.003551,0.004896,0.066667,0.991594,1.035839,0.000000,0.000000,0.000000,0.000000,-0.008571,-0.009048,0.000000,0.000000,0.000000,0.000000,-0.060000,-0.063333,0.000000,-0.001701,-0.001795
2018,6,1,0,3,-0.090000,-0.051429,-0.047143,-0.090000,-0.051429,-0.047143,-0.030000,-0.017143,-0.015714,-0.517500,-0.295714,-0.271071,0.000000,0.113147,0.119565,0.000000,0.031128,0.033375,0.575000,0.140497,0.108913,-0.318333,-0.114769,-0.096712,-0.090000,0.061718,0.072422,-0.090000,-0.020300,-0.013768,0.545000,0.123354,0.093199,-0.835833,-0.410483,-0.367783,-0.090000,-0.051429,-0.047143,0.000000,0.000000,0.000000,-0.517500,-0.295714,-0.271071,0.000000,0.000000,0.000000,-0.391759,-0.223862,-0.205207
2018,7,1,4,4,-0.035000,-0.044935,-0.047630,-0.035000,-0.044935,-0.047630,-0.040000,-0.020130,-0.019740,-0.195000,-0.257240,-0.273019,0.007051,0.005828,0.005507,0.000000,0.010206,0.010206,-0.215000,0.101937,0.139091,-0.073333,-0.257659,-0.269484,-0.027949,-0.039108,-0.042123,-0.035000,-0.034729,-0.037424,-0.255000,0.081807,0.119351,-0.268333,-0.514899,-0.542504,-0.035000,-0.044935,-0.047630,0.000000,0.000000,0.000000,-0.195000,-0.257240,-0.273019,0.000000,0.000000,0.000000,-0.108945,-0.187705,-0.201408
2018,8,0,1,1,0.000000,-0.028636,-0.030227,0.000000,-0.028636,-0.030227,0.000000,-0.032727,-0.034545,0.000000,-0.159545,-0.168409,-0.053571,-0.008093,-0.005443,-0.025000,-0.005030,-0.003943,0.005000,-0.018449,-0.028439,-0.005000,-0.013370,-0.016486,-0.053571,-0.036729,-0.035671,-0.025000,-0.033666,-0.034170,0.005000,-0.051176,-0.062984,-0.005000,-0.172915,-0.184895,0.000000,-0.028636,-0.030227,0.000000,0.000000,0.000000,0.000000,-0.159545,-0.168409,0.000000,0.000000,0.000000,0.000000,-0.089137,-0.094089
2018,9,1,1,12,-0.050000,-0.030000,-0.027500,-0.050000,-0.030000,-0.027500,-0.065000,-0.039000,-0.035750,-0.210000,-0.126000,-0.115500,0.006522,-0.038711,-0.041366,-0.250000,-0.139402,-0.127989,-0.195000,-0.082120,-0.072152,-0.111000,-0.070105,-0.064773,-0.043478,-0.068711,-0.068866,-0.300000,-0.169402,-0.155489,-0.260000,-0.121120,-0.107902,-0.321000,-0.196105,-0.180273,0.000000,0.000000,0.000000,-0.050000,-0.030000,-0.027500,0.000000,0.000000,0.000000,-0.210000,-0.126000,-0.115500,-0.113122,-0.067873,-0.062217
2018,10,1,5,9,-0.080000,-0.037391,-0.036413,-0.080000,-0.037391,-0.036413,-0.080000,-0.043391,-0.043163,-0.136667,-0.113710,-0.118268,-0.081551,-0.046566,-0.042695,0.105000,-0.131685,-0.148750,0.030000,-0.138098,-0.149152,0.400167,0.064794,0.041845,-0.161551,-0.083958,-0.079108,0.025000,-0.169076,-0.185163,-0.050000,-0.181489,-0.192315,0.263500,-0.048916,-0.076423,0.000000,0.000000,0.000000,-0.080000,-0.037391,-0.036413,0.000000,0.000000,0.000000,-0.136667,-0.113710,-0.118268,-0.018142,-0.049193,-0.054060
2018,11,0,10,22,0.000000,-0.062609,-0.066087,0.000000,-0.062609,-0.066087,0.000000,-0.062609,-0.066087,0.000000,-0.106957,-0.112899,0.000000,-0.034006,-0.037552,0.100000,0.196344,0.196364,0.420000,0.210257,0.192470,-0.547500,-0.050599,-0.008314,0.000000,-0.096615,-0.103639,0.100000,0.133735,0.130277,0.420000,0.147648,0.126383,-0.547500,-0.157556,-0.121213,0.000000,0.000000,0.000000,0.000000,-0.062609,-0.066087,0.000000,0.000000,0.000000,0.000000,-0.106957,-0.112899,0.000000,-0.014198,-0.014986
2018,12,1,2,4,-0.035000,-0.021667,-0.020000,-0.035000,-0.021667,-0.020000,-0.060000,-0.037143,-0.034286,-0.280000,-0.173333,-0.160000,0.006818,0.006169,0.005844,-0.065000,-0.026385,-0.018745,-0.130000,0.184567,0.209848,0.085417,-0.083497,-0.112451,-0.028182,-0.015498,-0.014156,-0.100000,-0.048052,-0.038745,-0.190000,0.147424,0.175563,-0.194583,-0.256831,-0.272451,-0.035000,-0.021667,-0.020000,0.000000,0.000000,0.000000,-0.280000,-0.173333,-0.160000,0.000000,0.000000,0.000000,-0.193945,-0.120061,-0.110826
2019,1,1,5,7,-0.190000,-0.062899,-0.056304,-0.190000,-0.062899,-0.056304,-0.110000,-0.051553,-0.049627,-0.236667,-0.168406,-0.171449,-0.187840,-0.141075,-0.132583,-0.115000,-0.101915,-0.100010,-0.165000,-0.152433,-0.151449,-0.550833,-0.270719,-0.242702,-0.377840,-0.203973,-0.188887,-0.305000,-0.164814,-0.156315,-0.275000,-0.203986,-0.201077,-0.787500,-0.439124,-0.414151,0.000000,-0.013333,-0.015000,-0.190000,-0.049565,-0.041304,0.000000,-0.106667,-0.120000,-0.236667,-0.061739,-0.051449,-0.038770,-0.083998,-0.091548
2019,2,0,5,7,0.000000,-0.140435,-0.148696,0.000000,-0.140435,-0.148696,0.000000,-0.081304,-0.086087,0.000000,-0.174928,-0.185217,0.000000,-0.046116,-0.054283,0.000000,-0.042609,-0.047609,0.025000,-0.044543,-0.052967,-0.015000,-0.441379,-0.464578,0.000000,-0.186551,-0.202979,0.000000,-0.183043,-0.196304,0.025000,-0.125848,-0.139054,-0.015000,-0.616306,-0.649795,0.000000,0.000000,0.000000,0.000000,-0.140435,-0.148696,0.000000,0.000000,0.000000,0.000000,-0.174928,-0.185217,0.000000,-0.028656,-0.030341
2019,3,1,11,12,-0.010000,-0.008095,-0.007619,-0.010000,-0.008095,-0.007619,-0.005000,-0.004048,-0.003810,-0.685000,-0.554524,-0.521905,-0.125832,-0.026093,-0.020101,-0.060000,-0.010714,-0.007857,-0.358333,-0.053024,-0.034710,-1.554333,-0.156954,-0.083688,-0.135832,-0.034188,-0.027720,-0.070000,-0.018810,-0.015476,-0.363333,-0.057071,-0.038520,-2.239333,-0.711478,-0.605593,0.000000,0.000000,0.000000,-0.010000,-0.008095,-0.007619,0.000000,0.000000,0.000000,-0.685000,-0.554524,-0.521905,-0.616984,-0.499463,-0.470083
2019,4,1,1,5,0.000000,-0.001905,-0.002381,0.000000,-0.001905,-0.002381,0.000000,-0.000952,-0.001190,-0.350000,-0.369113,-0.385823,0.000000,-0.099739,-0.105731,-0.030000,-0.067013,-0.068506,0.080000,-0.189264,-0.209964,0.219167,-1.178337,-1.262315,0.000000,-0.101644,-0.108112,-0.030000,-0.068918,-0.070887,0.080000,-0.190216,-0.211154,-0.130833,-1.547450,-1.648138,0.000000,0.000000,0.000000,0.000000,-0.001905,-0.002381,-0.350000,-0.238636,-0.222727,0.000000,-0.130476,-0.163095,-0.289200,-0.314703,-0.330937
2019,5,0,10,15,0.000000,0.000000,0.000000,0.000000,0.000000,0.000000,0.000000,0.000000,0.000000,0.000000,-0.111364,-0.127273,0.005682,0.011611,0.011364,-0.005000,-0.008577,-0.009723,0.027500,-0.022045,-0.019605,0.172500,0.134656,0.137118,0.005682,0.011611,0.011364,-0.005000,-0.008577,-0.009723,0.027500,-0.022045,-0.019605,0.172500,0.023292,0.009845,0.000000,0.000000,0.000000,0.000000,0.000000,0.000000,0.000000,-0.111364,-0.127273,0.000000,0.000000,0.000000,0.000000,-0.092018,-0.105164
2019,6,1,0,11,0.300000,0.255000,0.240000,0.300000,0.255000,0.240000,1.150000,0.977500,0.920000,2.641667,2.245417,2.113333,0.000000,-0.005929,-0.005682,0.200000,0.038304,0.028087,-1.479167,-0.647958,-0.572804,-3.559000,-1.539031,-1.353581,0.300000,0.249071,0.234318,0.500000,0.293304,0.268087,-0.329167,0.329542,0.347196,-0.917333,0.706386,0.759753,0.300000,0.255000,0.240000,0.000000,0.000000,0.000000,2.641667,2.245417,2.113333,0.000000,0.000000,0.000000,2.485998,2.113098,1.988798
2019,7,1,3,3,3.880000,0.888478,0.734783,3.880000,0.888478,0.734783,2.490000,0.713804,0.663043,1.870000,0.802772,0.853551,6.563542,6.545063,6.259692,1.330000,1.473652,1.425826,0.062500,-0.783708,-0.860384,0.200000,-1.709245,-1.895890,10.443542,7.433542,6.994475,5.210000,2.362130,2.160609,2.552500,-0.069904,-0.197341,2.070000,-0.906473,-1.042339,3.880000,0.888478,0.734783,0.000000,0.000000,0.000000,1.870000,0.802772,0.853551,0.000000,0.000000,0.000000,-0.868866,0.184016,0.346092
2019,8,0,1,1,0.000000,3.036522,3.205217,0.000000,3.036522,3.205217,0.000000,1.948696,2.056957,0.000000,1.463478,1.544783,-0.225000,-0.022431,0.273168,-0.105000,-0.009743,0.052856,-0.195000,0.004545,0.016126,-0.271250,-0.013449,0.007577,-0.225000,3.014091,3.478385,-0.105000,3.026779,3.258073,-0.195000,1.953241,2.073083,-0.271250,1.450030,1.552359,0.000000,3.036522,3.205217,0.000000,0.000000,0.000000,0.000000,1.463478,1.544783,0.000000,0.000000,0.000000,0.000000,-0.679982,-0.717759
2019,9,1,3,11,3.505000,2.169762,2.002857,3.505000,2.169762,2.002857,4.106000,2.541810,2.346286,6.742000,4.173619,3.852571,-0.016304,-0.201637,-0.211088,0.100000,-0.039481,-0.049015,-0.478333,-0.249942,-0.236028,-0.111500,0.135267,0.128247,3.488696,1.968124,1.791769,3.605000,2.130281,1.953842,3.627667,2.291867,2.110258,6.630500,4.308886,3.980818,0.000000,0.000000,0.000000,3.505000,2.169762,2.002857,0.000000,0.000000,0.000000,6.742000,4.173619,3.852571,4.273720,2.645636,2.442126
2019,10,1,1,6,0.045000,1.346977,1.511925,0.045000,1.346977,1.511925,0.080000,1.585060,1.777106,0.110000,2.597077,2.913342,-0.018750,-0.006910,-0.006871,0.075000,0.062702,0.064203,0.093333,-0.318661,-0.345497,0.843333,0.130142,0.088166,0.026250,1.340067,1.505054,0.120000,1.409679,1.576128,0.173333,1.266399,1.431609,0.953333,2.727219,3.001508,0.045000,0.011739,0.009783,0.000000,1.335238,1.502143,0.110000,0.028696,0.023913,0.000000,2.568381,2.889429,0.138330,1.664170,1.861666
2019,11,0,5,13,0.000000,0.033261,0.035217,0.000000,0.033261,0.035217,0.000000,0.059130,0.062609,0.000000,0.081304,0.086087,-0.036667,-0.007106,-0.006175,-0.120000,-0.005083,0.003892,-0.226667,-0.256021,-0.241170,0.100833,0.192429,0.224294,-0.036667,0.026155,0.029042,-0.120000,0.028178,0.039110,-0.226667,-0.196891,-0.178561,0.100833,0.273734,0.310381,0.000000,0.033261,0.035217,0.000000,0.000000,0.000000,0.000000,0.081304,0.086087,0.000000,0.000000,0.000000,0.000000,0.102244,0.108258
2019,12,1,1,5,0.170000,0.108182,0.100455,0.170000,0.108182,0.100455,0.000000,0.000000,0.000000,0.300000,0.190909,0.177273,0.000000,-0.040159,-0.041905,0.125000,0.010043,-0.001353,0.430000,0.256140,0.225801,-0.555000,-0.054376,-0.024347,0.170000,0.068023,0.058550,0.295000,0.118225,0.099102,0.430000,0.256140,0.225801,-0.255000,0.136533,0.152926,0.000000,0.000000,0.000000,0.170000,0.108182,0.100455,0.000000,0.000000,0.000000,0.300000,0.190909,0.177273,0.238134,0.151540,0.140716
2020,1,1,2,4,0.030000,0.070949,0.077372,0.030000,0.070949,0.077372,-0.095000,-0.028913,-0.024783,-0.460000,-0.030909,0.002727,0.414286,0.321739,0.303727,0.210000,0.228518,0.225069,0.320000,0.388142,0.393775,0.125000,-0.317727,-0.348389,0.444286,0.392688,0.381098,0.240000,0.299466,0.302441,0.225000,0.359229,0.368992,-0.335000,-0.348636,-0.345662,0.030000,0.009130,0.007826,0.000000,0.061818,0.069545,0.000000,0.000000,0.000000,-0.460000,-0.030909,0.002727,-0.420847,-0.041490,-0.012368
2020,2,0,8,14,0.000000,0.020870,0.022174,0.000000,0.020870,0.022174,0.000000,-0.066087,-0.070217,0.000000,-0.320000,-0.340000,1.986845,0.301898,0.220568,1.050000,0.154891,0.111522,0.635833,0.063422,0.045543,2.257083,0.538646,0.431226,1.986845,0.322767,0.242742,1.050000,0.175761,0.133696,0.635833,-0.002665,-0.024674,2.257083,0.218646,0.091226,0.000000,0.020870,0.022174,0.000000,0.000000,0.000000,0.000000,0.000000,0.000000,0.000000,-0.320000,-0.340000,0.000000,-0.292763,-0.311061
2020,3,1,1,1,9.130000,5.810000,5.395000,9.130000,5.810000,5.395000,9.338000,5.942364,5.517909,7.395000,4.705909,4.369773,0.656250,2.433744,2.503257,0.437500,1.380000,1.412614,0.722500,1.454042,1.452992,0.657000,2.470437,2.553428,9.786250,8.243744,7.898257,9.567500,7.190000,6.807614,10.060500,7.396405,6.970902,8.052000,7.176347,6.923201,9.130000,5.810000,5.395000,0.000000,0.000000,0.000000,7.395000,4.705909,4.369773,0.000000,0.000000,0.000000,0.867926,0.552316,0.512865
2020,4,1,2,2,1.945000,3.408409,3.735000,1.945000,3.408409,3.735000,1.150000,3.447909,3.820091,0.327500,2.703977,3.025227,0.271875,0.135937,0.153409,0.145000,0.072500,0.085795,0.065000,0.032500,0.062386,0.087500,0.043750,0.069636,2.216875,3.544347,3.888409,2.090000,3.480909,3.820795,1.215000,3.480409,3.882477,0.415000,2.747727,3.094864,1.945000,3.408409,3.735000,0.000000,0.000000,0.000000,0.327500,2.703977,3.025227,0.000000,0.000000,0.000000,-1.015141,0.269467,0.355061
2020,5,0,9,13,0.000000,1.856591,1.945000,0.000000,1.856591,1.945000,0.000000,1.097727,1.150000,0.000000,0.312614,0.327500,-0.470012,0.013731,0.048470,-0.285000,0.014167,0.034329,-0.654167,-0.361071,-0.326966,-0.657500,-0.371091,-0.335804,-0.470012,1.870322,1.993470,-0.285000,1.870758,1.979329,-0.654167,0.736656,0.823034,-0.657500,-0.058478,-0.008304,0.000000,1.856591,1.945000,0.000000,0.000000,0.000000,0.000000,0.312614,0.327500,0.000000,0.000000,0.000000,0.000000,-0.968998,-1.015141
2020,6,1,5,8,0.095000,0.082045,0.077727,0.095000,0.082045,0.077727,0.292500,0.252614,0.239318,0.208333,0.179924,0.170455,-0.002381,-0.357005,-0.379278,0.010000,-0.228939,-0.242965,-0.135000,-0.380823,-0.405837,-0.215000,-0.513038,-0.534574,0.092619,-0.274959,-0.301551,0.105000,-0.146894,-0.165238,0.157500,-0.128209,-0.166519,-0.006667,-0.333113,-0.364120,0.000000,0.000000,0.000000,0.095000,0.082045,0.077727,0.000000,0.000000,0.000000,0.208333,0.179924,0.170455,0.200585,0.173232,0.164115
2020,7,1,5,12,-0.320000,-0.154002,-0.135771,-0.320000,-0.154002,-0.135771,-0.100000,-0.012288,0.005356,-0.160000,-0.055069,-0.038643,0.453636,0.437925,0.418093,0.525000,0.365099,0.342727,0.542500,0.358488,0.328765,0.803333,0.704582,0.659881,0.133636,0.283923,0.282323,0.205000,0.211097,0.206957,0.442500,0.346201,0.334121,0.643333,0.649513,0.621238,-0.320000,-0.166957,-0.153043,0.000000,0.012955,0.017273,-0.160000,-0.083478,-0.076522,0.000000,0.028409,0.037879,0.131700,0.096066,0.099457
2020,8,0,2,2,0.000000,-0.153043,-0.166957,0.000000,-0.153043,-0.166957,0.000000,-0.047826,-0.052174,0.000000,-0.076522,-0.083478,0.000000,0.022530,0.042253,0.000000,0.172174,0.195000,0.000000,0.169239,0.192826,0.000000,0.125559,0.160487,0.000000,-0.130514,-0.124704,0.000000,0.019130,0.028043,0.000000,0.121413,0.140652,0.000000,0.049037,0.077008,0.000000,-0.153043,-0.166957,0.000000,0.000000,0.000000,0.000000,-0.076522,-0.083478,0.000000,0.000000,0.000000,0.000000,0.062987,0.068713
2020,9,1,1,17,0.000000,0.000000,0.000000,0.000000,0.000000,0.000000,0.000000,0.000000,0.000000,-0.200000,-0.136364,-0.127273,0.000000,0.000000,0.000000,0.200000,0.027273,0.018182,-1.000000,-0.645455,-0.600000,-0.008333,0.034632,0.035011,0.000000,0.000000,0.000000,0.200000,0.027273,0.018182,-1.000000,-0.645455,-0.600000,-0.208333,-0.101732,-0.092262,0.000000,0.000000,0.000000,0.000000,0.000000,0.000000,-0.200000,-0.136364,-0.127273,0.000000,0.000000,0.000000,-0.139200,-0.094909,-0.088582
2020,10,1,12,20,0.100000,0.009091,0.004545,0.100000,0.009091,0.004545,-0.600000,-0.054545,-0.027273,-0.866667,-0.142424,-0.112121,0.466667,0.396970,0.375758,0.100000,0.268182,0.272727,-2.600000,-2.836364,-2.763636,-0.150000,-0.003030,0.003409,0.566667,0.406061,0.380303,0.200000,0.277273,0.277273,-3.200000,-2.890909,-2.790909,-1.016667,-0.145455,-0.108712,0.000000,0.000000,0.000000,0.100000,0.009091,0.004545,-0.866667,-0.142424,-0.112121,0.000000,0.000000,0.000000,-0.878023,-0.124111,-0.090528
2020,11,0,14,27,0.000000,0.090909,0.095455,0.000000,0.090909,0.095455,0.000000,-0.545455,-0.572727,0.000000,-0.787879,-0.827273,-0.235411,-0.025119,0.007303,-0.077500,-0.020574,-0.012338,0.345000,0.048485,-0.086126,-0.282500,-0.120848,-0.114214,-0.235411,0.065790,0.102757,-0.077500,0.070335,0.083117,0.345000,-0.496970,-0.658853,-0.282500,-0.908727,-0.941486,0.000000,0.000000,0.000000,0.000000,0.090909,0.095455,0.000000,-0.787879,-0.827273,0.000000,0.000000,0.000000,0.000000,-0.798203,-0.838113
2020,12,1,0,6,1.015000,0.706087,0.661957,1.015000,0.706087,0.661957,1.008333,0.701449,0.657609,1.312500,0.913043,0.855978,0.000000,-0.140595,-0.151805,-0.090000,-0.102816,-0.102593,0.143333,0.264420,0.274617,0.412500,-0.116277,-0.147664,1.015000,0.565492,0.510152,0.925000,0.603271,0.559363,1.151667,0.965870,0.932226,1.725000,0.796767,0.708314,1.015000,0.706087,0.661957,0.000000,0.000000,0.000000,1.312500,0.913043,0.855978,0.000000,0.000000,0.000000,0.640913,0.445853,0.417987
2021,1,1,2,7,-0.100000,0.275580,0.324472,-0.100000,0.275580,0.324472,-0.100000,0.273551,0.322153,-0.100000,0.366123,0.427950,0.000000,0.000000,0.000000,-0.255000,-0.081232,-0.073002,-0.290000,0.021532,0.041573,-0.008333,0.208539,0.226870,-0.100000,0.275580,0.324472,-0.355000,0.194348,0.251470,-0.390000,0.295083,0.363727,-0.108333,0.574662,0.654821,0.000000,0.308913,0.353043,-0.100000,-0.033333,-0.028571,0.000000,0.399457,0.456522,-0.100000,-0.033333,-0.028571,0.032956,0.206046,0.232342
2021,2,0,3,9,0.000000,-0.066667,-0.071429,0.000000,-0.066667,-0.071429,0.000000,-0.066667,-0.071429,0.000000,-0.066667,-0.071429,0.079963,0.004467,0.000469,0.045000,-0.210833,-0.225226,-0.090000,-0.280786,-0.290095,-0.432167,-0.301119,-0.279908,0.079963,-0.062200,-0.070960,0.045000,-0.277500,-0.296655,-0.090000,-0.347452,-0.361524,-0.432167,-0.367786,-0.351337,0.000000,0.000000,0.000000,0.000000,-0.066667,-0.071429,0.000000,0.000000,0.000000,0.000000,-0.066667,-0.071429,0.000000,0.021971,0.023540
2021,3,1,4,8,0.275000,0.179348,0.167391,0.275000,0.179348,0.167391,0.352500,0.229891,0.214565,0.382500,0.249457,0.232826,-0.146364,-0.056836,-0.046474,-0.108333,-0.055543,-0.048583,0.060000,-0.031326,-0.038435,0.939417,0.524092,0.461639,0.128636,0.122512,0.120917,0.166667,0.123804,0.118808,0.412500,0.198565,0.176130,1.321917,0.773548,0.694465,0.000000,0.000000,0.000000,0.275000,0.179348,0.167391,0.000000,0.000000,0.000000,0.382500,0.249457,0.232826,0.244870,0.159698,0.149051
2021,4,1,5,10,0.080000,0.121107,0.129427,0.080000,0.121107,0.129427,0.013333,0.126851,0.141571,-0.175000,0.077362,0.101947,-0.193636,-0.131180,-0.128742,-0.150000,-0.097108,-0.095000,-0.330000,-0.128310,-0.110702,0.226667,0.397864,0.428405,-0.113636,-0.010074,0.000685,-0.070000,0.023999,0.034427,-0.316667,-0.001459,0.030870,0.051667,0.475225,0.530351,0.080000,0.025455,0.021818,0.000000,0.095652,0.107609,0.000000,0.000000,0.000000,-0.175000,0.077362,0.101947,-0.171925,0.030469,0.048930
2021,5,0,4,10,0.000000,0.054545,0.058182,0.000000,0.054545,0.058182,0.000000,0.009091,0.009697,0.000000,-0.119318,-0.127273,0.000000,-0.076488,-0.085289,0.000000,-0.063182,-0.070000,-0.055000,-0.199102,-0.211483,0.005000,0.103874,0.113939,0.000000,-0.021942,-0.027107,0.000000,-0.008636,-0.011818,-0.055000,-0.190011,-0.201786,0.005000,-0.015444,-0.013333,0.000000,0.054545,0.058182,0.000000,0.000000,0.000000,0.000000,0.000000,0.000000,0.000000,-0.119318,-0.127273,0.000000,-0.117222,-0.125036
2021,6,1,5,16,0.015000,0.010227,0.009545,0.015000,0.010227,0.009545,0.017500,0.011932,0.011136,-0.191667,-0.130682,-0.121970,0.025815,0.020343,0.019170,-0.080000,-0.042045,-0.038409,0.050000,-0.057262,-0.062154,-0.201250,0.024554,0.033939,0.040815,0.030571,0.028715,-0.065000,-0.031818,-0.028864,0.067500,-0.045330,-0.051017,-0.392917,-0.106128,-0.088030,0.000000,0.000000,0.000000,0.015000,0.010227,0.009545,-0.191667,-0.130682,-0.121970,0.000000,0.000000,0.000000,-0.141690,-0.096607,-0.090166
2021,7,1,7,7,0.075000,0.028636,0.025909,0.075000,0.028636,0.025909,-0.030000,-0.003977,-0.001818,-0.103333,-0.093864,-0.097879,-0.032727,-0.020003,-0.017342,-0.017500,-0.050568,-0.053409,0.105000,0.180227,0.177727,-0.055000,-0.268617,-0.275265,0.042273,0.008633,0.008567,0.057500,-0.021932,-0.027500,0.075000,0.176250,0.175909,-0.158333,-0.362481,-0.373144,0.075000,0.023864,0.020455,0.000000,0.004773,0.005455,0.000000,-0.060985,-0.069697,-0.103333,-0.032879,-0.028182,-0.096651,-0.075836,-0.077883
2021,8,0,3,3,0.000000,0.051136,0.054545,0.000000,0.051136,0.054545,0.000000,-0.020455,-0.021818,0.000000,-0.070455,-0.075152,0.113214,0.027488,0.020854,0.050000,0.010795,0.007727,-0.015000,0.006364,0.011818,-0.042500,-0.013182,-0.013750,0.113214,0.078625,0.075400,0.050000,0.061932,0.062273,-0.015000,-0.014091,-0.010000,-0.042500,-0.083636,-0.088902,0.000000,0.051136,0.054545,0.000000,0.000000,0.000000,0.000000,0.000000,0.000000,0.000000,-0.070455,-0.075152,0.000000,-0.065898,-0.070291
2021,9,1,1,14,-0.115000,-0.083636,-0.078409,-0.115000,-0.083636,-0.078409,-0.105000,-0.076364,-0.071591,-0.145000,-0.105455,-0.098864,0.000000,0.078474,0.083620,0.145000,0.127045,0.122727,0.010000,0.006591,0.005455,0.102500,0.025341,0.018750,-0.115000,-0.005162,0.005211,0.030000,0.043409,0.044318,-0.095000,-0.069773,-0.066136,-0.042500,-0.080114,-0.080114,-0.115000,-0.083636,-0.078409,0.000000,0.000000,0.000000,-0.145000,-0.105455,-0.098864,0.000000,0.000000,0.000000,-0.001220,-0.000887,-0.000832
2021,10,1,15,17,-0.040000,-0.035173,-0.038496,-0.040000,-0.035173,-0.038496,0.152500,-0.014113,-0.026147,0.628750,0.020335,-0.016196,-0.026134,-0.021707,-0.020463,-0.010000,0.039177,0.046245,-0.403333,-0.320444,-0.300783,0.689167,1.046647,1.018488,-0.066134,-0.056881,-0.058959,-0.050000,0.004004,0.007749,-0.250833,-0.334556,-0.326930,1.317917,1.066982,1.002293,0.000000,-0.031364,-0.036591,-0.040000,-0.003810,-0.001905,0.628750,0.020335,-0.016196,0.000000,0.000000,0.000000,0.718413,0.068087,0.033822
2021,11,0,6,26,0.000000,-0.036190,-0.038095,0.000000,-0.036190,-0.038095,0.000000,0.137976,0.145238,0.000000,0.568869,0.598810,0.380128,0.062328,0.043805,0.260000,0.082413,0.070119,-0.460000,-0.325124,-0.323422,-2.138917,-1.709029,-1.578988,0.380128,0.026137,0.005710,0.260000,0.046223,0.032024,-0.460000,-0.187148,-0.178184,-2.138917,-1.140160,-0.980179,0.000000,0.000000,0.000000,0.000000,-0.036190,-0.038095,0.000000,0.568869,0.598810,0.000000,0.000000,0.000000,0.000000,0.649992,0.684202
2021,12,1,6,6,0.205000,0.106957,0.098043,0.205000,0.106957,0.098043,-0.150000,-0.078261,-0.071739,-0.595000,-0.310435,-0.284565,0.241360,0.497198,0.503982,0.180000,0.317095,0.321087,0.207500,-0.077288,-0.107218,0.532000,-0.303712,-0.424066,0.446360,0.604154,0.602026,0.385000,0.424051,0.419130,0.057500,-0.155548,-0.178958,-0.063000,-0.614146,-0.708631,0.205000,0.106957,0.098043,0.000000,0.000000,0.000000,0.000000,0.000000,0.000000,-0.595000,-0.310435,-0.284565,-0.682120,-0.355889,-0.326232
2022,1,0,4,5,0.000000,0.098043,0.106957,0.000000,0.098043,0.106957,0.000000,-0.071739,-0.078261,0.000000,-0.284565,-0.310435,-0.113347,-0.022763,-0.006871,-0.027500,0.024896,0.034032,-0.136250,-0.046219,-0.030709,-0.014500,0.093880,0.117701,-0.113347,0.075281,0.100085,-0.027500,0.122940,0.140989,-0.136250,-0.117958,-0.108970,-0.014500,-0.190685,-0.192734,0.000000,0.098043,0.106957,0.000000,0.000000,0.000000,0.000000,0.000000,0.000000,0.000000,-0.284565,-0.310435,0.000000,-0.326232,-0.355889
2022,2,1,8,11,0.230000,0.207000,0.195500,0.230000,0.207000,0.195500,0.173333,0.156000,0.147333,5.175000,4.657500,4.398750,0.723542,0.095150,0.053575,0.365000,0.049315,0.029756,0.082667,-0.059207,-0.069829,-0.062500,-0.082802,-0.080368,0.953542,0.302150,0.249075,0.595000,0.256315,0.225256,0.256000,0.096793,0.077505,5.112500,4.574698,4.318382,0.230000,0.207000,0.195500,0.000000,0.000000,0.000000,5.175000,4.657500,4.398750,0.000000,0.000000,0.000000,5.069840,4.562856,4.309364
2022,3,1,9,14,0.157500,0.132565,0.137217,0.157500,0.132565,0.137217,0.132500,0.109507,0.112413,4.044167,3.330833,3.413750,-0.336690,0.693696,0.744512,-0.094167,0.407781,0.430125,-0.251250,0.185846,0.200904,0.726643,1.032945,0.998227,-0.179190,0.826261,0.881729,0.063333,0.540346,0.567342,-0.118750,0.295354,0.313317,4.770810,4.363779,4.411977,0.157500,0.132565,0.137217,0.000000,0.000000,0.000000,4.044167,3.330833,3.413750,0.000000,0.000000,0.000000,3.991320,3.283555,3.363511
2022,4,1,3,5,0.000000,0.047935,0.054783,0.000000,0.047935,0.054783,-1.235000,-0.665388,-0.600818,-6.100000,-2.254881,-1.788571,-0.050568,-0.477791,-0.490021,-0.012500,-0.218644,-0.222143,0.528333,-0.269786,-0.305869,1.825250,0.121429,0.066105,-0.050568,-0.429856,-0.435239,-0.012500,-0.170709,-0.167360,-0.706667,-0.935174,-0.906687,-4.274750,-2.133452,-1.722466,0.000000,0.047935,0.054783,0.000000,0.000000,0.000000,-6.100000,-2.254881,-1.788571,0.000000,0.000000,0.000000,0.000000,1.214750,1.388285
2022,5,0,5,8,0.000000,0.000000,0.000000,0.000000,0.000000,0.000000,0.000000,-0.529286,-0.588095,0.000000,-2.614286,-2.904762,-0.940000,-0.412365,-0.372045,-0.350000,-0.134383,-0.119069,-1.117917,-0.148123,-0.072150,-1.187583,0.830759,0.971657,-0.940000,-0.412365,-0.372045,-0.350000,-0.134383,-0.119069,-1.117917,-0.677409,-0.660245,-1.187583,-1.783527,-1.933105,0.000000,0.000000,0.000000,0.000000,0.000000,0.000000,0.000000,-2.614286,-2.904762,0.000000,0.000000,0.000000,0.000000,0.000000,0.000000
2022,6,1,8,14,-2.425000,-1.763636,-1.653409,-2.425000,-1.763636,-1.653409,-4.268750,-3.104545,-2.910511,6.880833,5.004242,4.691477,0.273295,-0.538295,-0.593445,-0.713333,-0.519242,-0.502727,-0.568750,-0.781534,-0.806496,6.634708,1.522883,1.167324,-2.151705,-2.301932,-2.246854,-3.138333,-2.282879,-2.156136,-4.837500,-3.886080,-3.717008,13.515542,6.527125,5.858801,0.000000,0.000000,0.000000,-2.425000,-1.763636,-1.653409,6.880833,5.004242,4.691477,0.000000,0.000000,0.000000,8.691425,6.321036,5.925971
2022,7,1,4,4,15.665000,4.560303,3.704123,15.665000,4.560303,3.704123,13.252500,3.253295,2.428190,8.507000,4.712258,4.619927,-0.464029,-0.218051,-0.183532,-0.152500,-0.571374,-0.596537,0.096667,-0.275105,-0.305560,0.261000,3.955971,4.245120,15.200971,4.342252,3.520591,15.512500,3.988929,3.107587,13.349167,2.978191,2.122630,8.768000,8.668229,8.865048,0.000000,0.000000,0.000000,15.665000,4.560303,3.704123,0.000000,1.876591,2.189356,8.507000,2.835667,2.430571,-2.735492,1.458558,1.983884
2022,8,0,3,3,0.000000,10.443333,11.189286,0.000000,10.443333,11.189286,0.000000,8.835000,9.466071,0.000000,5.671333,6.076429,-0.048929,0.111355,0.091386,-0.138333,0.027847,0.026599,-0.370000,-0.031249,-0.010559,-1.320667,0.409627,0.479476,-0.048929,10.554688,11.280671,-0.138333,10.471180,11.215885,-0.370000,8.803751,9.455512,-1.320667,6.080961,6.555905,0.000000,0.000000,0.000000,0.000000,10.443333,11.189286,0.000000,0.000000,0.000000,0.000000,5.671333,6.076429,0.000000,-1.823661,-1.953923
2022,9,1,0,15,6.043333,4.669848,4.395152,6.043333,4.669848,4.395152,8.383333,6.478030,6.096970,11.656250,9.007102,8.477273,0.000000,-0.130124,-0.132252,-0.480000,-0.543897,-0.528093,0.548333,-0.155483,-0.196495,3.148917,-0.458542,-0.659095,6.043333,4.539724,4.262900,5.563333,4.125952,3.867059,8.931667,6.322547,5.900475,14.805167,8.548560,7.818178,6.043333,4.669848,4.395152,0.000000,0.000000,0.000000,11.656250,9.007102,8.477273,0.000000,0.000000,0.000000,7.356402,5.684492,5.350110
2022,10,1,7,8,1.730000,1.620628,1.812944,1.730000,1.620628,1.812944,-0.461667,1.839351,2.242395,-13.835000,0.672719,1.861358,0.616416,0.308179,0.278826,0.220000,0.125574,0.093279,-0.266250,0.301356,0.338958,-1.363833,2.513871,2.721948,2.346416,1.928807,2.091770,1.950000,1.746201,1.906223,-0.727917,2.140706,2.581354,-15.198833,3.186590,4.583306,0.000000,1.373485,1.648182,1.730000,0.247143,0.164762,-13.835000,0.672719,1.861358,0.000000,0.000000,0.000000,-15.022505,-0.474163,0.575577
2022,11,0,5,17,0.000000,1.482857,1.565238,0.000000,1.482857,1.565238,0.000000,-0.395714,-0.417698,0.000000,-11.858571,-12.517381,0.899245,0.474164,0.462642,0.722500,0.421017,0.398653,-1.934167,-1.905560,-1.830322,-6.349000,-7.770238,-7.546592,0.899245,1.957021,2.027881,0.722500,1.903874,1.963891,-1.934167,-2.301274,-2.248020,-6.349000,-19.628810,-20.063973,0.000000,0.000000,0.000000,0.000000,1.482857,1.565238,0.000000,-11.858571,-12.517381,0.000000,0.000000,0.000000,0.000000,-12.876433,-13.591790
2022,12,1,3,3,-4.867500,-2.655000,-2.433750,-4.867500,-2.655000,-2.433750,-2.790000,-1.521818,-1.395000,15.336000,8.365091,7.668000,0.847652,1.444087,1.446432,0.597500,0.811250,0.816932,0.706667,0.404186,0.284148,-1.104167,-0.773610,-1.012011,-4.019848,-1.210913,-0.987318,-4.270000,-1.843750,-1.616818,-2.083333,-1.117633,-1.110852,14.231833,7.591481,6.655989,0.000000,0.000000,0.000000,-4.867500,-2.655000,-2.433750,15.336000,8.365091,7.668000,0.000000,0.000000,0.000000,18.909010,10.314006,9.454505
2023,1,0,5,5,0.000000,-2.212500,-2.433750,0.000000,-2.212500,-2.433750,0.000000,-1.268182,-1.395000,0.000000,6.970909,7.668000,0.552805,0.361270,0.374672,0.295000,0.208977,0.222727,0.343333,0.288333,0.304848,0.581250,0.009394,-0.067216,0.552805,-1.851230,-2.059078,0.295000,-2.003523,-2.211023,0.343333,-0.979848,-1.090152,0.581250,6.980303,7.600784,0.000000,0.000000,0.000000,0.000000,-2.212500,-2.433750,0.000000,6.970909,7.668000,0.000000,0.000000,0.000000,0.000000,8.595005,9.454505
2023,2,1,0,2,-0.135000,-0.128250,-0.121500,-0.135000,-0.128250,-0.121500,0.160000,0.152000,0.144000,-7.257000,-6.894150,-6.531300,0.000000,0.328416,0.353544,0.005000,0.188386,0.201545,0.113333,0.256303,0.266242,0.542500,0.701170,0.700466,-0.135000,0.200166,0.232044,-0.130000,0.060136,0.080045,0.273333,0.408303,0.410242,-6.714500,-6.192980,-5.830834,-0.135000,-0.128250,-0.121500,0.000000,0.000000,0.000000,-7.257000,-6.894150,-6.531300,0.000000,0.000000,0.000000,-7.098789,-6.743849,-6.388910
2023,3,1,6,14,11.035000,5.750641,5.264109,11.035000,5.750641,5.264109,13.300000,6.947130,6.376870,7.773750,3.693020,2.992180,0.828212,0.672194,0.636185,2.172500,1.053293,0.959087,1.089417,0.706873,0.665174,-5.495250,-0.039563,0.226486,11.863212,6.422835,5.900293,13.207500,6.803935,6.223196,14.389417,7.654004,7.042043,2.278500,3.653456,3.218666,0.000000,-0.006750,-0.013500,11.035000,5.757391,5.277609,0.000000,-0.362850,-0.725700,7.773750,4.055870,3.717880,-0.127903,-0.421671,-0.771050
2023,4,0,9,10,0.000000,5.277609,5.757391,0.000000,5.277609,5.757391,0.000000,6.360870,6.939130,0.000000,3.717880,4.055870,-0.031157,-0.109437,-0.071870,0.170000,1.026207,1.112163,0.046667,-0.087707,-0.042674,-2.261548,-8.235853,-8.361700,-0.031157,5.168171,5.685521,0.170000,6.303815,6.869554,0.046667,6.273163,6.896457,-2.261548,-4.517973,-4.305830,0.000000,0.000000,0.000000,0.000000,5.277609,5.757391,0.000000,0.000000,0.000000,0.000000,3.717880,4.055870,0.000000,-0.061171,-0.066732
2023,5,1,4,12,-4.425000,-3.847826,-3.655435,-4.425000,-3.847826,-3.655435,-5.881667,-5.114493,-4.858768,-7.667500,-6.667391,-6.334022,0.633333,0.450241,0.421146,0.155000,0.358141,0.359902,-0.107333,0.466424,0.473424,-3.068917,-0.692694,-0.672341,-3.791667,-3.397586,-3.234288,-4.270000,-3.489685,-3.295533,-5.989000,-4.648069,-4.385344,-10.736417,-7.360086,-7.006362,-4.425000,-3.847826,-3.655435,0.000000,0.000000,0.000000,-7.667500,-6.667391,-6.334022,0.000000,0.000000,0.000000,-4.413782,-3.838071,-3.646167
2023,6,1,5,15,0.213333,-0.460810,-0.662899,0.213333,-0.460810,-0.662899,1.031667,-0.204447,-0.507065,1.483750,-0.190791,-0.591603,-0.070227,0.347660,0.378388,0.175000,0.089427,0.088211,1.110000,0.487765,0.432644,3.454167,0.661605,0.371166,0.143106,-0.113150,-0.284510,0.388333,-0.371383,-0.574687,2.141667,0.283319,-0.074421,4.937917,0.470815,-0.220437,0.000000,-0.577174,-0.769565,0.213333,0.116364,0.106667,0.000000,-1.000109,-1.333478,1.483750,0.809318,0.741875,1.390617,0.182807,-0.072306
2023,7,1,3,3,-0.115000,0.080541,0.095714,-0.115000,0.080541,0.095714,-1.113333,0.309892,0.409802,-3.783750,0.133896,0.381518,0.372500,0.311052,0.290122,0.112500,0.244253,0.246851,0.374167,0.916696,0.949333,0.972000,2.059619,2.170341,0.257500,0.391593,0.385836,-0.002500,0.324794,0.342565,-0.739167,1.226587,1.359134,-2.811750,2.193515,2.551859,-0.115000,-0.016429,-0.010952,0.000000,0.096970,0.106667,-3.783750,-0.540536,-0.360357,0.000000,0.674432,0.741875,-3.639970,0.112103,0.348644
2023,8,0,0,1,0.000000,-0.098571,-0.104048,0.000000,-0.098571,-0.104048,0.000000,-0.954286,-1.007302,0.000000,-3.243214,-3.423393,0.000000,0.060952,0.078690,-0.005000,0.011863,0.017438,0.075000,0.153677,0.168233,-0.045000,0.104627,0.152870,0.000000,-0.037619,-0.025357,-0.005000,-0.086708,-0.086610,0.075000,-0.800609,-0.839068,-0.045000,-3.138587,-3.270523,0.000000,-0.098571,-0.104048,0.000000,0.000000,0.000000,0.000000,-3.243214,-3.423393,0.000000,0.000000,0.000000,0.000000,-3.119974,-3.293306
2023,9,1,5,16,7.921667,4.526667,4.149444,7.921667,4.526667,4.149444,6.313333,3.607619,3.306984,2.826250,1.615000,1.480417,-0.086768,-0.095034,-0.090902,-0.421667,-0.224443,-0.204581,-0.639167,-0.580581,-0.546884,-1.540417,-0.276096,-0.204699,7.834899,4.431633,4.058543,7.500000,4.302224,3.944864,5.674167,3.027038,2.760100,1.285833,1.338904,1.275718,0.000000,0.000000,0.000000,7.921667,4.526667,4.149444,0.000000,0.000000,0.000000,2.826250,1.615000,1.480417,-2.828935,-1.616534,-1.481823
2023,10,1,7,9,-0.460000,3.311364,3.709495,-0.460000,3.311364,3.709495,-0.742500,2.570714,2.905099,-3.157500,0.637159,0.915265,-0.122204,-0.078451,-0.077028,-0.055000,-0.234477,-0.252056,-0.313333,-0.302821,-0.319015,-1.408750,-2.363291,-2.372610,-0.582204,3.232913,3.632467,-0.515000,3.076887,3.457439,-1.055833,2.267893,2.586084,-4.566250,-1.726132,-1.457345,-0.460000,-0.083636,-0.062727,0.000000,3.395000,3.772222,-3.157500,-0.574091,-0.430568,0.000000,1.211250,1.345833,-2.764781,-1.715088,-1.724128
2023,11,0,8,17,0.000000,-0.376364,-0.397273,0.000000,-0.376364,-0.397273,0.000000,-0.607500,-0.641250,0.000000,-2.583409,-2.726932,0.089366,-0.036453,-0.046070,0.310000,0.160455,0.143864,-0.218333,-0.055795,-0.060114,-4.909583,-2.794167,-2.635038,0.089366,-0.412816,-0.443342,0.310000,-0.215909,-0.253409,-0.218333,-0.663295,-0.701364,-4.909583,-5.377576,-5.361970,0.000000,-0.376364,-0.397273,0.000000,0.000000,0.000000,0.000000,-2.583409,-2.726932,0.000000,0.000000,0.000000,0.000000,-2.262093,-2.387765
2023,12,1,5,7,0.135000,0.077143,0.070714,0.135000,0.077143,0.070714,0.840000,0.480000,0.440000,4.737500,2.707143,2.481548,0.170016,0.262281,0.258247,0.092500,0.229459,0.239145,0.442500,0.121672,0.090676,-0.922250,-3.160360,-3.339606,0.305016,0.339424,0.328962,0.227500,0.306602,0.309859,1.282500,0.601672,0.530676,3.815250,-0.453217,-0.858058,0.135000,0.077143,0.070714,0.000000,0.000000,0.000000,4.737500,2.707143,2.481548,0.000000,0.000000,0.000000,4.700889,2.686222,2.462370
2024,1,1,6,8,-0.015000,0.054596,0.061677,-0.015000,0.054596,0.061677,-1.313333,0.074493,0.171594,-8.320000,0.221661,0.808996,0.639268,0.396684,0.376986,0.345000,0.212992,0.202396,0.540833,0.393577,0.391134,-0.054167,0.047460,0.005899,0.624268,0.451281,0.438663,0.330000,0.267588,0.264073,-0.772500,0.468069,0.562728,-8.374167,0.269122,0.814894,-0.015000,0.054596,0.061677,0.000000,0.000000,0.000000,-8.320000,0.221661,0.808996,0.000000,0.000000,0.000000,-8.248376,0.221541,0.804018
2024,2,0,9,12,0.000000,-0.011739,-0.012391,0.000000,-0.011739,-0.012391,0.000000,-1.027826,-1.084928,0.000000,-6.511304,-6.873043,0.566411,0.739822,0.740644,-0.002500,0.235580,0.250699,0.968750,0.945173,0.922557,0.467333,0.721849,0.697240,0.566411,0.728083,0.728253,-0.002500,0.223841,0.238307,0.968750,-0.082653,-0.162371,0.467333,-5.789455,-6.175803,0.000000,-0.011739,-0.012391,0.000000,0.000000,0.000000,0.000000,-6.511304,-6.873043,0.000000,0.000000,0.000000,0.000000,-6.455251,-6.813876
2024,3,1,6,10,0.310000,0.250952,0.236190,0.310000,0.250952,0.236190,0.815000,0.659762,0.620952,-1.600000,-1.295238,-1.219048,0.578036,0.294077,0.293523,0.167500,-0.047024,-0.055119,0.881667,0.666071,0.670218,2.006250,0.393036,0.319754,0.888036,0.545029,0.529714,0.477500,0.203929,0.181071,1.696667,1.325833,1.291171,0.406250,-0.902202,-0.899294,0.000000,0.000000,0.000000,0.310000,0.250952,0.236190,-1.600000,-1.295238,-1.219048,0.000000,0.000000,0.000000,-1.762885,-1.427097,-1.343150
2024,4,1,0,8,0.447500,0.343820,0.338241,0.447500,0.343820,0.338241,0.388333,0.402359,0.423517,0.007500,-0.299989,-0.376521,0.000000,0.351199,0.378724,0.080000,0.140812,0.145152,-0.230833,0.356916,0.409392,-1.169167,0.694992,0.843672,0.447500,0.695019,0.716966,0.527500,0.484632,0.483393,0.157500,0.759275,0.832909,-1.161667,0.395003,0.467151,0.000000,0.000000,0.000000,0.447500,0.343820,0.338241,0.000000,-0.304762,-0.380952,0.007500,0.004773,0.004432,-0.254600,-0.497805,-0.570180
2024,5,0,5,8,0.000000,0.162727,0.183068,0.000000,0.162727,0.183068,0.000000,0.141212,0.158864,0.000000,0.002727,0.003068,-0.332083,-0.036467,-0.022029,-0.270000,-0.006324,0.009051,-1.305000,-0.472563,-0.426316,-2.089167,-1.259102,-1.221412,-0.332083,0.126260,0.161039,-0.270000,0.156403,0.192120,-1.305000,-0.331350,-0.267452,-2.089167,-1.256374,-1.218344,0.000000,0.000000,0.000000,0.000000,0.162727,0.183068,0.000000,0.000000,0.000000,0.000000,0.002727,0.003068,0.000000,-0.092582,-0.104154
2024,6,1,1,12,0.350000,0.297500,0.280000,0.350000,0.297500,0.280000,0.490000,0.416500,0.392000,3.076250,2.614812,2.461000,-0.065625,-0.305460,-0.316617,-0.077500,-0.280505,-0.288370,0.770000,-0.566418,-0.661658,-1.746750,-2.852177,-2.855673,0.284375,-0.007960,-0.036617,0.272500,0.016995,-0.008370,1.260000,-0.149918,-0.269658,1.329500,-0.237365,-0.394673,0.350000,0.297500,0.280000,0.000000,0.000000,0.000000,3.076250,2.614812,2.461000,0.000000,0.000000,0.000000,2.884503,2.451827,2.307602
2024,7,1,3,5,0.412500,0.231848,0.231413,0.412500,0.231848,0.231413,0.067500,0.102848,0.124413,-1.737500,-0.293997,-0.064641,-0.026696,-0.073964,-0.076085,-0.065000,-0.044495,-0.045543,0.163333,0.388049,0.419447,0.203917,-1.007830,-1.104034,0.385804,0.157883,0.155328,0.347500,0.187353,0.185870,0.230833,0.490897,0.543861,-1.533583,-1.301827,-1.168675,0.000000,0.052500,0.070000,0.412500,0.179348,0.161413,-1.737500,-0.293997,-0.064641,0.000000,0.000000,0.000000,-1.974345,-0.425735,-0.195669
2024,8,0,1,1,0.000000,0.233152,0.251087,0.000000,0.233152,0.251087,0.000000,0.038152,0.041087,0.000000,-0.982065,-1.057609,0.018750,-0.006809,-0.008822,0.010000,-0.038221,-0.041502,-0.055000,0.168659,0.178261,-0.205000,0.670385,0.688569,0.018750,0.226344,0.242265,0.010000,0.194931,0.209585,-0.055000,0.206812,0.219348,-0.205000,-0.311680,-0.369039,0.000000,0.000000,0.000000,0.000000,0.233152,0.251087,0.000000,-0.982065,-1.057609,0.000000,0.000000,0.000000,0.000000,-1.115934,-1.201775
2024,9,1,6,10,0.055000,0.034048,0.031429,0.055000,0.034048,0.031429,1.555000,0.962619,0.888571,1.457000,0.901952,0.832571,-0.902212,0.100809,0.144624,-0.563750,0.031234,0.058534,-0.517917,0.087369,0.109532,-0.845917,-0.498626,-0.467662,-0.847212,0.134857,0.176052,-0.508750,0.065281,0.089962,1.037083,1.049988,0.998103,0.611083,0.403327,0.364909,0.055000,0.034048,0.031429,0.000000,0.000000,0.000000,1.457000,0.901952,0.832571,0.000000,0.000000,0.000000,1.478114,0.915023,0.844637
2024,10,1,6,11,-0.910000,-0.414265,-0.372081,-0.910000,-0.414265,-0.372081,-1.909000,-0.320619,-0.163571,-4.579000,-1.634909,-1.366441,-2.112701,-2.814826,-2.765931,-1.185000,-1.679371,-1.654695,-0.308500,-1.102365,-1.113615,2.354583,-0.194593,-0.337248,-3.022701,-3.229091,-3.138012,-2.095000,-2.093636,-2.026775,-2.217500,-1.422984,-1.277187,-2.224417,-1.829502,-1.703689,-0.910000,-0.414265,-0.372081,0.000000,0.000000,0.000000,-4.579000,-1.634909,-1.366441,0.000000,0.000000,0.000000,-3.861577,-1.283750,-1.045469
2024,11,0,9,18,0.000000,-0.474783,-0.514348,0.000000,-0.474783,-0.514348,0.000000,-0.996000,-1.079000,0.000000,-2.389043,-2.588130,-12.188151,-3.605565,-3.117033,-4.390000,-1.422831,-1.265305,-13.043917,-3.278865,-2.671139,-23.588583,-4.231982,-3.006343,-12.188151,-4.080348,-3.631381,-4.390000,-1.897614,-1.779653,-13.043917,-4.274865,-3.750139,-23.588583,-6.621026,-5.594474,0.000000,-0.474783,-0.514348,0.000000,0.000000,0.000000,0.000000,-2.389043,-2.588130,0.000000,0.000000,0.000000,0.000000,-2.014736,-2.182631
2024,12,1,2,4,1.105000,0.703182,0.652955,1.105000,0.703182,0.652955,1.936000,1.232000,1.144000,2.550000,1.622727,1.506818,0.454545,-8.453213,-9.054263,0.198333,-2.817024,-3.035087,0.748000,-9.037109,-9.692247,1.062500,-16.589943,-17.761504,1.559545,-7.750032,-8.401308,1.303333,-2.113842,-2.382132,2.684000,-7.805109,-8.548247,3.612500,-14.967216,-16.254686,0.000000,0.000000,0.000000,1.105000,0.703182,0.652955,0.000000,0.000000,0.000000,2.550000,1.622727,1.506818,1.813472,1.154028,1.071597
2025,1,1,5,6,0.100000,0.410514,0.456393,0.100000,0.410514,0.456393,-0.743750,0.639326,0.759663,-2.938750,0.671729,0.915410,-0.037223,-0.040907,-0.018627,0.390000,0.231232,0.223291,0.565833,0.347260,0.356658,0.522500,0.813375,0.838953,0.062777,0.369607,0.437766,0.490000,0.641746,0.679684,-0.177917,0.986586,1.116321,-2.416250,1.485104,1.754363,0.000000,0.000000,0.000000,0.100000,0.410514,0.456393,-2.938750,-0.255543,-0.127772,0.000000,0.927273,1.043182,-2.950106,0.402914,0.613610
2025,2,0,5,7,0.000000,0.091304,0.095652,0.000000,0.091304,0.095652,0.000000,-0.679076,-0.711413,0.000000,-2.683207,-2.810978,-1.390791,-0.703749,-0.635828,-0.435000,-0.088815,-0.050109,0.037000,0.535260,0.558012,1.387917,1.650739,1.604061,-1.390791,-0.612445,-0.540176,-0.435000,0.002489,0.045543,0.037000,-0.143816,-0.153401,1.387917,-1.032467,-1.206918,0.000000,0.000000,0.000000,0.000000,0.091304,0.095652,0.000000,-2.683207,-2.810978,0.000000,0.000000,0.000000,0.000000,-2.693575,-2.821841
2025,3,1,1,8,-0.035000,-0.030000,-0.028333,-0.035000,-0.030000,-0.028333,1.158750,0.993214,0.938036,3.706667,3.177143,3.000635,-0.066667,-0.651560,-0.717925,0.100000,-0.214560,-0.241071,0.222500,0.074069,0.065324,1.707500,1.078897,1.066983,-0.101667,-0.681560,-0.746258,0.065000,-0.244560,-0.269405,1.381250,1.067283,1.003360,5.414167,4.256040,4.067618,-0.035000,-0.030000,-0.028333,0.000000,0.000000,0.000000,0.000000,0.000000,0.000000,3.706667,3.177143,3.000635,3.792721,3.250904,3.070298
2025,4,1,12,15,-0.447500,-0.208409,-0.189735,-0.447500,-0.208409,-0.189735,-2.842500,-1.126510,-0.942127,-9.339000,-3.715476,-3.114468,-0.343377,-0.344485,-0.332052,0.175000,-0.019372,-0.022565,0.296250,0.658082,0.655211,4.066167,3.861027,3.757511,-0.790877,-0.552894,-0.521786,-0.272500,-0.227781,-0.212300,-2.546250,-0.468428,-0.286916,-5.272833,0.145551,0.643043,-0.447500,-0.208409,-0.189735,0.000000,0.000000,0.000000,-9.339000,-4.245000,-3.820500,0.000000,0.529524,0.706032,-8.955300,-3.528774,-2.941109
2025,5,0,8,8,0.000000,-0.244091,-0.264432,0.000000,-0.244091,-0.264432,0.000000,-1.550455,-1.679659,0.000000,-5.094000,-5.518500,-0.860996,-0.440977,-0.417449,-0.344167,0.130947,0.154545,-0.556250,-0.598712,-0.559962,-0.910000,0.305330,0.531519,-0.860996,-0.685068,-0.681881,-0.344167,-0.113144,-0.109886,-0.556250,-2.149167,-2.239621,-0.910000,-4.788670,-4.986981,0.000000,-0.244091,-0.264432,0.000000,0.000000,0.000000,0.000000,-5.094000,-5.518500,0.000000,0.000000,0.000000,0.000000,-4.884709,-5.291768
2025,6,1,2,19,-0.235000,-0.201429,-0.190238,-0.235000,-0.201429,-0.190238,1.225000,1.050000,0.991667,4.650000,3.985714,3.764286,-1.150000,-0.530815,-0.515189,0.370000,0.175211,0.141948,-0.283333,-0.199608,-0.211400,-3.162250,-2.338107,-2.228887,-1.385000,-0.732244,-0.705427,0.135000,-0.026218,-0.048290,0.941667,0.850392,0.780267,1.487750,1.647607,1.535398,0.000000,0.000000,0.000000,-0.235000,-0.201429,-0.190238,4.650000,3.985714,3.764286,0.000000,0.000000,0.000000,4.880367,4.183172,3.950774
2025,7,1,5,5,0.495000,0.095559,0.062847,0.495000,0.095559,0.062847,1.367500,0.531739,0.530616,3.506250,1.578960,1.647943,-0.579559,-1.554624,-1.584188,-0.257500,-0.204860,-0.176046,-0.111250,-0.448649,-0.457304,-0.327417,-1.675908,-1.812256,-0.084559,-1.459065,-1.521341,0.237500,-0.109301,-0.113199,1.256250,0.083090,0.073312,3.178833,-0.096948,-0.164313,0.495000,0.129130,0.107609,0.000000,-0.033571,-0.044762,3.506250,1.578960,1.647943,0.000000,0.000000,0.000000,3.209876,1.534554,1.627393
2025,8,0,1,1,0.000000,0.365870,0.387391,0.000000,0.365870,0.387391,0.000000,1.010761,1.070217,0.000000,2.591576,2.744022,-0.056250,-0.141601,-0.164121,-0.015000,-0.060497,-0.070978,0.038333,-0.023712,-0.030374,-0.125000,-0.147192,-0.155475,-0.056250,0.224268,0.223270,-0.015000,0.305373,0.316413,0.038333,0.987049,1.039843,-0.125000,2.444385,2.588547,0.000000,0.365870,0.387391,0.000000,0.000000,0.000000,0.000000,2.591576,2.744022,0.000000,0.000000,0.000000,0.000000,2.372517,2.512077
2025,9,1,4,13,0.007500,0.004773,0.004432,0.007500,0.004773,0.004432,-0.075000,-0.047727,-0.044318,0.360000,0.229091,0.212727,1.427609,0.142659,0.075089,0.267500,0.039294,0.026420,-0.302083,-0.071535,-0.055979,0.483905,-0.108573,-0.136521,1.435109,0.147432,0.079521,0.275000,0.044067,0.030852,-0.377083,-0.119262,-0.100297,0.843905,0.120518,0.076207,0.007500,0.004773,0.004432,0.000000,0.000000,0.000000,0.360000,0.229091,0.212727,0.000000,0.000000,0.000000,0.415388,0.264338,0.245457
2025,10,1,10,15,0.000000,0.002727,0.003068,0.000000,0.002727,0.003068,0.047000,-0.023186,-0.028638,-0.432500,0.093300,0.128468,2.679318,3.899838,3.848238,1.027500,1.259355,1.226840,-1.318125,-1.483519,-1.439941,-0.398524,-0.243291,-0.203969,2.679318,3.902566,3.851306,1.027500,1.262083,1.229909,-1.271125,-1.506705,-1.468579,-0.831024,-0.149991,-0.075500,0.000000,0.002727,0.003068,0.000000,0.000000,0.000000,-0.432500,0.093300,0.128468,0.000000,0.000000,0.000000,-0.371700,0.118729,0.153771
2025,11,0,0,0,0.000000,0.000000,0.000000,0.000000,0.000000,0.000000,0.000000,0.042913,0.044957,0.000000,-0.394891,-0.413696,0.000000,0.029608,0.146100,0.000000,-0.012935,0.031739,0.000000,-0.041424,-0.098734,0.000000,0.359864,0.342537,0.000000,0.029608,0.146100,0.000000,-0.012935,0.031739,0.000000,0.001489,-0.053777,0.000000,-0.035027,-0.071159,0.000000,0.000000,0.000000,0.000000,0.000000,0.000000,0.000000,-0.394891,-0.413696,0.000000,0.000000,0.000000,0.000000,-0.339378,-0.355539
2025,12,0,0,0,0.000000,0.000000,0.000000,0.000000,0.000000,0.000000,0.000000,0.000000,0.000000,0.000000,0.000000,0.000000,0.000000,0.000000,0.000000,0.000000,0.000000,0.000000,0.000000,0.000000,0.000000,0.000000,0.000000,0.000000,0.000000,0.000000,0.000000,0.000000,0.000000,0.000000,0.000000,0.000000,0.000000,0.000000,0.000000,0.000000,0.000000,0.000000,0.000000,0.000000,0.000000,0.000000,0.000000,0.000000,0.000000,0.000000,0.000000,0.000000,0.000000,0.000000,0.000000
