This is pdfTeX, Version 3.141592653-2.6-1.40.26 (TeX Live 2024) (preloaded format=pdflatex 2024.9.1)  8 SEP 2026 15:42
entering extended mode
 restricted \write18 enabled.
 %&-line parsing enabled.
**thesis_pitch.tex
(./thesis_pitch.tex
LaTeX2e <2023-11-01> patch level 1
L3 programming layer <2024-02-20>
(/usr/local/texlive/2024/texmf-dist/tex/latex/beamer/beamer.cls
Document Class: beamer 2024/01/06 v3.71 A class for typesetting presentations
(/usr/local/texlive/2024/texmf-dist/tex/latex/beamer/beamerbasemodes.sty
(/usr/local/texlive/2024/texmf-dist/tex/latex/etoolbox/etoolbox.sty
Package: etoolbox 2020/10/05 v2.5k e-TeX tools for LaTeX (JAW)
\etb@tempcnta=\count188
)
\beamer@tempbox=\box51
\beamer@tempcount=\count189
\c@beamerpauses=\count190

(/usr/local/texlive/2024/texmf-dist/tex/latex/beamer/beamerbasedecode.sty
\beamer@slideinframe=\count191
\beamer@minimum=\count192
\beamer@decode@box=\box52
)
\beamer@commentbox=\box53
\beamer@modecount=\count193
)
(/usr/local/texlive/2024/texmf-dist/tex/generic/iftex/iftex.sty
Package: iftex 2022/02/03 v1.0f TeX engine tests
)
\headdp=\dimen140
\footheight=\dimen141
\sidebarheight=\dimen142
\beamer@tempdim=\dimen143
\beamer@finalheight=\dimen144
\beamer@animht=\dimen145
\beamer@animdp=\dimen146
\beamer@animwd=\dimen147
\beamer@leftmargin=\dimen148
\beamer@rightmargin=\dimen149
\beamer@leftsidebar=\dimen150
\beamer@rightsidebar=\dimen151
\beamer@boxsize=\dimen152
\beamer@vboxoffset=\dimen153
\beamer@descdefault=\dimen154
\beamer@descriptionwidth=\dimen155
\beamer@lastskip=\skip48
\beamer@areabox=\box54
\beamer@animcurrent=\box55
\beamer@animshowbox=\box56
\beamer@sectionbox=\box57
\beamer@logobox=\box58
\beamer@linebox=\box59
\beamer@sectioncount=\count194
\beamer@subsubsectionmax=\count195
\beamer@subsectionmax=\count196
\beamer@sectionmax=\count197
\beamer@totalheads=\count198
\beamer@headcounter=\count199
\beamer@partstartpage=\count266
\beamer@sectionstartpage=\count267
\beamer@subsectionstartpage=\count268
\beamer@animationtempa=\count269
\beamer@animationtempb=\count270
\beamer@xpos=\count271
\beamer@ypos=\count272
\beamer@ypos@offset=\count273
\beamer@showpartnumber=\count274
\beamer@currentsubsection=\count275
\beamer@coveringdepth=\count276
\beamer@sectionadjust=\count277
\beamer@toclastsection=\count278
\beamer@tocsectionnumber=\count279

(/usr/local/texlive/2024/texmf-dist/tex/latex/beamer/beamerbaseoptions.sty
(/usr/local/texlive/2024/texmf-dist/tex/latex/graphics/keyval.sty
Package: keyval 2022/05/29 v1.15 key=value parser (DPC)
\KV@toks@=\toks17
))
\beamer@paperwidth=\skip49
\beamer@paperheight=\skip50

(/usr/local/texlive/2024/texmf-dist/tex/latex/geometry/geometry.sty
Package: geometry 2020/01/02 v5.9 Page Geometry

(/usr/local/texlive/2024/texmf-dist/tex/generic/iftex/ifvtex.sty
Package: ifvtex 2019/10/25 v1.7 ifvtex legacy package. Use iftex instead.
)
\Gm@cnth=\count280
\Gm@cntv=\count281
\c@Gm@tempcnt=\count282
\Gm@bindingoffset=\dimen156
\Gm@wd@mp=\dimen157
\Gm@odd@mp=\dimen158
\Gm@even@mp=\dimen159
\Gm@layoutwidth=\dimen160
\Gm@layoutheight=\dimen161
\Gm@layouthoffset=\dimen162
\Gm@layoutvoffset=\dimen163
\Gm@dimlist=\toks18
)
(/usr/local/texlive/2024/texmf-dist/tex/latex/pgf/math/pgfmath.sty
(/usr/local/texlive/2024/texmf-dist/tex/latex/pgf/utilities/pgfrcs.sty
(/usr/local/texlive/2024/texmf-dist/tex/generic/pgf/utilities/pgfutil-common.te
x
\pgfutil@everybye=\toks19
\pgfutil@tempdima=\dimen164
\pgfutil@tempdimb=\dimen165
)
(/usr/local/texlive/2024/texmf-dist/tex/generic/pgf/utilities/pgfutil-latex.def
\pgfutil@abb=\box60
) (/usr/local/texlive/2024/texmf-dist/tex/generic/pgf/utilities/pgfrcs.code.tex
(/usr/local/texlive/2024/texmf-dist/tex/generic/pgf/pgf.revision.tex)
Package: pgfrcs 2023-01-15 v3.1.10 (3.1.10)
))
(/usr/local/texlive/2024/texmf-dist/tex/latex/pgf/utilities/pgfkeys.sty
(/usr/local/texlive/2024/texmf-dist/tex/generic/pgf/utilities/pgfkeys.code.tex
\pgfkeys@pathtoks=\toks20
\pgfkeys@temptoks=\toks21

(/usr/local/texlive/2024/texmf-dist/tex/generic/pgf/utilities/pgfkeyslibraryfil
tered.code.tex
\pgfkeys@tmptoks=\toks22
)))
(/usr/local/texlive/2024/texmf-dist/tex/generic/pgf/math/pgfmath.code.tex
(/usr/local/texlive/2024/texmf-dist/tex/generic/pgf/math/pgfmathutil.code.tex
\pgf@x=\dimen166
\pgf@xa=\dimen167
\pgf@xb=\dimen168
\pgf@xc=\dimen169
\pgf@y=\dimen170
\pgf@ya=\dimen171
\pgf@yb=\dimen172
\pgf@yc=\dimen173
\c@pgf@counta=\count283
\c@pgf@countb=\count284
\c@pgf@countc=\count285
\c@pgf@countd=\count286
)
(/usr/local/texlive/2024/texmf-dist/tex/generic/pgf/math/pgfmathparser.code.tex
\pgfmath@dimen=\dimen174
\pgfmath@count=\count287
\pgfmath@box=\box61
\pgfmath@toks=\toks23
\pgfmath@stack@operand=\toks24
\pgfmath@stack@operation=\toks25
)
(/usr/local/texlive/2024/texmf-dist/tex/generic/pgf/math/pgfmathfunctions.code.
tex)
(/usr/local/texlive/2024/texmf-dist/tex/generic/pgf/math/pgfmathfunctions.basic
.code.tex)
(/usr/local/texlive/2024/texmf-dist/tex/generic/pgf/math/pgfmathfunctions.trigo
nometric.code.tex)
(/usr/local/texlive/2024/texmf-dist/tex/generic/pgf/math/pgfmathfunctions.rando
m.code.tex)
(/usr/local/texlive/2024/texmf-dist/tex/generic/pgf/math/pgfmathfunctions.compa
rison.code.tex)
(/usr/local/texlive/2024/texmf-dist/tex/generic/pgf/math/pgfmathfunctions.base.
code.tex)
(/usr/local/texlive/2024/texmf-dist/tex/generic/pgf/math/pgfmathfunctions.round
.code.tex)
(/usr/local/texlive/2024/texmf-dist/tex/generic/pgf/math/pgfmathfunctions.misc.
code.tex)
(/usr/local/texlive/2024/texmf-dist/tex/generic/pgf/math/pgfmathfunctions.integ
erarithmetics.code.tex)
(/usr/local/texlive/2024/texmf-dist/tex/generic/pgf/math/pgfmathcalc.code.tex)
(/usr/local/texlive/2024/texmf-dist/tex/generic/pgf/math/pgfmathfloat.code.tex
\c@pgfmathroundto@lastzeros=\count288
))) (/usr/local/texlive/2024/texmf-dist/tex/latex/base/size11.clo
File: size11.clo 2023/05/17 v1.4n Standard LaTeX file (size option)
)
(/usr/local/texlive/2024/texmf-dist/tex/latex/pgf/basiclayer/pgfcore.sty
(/usr/local/texlive/2024/texmf-dist/tex/latex/graphics/graphicx.sty
Package: graphicx 2021/09/16 v1.2d Enhanced LaTeX Graphics (DPC,SPQR)

(/usr/local/texlive/2024/texmf-dist/tex/latex/graphics/graphics.sty
Package: graphics 2022/03/10 v1.4e Standard LaTeX Graphics (DPC,SPQR)

(/usr/local/texlive/2024/texmf-dist/tex/latex/graphics/trig.sty
Package: trig 2021/08/11 v1.11 sin cos tan (DPC)
)
(/usr/local/texlive/2024/texmf-dist/tex/latex/graphics-cfg/graphics.cfg
File: graphics.cfg 2016/06/04 v1.11 sample graphics configuration
)
Package graphics Info: Driver file: pdftex.def on input line 107.

(/usr/local/texlive/2024/texmf-dist/tex/latex/graphics-def/pdftex.def
File: pdftex.def 2022/09/22 v1.2b Graphics/color driver for pdftex
))
\Gin@req@height=\dimen175
\Gin@req@width=\dimen176
)
(/usr/local/texlive/2024/texmf-dist/tex/latex/pgf/systemlayer/pgfsys.sty
(/usr/local/texlive/2024/texmf-dist/tex/generic/pgf/systemlayer/pgfsys.code.tex
Package: pgfsys 2023-01-15 v3.1.10 (3.1.10)
\pgf@x=\dimen177
\pgf@y=\dimen178
\pgf@xa=\dimen179
\pgf@ya=\dimen180
\pgf@xb=\dimen181
\pgf@yb=\dimen182
\pgf@xc=\dimen183
\pgf@yc=\dimen184
\pgf@xd=\dimen185
\pgf@yd=\dimen186
\w@pgf@writea=\write3
\r@pgf@reada=\read2
\c@pgf@counta=\count289
\c@pgf@countb=\count290
\c@pgf@countc=\count291
\c@pgf@countd=\count292
\t@pgf@toka=\toks26
\t@pgf@tokb=\toks27
\t@pgf@tokc=\toks28
\pgf@sys@id@count=\count293
(/usr/local/texlive/2024/texmf-dist/tex/generic/pgf/systemlayer/pgf.cfg
File: pgf.cfg 2023-01-15 v3.1.10 (3.1.10)
)
Driver file for pgf: pgfsys-pdftex.def

(/usr/local/texlive/2024/texmf-dist/tex/generic/pgf/systemlayer/pgfsys-pdftex.d
ef
File: pgfsys-pdftex.def 2023-01-15 v3.1.10 (3.1.10)

(/usr/local/texlive/2024/texmf-dist/tex/generic/pgf/systemlayer/pgfsys-common-p
df.def
File: pgfsys-common-pdf.def 2023-01-15 v3.1.10 (3.1.10)
)))
(/usr/local/texlive/2024/texmf-dist/tex/generic/pgf/systemlayer/pgfsyssoftpath.
code.tex
File: pgfsyssoftpath.code.tex 2023-01-15 v3.1.10 (3.1.10)
\pgfsyssoftpath@smallbuffer@items=\count294
\pgfsyssoftpath@bigbuffer@items=\count295
)
(/usr/local/texlive/2024/texmf-dist/tex/generic/pgf/systemlayer/pgfsysprotocol.
code.tex
File: pgfsysprotocol.code.tex 2023-01-15 v3.1.10 (3.1.10)
)) (/usr/local/texlive/2024/texmf-dist/tex/latex/xcolor/xcolor.sty
Package: xcolor 2023/11/15 v3.01 LaTeX color extensions (UK)

(/usr/local/texlive/2024/texmf-dist/tex/latex/graphics-cfg/color.cfg
File: color.cfg 2016/01/02 v1.6 sample color configuration
)
Package xcolor Info: Driver file: pdftex.def on input line 274.

(/usr/local/texlive/2024/texmf-dist/tex/latex/graphics/mathcolor.ltx)
Package xcolor Info: Model `cmy' substituted by `cmy0' on input line 1350.
Package xcolor Info: Model `hsb' substituted by `rgb' on input line 1354.
Package xcolor Info: Model `RGB' extended on input line 1366.
Package xcolor Info: Model `HTML' substituted by `rgb' on input line 1368.
Package xcolor Info: Model `Hsb' substituted by `hsb' on input line 1369.
Package xcolor Info: Model `tHsb' substituted by `hsb' on input line 1370.
Package xcolor Info: Model `HSB' substituted by `hsb' on input line 1371.
Package xcolor Info: Model `Gray' substituted by `gray' on input line 1372.
Package xcolor Info: Model `wave' substituted by `hsb' on input line 1373.
)
(/usr/local/texlive/2024/texmf-dist/tex/generic/pgf/basiclayer/pgfcore.code.tex
Package: pgfcore 2023-01-15 v3.1.10 (3.1.10)
(/usr/local/texlive/2024/texmf-dist/tex/generic/pgf/math/pgfint.code.tex)
(/usr/local/texlive/2024/texmf-dist/tex/generic/pgf/basiclayer/pgfcorepoints.co
de.tex
File: pgfcorepoints.code.tex 2023-01-15 v3.1.10 (3.1.10)
\pgf@picminx=\dimen187
\pgf@picmaxx=\dimen188
\pgf@picminy=\dimen189
\pgf@picmaxy=\dimen190
\pgf@pathminx=\dimen191
\pgf@pathmaxx=\dimen192
\pgf@pathminy=\dimen193
\pgf@pathmaxy=\dimen194
\pgf@xx=\dimen195
\pgf@xy=\dimen196
\pgf@yx=\dimen197
\pgf@yy=\dimen198
\pgf@zx=\dimen199
\pgf@zy=\dimen256
)
(/usr/local/texlive/2024/texmf-dist/tex/generic/pgf/basiclayer/pgfcorepathconst
ruct.code.tex
File: pgfcorepathconstruct.code.tex 2023-01-15 v3.1.10 (3.1.10)
\pgf@path@lastx=\dimen257
\pgf@path@lasty=\dimen258
)
(/usr/local/texlive/2024/texmf-dist/tex/generic/pgf/basiclayer/pgfcorepathusage
.code.tex
File: pgfcorepathusage.code.tex 2023-01-15 v3.1.10 (3.1.10)
\pgf@shorten@end@additional=\dimen259
\pgf@shorten@start@additional=\dimen260
)
(/usr/local/texlive/2024/texmf-dist/tex/generic/pgf/basiclayer/pgfcorescopes.co
de.tex
File: pgfcorescopes.code.tex 2023-01-15 v3.1.10 (3.1.10)
\pgfpic=\box62
\pgf@hbox=\box63
\pgf@layerbox@main=\box64
\pgf@picture@serial@count=\count296
)
(/usr/local/texlive/2024/texmf-dist/tex/generic/pgf/basiclayer/pgfcoregraphicst
ate.code.tex
File: pgfcoregraphicstate.code.tex 2023-01-15 v3.1.10 (3.1.10)
\pgflinewidth=\dimen261
)
(/usr/local/texlive/2024/texmf-dist/tex/generic/pgf/basiclayer/pgfcoretransform
ations.code.tex
File: pgfcoretransformations.code.tex 2023-01-15 v3.1.10 (3.1.10)
\pgf@pt@x=\dimen262
\pgf@pt@y=\dimen263
\pgf@pt@temp=\dimen264
)
(/usr/local/texlive/2024/texmf-dist/tex/generic/pgf/basiclayer/pgfcorequick.cod
e.tex
File: pgfcorequick.code.tex 2023-01-15 v3.1.10 (3.1.10)
)
(/usr/local/texlive/2024/texmf-dist/tex/generic/pgf/basiclayer/pgfcoreobjects.c
ode.tex
File: pgfcoreobjects.code.tex 2023-01-15 v3.1.10 (3.1.10)
)
(/usr/local/texlive/2024/texmf-dist/tex/generic/pgf/basiclayer/pgfcorepathproce
ssing.code.tex
File: pgfcorepathprocessing.code.tex 2023-01-15 v3.1.10 (3.1.10)
)
(/usr/local/texlive/2024/texmf-dist/tex/generic/pgf/basiclayer/pgfcorearrows.co
de.tex
File: pgfcorearrows.code.tex 2023-01-15 v3.1.10 (3.1.10)
\pgfarrowsep=\dimen265
)
(/usr/local/texlive/2024/texmf-dist/tex/generic/pgf/basiclayer/pgfcoreshade.cod
e.tex
File: pgfcoreshade.code.tex 2023-01-15 v3.1.10 (3.1.10)
\pgf@max=\dimen266
\pgf@sys@shading@range@num=\count297
\pgf@shadingcount=\count298
)
(/usr/local/texlive/2024/texmf-dist/tex/generic/pgf/basiclayer/pgfcoreimage.cod
e.tex
File: pgfcoreimage.code.tex 2023-01-15 v3.1.10 (3.1.10)
)
(/usr/local/texlive/2024/texmf-dist/tex/generic/pgf/basiclayer/pgfcoreexternal.
code.tex
File: pgfcoreexternal.code.tex 2023-01-15 v3.1.10 (3.1.10)
\pgfexternal@startupbox=\box65
)
(/usr/local/texlive/2024/texmf-dist/tex/generic/pgf/basiclayer/pgfcorelayers.co
de.tex
File: pgfcorelayers.code.tex 2023-01-15 v3.1.10 (3.1.10)
)
(/usr/local/texlive/2024/texmf-dist/tex/generic/pgf/basiclayer/pgfcoretranspare
ncy.code.tex
File: pgfcoretransparency.code.tex 2023-01-15 v3.1.10 (3.1.10)
)
(/usr/local/texlive/2024/texmf-dist/tex/generic/pgf/basiclayer/pgfcorepatterns.
code.tex
File: pgfcorepatterns.code.tex 2023-01-15 v3.1.10 (3.1.10)
)
(/usr/local/texlive/2024/texmf-dist/tex/generic/pgf/basiclayer/pgfcorerdf.code.
tex
File: pgfcorerdf.code.tex 2023-01-15 v3.1.10 (3.1.10)
))) (/usr/local/texlive/2024/texmf-dist/tex/latex/pgf/utilities/xxcolor.sty
Package: xxcolor 2003/10/24 ver 0.1
\XC@nummixins=\count299
\XC@countmixins=\count300
) (/usr/local/texlive/2024/texmf-dist/tex/latex/base/atbegshi-ltx.sty
Package: atbegshi-ltx 2021/01/10 v1.0c Emulation of the original atbegshi
package with kernel methods
)
(/usr/local/texlive/2024/texmf-dist/tex/latex/hyperref/hyperref.sty
Package: hyperref 2024-01-20 v7.01h Hypertext links for LaTeX

(/usr/local/texlive/2024/texmf-dist/tex/latex/kvsetkeys/kvsetkeys.sty
Package: kvsetkeys 2022-10-05 v1.19 Key value parser (HO)
)
(/usr/local/texlive/2024/texmf-dist/tex/generic/kvdefinekeys/kvdefinekeys.sty
Package: kvdefinekeys 2019-12-19 v1.6 Define keys (HO)
)
(/usr/local/texlive/2024/texmf-dist/tex/generic/pdfescape/pdfescape.sty
Package: pdfescape 2019/12/09 v1.15 Implements pdfTeX's escape features (HO)

(/usr/local/texlive/2024/texmf-dist/tex/generic/ltxcmds/ltxcmds.sty
Package: ltxcmds 2023-12-04 v1.26 LaTeX kernel commands for general use (HO)
)
(/usr/local/texlive/2024/texmf-dist/tex/generic/pdftexcmds/pdftexcmds.sty
Package: pdftexcmds 2020-06-27 v0.33 Utility functions of pdfTeX for LuaTeX (HO
)

(/usr/local/texlive/2024/texmf-dist/tex/generic/infwarerr/infwarerr.sty
Package: infwarerr 2019/12/03 v1.5 Providing info/warning/error messages (HO)
)
Package pdftexcmds Info: \pdf@primitive is available.
Package pdftexcmds Info: \pdf@ifprimitive is available.
Package pdftexcmds Info: \pdfdraftmode found.
))
(/usr/local/texlive/2024/texmf-dist/tex/latex/hycolor/hycolor.sty
Package: hycolor 2020-01-27 v1.10 Color options for hyperref/bookmark (HO)
)
(/usr/local/texlive/2024/texmf-dist/tex/latex/auxhook/auxhook.sty
Package: auxhook 2019-12-17 v1.6 Hooks for auxiliary files (HO)
)
(/usr/local/texlive/2024/texmf-dist/tex/latex/hyperref/nameref.sty
Package: nameref 2023-11-26 v2.56 Cross-referencing by name of section

(/usr/local/texlive/2024/texmf-dist/tex/latex/refcount/refcount.sty
Package: refcount 2019/12/15 v3.6 Data extraction from label references (HO)
)
(/usr/local/texlive/2024/texmf-dist/tex/generic/gettitlestring/gettitlestring.s
ty
Package: gettitlestring 2019/12/15 v1.6 Cleanup title references (HO)
 (/usr/local/texlive/2024/texmf-dist/tex/latex/kvoptions/kvoptions.sty
Package: kvoptions 2022-06-15 v3.15 Key value format for package options (HO)
))
\c@section@level=\count301
)
\@linkdim=\dimen267
\Hy@linkcounter=\count302
\Hy@pagecounter=\count303

(/usr/local/texlive/2024/texmf-dist/tex/latex/hyperref/pd1enc.def
File: pd1enc.def 2024-01-20 v7.01h Hyperref: PDFDocEncoding definition (HO)
Now handling font encoding PD1 ...
... no UTF-8 mapping file for font encoding PD1
)
(/usr/local/texlive/2024/texmf-dist/tex/generic/intcalc/intcalc.sty
Package: intcalc 2019/12/15 v1.3 Expandable calculations with integers (HO)
)
\Hy@SavedSpaceFactor=\count304

(/usr/local/texlive/2024/texmf-dist/tex/latex/hyperref/puenc.def
File: puenc.def 2024-01-20 v7.01h Hyperref: PDF Unicode definition (HO)
Now handling font encoding PU ...
... no UTF-8 mapping file for font encoding PU
)
Package hyperref Info: Option `bookmarks' set `true' on input line 4062.
Package hyperref Info: Option `bookmarksopen' set `true' on input line 4062.
Package hyperref Info: Option `implicit' set `false' on input line 4062.
Package hyperref Info: Hyper figures OFF on input line 4179.
Package hyperref Info: Link nesting OFF on input line 4184.
Package hyperref Info: Hyper index ON on input line 4187.
Package hyperref Info: Plain pages OFF on input line 4194.
Package hyperref Info: Backreferencing OFF on input line 4199.
Package hyperref Info: Implicit mode OFF; no redefinition of LaTeX internals.
Package hyperref Info: Bookmarks ON on input line 4446.
\c@Hy@tempcnt=\count305

(/usr/local/texlive/2024/texmf-dist/tex/latex/url/url.sty
\Urlmuskip=\muskip16
Package: url 2013/09/16  ver 3.4  Verb mode for urls, etc.
)
LaTeX Info: Redefining \url on input line 4784.
\XeTeXLinkMargin=\dimen268

(/usr/local/texlive/2024/texmf-dist/tex/generic/bitset/bitset.sty
Package: bitset 2019/12/09 v1.3 Handle bit-vector datatype (HO)

(/usr/local/texlive/2024/texmf-dist/tex/generic/bigintcalc/bigintcalc.sty
Package: bigintcalc 2019/12/15 v1.5 Expandable calculations on big integers (HO
)
))
\Fld@menulength=\count306
\Field@Width=\dimen269
\Fld@charsize=\dimen270
Package hyperref Info: Hyper figures OFF on input line 6063.
Package hyperref Info: Link nesting OFF on input line 6068.
Package hyperref Info: Hyper index ON on input line 6071.
Package hyperref Info: backreferencing OFF on input line 6078.
Package hyperref Info: Link coloring OFF on input line 6083.
Package hyperref Info: Link coloring with OCG OFF on input line 6088.
Package hyperref Info: PDF/A mode OFF on input line 6093.
\Hy@abspage=\count307


Package hyperref Message: Stopped early.

)
Package hyperref Info: Driver (autodetected): hpdftex.
 (/usr/local/texlive/2024/texmf-dist/tex/latex/hyperref/hpdftex.def
File: hpdftex.def 2024-01-20 v7.01h Hyperref driver for pdfTeX

(/usr/local/texlive/2024/texmf-dist/tex/latex/base/atveryend-ltx.sty
Package: atveryend-ltx 2020/08/19 v1.0a Emulation of the original atveryend pac
kage
with kernel methods
)
\Fld@listcount=\count308
\c@bookmark@seq@number=\count309

(/usr/local/texlive/2024/texmf-dist/tex/latex/rerunfilecheck/rerunfilecheck.sty
Package: rerunfilecheck 2022-07-10 v1.10 Rerun checks for auxiliary files (HO)

(/usr/local/texlive/2024/texmf-dist/tex/generic/uniquecounter/uniquecounter.sty
Package: uniquecounter 2019/12/15 v1.4 Provide unlimited unique counter (HO)
)
Package uniquecounter Info: New unique counter `rerunfilecheck' on input line 2
85.
)) (/usr/local/texlive/2024/texmf-dist/tex/latex/beamer/beamerbaserequires.sty
(/usr/local/texlive/2024/texmf-dist/tex/latex/beamer/beamerbasecompatibility.st
y) (/usr/local/texlive/2024/texmf-dist/tex/latex/beamer/beamerbasefont.sty
(/usr/local/texlive/2024/texmf-dist/tex/latex/amsfonts/amssymb.sty
Package: amssymb 2013/01/14 v3.01 AMS font symbols

(/usr/local/texlive/2024/texmf-dist/tex/latex/amsfonts/amsfonts.sty
Package: amsfonts 2013/01/14 v3.01 Basic AMSFonts support
\@emptytoks=\toks29
\symAMSa=\mathgroup4
\symAMSb=\mathgroup5
LaTeX Font Info:    Redeclaring math symbol \hbar on input line 98.
LaTeX Font Info:    Overwriting math alphabet `\mathfrak' in version `bold'
(Font)                  U/euf/m/n --> U/euf/b/n on input line 106.
))
(/usr/local/texlive/2024/texmf-dist/tex/latex/sansmathaccent/sansmathaccent.sty
Package: sansmathaccent 2020/01/31
(/usr/local/texlive/2024/texmf-dist/tex/latex/koma-script/scrlfile.sty
Package: scrlfile 2023/07/07 v3.41 KOMA-Script package (file load hooks)

(/usr/local/texlive/2024/texmf-dist/tex/latex/koma-script/scrlfile-hook.sty
Package: scrlfile-hook 2023/07/07 v3.41 KOMA-Script package (using LaTeX hooks)


(/usr/local/texlive/2024/texmf-dist/tex/latex/koma-script/scrlogo.sty
Package: scrlogo 2023/07/07 v3.41 KOMA-Script package (logo)
)))))
(/usr/local/texlive/2024/texmf-dist/tex/latex/beamer/beamerbasetranslator.sty
(/usr/local/texlive/2024/texmf-dist/tex/latex/translator/translator.sty
Package: translator 2021-05-31 v1.12d Easy translation of strings in LaTeX
))
(/usr/local/texlive/2024/texmf-dist/tex/latex/beamer/beamerbasemisc.sty)
(/usr/local/texlive/2024/texmf-dist/tex/latex/beamer/beamerbasetwoscreens.sty)
(/usr/local/texlive/2024/texmf-dist/tex/latex/beamer/beamerbaseoverlay.sty
\beamer@argscount=\count310
\beamer@lastskipcover=\skip51
\beamer@trivlistdepth=\count311
)
(/usr/local/texlive/2024/texmf-dist/tex/latex/beamer/beamerbasetitle.sty)
(/usr/local/texlive/2024/texmf-dist/tex/latex/beamer/beamerbasesection.sty
\c@lecture=\count312
\c@part=\count313
\c@section=\count314
\c@subsection=\count315
\c@subsubsection=\count316
)
(/usr/local/texlive/2024/texmf-dist/tex/latex/beamer/beamerbaseframe.sty
\beamer@framebox=\box66
\beamer@frametitlebox=\box67
\beamer@zoombox=\box68
\beamer@zoomcount=\count317
\beamer@zoomframecount=\count318
\beamer@frametextheight=\dimen271
\c@subsectionslide=\count319
\beamer@frametopskip=\skip52
\beamer@framebottomskip=\skip53
\beamer@frametopskipautobreak=\skip54
\beamer@framebottomskipautobreak=\skip55
\beamer@envbody=\toks30
\framewidth=\dimen272
\c@framenumber=\count320
)
(/usr/local/texlive/2024/texmf-dist/tex/latex/beamer/beamerbaseverbatim.sty
\beamer@verbatimfileout=\write4
)
(/usr/local/texlive/2024/texmf-dist/tex/latex/beamer/beamerbaseframesize.sty
\beamer@splitbox=\box69
\beamer@autobreakcount=\count321
\beamer@autobreaklastheight=\dimen273
\beamer@frametitletoks=\toks31
\beamer@framesubtitletoks=\toks32
)
(/usr/local/texlive/2024/texmf-dist/tex/latex/beamer/beamerbaseframecomponents.
sty
\beamer@footins=\box70
) (/usr/local/texlive/2024/texmf-dist/tex/latex/beamer/beamerbasecolor.sty)
(/usr/local/texlive/2024/texmf-dist/tex/latex/beamer/beamerbasenotes.sty
\beamer@frameboxcopy=\box71
)
(/usr/local/texlive/2024/texmf-dist/tex/latex/beamer/beamerbasetoc.sty)
(/usr/local/texlive/2024/texmf-dist/tex/latex/beamer/beamerbasetemplates.sty
\beamer@sbttoks=\toks33

(/usr/local/texlive/2024/texmf-dist/tex/latex/beamer/beamerbaseauxtemplates.sty
(/usr/local/texlive/2024/texmf-dist/tex/latex/beamer/beamerbaseboxes.sty
\bmb@box=\box72
\bmb@colorbox=\box73
\bmb@boxwidth=\dimen274
\bmb@boxheight=\dimen275
\bmb@prevheight=\dimen276
\bmb@temp=\dimen277
\bmb@dima=\dimen278
\bmb@dimb=\dimen279
\bmb@prevheight=\dimen280
)
\beamer@blockheadheight=\dimen281
))
(/usr/local/texlive/2024/texmf-dist/tex/latex/beamer/beamerbaselocalstructure.s
ty (/usr/local/texlive/2024/texmf-dist/tex/latex/tools/enumerate.sty
Package: enumerate 2023/07/04 v3.00 enumerate extensions (DPC)
\@enLab=\toks34
)
\beamer@bibiconwidth=\skip56
\c@figure=\count322
\c@table=\count323
\abovecaptionskip=\skip57
\belowcaptionskip=\skip58
)
(/usr/local/texlive/2024/texmf-dist/tex/latex/beamer/beamerbasenavigation.sty
(/usr/local/texlive/2024/texmf-dist/tex/latex/beamer/beamerbasenavigationsymbol
s.tex)
\beamer@section@min@dim=\dimen282
)
(/usr/local/texlive/2024/texmf-dist/tex/latex/beamer/beamerbasetheorems.sty
(/usr/local/texlive/2024/texmf-dist/tex/latex/amsmath/amsmath.sty
Package: amsmath 2023/05/13 v2.17o AMS math features
\@mathmargin=\skip59

For additional information on amsmath, use the `?' option.
(/usr/local/texlive/2024/texmf-dist/tex/latex/amsmath/amstext.sty
Package: amstext 2021/08/26 v2.01 AMS text

(/usr/local/texlive/2024/texmf-dist/tex/latex/amsmath/amsgen.sty
File: amsgen.sty 1999/11/30 v2.0 generic functions
\@emptytoks=\toks35
\ex@=\dimen283
))
(/usr/local/texlive/2024/texmf-dist/tex/latex/amsmath/amsbsy.sty
Package: amsbsy 1999/11/29 v1.2d Bold Symbols
\pmbraise@=\dimen284
)
(/usr/local/texlive/2024/texmf-dist/tex/latex/amsmath/amsopn.sty
Package: amsopn 2022/04/08 v2.04 operator names
)
\inf@bad=\count324
LaTeX Info: Redefining \frac on input line 234.
\uproot@=\count325
\leftroot@=\count326
LaTeX Info: Redefining \overline on input line 399.
LaTeX Info: Redefining \colon on input line 410.
\classnum@=\count327
\DOTSCASE@=\count328
LaTeX Info: Redefining \ldots on input line 496.
LaTeX Info: Redefining \dots on input line 499.
LaTeX Info: Redefining \cdots on input line 620.
\Mathstrutbox@=\box74
\strutbox@=\box75
LaTeX Info: Redefining \big on input line 722.
LaTeX Info: Redefining \Big on input line 723.
LaTeX Info: Redefining \bigg on input line 724.
LaTeX Info: Redefining \Bigg on input line 725.
\big@size=\dimen285
LaTeX Font Info:    Redeclaring font encoding OML on input line 743.
LaTeX Font Info:    Redeclaring font encoding OMS on input line 744.
\macc@depth=\count329
LaTeX Info: Redefining \bmod on input line 905.
LaTeX Info: Redefining \pmod on input line 910.
LaTeX Info: Redefining \smash on input line 940.
LaTeX Info: Redefining \relbar on input line 970.
LaTeX Info: Redefining \Relbar on input line 971.
\c@MaxMatrixCols=\count330
\dotsspace@=\muskip17
\c@parentequation=\count331
\dspbrk@lvl=\count332
\tag@help=\toks36
\row@=\count333
\column@=\count334
\maxfields@=\count335
\andhelp@=\toks37
\eqnshift@=\dimen286
\alignsep@=\dimen287
\tagshift@=\dimen288
\tagwidth@=\dimen289
\totwidth@=\dimen290
\lineht@=\dimen291
\@envbody=\toks38
\multlinegap=\skip60
\multlinetaggap=\skip61
\mathdisplay@stack=\toks39
LaTeX Info: Redefining \[ on input line 2953.
LaTeX Info: Redefining \] on input line 2954.
)
(/usr/local/texlive/2024/texmf-dist/tex/latex/amscls/amsthm.sty
Package: amsthm 2020/05/29 v2.20.6
\thm@style=\toks40
\thm@bodyfont=\toks41
\thm@headfont=\toks42
\thm@notefont=\toks43
\thm@headpunct=\toks44
\thm@preskip=\skip62
\thm@postskip=\skip63
\thm@headsep=\skip64
\dth@everypar=\toks45
)
\c@theorem=\count336
)
(/usr/local/texlive/2024/texmf-dist/tex/latex/beamer/beamerbasethemes.sty))
(/usr/local/texlive/2024/texmf-dist/tex/latex/beamer/beamerthemedefault.sty
(/usr/local/texlive/2024/texmf-dist/tex/latex/beamer/beamerfontthemedefault.sty
)
(/usr/local/texlive/2024/texmf-dist/tex/latex/beamer/beamercolorthemedefault.st
y)
(/usr/local/texlive/2024/texmf-dist/tex/latex/beamer/beamerinnerthemedefault.st
y
\beamer@dima=\dimen292
\beamer@dimb=\dimen293
)
(/usr/local/texlive/2024/texmf-dist/tex/latex/beamer/beamerouterthemedefault.st
y))) (/usr/local/texlive/2024/texmf-dist/tex/latex/base/fontenc.sty
Package: fontenc 2021/04/29 v2.0v Standard LaTeX package
)
(/usr/local/texlive/2024/texmf-dist/tex/latex/sourcesanspro/sourcesanspro.sty
Package: sourcesanspro 2018/05/19 v2.7 Adobe's Source Sans Pro typeface

(/usr/local/texlive/2024/texmf-dist/tex/generic/iftex/ifxetex.sty
Package: ifxetex 2019/10/25 v0.7 ifxetex legacy package. Use iftex instead.
)
(/usr/local/texlive/2024/texmf-dist/tex/generic/iftex/ifluatex.sty
Package: ifluatex 2019/10/25 v1.5 ifluatex legacy package. Use iftex instead.
)
(/usr/local/texlive/2024/texmf-dist/tex/latex/xkeyval/xkeyval.sty
Package: xkeyval 2022/06/16 v2.9 package option processing (HA)

(/usr/local/texlive/2024/texmf-dist/tex/generic/xkeyval/xkeyval.tex
(/usr/local/texlive/2024/texmf-dist/tex/generic/xkeyval/xkvutils.tex
\XKV@toks=\toks46
\XKV@tempa@toks=\toks47
)
\XKV@depth=\count337
File: xkeyval.tex 2014/12/03 v2.7a key=value parser (HA)
))
(/usr/local/texlive/2024/texmf-dist/tex/latex/base/fontenc.sty
Package: fontenc 2021/04/29 v2.0v Standard LaTeX package

(/usr/local/texlive/2024/texmf-dist/tex/latex/ly1/ly1enc.def
File: ly1enc.def 2022/06/11 v0.8 TeX 'n ANSI encoding (DPC/KB)
Now handling font encoding LY1 ...
... processing UTF-8 mapping file for font encoding LY1

(/usr/local/texlive/2024/texmf-dist/tex/latex/base/ly1enc.dfu
File: ly1enc.dfu 2022/06/07 v1.3c UTF-8 support
   defining Unicode char U+00A0 (decimal 160)
   defining Unicode char U+00A1 (decimal 161)
   defining Unicode char U+00A2 (decimal 162)
   defining Unicode char U+00A3 (decimal 163)
   defining Unicode char U+00A4 (decimal 164)
   defining Unicode char U+00A5 (decimal 165)
   defining Unicode char U+00A6 (decimal 166)
   defining Unicode char U+00A7 (decimal 167)
   defining Unicode char U+00AA (decimal 170)
   defining Unicode char U+00AB (decimal 171)
   defining Unicode char U+00AD (decimal 173)
   defining Unicode char U+00AE (decimal 174)
   defining Unicode char U+00B0 (decimal 176)
   defining Unicode char U+00B5 (decimal 181)
   defining Unicode char U+00B6 (decimal 182)
   defining Unicode char U+00B7 (decimal 183)
   defining Unicode char U+00BA (decimal 186)
   defining Unicode char U+00BB (decimal 187)
   defining Unicode char U+00BC (decimal 188)
   defining Unicode char U+00BD (decimal 189)
   defining Unicode char U+00BE (decimal 190)
   defining Unicode char U+00BF (decimal 191)
   defining Unicode char U+00C0 (decimal 192)
   defining Unicode char U+00C1 (decimal 193)
   defining Unicode char U+00C2 (decimal 194)
   defining Unicode char U+00C3 (decimal 195)
   defining Unicode char U+00C4 (decimal 196)
   defining Unicode char U+00C5 (decimal 197)
   defining Unicode char U+00C6 (decimal 198)
   defining Unicode char U+00C7 (decimal 199)
   defining Unicode char U+00C8 (decimal 200)
   defining Unicode char U+00C9 (decimal 201)
   defining Unicode char U+00CA (decimal 202)
   defining Unicode char U+00CB (decimal 203)
   defining Unicode char U+00CC (decimal 204)
   defining Unicode char U+00CD (decimal 205)
   defining Unicode char U+00CE (decimal 206)
   defining Unicode char U+00CF (decimal 207)
   defining Unicode char U+00D0 (decimal 208)
   defining Unicode char U+00D1 (decimal 209)
   defining Unicode char U+00D2 (decimal 210)
   defining Unicode char U+00D3 (decimal 211)
   defining Unicode char U+00D4 (decimal 212)
   defining Unicode char U+00D5 (decimal 213)
   defining Unicode char U+00D6 (decimal 214)
   defining Unicode char U+00D8 (decimal 216)
   defining Unicode char U+00D9 (decimal 217)
   defining Unicode char U+00DA (decimal 218)
   defining Unicode char U+00DB (decimal 219)
   defining Unicode char U+00DC (decimal 220)
   defining Unicode char U+00DD (decimal 221)
   defining Unicode char U+00DE (decimal 222)
   defining Unicode char U+00DF (decimal 223)
   defining Unicode char U+00E0 (decimal 224)
   defining Unicode char U+00E1 (decimal 225)
   defining Unicode char U+00E2 (decimal 226)
   defining Unicode char U+00E3 (decimal 227)
   defining Unicode char U+00E4 (decimal 228)
   defining Unicode char U+00E5 (decimal 229)
   defining Unicode char U+00E6 (decimal 230)
   defining Unicode char U+00E7 (decimal 231)
   defining Unicode char U+00E8 (decimal 232)
   defining Unicode char U+00E9 (decimal 233)
   defining Unicode char U+00EA (decimal 234)
   defining Unicode char U+00EB (decimal 235)
   defining Unicode char U+00EC (decimal 236)
   defining Unicode char U+00ED (decimal 237)
   defining Unicode char U+00EE (decimal 238)
   defining Unicode char U+00EF (decimal 239)
   defining Unicode char U+00F0 (decimal 240)
   defining Unicode char U+00F1 (decimal 241)
   defining Unicode char U+00F2 (decimal 242)
   defining Unicode char U+00F3 (decimal 243)
   defining Unicode char U+00F4 (decimal 244)
   defining Unicode char U+00F5 (decimal 245)
   defining Unicode char U+00F6 (decimal 246)
   defining Unicode char U+00F8 (decimal 248)
   defining Unicode char U+00F9 (decimal 249)
   defining Unicode char U+00FA (decimal 250)
   defining Unicode char U+00FB (decimal 251)
   defining Unicode char U+00FC (decimal 252)
   defining Unicode char U+00FD (decimal 253)
   defining Unicode char U+00FE (decimal 254)
   defining Unicode char U+00FF (decimal 255)
   defining Unicode char U+0131 (decimal 305)
   defining Unicode char U+0141 (decimal 321)
   defining Unicode char U+0142 (decimal 322)
   defining Unicode char U+0152 (decimal 338)
   defining Unicode char U+0153 (decimal 339)
   defining Unicode char U+0160 (decimal 352)
   defining Unicode char U+0161 (decimal 353)
   defining Unicode char U+0174 (decimal 372)
   defining Unicode char U+0175 (decimal 373)
   defining Unicode char U+0176 (decimal 374)
   defining Unicode char U+0177 (decimal 375)
   defining Unicode char U+0178 (decimal 376)
   defining Unicode char U+017D (decimal 381)
   defining Unicode char U+017E (decimal 382)
   defining Unicode char U+0192 (decimal 402)
   defining Unicode char U+0218 (decimal 536)
   defining Unicode char U+0219 (decimal 537)
   defining Unicode char U+021A (decimal 538)
   defining Unicode char U+021B (decimal 539)
   defining Unicode char U+0237 (decimal 567)
   defining Unicode char U+02C6 (decimal 710)
   defining Unicode char U+02DC (decimal 732)
   defining Unicode char U+2013 (decimal 8211)
   defining Unicode char U+2014 (decimal 8212)
   defining Unicode char U+201C (decimal 8220)
   defining Unicode char U+201D (decimal 8221)
   defining Unicode char U+2020 (decimal 8224)
   defining Unicode char U+2021 (decimal 8225)
   defining Unicode char U+2022 (decimal 8226)
   defining Unicode char U+2026 (decimal 8230)
   defining Unicode char U+2030 (decimal 8240)
   defining Unicode char U+2039 (decimal 8249)
   defining Unicode char U+203A (decimal 8250)
   defining Unicode char U+2122 (decimal 8482)
   defining Unicode char U+FB00 (decimal 64256)
   defining Unicode char U+FB01 (decimal 64257)
   defining Unicode char U+FB02 (decimal 64258)
   defining Unicode char U+FB03 (decimal 64259)
   defining Unicode char U+FB04 (decimal 64260)
   defining Unicode char U+FB05 (decimal 64261)
   defining Unicode char U+FB06 (decimal 64262)
))))
(/usr/local/texlive/2024/texmf-dist/tex/latex/sfmath/sfmath.sty
Package: sfmath 2007/08/27 v0.8 sans serif maths
LaTeX Font Info:    Overwriting symbol font `operators' in version `normal'
(Font)                  OT1/cmr/m/n --> OT1/SourceSansPro-TLF/m/n on input line
 329.
LaTeX Font Info:    Overwriting symbol font `operators' in version `bold'
(Font)                  OT1/cmr/bx/n --> OT1/SourceSansPro-TLF/bx/n on input li
ne 330.
\symSFMath=\mathgroup6
LaTeX Font Info:    Overwriting symbol font `SFMath' in version `normal'
(Font)                  OT1/SourceSansPro-TLF/m/sl --> OT1/SourceSansPro-TLF/m/
sl on input line 343.
LaTeX Font Info:    Overwriting symbol font `SFMath' in version `bold'
(Font)                  OT1/SourceSansPro-TLF/m/sl --> OT1/SourceSansPro-TLF/bx
/n on input line 344.
LaTeX Font Info:    Redeclaring math symbol \imath on input line 398.
LaTeX Font Info:    Redeclaring math symbol \jmath on input line 399.
\symSFMathUp=\mathgroup7
LaTeX Font Info:    Overwriting symbol font `SFMathUp' in version `normal'
(Font)                  OT1/SourceSansPro-TLF/m/n --> OT1/SourceSansPro-TLF/m/n
 on input line 406.
LaTeX Font Info:    Overwriting symbol font `SFMathUp' in version `bold'
(Font)                  OT1/SourceSansPro-TLF/m/n --> OT1/SourceSansPro-TLF/bx/
n on input line 407.
LaTeX Font Info:    Redeclaring math symbol \ldotp on input line 410.
\symSFMathGreek=\mathgroup8
LaTeX Font Info:    Overwriting symbol font `SFMathGreek' in version `normal'
(Font)                  OT1/cmss/m/n --> OT1/cmss/m/n on input line 419.
LaTeX Font Info:    Overwriting symbol font `SFMathGreek' in version `bold'
(Font)                  OT1/cmss/m/n --> OT1/cmss/bx/n on input line 420.
LaTeX Font Info:    Redeclaring math symbol \Gamma on input line 422.
LaTeX Font Info:    Redeclaring math symbol \Delta on input line 423.
LaTeX Font Info:    Redeclaring math symbol \Theta on input line 424.
LaTeX Font Info:    Redeclaring math symbol \Lambda on input line 425.
LaTeX Font Info:    Redeclaring math symbol \Xi on input line 426.
LaTeX Font Info:    Redeclaring math symbol \Pi on input line 427.
LaTeX Font Info:    Redeclaring math symbol \Sigma on input line 428.
LaTeX Font Info:    Redeclaring math symbol \Upsilon on input line 429.
LaTeX Font Info:    Redeclaring math symbol \Phi on input line 430.
LaTeX Font Info:    Redeclaring math symbol \Psi on input line 431.
LaTeX Font Info:    Redeclaring math symbol \Omega on input line 432.
\symSFMathUpGreek=\mathgroup9
LaTeX Font Info:    Overwriting symbol font `SFMathUpGreek' in version `normal'

(Font)                  OT1/cmss/m/n --> OT1/cmss/m/n on input line 436.
LaTeX Font Info:    Overwriting symbol font `SFMathUpGreek' in version `bold'
(Font)                  OT1/cmss/m/n --> OT1/cmss/bx/n on input line 437.
LaTeX Font Info:    Overwriting math alphabet `\mathnormal' in version `normal'

(Font)                  OML/cmm/m/it --> OT1/SourceSansPro-TLF/m/sl on input li
ne 446.
LaTeX Font Info:    Overwriting math alphabet `\mathnormal' in version `bold'
(Font)                  OML/cmm/b/it --> OT1/SourceSansPro-TLF/bx/n on input li
ne 447.
LaTeX Font Info:    Overwriting math alphabet `\mathrm' in version `normal'
(Font)                  OT1/SourceSansPro-TLF/m/n --> OT1/SourceSansPro-TLF/m/n
 on input line 449.
LaTeX Font Info:    Overwriting math alphabet `\mathrm' in version `bold'
(Font)                  OT1/SourceSansPro-TLF/bx/n --> OT1/SourceSansPro-TLF/bx
/n on input line 450.
LaTeX Font Info:    Overwriting math alphabet `\mathbf' in version `normal'
(Font)                  OT1/cmr/bx/n --> OT1/SourceSansPro-TLF/bx/n on input li
ne 452.
LaTeX Font Info:    Overwriting math alphabet `\mathbf' in version `bold'
(Font)                  OT1/cmr/bx/n --> OT1/SourceSansPro-TLF/bx/n on input li
ne 453.
LaTeX Font Info:    Overwriting math alphabet `\mathit' in version `normal'
(Font)                  OT1/cmr/m/it --> OT1/SourceSansPro-TLF/m/sl on input li
ne 455.
LaTeX Font Info:    Overwriting math alphabet `\mathit' in version `bold'
(Font)                  OT1/cmr/bx/it --> OT1/SourceSansPro-TLF/m/sl on input l
ine 456.
LaTeX Font Info:    Overwriting math alphabet `\mathsf' in version `normal'
(Font)                  OT1/cmss/m/n --> OT1/SourceSansPro-TLF/m/n on input lin
e 458.
LaTeX Font Info:    Overwriting math alphabet `\mathsf' in version `bold'
(Font)                  OT1/cmss/bx/n --> OT1/SourceSansPro-TLF/bx/n on input l
ine 459.
LaTeX Font Info:    Overwriting math alphabet `\mathsl' in version `bold'
(Font)                  OT1/SourceSansPro-TLF/m/sl --> OT1/SourceSansPro-TLF/m/
sl on input line 466.
)
(/usr/local/texlive/2024/texmf-dist/tex/latex/booktabs/booktabs.sty
Package: booktabs 2020/01/12 v1.61803398 Publication quality tables
\heavyrulewidth=\dimen294
\lightrulewidth=\dimen295
\cmidrulewidth=\dimen296
\belowrulesep=\dimen297
\belowbottomsep=\dimen298
\aboverulesep=\dimen299
\abovetopsep=\dimen300
\cmidrulesep=\dimen301
\cmidrulekern=\dimen302
\defaultaddspace=\dimen303
\@cmidla=\count338
\@cmidlb=\count339
\@aboverulesep=\dimen304
\@belowrulesep=\dimen305
\@thisruleclass=\count340
\@lastruleclass=\count341
\@thisrulewidth=\dimen306
)
(/usr/local/texlive/2024/texmf-dist/tex/latex/tools/tabularx.sty
Package: tabularx 2023/07/08 v2.11c `tabularx' package (DPC)

(/usr/local/texlive/2024/texmf-dist/tex/latex/tools/array.sty
Package: array 2023/10/16 v2.5g Tabular extension package (FMi)
\col@sep=\dimen307
\ar@mcellbox=\box76
\extrarowheight=\dimen308
\NC@list=\toks48
\extratabsurround=\skip65
\backup@length=\skip66
\ar@cellbox=\box77
)
\TX@col@width=\dimen309
\TX@old@table=\dimen310
\TX@old@col=\dimen311
\TX@target=\dimen312
\TX@delta=\dimen313
\TX@cols=\count342
\TX@ftn=\toks49
)
(/usr/local/texlive/2024/texmf-dist/tex/latex/colortbl/colortbl.sty
Package: colortbl 2024/02/20 v1.0g Color table columns (DPC)
\everycr=\toks50
\minrowclearance=\skip67
\rownum=\count343
)
(/usr/local/texlive/2024/texmf-dist/tex/latex/pgfplots/pgfplots.sty
(/usr/local/texlive/2024/texmf-dist/tex/generic/pgfplots/pgfplots.revision.tex)
Package: pgfplots 2021/05/15 v1.18.1 Data Visualization (1.18.1)
(/usr/local/texlive/2024/texmf-dist/tex/latex/pgf/frontendlayer/tikz.sty
(/usr/local/texlive/2024/texmf-dist/tex/latex/pgf/basiclayer/pgf.sty
Package: pgf 2023-01-15 v3.1.10 (3.1.10)

(/usr/local/texlive/2024/texmf-dist/tex/generic/pgf/modules/pgfmoduleshapes.cod
e.tex
File: pgfmoduleshapes.code.tex 2023-01-15 v3.1.10 (3.1.10)
\pgfnodeparttextbox=\box78
)
(/usr/local/texlive/2024/texmf-dist/tex/generic/pgf/modules/pgfmoduleplot.code.
tex
File: pgfmoduleplot.code.tex 2023-01-15 v3.1.10 (3.1.10)
)
(/usr/local/texlive/2024/texmf-dist/tex/latex/pgf/compatibility/pgfcomp-version
-0-65.sty
Package: pgfcomp-version-0-65 2023-01-15 v3.1.10 (3.1.10)
\pgf@nodesepstart=\dimen314
\pgf@nodesepend=\dimen315
)
(/usr/local/texlive/2024/texmf-dist/tex/latex/pgf/compatibility/pgfcomp-version
-1-18.sty
Package: pgfcomp-version-1-18 2023-01-15 v3.1.10 (3.1.10)
))
(/usr/local/texlive/2024/texmf-dist/tex/latex/pgf/utilities/pgffor.sty
(/usr/local/texlive/2024/texmf-dist/tex/generic/pgf/utilities/pgffor.code.tex
Package: pgffor 2023-01-15 v3.1.10 (3.1.10)
\pgffor@iter=\dimen316
\pgffor@skip=\dimen317
\pgffor@stack=\toks51
\pgffor@toks=\toks52
))
(/usr/local/texlive/2024/texmf-dist/tex/generic/pgf/frontendlayer/tikz/tikz.cod
e.tex
Package: tikz 2023-01-15 v3.1.10 (3.1.10)

(/usr/local/texlive/2024/texmf-dist/tex/generic/pgf/libraries/pgflibraryplothan
dlers.code.tex
File: pgflibraryplothandlers.code.tex 2023-01-15 v3.1.10 (3.1.10)
\pgf@plot@mark@count=\count344
\pgfplotmarksize=\dimen318
)
\tikz@lastx=\dimen319
\tikz@lasty=\dimen320
\tikz@lastxsaved=\dimen321
\tikz@lastysaved=\dimen322
\tikz@lastmovetox=\dimen323
\tikz@lastmovetoy=\dimen324
\tikzleveldistance=\dimen325
\tikzsiblingdistance=\dimen326
\tikz@figbox=\box79
\tikz@figbox@bg=\box80
\tikz@tempbox=\box81
\tikz@tempbox@bg=\box82
\tikztreelevel=\count345
\tikznumberofchildren=\count346
\tikznumberofcurrentchild=\count347
\tikz@fig@count=\count348

(/usr/local/texlive/2024/texmf-dist/tex/generic/pgf/modules/pgfmodulematrix.cod
e.tex
File: pgfmodulematrix.code.tex 2023-01-15 v3.1.10 (3.1.10)
\pgfmatrixcurrentrow=\count349
\pgfmatrixcurrentcolumn=\count350
\pgf@matrix@numberofcolumns=\count351
)
\tikz@expandcount=\count352

(/usr/local/texlive/2024/texmf-dist/tex/generic/pgf/frontendlayer/tikz/librarie
s/tikzlibrarytopaths.code.tex
File: tikzlibrarytopaths.code.tex 2023-01-15 v3.1.10 (3.1.10)
)))
(/usr/local/texlive/2024/texmf-dist/tex/generic/pgfplots/pgfplots.code.tex
(/usr/local/texlive/2024/texmf-dist/tex/generic/pgfplots/pgfplotscore.code.tex
\t@pgfplots@toka=\toks53
\t@pgfplots@tokb=\toks54
\t@pgfplots@tokc=\toks55
\pgfplots@tmpa=\dimen327
\c@pgfplots@coordindex=\count353
\c@pgfplots@scanlineindex=\count354

(/usr/local/texlive/2024/texmf-dist/tex/generic/pgfplots/sys/pgfplotssysgeneric
.code.tex))
(/usr/local/texlive/2024/texmf-dist/tex/generic/pgfplots/libs/pgfplotslibrary.c
ode.tex)
(/usr/local/texlive/2024/texmf-dist/tex/generic/pgfplots/oldpgfcompatib/pgfplot
soldpgfsupp_loader.code.tex
(/usr/local/texlive/2024/texmf-dist/tex/generic/pgf/libraries/pgflibraryfpu.cod
e.tex)
Package pgfplots: loading complementary utilities for your pgf version...
\t@pgf@toka=\toks56
\t@pgf@tokb=\toks57
\t@pgf@tokc=\toks58

(/usr/local/texlive/2024/texmf-dist/tex/generic/pgfplots/oldpgfcompatib/pgfplot
soldpgfsupp_pgfutil-common-lists.tex))
(/usr/local/texlive/2024/texmf-dist/tex/generic/pgfplots/util/pgfplotsutil.code
.tex
(/usr/local/texlive/2024/texmf-dist/tex/generic/pgfplots/liststructure/pgfplots
liststructure.code.tex)
(/usr/local/texlive/2024/texmf-dist/tex/generic/pgfplots/liststructure/pgfplots
liststructureext.code.tex)
(/usr/local/texlive/2024/texmf-dist/tex/generic/pgfplots/liststructure/pgfplots
array.code.tex
\c@pgfplotsarray@tmp=\count355
)
(/usr/local/texlive/2024/texmf-dist/tex/generic/pgfplots/liststructure/pgfplots
matrix.code.tex)
(/usr/local/texlive/2024/texmf-dist/tex/generic/pgfplots/numtable/pgfplotstable
shared.code.tex
\c@pgfplotstable@counta=\count356
\t@pgfplotstable@a=\toks59
)
(/usr/local/texlive/2024/texmf-dist/tex/generic/pgfplots/liststructure/pgfplots
deque.code.tex)
(/usr/local/texlive/2024/texmf-dist/tex/generic/pgfplots/util/pgfplotsbinary.co
de.tex
(/usr/local/texlive/2024/texmf-dist/tex/generic/pgfplots/util/pgfplotsbinary.da
ta.code.tex))
(/usr/local/texlive/2024/texmf-dist/tex/generic/pgfplots/util/pgfplotsutil.verb
.code.tex)
(/usr/local/texlive/2024/texmf-dist/tex/generic/pgfplots/libs/pgflibrarypgfplot
s.surfshading.code.tex
\c@pgfplotslibrarysurf@no=\count357

(/usr/local/texlive/2024/texmf-dist/tex/generic/pgfplots/sys/pgflibrarypgfplots
.surfshading.pgfsys-pdftex.def)))
(/usr/local/texlive/2024/texmf-dist/tex/generic/pgfplots/util/pgfplotscolormap.
code.tex
(/usr/local/texlive/2024/texmf-dist/tex/generic/pgfplots/util/pgfplotscolor.cod
e.tex))
(/usr/local/texlive/2024/texmf-dist/tex/generic/pgfplots/pgfplotsstackedplots.c
ode.tex)
(/usr/local/texlive/2024/texmf-dist/tex/generic/pgfplots/pgfplotsplothandlers.c
ode.tex
(/usr/local/texlive/2024/texmf-dist/tex/generic/pgfplots/pgfplotsmeshplothandle
r.code.tex
(/usr/local/texlive/2024/texmf-dist/tex/generic/pgfplots/pgfplotsmeshplotimage.
code.tex)))
(/usr/local/texlive/2024/texmf-dist/tex/generic/pgfplots/pgfplots.scaling.code.
tex)
(/usr/local/texlive/2024/texmf-dist/tex/generic/pgfplots/pgfplotscoordprocessin
g.code.tex)
(/usr/local/texlive/2024/texmf-dist/tex/generic/pgfplots/pgfplots.errorbars.cod
e.tex)
(/usr/local/texlive/2024/texmf-dist/tex/generic/pgfplots/pgfplots.markers.code.
tex)
(/usr/local/texlive/2024/texmf-dist/tex/generic/pgfplots/pgfplotsticks.code.tex
)
(/usr/local/texlive/2024/texmf-dist/tex/generic/pgfplots/pgfplots.paths.code.te
x)
(/usr/local/texlive/2024/texmf-dist/tex/generic/pgf/frontendlayer/tikz/librarie
s/tikzlibrarydecorations.code.tex
(/usr/local/texlive/2024/texmf-dist/tex/generic/pgf/modules/pgfmoduledecoration
s.code.tex
\pgfdecoratedcompleteddistance=\dimen328
\pgfdecoratedremainingdistance=\dimen329
\pgfdecoratedinputsegmentcompleteddistance=\dimen330
\pgfdecoratedinputsegmentremainingdistance=\dimen331
\pgf@decorate@distancetomove=\dimen332
\pgf@decorate@repeatstate=\count358
\pgfdecorationsegmentamplitude=\dimen333
\pgfdecorationsegmentlength=\dimen334
)
\tikz@lib@dec@box=\box83
)
(/usr/local/texlive/2024/texmf-dist/tex/generic/pgf/frontendlayer/tikz/librarie
s/tikzlibrarydecorations.pathmorphing.code.tex
(/usr/local/texlive/2024/texmf-dist/tex/generic/pgf/libraries/decorations/pgfli
brarydecorations.pathmorphing.code.tex))
(/usr/local/texlive/2024/texmf-dist/tex/generic/pgf/frontendlayer/tikz/librarie
s/tikzlibrarydecorations.pathreplacing.code.tex
(/usr/local/texlive/2024/texmf-dist/tex/generic/pgf/libraries/decorations/pgfli
brarydecorations.pathreplacing.code.tex))
(/usr/local/texlive/2024/texmf-dist/tex/generic/pgfplots/libs/tikzlibrarypgfplo
ts.contourlua.code.tex)
\pgfplots@numplots=\count359
\pgfplots@xmin@reg=\dimen335
\pgfplots@xmax@reg=\dimen336
\pgfplots@ymin@reg=\dimen337
\pgfplots@ymax@reg=\dimen338
\pgfplots@zmin@reg=\dimen339
\pgfplots@zmax@reg=\dimen340
)
(/usr/local/texlive/2024/texmf-dist/tex/generic/pgf/frontendlayer/tikz/librarie
s/tikzlibraryplotmarks.code.tex
File: tikzlibraryplotmarks.code.tex 2023-01-15 v3.1.10 (3.1.10)

(/usr/local/texlive/2024/texmf-dist/tex/generic/pgf/libraries/pgflibraryplotmar
ks.code.tex
File: pgflibraryplotmarks.code.tex 2023-01-15 v3.1.10 (3.1.10)
)))
(/usr/local/texlive/2024/texmf-dist/tex/latex/microtype/microtype.sty
Package: microtype 2023/03/13 v3.1a Micro-typographical refinements (RS)
\MT@toks=\toks60
\MT@tempbox=\box84
\MT@count=\count360
LaTeX Info: Redefining \noprotrusionifhmode on input line 1059.
LaTeX Info: Redefining \leftprotrusion on input line 1060.
\MT@prot@toks=\toks61
LaTeX Info: Redefining \rightprotrusion on input line 1078.
LaTeX Info: Redefining \textls on input line 1368.
\MT@outer@kern=\dimen341
LaTeX Info: Redefining \textmicrotypecontext on input line 1988.
\MT@listname@count=\count361

(/usr/local/texlive/2024/texmf-dist/tex/latex/microtype/microtype-pdftex.def
File: microtype-pdftex.def 2023/03/13 v3.1a Definitions specific to pdftex (RS)

LaTeX Info: Redefining \lsstyle on input line 902.
LaTeX Info: Redefining \lslig on input line 902.
\MT@outer@space=\skip68
)
Package microtype Info: Loading configuration file microtype.cfg.

(/usr/local/texlive/2024/texmf-dist/tex/latex/microtype/microtype.cfg
File: microtype.cfg 2023/03/13 v3.1a microtype main configuration file (RS)
))
(/usr/local/texlive/2024/texmf-dist/tex/latex/xurl/xurl.sty
Package: xurl 2022/01/09 v 0.10 modify URL breaks
)
LaTeX Font Info:    Trying to load font information for T1+SourceSansPro-TLF on
 input line 68.

(/usr/local/texlive/2024/texmf-dist/tex/latex/sourcesanspro/T1SourceSansPro-TLF
.fd
File: T1SourceSansPro-TLF.fd 2020/01/19 (autoinst) Font definitions for T1/Sour
ceSansPro-TLF.
)
LaTeX Font Info:    Font shape `T1/SourceSansPro-TLF/m/n' aliased to
(Font)              `T1/SourceSansPro-TLF/regular/n' on input line 68.
LaTeX Font Info:    Font shape `T1/SourceSansPro-TLF/regular/n' will be
(Font)              scaled to size 10.95pt on input line 68.

(/usr/local/texlive/2024/texmf-dist/tex/latex/l3backend/l3backend-pdftex.def
File: l3backend-pdftex.def 2024-02-20 L3 backend support: PDF output (pdfTeX)
\l__color_backend_stack_int=\count362
\l__pdf_internal_box=\box85
)
(build/thesis_pitch.aux)
\openout1 = `thesis_pitch.aux'.

LaTeX Font Info:    Checking defaults for OML/cmm/m/it on input line 68.
LaTeX Font Info:    ... okay on input line 68.
LaTeX Font Info:    Checking defaults for OMS/cmsy/m/n on input line 68.
LaTeX Font Info:    ... okay on input line 68.
LaTeX Font Info:    Checking defaults for OT1/cmr/m/n on input line 68.
LaTeX Font Info:    ... okay on input line 68.
LaTeX Font Info:    Checking defaults for T1/cmr/m/n on input line 68.
LaTeX Font Info:    ... okay on input line 68.
LaTeX Font Info:    Checking defaults for TS1/cmr/m/n on input line 68.
LaTeX Font Info:    ... okay on input line 68.
LaTeX Font Info:    Checking defaults for OMX/cmex/m/n on input line 68.
LaTeX Font Info:    ... okay on input line 68.
LaTeX Font Info:    Checking defaults for U/cmr/m/n on input line 68.
LaTeX Font Info:    ... okay on input line 68.
LaTeX Font Info:    Checking defaults for PD1/pdf/m/n on input line 68.
LaTeX Font Info:    ... okay on input line 68.
LaTeX Font Info:    Checking defaults for PU/pdf/m/n on input line 68.
LaTeX Font Info:    ... okay on input line 68.
LaTeX Font Info:    Checking defaults for LY1/ptm/m/n on input line 68.
LaTeX Font Info:    Trying to load font information for LY1+ptm on input line 6
8.

(/usr/local/texlive/2024/texmf-dist/tex/latex/ly1/ly1ptm.fd
File: ly1ptm.fd 2001/02/01 font definitions for LY1/ptm using Berry names.
)
LaTeX Font Info:    ... okay on input line 68.

*geometry* driver: auto-detecting
*geometry* detected driver: pdftex
*geometry* verbose mode - [ preamble ] result:
* driver: pdftex
* paper: custom
* layout: <same size as paper>
* layoutoffset:(h,v)=(0.0pt,0.0pt)
* modes: includehead includefoot 
* h-part:(L,W,R)=(25.60747pt, 404.02914pt, 25.60747pt)
* v-part:(T,H,B)=(0.0pt, 256.0748pt, 0.0pt)
* \paperwidth=455.24408pt
* \paperheight=256.0748pt
* \textwidth=404.02914pt
* \textheight=227.62207pt
* \oddsidemargin=-46.66252pt
* \evensidemargin=-46.66252pt
* \topmargin=-72.26999pt
* \headheight=14.22636pt
* \headsep=0.0pt
* \topskip=11.0pt
* \footskip=14.22636pt
* \marginparwidth=4.0pt
* \marginparsep=10.0pt
* \columnsep=10.0pt
* \skip\footins=10.0pt plus 4.0pt minus 2.0pt
* \hoffset=0.0pt
* \voffset=0.0pt
* \mag=1000
* \@twocolumnfalse
* \@twosidefalse
* \@mparswitchfalse
* \@reversemarginfalse
* (1in=72.27pt=25.4mm, 1cm=28.453pt)

(/usr/local/texlive/2024/texmf-dist/tex/context/base/mkii/supp-pdf.mkii
[Loading MPS to PDF converter (version 2006.09.02).]
\scratchcounter=\count363
\scratchdimen=\dimen342
\scratchbox=\box86
\nofMPsegments=\count364
\nofMParguments=\count365
\everyMPshowfont=\toks62
\MPscratchCnt=\count366
\MPscratchDim=\dimen343
\MPnumerator=\count367
\makeMPintoPDFobject=\count368
\everyMPtoPDFconversion=\toks63
) (/usr/local/texlive/2024/texmf-dist/tex/latex/epstopdf-pkg/epstopdf-base.sty
Package: epstopdf-base 2020-01-24 v2.11 Base part for package epstopdf
Package epstopdf-base Info: Redefining graphics rule for `.eps' on input line 4
85.

(/usr/local/texlive/2024/texmf-dist/tex/latex/latexconfig/epstopdf-sys.cfg
File: epstopdf-sys.cfg 2010/07/13 v1.3 Configuration of (r)epstopdf for TeX Liv
e
))
Package hyperref Info: Link coloring OFF on input line 68.

(build/thesis_pitch.out) (build/thesis_pitch.out)
\@outlinefile=\write5
\openout5 = `thesis_pitch.out'.

LaTeX Font Info:    Overwriting symbol font `operators' in version `normal'
(Font)                  OT1/SourceSansPro-TLF/m/n --> OT1/cmss/m/n on input lin
e 68.
LaTeX Font Info:    Overwriting symbol font `operators' in version `bold'
(Font)                  OT1/SourceSansPro-TLF/bx/n --> OT1/cmss/b/n on input li
ne 68.
\symnumbers=\mathgroup10
\sympureletters=\mathgroup11
LaTeX Font Info:    Overwriting math alphabet `\mathrm' in version `normal'
(Font)                  OT1/SourceSansPro-TLF/m/n --> T1/cmr/m/n on input line 
68.
LaTeX Font Info:    Redeclaring math alphabet \mathbf on input line 68.
LaTeX Font Info:    Overwriting math alphabet `\mathbf' in version `normal'
(Font)                  OT1/SourceSansPro-TLF/bx/n --> T1/SourceSansPro-TLF/b/n
 on input line 68.
LaTeX Font Info:    Overwriting math alphabet `\mathbf' in version `bold'
(Font)                  OT1/SourceSansPro-TLF/bx/n --> T1/SourceSansPro-TLF/b/n
 on input line 68.
LaTeX Font Info:    Redeclaring math alphabet \mathsf on input line 68.
LaTeX Font Info:    Overwriting math alphabet `\mathsf' in version `normal'
(Font)                  OT1/SourceSansPro-TLF/m/n --> T1/SourceSansPro-TLF/m/n 
on input line 68.
LaTeX Font Info:    Overwriting math alphabet `\mathsf' in version `bold'
(Font)                  OT1/SourceSansPro-TLF/bx/n --> T1/SourceSansPro-TLF/m/n
 on input line 68.
LaTeX Font Info:    Redeclaring math alphabet \mathit on input line 68.
LaTeX Font Info:    Overwriting math alphabet `\mathit' in version `normal'
(Font)                  OT1/SourceSansPro-TLF/m/sl --> T1/SourceSansPro-TLF/m/i
t on input line 68.
LaTeX Font Info:    Overwriting math alphabet `\mathit' in version `bold'
(Font)                  OT1/SourceSansPro-TLF/m/sl --> T1/SourceSansPro-TLF/m/i
t on input line 68.
LaTeX Font Info:    Redeclaring math alphabet \mathtt on input line 68.
LaTeX Font Info:    Overwriting math alphabet `\mathtt' in version `normal'
(Font)                  OT1/cmtt/m/n --> T1/cmtt/m/n on input line 68.
LaTeX Font Info:    Overwriting math alphabet `\mathtt' in version `bold'
(Font)                  OT1/cmtt/m/n --> T1/cmtt/m/n on input line 68.
LaTeX Font Info:    Overwriting symbol font `numbers' in version `bold'
(Font)                  T1/SourceSansPro-TLF/m/n --> T1/SourceSansPro-TLF/b/n o
n input line 68.
LaTeX Font Info:    Overwriting symbol font `pureletters' in version `bold'
(Font)                  T1/SourceSansPro-TLF/m/it --> T1/SourceSansPro-TLF/b/it
 on input line 68.
LaTeX Font Info:    Overwriting math alphabet `\mathrm' in version `bold'
(Font)                  OT1/SourceSansPro-TLF/bx/n --> T1/cmr/b/n on input line
 68.
LaTeX Font Info:    Overwriting math alphabet `\mathbf' in version `bold'
(Font)                  T1/SourceSansPro-TLF/b/n --> T1/SourceSansPro-TLF/b/n o
n input line 68.
LaTeX Font Info:    Overwriting math alphabet `\mathsf' in version `bold'
(Font)                  T1/SourceSansPro-TLF/m/n --> T1/SourceSansPro-TLF/b/n o
n input line 68.
LaTeX Font Info:    Overwriting math alphabet `\mathit' in version `bold'
(Font)                  T1/SourceSansPro-TLF/m/it --> T1/SourceSansPro-TLF/b/it
 on input line 68.
LaTeX Font Info:    Overwriting math alphabet `\mathtt' in version `bold'
(Font)                  T1/cmtt/m/n --> T1/cmtt/b/n on input line 68.

(/usr/local/texlive/2024/texmf-dist/tex/latex/translator/translator-basic-dicti
onary-English.dict
Dictionary: translator-basic-dictionary, Language: English 
)
(/usr/local/texlive/2024/texmf-dist/tex/latex/translator/translator-bibliograph
y-dictionary-English.dict
Dictionary: translator-bibliography-dictionary, Language: English 
)
(/usr/local/texlive/2024/texmf-dist/tex/latex/translator/translator-environment
-dictionary-English.dict
Dictionary: translator-environment-dictionary, Language: English 
)
(/usr/local/texlive/2024/texmf-dist/tex/latex/translator/translator-months-dict
ionary-English.dict
Dictionary: translator-months-dictionary, Language: English 
)
(/usr/local/texlive/2024/texmf-dist/tex/latex/translator/translator-numbers-dic
tionary-English.dict
Dictionary: translator-numbers-dictionary, Language: English 
)
(/usr/local/texlive/2024/texmf-dist/tex/latex/translator/translator-theorem-dic
tionary-English.dict
Dictionary: translator-theorem-dictionary, Language: English 
)
Package pgfplots notification 'compat/show suggested version=true': document ha
s been generated with the most recent feature set (\pgfplotsset{compat=1.18}).

LaTeX Info: Redefining \microtypecontext on input line 68.
Package microtype Info: Applying patch `item' on input line 68.
Package microtype Info: Applying patch `toc' on input line 68.
Package microtype Info: Applying patch `eqnum' on input line 68.
Package microtype Info: Applying patch `footnote' on input line 68.
Package microtype Info: Applying patch `verbatim' on input line 68.
Package microtype Info: Generating PDF output.
Package microtype Info: Character protrusion enabled (level 2).
Package microtype Info: Using default protrusion set `alltext'.
Package microtype Info: Automatic font expansion enabled (level 2),
(microtype)             stretch: 20, shrink: 20, step: 1, non-selected.
Package microtype Info: Using default expansion set `alltext-nott'.
LaTeX Info: Redefining \showhyphens on input line 68.
Package microtype Info: No adjustment of tracking.
Package microtype Info: No adjustment of interword spacing.
Package microtype Info: No adjustment of character kerning.
Package microtype Info: Loading generic protrusion settings for font family
(microtype)             `SourceSansPro-TLF' (encoding: T1).
(microtype)             For optimal results, create family-specific settings.
(microtype)             See the microtype manual for details.
(build/thesis_pitch.nav)
LaTeX Font Info:    Font shape `T1/SourceSansPro-TLF/m/n' aliased to
(Font)              `T1/SourceSansPro-TLF/regular/n' on input line 68.
LaTeX Font Info:    Font shape `T1/SourceSansPro-TLF/regular/n' will be
(Font)              scaled to size 6.0pt on input line 68.
LaTeX Font Info:    Font shape `T1/SourceSansPro-TLF/m/n' aliased to
(Font)              `T1/SourceSansPro-TLF/regular/n' on input line 68.
LaTeX Font Info:    Font shape `T1/SourceSansPro-TLF/regular/n' will be
(Font)              scaled to size 7.8pt on input line 68.
LaTeX Font Info:    Font shape `T1/SourceSansPro-TLF/m/n' aliased to
(Font)              `T1/SourceSansPro-TLF/regular/n' on input line 94.
LaTeX Font Info:    Font shape `T1/SourceSansPro-TLF/regular/n' will be
(Font)              scaled to size 36.0pt on input line 94.
LaTeX Font Info:    Font shape `T1/SourceSansPro-TLF/b/n' aliased to
(Font)              `T1/SourceSansPro-TLF/bold/n' on input line 94.
LaTeX Font Info:    Font shape `T1/SourceSansPro-TLF/bold/n' will be
(Font)              scaled to size 36.0pt on input line 94.
LaTeX Font Info:    Font shape `T1/SourceSansPro-TLF/m/n' aliased to
(Font)              `T1/SourceSansPro-TLF/regular/n' on input line 94.
LaTeX Font Info:    Font shape `T1/SourceSansPro-TLF/regular/n' will be
(Font)              scaled to size 22.0pt on input line 94.
LaTeX Font Info:    Font shape `T1/SourceSansPro-TLF/m/n' aliased to
(Font)              `T1/SourceSansPro-TLF/regular/n' on input line 94.
LaTeX Font Info:    Font shape `T1/SourceSansPro-TLF/regular/n' will be
(Font)              scaled to size 15.0pt on input line 94.
LaTeX Font Info:    Font shape `T1/SourceSansPro-TLF/m/n' aliased to
(Font)              `T1/SourceSansPro-TLF/regular/n' on input line 94.
LaTeX Font Info:    Font shape `T1/SourceSansPro-TLF/regular/n' will be
(Font)              scaled to size 12.0pt on input line 94.

Overfull \vbox (13.46176pt too high) detected at line 94
 []

[1

{/usr/local/texlive/2024/texmf-var/fonts/map/pdftex/updmap/pdftex.map}{/usr/loc
al/texlive/2024/texmf-dist/fonts/enc/dvips/sourcesanspro/a_emkxm5.enc}]
LaTeX Font Info:    Font shape `T1/SourceSansPro-TLF/m/n' aliased to
(Font)              `T1/SourceSansPro-TLF/regular/n' on input line 137.
LaTeX Font Info:    Font shape `T1/SourceSansPro-TLF/regular/n' will be
(Font)              scaled to size 19.0pt on input line 137.
LaTeX Font Info:    Font shape `T1/SourceSansPro-TLF/b/n' aliased to
(Font)              `T1/SourceSansPro-TLF/bold/n' on input line 137.
LaTeX Font Info:    Font shape `T1/SourceSansPro-TLF/bold/n' will be
(Font)              scaled to size 19.0pt on input line 137.
LaTeX Font Info:    Font shape `T1/SourceSansPro-TLF/m/n' aliased to
(Font)              `T1/SourceSansPro-TLF/regular/n' on input line 137.
LaTeX Font Info:    Font shape `T1/SourceSansPro-TLF/regular/n' will be
(Font)              scaled to size 14.3pt on input line 137.
LaTeX Font Info:    Calculating math sizes for size <14.3> on input line 137.
Package microtype Info: Loading generic protrusion settings for font family
(microtype)             `cmss' (encoding: OT1).
(microtype)             For optimal results, create family-specific settings.
(microtype)             See the microtype manual for details.
LaTeX Font Info:    Trying to load font information for U+msa on input line 137
.

(/usr/local/texlive/2024/texmf-dist/tex/latex/amsfonts/umsa.fd
File: umsa.fd 2013/01/14 v3.01 AMS symbols A
)
(/usr/local/texlive/2024/texmf-dist/tex/latex/microtype/mt-msa.cfg
File: mt-msa.cfg 2006/02/04 v1.1 microtype config. file: AMS symbols (a) (RS)
)
LaTeX Font Info:    Trying to load font information for U+msb on input line 137
.

(/usr/local/texlive/2024/texmf-dist/tex/latex/amsfonts/umsb.fd
File: umsb.fd 2013/01/14 v3.01 AMS symbols B
)
(/usr/local/texlive/2024/texmf-dist/tex/latex/microtype/mt-msb.cfg
File: mt-msb.cfg 2005/06/01 v1.0 microtype config. file: AMS symbols (b) (RS)
)
LaTeX Font Info:    Trying to load font information for OT1+SourceSansPro-TLF o
n input line 137.

(/usr/local/texlive/2024/texmf-dist/tex/latex/sourcesanspro/OT1SourceSansPro-TL
F.fd
File: OT1SourceSansPro-TLF.fd 2020/01/19 (autoinst) Font definitions for OT1/So
urceSansPro-TLF.
)
LaTeX Font Info:    Font shape `OT1/SourceSansPro-TLF/m/sl' aliased to
(Font)              `OT1/SourceSansPro-TLF/regular/sl' on input line 137.
LaTeX Font Info:    Font shape `OT1/SourceSansPro-TLF/regular/sl' in size <14.3
> not available
(Font)              Font shape `OT1/SourceSansPro-TLF/regular/it' tried instead
 on input line 137.
LaTeX Font Info:    Font shape `OT1/SourceSansPro-TLF/regular/it' will be
(Font)              scaled to size 14.3pt on input line 137.
Package microtype Info: Loading generic protrusion settings for font family
(microtype)             `SourceSansPro-TLF' (encoding: OT1).
(microtype)             For optimal results, create family-specific settings.
(microtype)             See the microtype manual for details.
LaTeX Font Info:    Font shape `OT1/SourceSansPro-TLF/m/sl' aliased to
(Font)              `OT1/SourceSansPro-TLF/regular/sl' on input line 137.
LaTeX Font Info:    Font shape `OT1/SourceSansPro-TLF/regular/sl' in size <10.0
0995> not available
(Font)              Font shape `OT1/SourceSansPro-TLF/regular/it' tried instead
 on input line 137.
LaTeX Font Info:    Font shape `OT1/SourceSansPro-TLF/regular/it' will be
(Font)              scaled to size 10.00995pt on input line 137.
LaTeX Font Info:    Font shape `OT1/SourceSansPro-TLF/m/sl' aliased to
(Font)              `OT1/SourceSansPro-TLF/regular/sl' on input line 137.
LaTeX Font Info:    Font shape `OT1/SourceSansPro-TLF/regular/sl' in size <7.15
> not available
(Font)              Font shape `OT1/SourceSansPro-TLF/regular/it' tried instead
 on input line 137.
LaTeX Font Info:    Font shape `OT1/SourceSansPro-TLF/regular/it' will be
(Font)              scaled to size 7.15pt on input line 137.
LaTeX Font Info:    Font shape `OT1/SourceSansPro-TLF/m/n' aliased to
(Font)              `OT1/SourceSansPro-TLF/regular/n' on input line 137.
LaTeX Font Info:    Font shape `OT1/SourceSansPro-TLF/regular/n' will be
(Font)              scaled to size 14.3pt on input line 137.
LaTeX Font Info:    Font shape `OT1/SourceSansPro-TLF/m/n' aliased to
(Font)              `OT1/SourceSansPro-TLF/regular/n' on input line 137.
LaTeX Font Info:    Font shape `OT1/SourceSansPro-TLF/regular/n' will be
(Font)              scaled to size 10.00995pt on input line 137.
LaTeX Font Info:    Font shape `OT1/SourceSansPro-TLF/m/n' aliased to
(Font)              `OT1/SourceSansPro-TLF/regular/n' on input line 137.
LaTeX Font Info:    Font shape `OT1/SourceSansPro-TLF/regular/n' will be
(Font)              scaled to size 7.15pt on input line 137.
LaTeX Font Info:    Font shape `T1/SourceSansPro-TLF/m/n' aliased to
(Font)              `T1/SourceSansPro-TLF/regular/n' on input line 137.
LaTeX Font Info:    Font shape `T1/SourceSansPro-TLF/regular/n' will be
(Font)              scaled to size 10.00995pt on input line 137.
LaTeX Font Info:    Font shape `T1/SourceSansPro-TLF/m/n' aliased to
(Font)              `T1/SourceSansPro-TLF/regular/n' on input line 137.
LaTeX Font Info:    Font shape `T1/SourceSansPro-TLF/regular/n' will be
(Font)              scaled to size 7.15pt on input line 137.
LaTeX Font Info:    Font shape `T1/SourceSansPro-TLF/m/it' aliased to
(Font)              `T1/SourceSansPro-TLF/regular/it' on input line 137.
LaTeX Font Info:    Font shape `T1/SourceSansPro-TLF/regular/it' will be
(Font)              scaled to size 14.3pt on input line 137.
LaTeX Font Info:    Font shape `T1/SourceSansPro-TLF/m/it' aliased to
(Font)              `T1/SourceSansPro-TLF/regular/it' on input line 137.
LaTeX Font Info:    Font shape `T1/SourceSansPro-TLF/regular/it' will be
(Font)              scaled to size 10.00995pt on input line 137.
LaTeX Font Info:    Font shape `T1/SourceSansPro-TLF/m/it' aliased to
(Font)              `T1/SourceSansPro-TLF/regular/it' on input line 137.
LaTeX Font Info:    Font shape `T1/SourceSansPro-TLF/regular/it' will be
(Font)              scaled to size 7.15pt on input line 137.
LaTeX Font Info:    Font shape `T1/SourceSansPro-TLF/m/n' aliased to
(Font)              `T1/SourceSansPro-TLF/regular/n' on input line 137.
LaTeX Font Info:    Font shape `T1/SourceSansPro-TLF/regular/n' will be
(Font)              scaled to size 20.0pt on input line 137.
LaTeX Font Info:    Font shape `T1/SourceSansPro-TLF/b/n' aliased to
(Font)              `T1/SourceSansPro-TLF/bold/n' on input line 137.
LaTeX Font Info:    Font shape `T1/SourceSansPro-TLF/bold/n' will be
(Font)              scaled to size 20.0pt on input line 137.
LaTeX Font Info:    Font shape `OT1/SourceSansPro-TLF/m/sl' aliased to
(Font)              `OT1/SourceSansPro-TLF/regular/sl' on input line 137.
LaTeX Font Info:    Font shape `OT1/SourceSansPro-TLF/regular/sl' in size <10.9
5> not available
(Font)              Font shape `OT1/SourceSansPro-TLF/regular/it' tried instead
 on input line 137.
LaTeX Font Info:    Font shape `OT1/SourceSansPro-TLF/regular/it' will be
(Font)              scaled to size 10.95pt on input line 137.
LaTeX Font Info:    Font shape `OT1/SourceSansPro-TLF/m/sl' aliased to
(Font)              `OT1/SourceSansPro-TLF/regular/sl' on input line 137.
LaTeX Font Info:    Font shape `OT1/SourceSansPro-TLF/regular/sl' in size <8> n
ot available
(Font)              Font shape `OT1/SourceSansPro-TLF/regular/it' tried instead
 on input line 137.
LaTeX Font Info:    Font shape `OT1/SourceSansPro-TLF/regular/it' will be
(Font)              scaled to size 8.0pt on input line 137.
LaTeX Font Info:    Font shape `OT1/SourceSansPro-TLF/m/sl' aliased to
(Font)              `OT1/SourceSansPro-TLF/regular/sl' on input line 137.
LaTeX Font Info:    Font shape `OT1/SourceSansPro-TLF/regular/sl' in size <6> n
ot available
(Font)              Font shape `OT1/SourceSansPro-TLF/regular/it' tried instead
 on input line 137.
LaTeX Font Info:    Font shape `OT1/SourceSansPro-TLF/regular/it' will be
(Font)              scaled to size 6.0pt on input line 137.
LaTeX Font Info:    Font shape `OT1/SourceSansPro-TLF/m/n' aliased to
(Font)              `OT1/SourceSansPro-TLF/regular/n' on input line 137.
LaTeX Font Info:    Font shape `OT1/SourceSansPro-TLF/regular/n' will be
(Font)              scaled to size 10.95pt on input line 137.
LaTeX Font Info:    Font shape `OT1/SourceSansPro-TLF/m/n' aliased to
(Font)              `OT1/SourceSansPro-TLF/regular/n' on input line 137.
LaTeX Font Info:    Font shape `OT1/SourceSansPro-TLF/regular/n' will be
(Font)              scaled to size 8.0pt on input line 137.
LaTeX Font Info:    Font shape `OT1/SourceSansPro-TLF/m/n' aliased to
(Font)              `OT1/SourceSansPro-TLF/regular/n' on input line 137.
LaTeX Font Info:    Font shape `OT1/SourceSansPro-TLF/regular/n' will be
(Font)              scaled to size 6.0pt on input line 137.
LaTeX Font Info:    Font shape `T1/SourceSansPro-TLF/m/n' aliased to
(Font)              `T1/SourceSansPro-TLF/regular/n' on input line 137.
LaTeX Font Info:    Font shape `T1/SourceSansPro-TLF/regular/n' will be
(Font)              scaled to size 8.0pt on input line 137.
LaTeX Font Info:    Font shape `T1/SourceSansPro-TLF/m/it' aliased to
(Font)              `T1/SourceSansPro-TLF/regular/it' on input line 137.
LaTeX Font Info:    Font shape `T1/SourceSansPro-TLF/regular/it' will be
(Font)              scaled to size 10.95pt on input line 137.
LaTeX Font Info:    Font shape `T1/SourceSansPro-TLF/m/it' aliased to
(Font)              `T1/SourceSansPro-TLF/regular/it' on input line 137.
LaTeX Font Info:    Font shape `T1/SourceSansPro-TLF/regular/it' will be
(Font)              scaled to size 8.0pt on input line 137.
LaTeX Font Info:    Font shape `T1/SourceSansPro-TLF/m/it' aliased to
(Font)              `T1/SourceSansPro-TLF/regular/it' on input line 137.
LaTeX Font Info:    Font shape `T1/SourceSansPro-TLF/regular/it' will be
(Font)              scaled to size 6.0pt on input line 137.
LaTeX Font Info:    Font shape `T1/SourceSansPro-TLF/m/n' aliased to
(Font)              `T1/SourceSansPro-TLF/regular/n' on input line 137.
LaTeX Font Info:    Font shape `T1/SourceSansPro-TLF/regular/n' will be
(Font)              scaled to size 25.0pt on input line 137.
LaTeX Font Info:    Font shape `T1/SourceSansPro-TLF/b/n' aliased to
(Font)              `T1/SourceSansPro-TLF/bold/n' on input line 137.
LaTeX Font Info:    Font shape `T1/SourceSansPro-TLF/bold/n' will be
(Font)              scaled to size 25.0pt on input line 137.

Overfull \vbox (72.8442pt too high) detected at line 137
 []

LaTeX Font Info:    Font shape `T1/SourceSansPro-TLF/m/n' aliased to
(Font)              `T1/SourceSansPro-TLF/regular/n' on input line 137.
LaTeX Font Info:    Font shape `T1/SourceSansPro-TLF/regular/n' will be
(Font)              scaled to size 4.0pt on input line 137.
[2

]
LaTeX Font Info:    Font shape `T1/SourceSansPro-TLF/m/n' aliased to
(Font)              `T1/SourceSansPro-TLF/regular/n' on input line 188.
LaTeX Font Info:    Font shape `T1/SourceSansPro-TLF/regular/n' will be
(Font)              scaled to size 17.0pt on input line 188.
LaTeX Font Info:    Calculating math sizes for size <17> on input line 188.


LaTeX Font Warning: Font shape `OT1/cmss/m/n' in size <8.5> not available
(Font)              size <8> substituted on input line 188.


LaTeX Font Warning: Font shape `OML/cmm/m/it' in size <8.5> not available
(Font)              size <8> substituted on input line 188.


LaTeX Font Warning: Font shape `OMS/cmsy/m/n' in size <8.5> not available
(Font)              size <8> substituted on input line 188.

LaTeX Font Info:    Font shape `OT1/SourceSansPro-TLF/m/sl' aliased to
(Font)              `OT1/SourceSansPro-TLF/regular/sl' on input line 188.
LaTeX Font Info:    Font shape `OT1/SourceSansPro-TLF/regular/sl' in size <17> 
not available
(Font)              Font shape `OT1/SourceSansPro-TLF/regular/it' tried instead
 on input line 188.
LaTeX Font Info:    Font shape `OT1/SourceSansPro-TLF/regular/it' will be
(Font)              scaled to size 17.0pt on input line 188.
LaTeX Font Info:    Font shape `OT1/SourceSansPro-TLF/m/sl' aliased to
(Font)              `OT1/SourceSansPro-TLF/regular/sl' on input line 188.
LaTeX Font Info:    Font shape `OT1/SourceSansPro-TLF/regular/sl' in size <11.8
9995> not available
(Font)              Font shape `OT1/SourceSansPro-TLF/regular/it' tried instead
 on input line 188.
LaTeX Font Info:    Font shape `OT1/SourceSansPro-TLF/regular/it' will be
(Font)              scaled to size 11.89995pt on input line 188.
LaTeX Font Info:    Font shape `OT1/SourceSansPro-TLF/m/sl' aliased to
(Font)              `OT1/SourceSansPro-TLF/regular/sl' on input line 188.
LaTeX Font Info:    Font shape `OT1/SourceSansPro-TLF/regular/sl' in size <8.5>
 not available
(Font)              Font shape `OT1/SourceSansPro-TLF/regular/it' tried instead
 on input line 188.
LaTeX Font Info:    Font shape `OT1/SourceSansPro-TLF/regular/it' will be
(Font)              scaled to size 8.5pt on input line 188.
LaTeX Font Info:    Font shape `OT1/SourceSansPro-TLF/m/n' aliased to
(Font)              `OT1/SourceSansPro-TLF/regular/n' on input line 188.
LaTeX Font Info:    Font shape `OT1/SourceSansPro-TLF/regular/n' will be
(Font)              scaled to size 17.0pt on input line 188.
LaTeX Font Info:    Font shape `OT1/SourceSansPro-TLF/m/n' aliased to
(Font)              `OT1/SourceSansPro-TLF/regular/n' on input line 188.
LaTeX Font Info:    Font shape `OT1/SourceSansPro-TLF/regular/n' will be
(Font)              scaled to size 11.89995pt on input line 188.
LaTeX Font Info:    Font shape `OT1/SourceSansPro-TLF/m/n' aliased to
(Font)              `OT1/SourceSansPro-TLF/regular/n' on input line 188.
LaTeX Font Info:    Font shape `OT1/SourceSansPro-TLF/regular/n' will be
(Font)              scaled to size 8.5pt on input line 188.
LaTeX Font Info:    Font shape `T1/SourceSansPro-TLF/m/n' aliased to
(Font)              `T1/SourceSansPro-TLF/regular/n' on input line 188.
LaTeX Font Info:    Font shape `T1/SourceSansPro-TLF/regular/n' will be
(Font)              scaled to size 11.89995pt on input line 188.
LaTeX Font Info:    Font shape `T1/SourceSansPro-TLF/m/n' aliased to
(Font)              `T1/SourceSansPro-TLF/regular/n' on input line 188.
LaTeX Font Info:    Font shape `T1/SourceSansPro-TLF/regular/n' will be
(Font)              scaled to size 8.5pt on input line 188.
LaTeX Font Info:    Font shape `T1/SourceSansPro-TLF/m/it' aliased to
(Font)              `T1/SourceSansPro-TLF/regular/it' on input line 188.
LaTeX Font Info:    Font shape `T1/SourceSansPro-TLF/regular/it' will be
(Font)              scaled to size 17.0pt on input line 188.
LaTeX Font Info:    Font shape `T1/SourceSansPro-TLF/m/it' aliased to
(Font)              `T1/SourceSansPro-TLF/regular/it' on input line 188.
LaTeX Font Info:    Font shape `T1/SourceSansPro-TLF/regular/it' will be
(Font)              scaled to size 11.89995pt on input line 188.
LaTeX Font Info:    Font shape `T1/SourceSansPro-TLF/m/it' aliased to
(Font)              `T1/SourceSansPro-TLF/regular/it' on input line 188.
LaTeX Font Info:    Font shape `T1/SourceSansPro-TLF/regular/it' will be
(Font)              scaled to size 8.5pt on input line 188.
(/usr/local/texlive/2024/texmf-dist/tex/latex/microtype/mt-cmr.cfg
File: mt-cmr.cfg 2013/05/19 v2.2 microtype config. file: Computer Modern Roman 
(RS)
)

LaTeX Font Warning: Font shape `T1/cmr/m/n' in size <8.5> not available
(Font)              size <8> substituted on input line 188.

LaTeX Font Info:    Font shape `T1/SourceSansPro-TLF/m/n' aliased to
(Font)              `T1/SourceSansPro-TLF/regular/n' on input line 188.
LaTeX Font Info:    Font shape `T1/SourceSansPro-TLF/regular/n' will be
(Font)              scaled to size 14.5pt on input line 188.
LaTeX Font Info:    Calculating math sizes for size <14.5> on input line 188.
LaTeX Font Info:    Font shape `OT1/SourceSansPro-TLF/m/sl' aliased to
(Font)              `OT1/SourceSansPro-TLF/regular/sl' on input line 188.
LaTeX Font Info:    Font shape `OT1/SourceSansPro-TLF/regular/sl' in size <14.5
> not available
(Font)              Font shape `OT1/SourceSansPro-TLF/regular/it' tried instead
 on input line 188.
LaTeX Font Info:    Font shape `OT1/SourceSansPro-TLF/regular/it' will be
(Font)              scaled to size 14.5pt on input line 188.
LaTeX Font Info:    Font shape `OT1/SourceSansPro-TLF/m/sl' aliased to
(Font)              `OT1/SourceSansPro-TLF/regular/sl' on input line 188.
LaTeX Font Info:    Font shape `OT1/SourceSansPro-TLF/regular/sl' in size <10.1
4995> not available
(Font)              Font shape `OT1/SourceSansPro-TLF/regular/it' tried instead
 on input line 188.
LaTeX Font Info:    Font shape `OT1/SourceSansPro-TLF/regular/it' will be
(Font)              scaled to size 10.14995pt on input line 188.
LaTeX Font Info:    Font shape `OT1/SourceSansPro-TLF/m/sl' aliased to
(Font)              `OT1/SourceSansPro-TLF/regular/sl' on input line 188.
LaTeX Font Info:    Font shape `OT1/SourceSansPro-TLF/regular/sl' in size <7.25
> not available
(Font)              Font shape `OT1/SourceSansPro-TLF/regular/it' tried instead
 on input line 188.
LaTeX Font Info:    Font shape `OT1/SourceSansPro-TLF/regular/it' will be
(Font)              scaled to size 7.25pt on input line 188.
LaTeX Font Info:    Font shape `OT1/SourceSansPro-TLF/m/n' aliased to
(Font)              `OT1/SourceSansPro-TLF/regular/n' on input line 188.
LaTeX Font Info:    Font shape `OT1/SourceSansPro-TLF/regular/n' will be
(Font)              scaled to size 14.5pt on input line 188.
LaTeX Font Info:    Font shape `OT1/SourceSansPro-TLF/m/n' aliased to
(Font)              `OT1/SourceSansPro-TLF/regular/n' on input line 188.
LaTeX Font Info:    Font shape `OT1/SourceSansPro-TLF/regular/n' will be
(Font)              scaled to size 10.14995pt on input line 188.
LaTeX Font Info:    Font shape `OT1/SourceSansPro-TLF/m/n' aliased to
(Font)              `OT1/SourceSansPro-TLF/regular/n' on input line 188.
LaTeX Font Info:    Font shape `OT1/SourceSansPro-TLF/regular/n' will be
(Font)              scaled to size 7.25pt on input line 188.
LaTeX Font Info:    Font shape `T1/SourceSansPro-TLF/m/n' aliased to
(Font)              `T1/SourceSansPro-TLF/regular/n' on input line 188.
LaTeX Font Info:    Font shape `T1/SourceSansPro-TLF/regular/n' will be
(Font)              scaled to size 10.14995pt on input line 188.
LaTeX Font Info:    Font shape `T1/SourceSansPro-TLF/m/n' aliased to
(Font)              `T1/SourceSansPro-TLF/regular/n' on input line 188.
LaTeX Font Info:    Font shape `T1/SourceSansPro-TLF/regular/n' will be
(Font)              scaled to size 7.25pt on input line 188.
LaTeX Font Info:    Font shape `T1/SourceSansPro-TLF/m/it' aliased to
(Font)              `T1/SourceSansPro-TLF/regular/it' on input line 188.
LaTeX Font Info:    Font shape `T1/SourceSansPro-TLF/regular/it' will be
(Font)              scaled to size 14.5pt on input line 188.
LaTeX Font Info:    Font shape `T1/SourceSansPro-TLF/m/it' aliased to
(Font)              `T1/SourceSansPro-TLF/regular/it' on input line 188.
LaTeX Font Info:    Font shape `T1/SourceSansPro-TLF/regular/it' will be
(Font)              scaled to size 10.14995pt on input line 188.
LaTeX Font Info:    Font shape `T1/SourceSansPro-TLF/m/it' aliased to
(Font)              `T1/SourceSansPro-TLF/regular/it' on input line 188.
LaTeX Font Info:    Font shape `T1/SourceSansPro-TLF/regular/it' will be
(Font)              scaled to size 7.25pt on input line 188.
LaTeX Font Info:    Font shape `OT1/cmss/b/n' in size <14.5> not available
(Font)              Font shape `OT1/cmss/bx/n' tried instead on input line 188.

LaTeX Font Info:    Font shape `OT1/cmss/b/n' in size <10.14995> not available
(Font)              Font shape `OT1/cmss/bx/n' tried instead on input line 188.

LaTeX Font Info:    Font shape `OT1/cmss/b/n' in size <7.25> not available
(Font)              Font shape `OT1/cmss/bx/n' tried instead on input line 188.

LaTeX Font Info:    Font shape `OT1/SourceSansPro-TLF/bx/n' in size <14.5> not 
available
(Font)              Font shape `OT1/SourceSansPro-TLF/b/n' tried instead on inp
ut line 188.
LaTeX Font Info:    Font shape `OT1/SourceSansPro-TLF/b/n' aliased to
(Font)              `OT1/SourceSansPro-TLF/bold/n' on input line 188.
LaTeX Font Info:    Font shape `OT1/SourceSansPro-TLF/bold/n' will be
(Font)              scaled to size 14.5pt on input line 188.
LaTeX Font Info:    Font shape `OT1/SourceSansPro-TLF/bx/n' in size <10.14995> 
not available
(Font)              Font shape `OT1/SourceSansPro-TLF/b/n' tried instead on inp
ut line 188.
LaTeX Font Info:    Font shape `OT1/SourceSansPro-TLF/b/n' aliased to
(Font)              `OT1/SourceSansPro-TLF/bold/n' on input line 188.
LaTeX Font Info:    Font shape `OT1/SourceSansPro-TLF/bold/n' will be
(Font)              scaled to size 10.14995pt on input line 188.
LaTeX Font Info:    Font shape `OT1/SourceSansPro-TLF/bx/n' in size <7.25> not 
available
(Font)              Font shape `OT1/SourceSansPro-TLF/b/n' tried instead on inp
ut line 188.
LaTeX Font Info:    Font shape `OT1/SourceSansPro-TLF/b/n' aliased to
(Font)              `OT1/SourceSansPro-TLF/bold/n' on input line 188.
LaTeX Font Info:    Font shape `OT1/SourceSansPro-TLF/bold/n' will be
(Font)              scaled to size 7.25pt on input line 188.
LaTeX Font Info:    Font shape `T1/SourceSansPro-TLF/b/n' aliased to
(Font)              `T1/SourceSansPro-TLF/bold/n' on input line 188.
LaTeX Font Info:    Font shape `T1/SourceSansPro-TLF/bold/n' will be
(Font)              scaled to size 14.5pt on input line 188.
LaTeX Font Info:    Font shape `T1/SourceSansPro-TLF/b/n' aliased to
(Font)              `T1/SourceSansPro-TLF/bold/n' on input line 188.
LaTeX Font Info:    Font shape `T1/SourceSansPro-TLF/bold/n' will be
(Font)              scaled to size 10.14995pt on input line 188.
LaTeX Font Info:    Font shape `T1/SourceSansPro-TLF/b/n' aliased to
(Font)              `T1/SourceSansPro-TLF/bold/n' on input line 188.
LaTeX Font Info:    Font shape `T1/SourceSansPro-TLF/bold/n' will be
(Font)              scaled to size 7.25pt on input line 188.
LaTeX Font Info:    Font shape `T1/SourceSansPro-TLF/b/it' aliased to
(Font)              `T1/SourceSansPro-TLF/bold/it' on input line 188.
LaTeX Font Info:    Font shape `T1/SourceSansPro-TLF/bold/it' will be
(Font)              scaled to size 14.5pt on input line 188.
LaTeX Font Info:    Font shape `T1/SourceSansPro-TLF/b/it' aliased to
(Font)              `T1/SourceSansPro-TLF/bold/it' on input line 188.
LaTeX Font Info:    Font shape `T1/SourceSansPro-TLF/bold/it' will be
(Font)              scaled to size 10.14995pt on input line 188.
LaTeX Font Info:    Font shape `T1/SourceSansPro-TLF/b/it' aliased to
(Font)              `T1/SourceSansPro-TLF/bold/it' on input line 188.
LaTeX Font Info:    Font shape `T1/SourceSansPro-TLF/bold/it' will be
(Font)              scaled to size 7.25pt on input line 188.
LaTeX Font Info:    Font shape `T1/SourceSansPro-TLF/m/n' aliased to
(Font)              `T1/SourceSansPro-TLF/regular/n' on input line 188.
LaTeX Font Info:    Font shape `T1/SourceSansPro-TLF/regular/n' will be
(Font)              scaled to size 8.6pt on input line 188.
LaTeX Font Info:    Calculating math sizes for size <8.6> on input line 188.

LaTeX Font Warning: Font shape `OML/cmm/m/it' in size <4.3> not available
(Font)              size <5> substituted on input line 188.


LaTeX Font Warning: Font shape `OMS/cmsy/m/n' in size <4.3> not available
(Font)              size <5> substituted on input line 188.

LaTeX Font Info:    Font shape `OT1/SourceSansPro-TLF/m/sl' aliased to
(Font)              `OT1/SourceSansPro-TLF/regular/sl' on input line 188.
LaTeX Font Info:    Font shape `OT1/SourceSansPro-TLF/regular/sl' in size <8.6>
 not available
(Font)              Font shape `OT1/SourceSansPro-TLF/regular/it' tried instead
 on input line 188.
LaTeX Font Info:    Font shape `OT1/SourceSansPro-TLF/regular/it' will be
(Font)              scaled to size 8.6pt on input line 188.
LaTeX Font Info:    Font shape `OT1/SourceSansPro-TLF/m/sl' aliased to
(Font)              `OT1/SourceSansPro-TLF/regular/sl' on input line 188.
LaTeX Font Info:    Font shape `OT1/SourceSansPro-TLF/regular/sl' in size <6.01
997> not available
(Font)              Font shape `OT1/SourceSansPro-TLF/regular/it' tried instead
 on input line 188.
LaTeX Font Info:    Font shape `OT1/SourceSansPro-TLF/regular/it' will be
(Font)              scaled to size 6.01997pt on input line 188.
LaTeX Font Info:    Font shape `OT1/SourceSansPro-TLF/m/sl' aliased to
(Font)              `OT1/SourceSansPro-TLF/regular/sl' on input line 188.
LaTeX Font Info:    Font shape `OT1/SourceSansPro-TLF/regular/sl' in size <4.3>
 not available
(Font)              Font shape `OT1/SourceSansPro-TLF/regular/it' tried instead
 on input line 188.
LaTeX Font Info:    Font shape `OT1/SourceSansPro-TLF/regular/it' will be
(Font)              scaled to size 4.3pt on input line 188.
LaTeX Font Info:    Font shape `OT1/SourceSansPro-TLF/m/n' aliased to
(Font)              `OT1/SourceSansPro-TLF/regular/n' on input line 188.
LaTeX Font Info:    Font shape `OT1/SourceSansPro-TLF/regular/n' will be
(Font)              scaled to size 8.6pt on input line 188.
LaTeX Font Info:    Font shape `OT1/SourceSansPro-TLF/m/n' aliased to
(Font)              `OT1/SourceSansPro-TLF/regular/n' on input line 188.
LaTeX Font Info:    Font shape `OT1/SourceSansPro-TLF/regular/n' will be
(Font)              scaled to size 6.01997pt on input line 188.
LaTeX Font Info:    Font shape `OT1/SourceSansPro-TLF/m/n' aliased to
(Font)              `OT1/SourceSansPro-TLF/regular/n' on input line 188.
LaTeX Font Info:    Font shape `OT1/SourceSansPro-TLF/regular/n' will be
(Font)              scaled to size 4.3pt on input line 188.
LaTeX Font Info:    Font shape `T1/SourceSansPro-TLF/m/n' aliased to
(Font)              `T1/SourceSansPro-TLF/regular/n' on input line 188.
LaTeX Font Info:    Font shape `T1/SourceSansPro-TLF/regular/n' will be
(Font)              scaled to size 6.01997pt on input line 188.
LaTeX Font Info:    Font shape `T1/SourceSansPro-TLF/m/n' aliased to
(Font)              `T1/SourceSansPro-TLF/regular/n' on input line 188.
LaTeX Font Info:    Font shape `T1/SourceSansPro-TLF/regular/n' will be
(Font)              scaled to size 4.3pt on input line 188.
LaTeX Font Info:    Font shape `T1/SourceSansPro-TLF/m/it' aliased to
(Font)              `T1/SourceSansPro-TLF/regular/it' on input line 188.
LaTeX Font Info:    Font shape `T1/SourceSansPro-TLF/regular/it' will be
(Font)              scaled to size 8.6pt on input line 188.
LaTeX Font Info:    Font shape `T1/SourceSansPro-TLF/m/it' aliased to
(Font)              `T1/SourceSansPro-TLF/regular/it' on input line 188.
LaTeX Font Info:    Font shape `T1/SourceSansPro-TLF/regular/it' will be
(Font)              scaled to size 6.01997pt on input line 188.
LaTeX Font Info:    Font shape `T1/SourceSansPro-TLF/m/it' aliased to
(Font)              `T1/SourceSansPro-TLF/regular/it' on input line 188.
LaTeX Font Info:    Font shape `T1/SourceSansPro-TLF/regular/it' will be
(Font)              scaled to size 4.3pt on input line 188.

Overfull \vbox (112.52812pt too high) detected at line 188
 []

[3

{/usr/local/texlive/2024/texmf-dist/fonts/enc/dvips/sourcesanspro/a_ea4zg5.enc}
{/usr/local/texlive/2024/texmf-dist/fonts/enc/dvips/cm-super/cm-super-t1.enc}]
LaTeX Font Info:    Font shape `T1/SourceSansPro-TLF/m/n' aliased to
(Font)              `T1/SourceSansPro-TLF/regular/n' on input line 221.
LaTeX Font Info:    Font shape `T1/SourceSansPro-TLF/regular/n' will be
(Font)              scaled to size 13.7pt on input line 221.

Underfull \hbox (badness 10000) in paragraph at lines 221--221
[]|\T1/SourceSansPro-TLF/regular/n/13.7 (+20) VAR(3) with only
 []


Underfull \hbox (badness 1448) in paragraph at lines 221--221
\T1/SourceSansPro-TLF/regular/it/13.7 (+20) A[]\OT1/cmss/m/n/14.4 (\T1/SourceSa
nsPro-TLF/regular/n/13.7 (+20) 3\OT1/SourceSansPro-TLF/regular/n/13.7 (+20) , \
T1/SourceSansPro-TLF/regular/n/13.7 (+20) 1\OT1/cmss/m/n/14.4 ) = \OMS/cmsy/m/n
/14.4 ^^@\T1/SourceSansPro-TLF/regular/n/13.7 (+20) 0\OT1/SourceSansPro-TLF/reg
ular/n/13.7 (+20) .\T1/SourceSansPro-TLF/regular/n/13.7 (+20) 30$
 []


Underfull \hbox (badness 10000) in paragraph at lines 221--221
\T1/SourceSansPro-TLF/regular/n/13.7 (+20) omit-ted from the
 []


Underfull \hbox (badness 10000) in paragraph at lines 221--221
[]|\T1/SourceSansPro-TLF/regular/n/13.7 (+20) VARMA(2,1) with a
 []


Underfull \hbox (badness 3954) in paragraph at lines 221--221
[]|\T1/SourceSansPro-TLF/regular/n/13.7 (+20) Whether the ad-van-tage dis-ap-
 []

LaTeX Font Info:    Font shape `T1/SourceSansPro-TLF/m/n' aliased to
(Font)              `T1/SourceSansPro-TLF/regular/n' on input line 221.
LaTeX Font Info:    Font shape `T1/SourceSansPro-TLF/regular/n' will be
(Font)              scaled to size 14.2pt on input line 221.
LaTeX Font Info:    Font shape `T1/SourceSansPro-TLF/b/n' aliased to
(Font)              `T1/SourceSansPro-TLF/bold/n' on input line 221.
LaTeX Font Info:    Font shape `T1/SourceSansPro-TLF/bold/n' will be
(Font)              scaled to size 14.2pt on input line 221.
LaTeX Font Info:    Calculating math sizes for size <14.2> on input line 221.
LaTeX Font Info:    Font shape `OT1/SourceSansPro-TLF/m/sl' aliased to
(Font)              `OT1/SourceSansPro-TLF/regular/sl' on input line 221.
LaTeX Font Info:    Font shape `OT1/SourceSansPro-TLF/regular/sl' in size <14.2
> not available
(Font)              Font shape `OT1/SourceSansPro-TLF/regular/it' tried instead
 on input line 221.
LaTeX Font Info:    Font shape `OT1/SourceSansPro-TLF/regular/it' will be
(Font)              scaled to size 14.2pt on input line 221.
LaTeX Font Info:    Font shape `OT1/SourceSansPro-TLF/m/sl' aliased to
(Font)              `OT1/SourceSansPro-TLF/regular/sl' on input line 221.
LaTeX Font Info:    Font shape `OT1/SourceSansPro-TLF/regular/sl' in size <9.93
994> not available
(Font)              Font shape `OT1/SourceSansPro-TLF/regular/it' tried instead
 on input line 221.
LaTeX Font Info:    Font shape `OT1/SourceSansPro-TLF/regular/it' will be
(Font)              scaled to size 9.93994pt on input line 221.
LaTeX Font Info:    Font shape `OT1/SourceSansPro-TLF/m/sl' aliased to
(Font)              `OT1/SourceSansPro-TLF/regular/sl' on input line 221.
LaTeX Font Info:    Font shape `OT1/SourceSansPro-TLF/regular/sl' in size <7.09
999> not available
(Font)              Font shape `OT1/SourceSansPro-TLF/regular/it' tried instead
 on input line 221.
LaTeX Font Info:    Font shape `OT1/SourceSansPro-TLF/regular/it' will be
(Font)              scaled to size 7.09999pt on input line 221.
LaTeX Font Info:    Font shape `OT1/SourceSansPro-TLF/m/n' aliased to
(Font)              `OT1/SourceSansPro-TLF/regular/n' on input line 221.
LaTeX Font Info:    Font shape `OT1/SourceSansPro-TLF/regular/n' will be
(Font)              scaled to size 14.2pt on input line 221.
LaTeX Font Info:    Font shape `OT1/SourceSansPro-TLF/m/n' aliased to
(Font)              `OT1/SourceSansPro-TLF/regular/n' on input line 221.
LaTeX Font Info:    Font shape `OT1/SourceSansPro-TLF/regular/n' will be
(Font)              scaled to size 9.93994pt on input line 221.
LaTeX Font Info:    Font shape `OT1/SourceSansPro-TLF/m/n' aliased to
(Font)              `OT1/SourceSansPro-TLF/regular/n' on input line 221.
LaTeX Font Info:    Font shape `OT1/SourceSansPro-TLF/regular/n' will be
(Font)              scaled to size 7.09999pt on input line 221.
LaTeX Font Info:    Font shape `T1/SourceSansPro-TLF/m/n' aliased to
(Font)              `T1/SourceSansPro-TLF/regular/n' on input line 221.
LaTeX Font Info:    Font shape `T1/SourceSansPro-TLF/regular/n' will be
(Font)              scaled to size 9.93994pt on input line 221.
LaTeX Font Info:    Font shape `T1/SourceSansPro-TLF/m/n' aliased to
(Font)              `T1/SourceSansPro-TLF/regular/n' on input line 221.
LaTeX Font Info:    Font shape `T1/SourceSansPro-TLF/regular/n' will be
(Font)              scaled to size 7.09999pt on input line 221.
LaTeX Font Info:    Font shape `T1/SourceSansPro-TLF/m/it' aliased to
(Font)              `T1/SourceSansPro-TLF/regular/it' on input line 221.
LaTeX Font Info:    Font shape `T1/SourceSansPro-TLF/regular/it' will be
(Font)              scaled to size 14.2pt on input line 221.
LaTeX Font Info:    Font shape `T1/SourceSansPro-TLF/m/it' aliased to
(Font)              `T1/SourceSansPro-TLF/regular/it' on input line 221.
LaTeX Font Info:    Font shape `T1/SourceSansPro-TLF/regular/it' will be
(Font)              scaled to size 9.93994pt on input line 221.
LaTeX Font Info:    Font shape `T1/SourceSansPro-TLF/m/it' aliased to
(Font)              `T1/SourceSansPro-TLF/regular/it' on input line 221.
LaTeX Font Info:    Font shape `T1/SourceSansPro-TLF/regular/it' will be
(Font)              scaled to size 7.09999pt on input line 221.

Overfull \vbox (131.9491pt too high) detected at line 221
 []

[4

]
Underfull \hbox (badness 3977) in paragraph at lines 247--247
[]|\T1/SourceSansPro-TLF/regular/n/14.2 (+20) FMAR BVAR and global BLP base-lin
e, block-
 []


Underfull \hbox (badness 10000) in paragraph at lines 247--247
[]|[]\T1/SourceSansPro-TLF/bold/n/14.2 (+20) Empirical
 []

LaTeX Font Info:    Font shape `T1/SourceSansPro-TLF/m/n' aliased to
(Font)              `T1/SourceSansPro-TLF/regular/n' on input line 247.
LaTeX Font Info:    Font shape `T1/SourceSansPro-TLF/regular/n' will be
(Font)              scaled to size 12.5pt on input line 247.
LaTeX Font Info:    Font shape `T1/SourceSansPro-TLF/b/n' aliased to
(Font)              `T1/SourceSansPro-TLF/bold/n' on input line 247.
LaTeX Font Info:    Font shape `T1/SourceSansPro-TLF/bold/n' will be
(Font)              scaled to size 12.5pt on input line 247.

Overfull \vbox (141.23222pt too high) detected at line 247
 []

[5

]
LaTeX Font Info:    Font shape `T1/SourceSansPro-TLF/m/n' aliased to
(Font)              `T1/SourceSansPro-TLF/regular/n' on input line 335.
LaTeX Font Info:    Font shape `T1/SourceSansPro-TLF/regular/n' will be
(Font)              scaled to size 9.5pt on input line 335.
LaTeX Font Info:    Calculating math sizes for size <9.5> on input line 335.


LaTeX Font Warning: Font shape `OT1/cmss/m/n' in size <9.5> not available
(Font)              size <9> substituted on input line 335.


LaTeX Font Warning: Font shape `T1/cmr/m/n' in size <9.5> not available
(Font)              size <9> substituted on input line 335.


LaTeX Font Warning: Font shape `OML/cmm/m/it' in size <9.5> not available
(Font)              size <9> substituted on input line 335.


LaTeX Font Warning: Font shape `OMS/cmsy/m/n' in size <9.5> not available
(Font)              size <9> substituted on input line 335.

LaTeX Font Info:    Font shape `OT1/SourceSansPro-TLF/m/sl' aliased to
(Font)              `OT1/SourceSansPro-TLF/regular/sl' on input line 335.
LaTeX Font Info:    Font shape `OT1/SourceSansPro-TLF/regular/sl' in size <9.5>
 not available
(Font)              Font shape `OT1/SourceSansPro-TLF/regular/it' tried instead
 on input line 335.
LaTeX Font Info:    Font shape `OT1/SourceSansPro-TLF/regular/it' will be
(Font)              scaled to size 9.5pt on input line 335.
LaTeX Font Info:    Font shape `OT1/SourceSansPro-TLF/m/sl' aliased to
(Font)              `OT1/SourceSansPro-TLF/regular/sl' on input line 335.
LaTeX Font Info:    Font shape `OT1/SourceSansPro-TLF/regular/sl' in size <6.64
996> not available
(Font)              Font shape `OT1/SourceSansPro-TLF/regular/it' tried instead
 on input line 335.
LaTeX Font Info:    Font shape `OT1/SourceSansPro-TLF/regular/it' will be
(Font)              scaled to size 6.64996pt on input line 335.
LaTeX Font Info:    Font shape `OT1/SourceSansPro-TLF/m/sl' aliased to
(Font)              `OT1/SourceSansPro-TLF/regular/sl' on input line 335.
LaTeX Font Info:    Font shape `OT1/SourceSansPro-TLF/regular/sl' in size <4.75
> not available
(Font)              Font shape `OT1/SourceSansPro-TLF/regular/it' tried instead
 on input line 335.
LaTeX Font Info:    Font shape `OT1/SourceSansPro-TLF/regular/it' will be
(Font)              scaled to size 4.75pt on input line 335.
LaTeX Font Info:    Font shape `OT1/SourceSansPro-TLF/m/n' aliased to
(Font)              `OT1/SourceSansPro-TLF/regular/n' on input line 335.
LaTeX Font Info:    Font shape `OT1/SourceSansPro-TLF/regular/n' will be
(Font)              scaled to size 9.5pt on input line 335.
LaTeX Font Info:    Font shape `OT1/SourceSansPro-TLF/m/n' aliased to
(Font)              `OT1/SourceSansPro-TLF/regular/n' on input line 335.
LaTeX Font Info:    Font shape `OT1/SourceSansPro-TLF/regular/n' will be
(Font)              scaled to size 6.64996pt on input line 335.
LaTeX Font Info:    Font shape `OT1/SourceSansPro-TLF/m/n' aliased to
(Font)              `OT1/SourceSansPro-TLF/regular/n' on input line 335.
LaTeX Font Info:    Font shape `OT1/SourceSansPro-TLF/regular/n' will be
(Font)              scaled to size 4.75pt on input line 335.
LaTeX Font Info:    Font shape `T1/SourceSansPro-TLF/m/n' aliased to
(Font)              `T1/SourceSansPro-TLF/regular/n' on input line 335.
LaTeX Font Info:    Font shape `T1/SourceSansPro-TLF/regular/n' will be
(Font)              scaled to size 6.64996pt on input line 335.
LaTeX Font Info:    Font shape `T1/SourceSansPro-TLF/m/n' aliased to
(Font)              `T1/SourceSansPro-TLF/regular/n' on input line 335.
LaTeX Font Info:    Font shape `T1/SourceSansPro-TLF/regular/n' will be
(Font)              scaled to size 4.75pt on input line 335.
LaTeX Font Info:    Font shape `T1/SourceSansPro-TLF/m/it' aliased to
(Font)              `T1/SourceSansPro-TLF/regular/it' on input line 335.
LaTeX Font Info:    Font shape `T1/SourceSansPro-TLF/regular/it' will be
(Font)              scaled to size 9.5pt on input line 335.
LaTeX Font Info:    Font shape `T1/SourceSansPro-TLF/m/it' aliased to
(Font)              `T1/SourceSansPro-TLF/regular/it' on input line 335.
LaTeX Font Info:    Font shape `T1/SourceSansPro-TLF/regular/it' will be
(Font)              scaled to size 6.64996pt on input line 335.
LaTeX Font Info:    Font shape `T1/SourceSansPro-TLF/m/it' aliased to
(Font)              `T1/SourceSansPro-TLF/regular/it' on input line 335.
LaTeX Font Info:    Font shape `T1/SourceSansPro-TLF/regular/it' will be
(Font)              scaled to size 4.75pt on input line 335.
LaTeX Font Info:    Font shape `T1/SourceSansPro-TLF/m/n' aliased to
(Font)              `T1/SourceSansPro-TLF/regular/n' on input line 335.
LaTeX Font Info:    Font shape `T1/SourceSansPro-TLF/regular/n' will be
(Font)              scaled to size 10.5pt on input line 335.
LaTeX Font Info:    Calculating math sizes for size <10.5> on input line 335.

LaTeX Font Warning: Font shape `OT1/cmss/m/n' in size <10.5> not available
(Font)              size <10.95> substituted on input line 335.


LaTeX Font Warning: Font shape `T1/cmr/m/n' in size <10.5> not available
(Font)              size <10.95> substituted on input line 335.


LaTeX Font Warning: Font shape `OML/cmm/m/it' in size <10.5> not available
(Font)              size <10.95> substituted on input line 335.


LaTeX Font Warning: Font shape `OMS/cmsy/m/n' in size <10.5> not available
(Font)              size <10.95> substituted on input line 335.

LaTeX Font Info:    Font shape `OT1/SourceSansPro-TLF/m/sl' aliased to
(Font)              `OT1/SourceSansPro-TLF/regular/sl' on input line 335.
LaTeX Font Info:    Font shape `OT1/SourceSansPro-TLF/regular/sl' in size <10.5
> not available
(Font)              Font shape `OT1/SourceSansPro-TLF/regular/it' tried instead
 on input line 335.
LaTeX Font Info:    Font shape `OT1/SourceSansPro-TLF/regular/it' will be
(Font)              scaled to size 10.5pt on input line 335.
LaTeX Font Info:    Font shape `OT1/SourceSansPro-TLF/m/sl' aliased to
(Font)              `OT1/SourceSansPro-TLF/regular/sl' on input line 335.
LaTeX Font Info:    Font shape `OT1/SourceSansPro-TLF/regular/sl' in size <7.34
996> not available
(Font)              Font shape `OT1/SourceSansPro-TLF/regular/it' tried instead
 on input line 335.
LaTeX Font Info:    Font shape `OT1/SourceSansPro-TLF/regular/it' will be
(Font)              scaled to size 7.34996pt on input line 335.
LaTeX Font Info:    Font shape `OT1/SourceSansPro-TLF/m/sl' aliased to
(Font)              `OT1/SourceSansPro-TLF/regular/sl' on input line 335.
LaTeX Font Info:    Font shape `OT1/SourceSansPro-TLF/regular/sl' in size <5.25
> not available
(Font)              Font shape `OT1/SourceSansPro-TLF/regular/it' tried instead
 on input line 335.
LaTeX Font Info:    Font shape `OT1/SourceSansPro-TLF/regular/it' will be
(Font)              scaled to size 5.25pt on input line 335.
LaTeX Font Info:    Font shape `OT1/SourceSansPro-TLF/m/n' aliased to
(Font)              `OT1/SourceSansPro-TLF/regular/n' on input line 335.
LaTeX Font Info:    Font shape `OT1/SourceSansPro-TLF/regular/n' will be
(Font)              scaled to size 10.5pt on input line 335.
LaTeX Font Info:    Font shape `OT1/SourceSansPro-TLF/m/n' aliased to
(Font)              `OT1/SourceSansPro-TLF/regular/n' on input line 335.
LaTeX Font Info:    Font shape `OT1/SourceSansPro-TLF/regular/n' will be
(Font)              scaled to size 7.34996pt on input line 335.
LaTeX Font Info:    Font shape `OT1/SourceSansPro-TLF/m/n' aliased to
(Font)              `OT1/SourceSansPro-TLF/regular/n' on input line 335.
LaTeX Font Info:    Font shape `OT1/SourceSansPro-TLF/regular/n' will be
(Font)              scaled to size 5.25pt on input line 335.
LaTeX Font Info:    Font shape `T1/SourceSansPro-TLF/m/n' aliased to
(Font)              `T1/SourceSansPro-TLF/regular/n' on input line 335.
LaTeX Font Info:    Font shape `T1/SourceSansPro-TLF/regular/n' will be
(Font)              scaled to size 7.34996pt on input line 335.
LaTeX Font Info:    Font shape `T1/SourceSansPro-TLF/m/n' aliased to
(Font)              `T1/SourceSansPro-TLF/regular/n' on input line 335.
LaTeX Font Info:    Font shape `T1/SourceSansPro-TLF/regular/n' will be
(Font)              scaled to size 5.25pt on input line 335.
LaTeX Font Info:    Font shape `T1/SourceSansPro-TLF/m/it' aliased to
(Font)              `T1/SourceSansPro-TLF/regular/it' on input line 335.
LaTeX Font Info:    Font shape `T1/SourceSansPro-TLF/regular/it' will be
(Font)              scaled to size 10.5pt on input line 335.
LaTeX Font Info:    Font shape `T1/SourceSansPro-TLF/m/it' aliased to
(Font)              `T1/SourceSansPro-TLF/regular/it' on input line 335.
LaTeX Font Info:    Font shape `T1/SourceSansPro-TLF/regular/it' will be
(Font)              scaled to size 7.34996pt on input line 335.
LaTeX Font Info:    Font shape `T1/SourceSansPro-TLF/m/it' aliased to
(Font)              `T1/SourceSansPro-TLF/regular/it' on input line 335.
LaTeX Font Info:    Font shape `T1/SourceSansPro-TLF/regular/it' will be
(Font)              scaled to size 5.25pt on input line 335.
LaTeX Font Info:    Calculating math sizes for size <8.5> on input line 335.

LaTeX Font Warning: Font shape `OML/cmm/m/it' in size <4.25> not available
(Font)              size <5> substituted on input line 335.


LaTeX Font Warning: Font shape `OMS/cmsy/m/n' in size <4.25> not available
(Font)              size <5> substituted on input line 335.

LaTeX Font Info:    Font shape `OT1/SourceSansPro-TLF/m/sl' aliased to
(Font)              `OT1/SourceSansPro-TLF/regular/sl' on input line 335.
LaTeX Font Info:    Font shape `OT1/SourceSansPro-TLF/regular/sl' in size <5.94
997> not available
(Font)              Font shape `OT1/SourceSansPro-TLF/regular/it' tried instead
 on input line 335.
LaTeX Font Info:    Font shape `OT1/SourceSansPro-TLF/regular/it' will be
(Font)              scaled to size 5.94997pt on input line 335.
LaTeX Font Info:    Font shape `OT1/SourceSansPro-TLF/m/sl' aliased to
(Font)              `OT1/SourceSansPro-TLF/regular/sl' on input line 335.
LaTeX Font Info:    Font shape `OT1/SourceSansPro-TLF/regular/sl' in size <4.25
> not available
(Font)              Font shape `OT1/SourceSansPro-TLF/regular/it' tried instead
 on input line 335.
LaTeX Font Info:    Font shape `OT1/SourceSansPro-TLF/regular/it' will be
(Font)              scaled to size 4.25pt on input line 335.
LaTeX Font Info:    Font shape `OT1/SourceSansPro-TLF/m/n' aliased to
(Font)              `OT1/SourceSansPro-TLF/regular/n' on input line 335.
LaTeX Font Info:    Font shape `OT1/SourceSansPro-TLF/regular/n' will be
(Font)              scaled to size 5.94997pt on input line 335.
LaTeX Font Info:    Font shape `OT1/SourceSansPro-TLF/m/n' aliased to
(Font)              `OT1/SourceSansPro-TLF/regular/n' on input line 335.
LaTeX Font Info:    Font shape `OT1/SourceSansPro-TLF/regular/n' will be
(Font)              scaled to size 4.25pt on input line 335.
LaTeX Font Info:    Font shape `T1/SourceSansPro-TLF/m/n' aliased to
(Font)              `T1/SourceSansPro-TLF/regular/n' on input line 335.
LaTeX Font Info:    Font shape `T1/SourceSansPro-TLF/regular/n' will be
(Font)              scaled to size 5.94997pt on input line 335.
LaTeX Font Info:    Font shape `T1/SourceSansPro-TLF/m/n' aliased to
(Font)              `T1/SourceSansPro-TLF/regular/n' on input line 335.
LaTeX Font Info:    Font shape `T1/SourceSansPro-TLF/regular/n' will be
(Font)              scaled to size 4.25pt on input line 335.
LaTeX Font Info:    Font shape `T1/SourceSansPro-TLF/m/it' aliased to
(Font)              `T1/SourceSansPro-TLF/regular/it' on input line 335.
LaTeX Font Info:    Font shape `T1/SourceSansPro-TLF/regular/it' will be
(Font)              scaled to size 5.94997pt on input line 335.
LaTeX Font Info:    Font shape `T1/SourceSansPro-TLF/m/it' aliased to
(Font)              `T1/SourceSansPro-TLF/regular/it' on input line 335.
LaTeX Font Info:    Font shape `T1/SourceSansPro-TLF/regular/it' will be
(Font)              scaled to size 4.25pt on input line 335.

Overfull \hbox (0.74654pt too wide) in paragraph at lines 335--335
[][] 
 []

LaTeX Font Info:    Font shape `T1/SourceSansPro-TLF/m/n' aliased to
(Font)              `T1/SourceSansPro-TLF/regular/n' on input line 335.
LaTeX Font Info:    Font shape `T1/SourceSansPro-TLF/regular/n' will be
(Font)              scaled to size 32.0pt on input line 335.
LaTeX Font Info:    Font shape `T1/SourceSansPro-TLF/b/n' aliased to
(Font)              `T1/SourceSansPro-TLF/bold/n' on input line 335.
LaTeX Font Info:    Font shape `T1/SourceSansPro-TLF/bold/n' will be
(Font)              scaled to size 32.0pt on input line 335.
LaTeX Font Info:    Font shape `T1/SourceSansPro-TLF/m/n' aliased to
(Font)              `T1/SourceSansPro-TLF/regular/n' on input line 335.
LaTeX Font Info:    Font shape `T1/SourceSansPro-TLF/regular/n' will be
(Font)              scaled to size 13.4pt on input line 335.
LaTeX Font Info:    Calculating math sizes for size <13.4> on input line 335.

LaTeX Font Warning: Font shape `OT1/cmss/m/n' in size <13.4> not available
(Font)              size <14.4> substituted on input line 335.


LaTeX Font Warning: Font shape `T1/cmr/m/n' in size <13.4> not available
(Font)              size <14.4> substituted on input line 335.


LaTeX Font Warning: Font shape `OML/cmm/m/it' in size <13.4> not available
(Font)              size <14.4> substituted on input line 335.


LaTeX Font Warning: Font shape `OMS/cmsy/m/n' in size <13.4> not available
(Font)              size <14.4> substituted on input line 335.

LaTeX Font Info:    Font shape `OT1/SourceSansPro-TLF/m/sl' aliased to
(Font)              `OT1/SourceSansPro-TLF/regular/sl' on input line 335.
LaTeX Font Info:    Font shape `OT1/SourceSansPro-TLF/regular/sl' in size <13.4
> not available
(Font)              Font shape `OT1/SourceSansPro-TLF/regular/it' tried instead
 on input line 335.
LaTeX Font Info:    Font shape `OT1/SourceSansPro-TLF/regular/it' will be
(Font)              scaled to size 13.4pt on input line 335.
LaTeX Font Info:    Font shape `OT1/SourceSansPro-TLF/m/sl' aliased to
(Font)              `OT1/SourceSansPro-TLF/regular/sl' on input line 335.
LaTeX Font Info:    Font shape `OT1/SourceSansPro-TLF/regular/sl' in size <9.37
994> not available
(Font)              Font shape `OT1/SourceSansPro-TLF/regular/it' tried instead
 on input line 335.
LaTeX Font Info:    Font shape `OT1/SourceSansPro-TLF/regular/it' will be
(Font)              scaled to size 9.37994pt on input line 335.
LaTeX Font Info:    Font shape `OT1/SourceSansPro-TLF/m/sl' aliased to
(Font)              `OT1/SourceSansPro-TLF/regular/sl' on input line 335.
LaTeX Font Info:    Font shape `OT1/SourceSansPro-TLF/regular/sl' in size <6.7>
 not available
(Font)              Font shape `OT1/SourceSansPro-TLF/regular/it' tried instead
 on input line 335.
LaTeX Font Info:    Font shape `OT1/SourceSansPro-TLF/regular/it' will be
(Font)              scaled to size 6.7pt on input line 335.
LaTeX Font Info:    Font shape `OT1/SourceSansPro-TLF/m/n' aliased to
(Font)              `OT1/SourceSansPro-TLF/regular/n' on input line 335.
LaTeX Font Info:    Font shape `OT1/SourceSansPro-TLF/regular/n' will be
(Font)              scaled to size 13.4pt on input line 335.
LaTeX Font Info:    Font shape `OT1/SourceSansPro-TLF/m/n' aliased to
(Font)              `OT1/SourceSansPro-TLF/regular/n' on input line 335.
LaTeX Font Info:    Font shape `OT1/SourceSansPro-TLF/regular/n' will be
(Font)              scaled to size 9.37994pt on input line 335.
LaTeX Font Info:    Font shape `OT1/SourceSansPro-TLF/m/n' aliased to
(Font)              `OT1/SourceSansPro-TLF/regular/n' on input line 335.
LaTeX Font Info:    Font shape `OT1/SourceSansPro-TLF/regular/n' will be
(Font)              scaled to size 6.7pt on input line 335.
LaTeX Font Info:    Font shape `T1/SourceSansPro-TLF/m/n' aliased to
(Font)              `T1/SourceSansPro-TLF/regular/n' on input line 335.
LaTeX Font Info:    Font shape `T1/SourceSansPro-TLF/regular/n' will be
(Font)              scaled to size 9.37994pt on input line 335.
LaTeX Font Info:    Font shape `T1/SourceSansPro-TLF/m/n' aliased to
(Font)              `T1/SourceSansPro-TLF/regular/n' on input line 335.
LaTeX Font Info:    Font shape `T1/SourceSansPro-TLF/regular/n' will be
(Font)              scaled to size 6.7pt on input line 335.
LaTeX Font Info:    Font shape `T1/SourceSansPro-TLF/m/it' aliased to
(Font)              `T1/SourceSansPro-TLF/regular/it' on input line 335.
LaTeX Font Info:    Font shape `T1/SourceSansPro-TLF/regular/it' will be
(Font)              scaled to size 13.4pt on input line 335.
LaTeX Font Info:    Font shape `T1/SourceSansPro-TLF/m/it' aliased to
(Font)              `T1/SourceSansPro-TLF/regular/it' on input line 335.
LaTeX Font Info:    Font shape `T1/SourceSansPro-TLF/regular/it' will be
(Font)              scaled to size 9.37994pt on input line 335.
LaTeX Font Info:    Font shape `T1/SourceSansPro-TLF/m/it' aliased to
(Font)              `T1/SourceSansPro-TLF/regular/it' on input line 335.
LaTeX Font Info:    Font shape `T1/SourceSansPro-TLF/regular/it' will be
(Font)              scaled to size 6.7pt on input line 335.
LaTeX Font Info:    Font shape `T1/SourceSansPro-TLF/m/n' aliased to
(Font)              `T1/SourceSansPro-TLF/regular/n' on input line 335.
LaTeX Font Info:    Font shape `T1/SourceSansPro-TLF/regular/n' will be
(Font)              scaled to size 13.2pt on input line 335.
LaTeX Font Info:    Calculating math sizes for size <13.2> on input line 335.

LaTeX Font Warning: Font shape `OT1/cmss/m/n' in size <13.2> not available
(Font)              size <12> substituted on input line 335.


LaTeX Font Warning: Font shape `OT1/cmss/m/n' in size <6.59999> not available
(Font)              size <7> substituted on input line 335.


LaTeX Font Warning: Font shape `T1/cmr/m/n' in size <13.2> not available
(Font)              size <12> substituted on input line 335.


LaTeX Font Warning: Font shape `T1/cmr/m/n' in size <6.59999> not available
(Font)              size <7> substituted on input line 335.


LaTeX Font Warning: Font shape `OML/cmm/m/it' in size <13.2> not available
(Font)              size <12> substituted on input line 335.


LaTeX Font Warning: Font shape `OML/cmm/m/it' in size <6.59999> not available
(Font)              size <7> substituted on input line 335.


LaTeX Font Warning: Font shape `OMS/cmsy/m/n' in size <13.2> not available
(Font)              size <12> substituted on input line 335.


LaTeX Font Warning: Font shape `OMS/cmsy/m/n' in size <6.59999> not available
(Font)              size <7> substituted on input line 335.

LaTeX Font Info:    Font shape `OT1/SourceSansPro-TLF/m/sl' aliased to
(Font)              `OT1/SourceSansPro-TLF/regular/sl' on input line 335.
LaTeX Font Info:    Font shape `OT1/SourceSansPro-TLF/regular/sl' in size <13.2
> not available
(Font)              Font shape `OT1/SourceSansPro-TLF/regular/it' tried instead
 on input line 335.
LaTeX Font Info:    Font shape `OT1/SourceSansPro-TLF/regular/it' will be
(Font)              scaled to size 13.2pt on input line 335.
LaTeX Font Info:    Font shape `OT1/SourceSansPro-TLF/m/sl' aliased to
(Font)              `OT1/SourceSansPro-TLF/regular/sl' on input line 335.
LaTeX Font Info:    Font shape `OT1/SourceSansPro-TLF/regular/sl' in size <9.23
994> not available
(Font)              Font shape `OT1/SourceSansPro-TLF/regular/it' tried instead
 on input line 335.
LaTeX Font Info:    Font shape `OT1/SourceSansPro-TLF/regular/it' will be
(Font)              scaled to size 9.23994pt on input line 335.
LaTeX Font Info:    Font shape `OT1/SourceSansPro-TLF/m/sl' aliased to
(Font)              `OT1/SourceSansPro-TLF/regular/sl' on input line 335.
LaTeX Font Info:    Font shape `OT1/SourceSansPro-TLF/regular/sl' in size <6.59
999> not available
(Font)              Font shape `OT1/SourceSansPro-TLF/regular/it' tried instead
 on input line 335.
LaTeX Font Info:    Font shape `OT1/SourceSansPro-TLF/regular/it' will be
(Font)              scaled to size 6.59999pt on input line 335.
LaTeX Font Info:    Font shape `OT1/SourceSansPro-TLF/m/n' aliased to
(Font)              `OT1/SourceSansPro-TLF/regular/n' on input line 335.
LaTeX Font Info:    Font shape `OT1/SourceSansPro-TLF/regular/n' will be
(Font)              scaled to size 13.2pt on input line 335.
LaTeX Font Info:    Font shape `OT1/SourceSansPro-TLF/m/n' aliased to
(Font)              `OT1/SourceSansPro-TLF/regular/n' on input line 335.
LaTeX Font Info:    Font shape `OT1/SourceSansPro-TLF/regular/n' will be
(Font)              scaled to size 9.23994pt on input line 335.
LaTeX Font Info:    Font shape `OT1/SourceSansPro-TLF/m/n' aliased to
(Font)              `OT1/SourceSansPro-TLF/regular/n' on input line 335.
LaTeX Font Info:    Font shape `OT1/SourceSansPro-TLF/regular/n' will be
(Font)              scaled to size 6.59999pt on input line 335.
LaTeX Font Info:    Font shape `T1/SourceSansPro-TLF/m/n' aliased to
(Font)              `T1/SourceSansPro-TLF/regular/n' on input line 335.
LaTeX Font Info:    Font shape `T1/SourceSansPro-TLF/regular/n' will be
(Font)              scaled to size 9.23994pt on input line 335.
LaTeX Font Info:    Font shape `T1/SourceSansPro-TLF/m/n' aliased to
(Font)              `T1/SourceSansPro-TLF/regular/n' on input line 335.
LaTeX Font Info:    Font shape `T1/SourceSansPro-TLF/regular/n' will be
(Font)              scaled to size 6.59999pt on input line 335.
LaTeX Font Info:    Font shape `T1/SourceSansPro-TLF/m/it' aliased to
(Font)              `T1/SourceSansPro-TLF/regular/it' on input line 335.
LaTeX Font Info:    Font shape `T1/SourceSansPro-TLF/regular/it' will be
(Font)              scaled to size 13.2pt on input line 335.
LaTeX Font Info:    Font shape `T1/SourceSansPro-TLF/m/it' aliased to
(Font)              `T1/SourceSansPro-TLF/regular/it' on input line 335.
LaTeX Font Info:    Font shape `T1/SourceSansPro-TLF/regular/it' will be
(Font)              scaled to size 9.23994pt on input line 335.
LaTeX Font Info:    Font shape `T1/SourceSansPro-TLF/m/it' aliased to
(Font)              `T1/SourceSansPro-TLF/regular/it' on input line 335.
LaTeX Font Info:    Font shape `T1/SourceSansPro-TLF/regular/it' will be
(Font)              scaled to size 6.59999pt on input line 335.
LaTeX Font Info:    Font shape `T1/SourceSansPro-TLF/b/n' aliased to
(Font)              `T1/SourceSansPro-TLF/bold/n' on input line 335.
LaTeX Font Info:    Font shape `T1/SourceSansPro-TLF/bold/n' will be
(Font)              scaled to size 13.2pt on input line 335.

Overfull \hbox (14.8247pt too wide) in paragraph at lines 335--335
[][]  
 []

LaTeX Font Info:    Font shape `T1/SourceSansPro-TLF/b/n' aliased to
(Font)              `T1/SourceSansPro-TLF/bold/n' on input line 335.
LaTeX Font Info:    Font shape `T1/SourceSansPro-TLF/bold/n' will be
(Font)              scaled to size 13.4pt on input line 335.
LaTeX Font Info:    Font shape `T1/SourceSansPro-TLF/m/n' aliased to
(Font)              `T1/SourceSansPro-TLF/regular/n' on input line 335.
LaTeX Font Info:    Font shape `T1/SourceSansPro-TLF/regular/n' will be
(Font)              scaled to size 11.4pt on input line 335.
LaTeX Font Info:    Font shape `T1/SourceSansPro-TLF/m/n' aliased to
(Font)              `T1/SourceSansPro-TLF/regular/n' on input line 335.
LaTeX Font Info:    Font shape `T1/SourceSansPro-TLF/regular/n' will be
(Font)              scaled to size 12.4pt on input line 335.
LaTeX Font Info:    Font shape `T1/SourceSansPro-TLF/b/n' aliased to
(Font)              `T1/SourceSansPro-TLF/bold/n' on input line 335.
LaTeX Font Info:    Font shape `T1/SourceSansPro-TLF/bold/n' will be
(Font)              scaled to size 12.4pt on input line 335.

Overfull \vbox (166.06473pt too high) detected at line 335
 []

[6

]
Underfull \hbox (badness 7308) in paragraph at lines 361--361
[]|\T1/SourceSansPro-TLF/regular/n/13.7 (+20) The adap-tive es-ti-ma-tor is im-
ple-mented, al-ge-
 []


Underfull \hbox (badness 10000) in paragraph at lines 361--361
[]|[]\T1/SourceSansPro-TLF/bold/n/13.7 (+20) Not es-tab-
 []

LaTeX Font Info:    Font shape `T1/SourceSansPro-TLF/m/n' aliased to
(Font)              `T1/SourceSansPro-TLF/regular/n' on input line 361.
LaTeX Font Info:    Font shape `T1/SourceSansPro-TLF/regular/n' will be
(Font)              scaled to size 12.8pt on input line 361.
LaTeX Font Info:    Calculating math sizes for size <12.8> on input line 361.

LaTeX Font Warning: Font shape `OT1/cmss/m/n' in size <12.8> not available
(Font)              size <12> substituted on input line 361.


LaTeX Font Warning: Font shape `T1/cmr/m/n' in size <12.8> not available
(Font)              size <12> substituted on input line 361.


LaTeX Font Warning: Font shape `OML/cmm/m/it' in size <12.8> not available
(Font)              size <12> substituted on input line 361.


LaTeX Font Warning: Font shape `OMS/cmsy/m/n' in size <12.8> not available
(Font)              size <12> substituted on input line 361.

LaTeX Font Info:    Font shape `OT1/SourceSansPro-TLF/m/sl' aliased to
(Font)              `OT1/SourceSansPro-TLF/regular/sl' on input line 361.
LaTeX Font Info:    Font shape `OT1/SourceSansPro-TLF/regular/sl' in size <12.8
> not available
(Font)              Font shape `OT1/SourceSansPro-TLF/regular/it' tried instead
 on input line 361.
LaTeX Font Info:    Font shape `OT1/SourceSansPro-TLF/regular/it' will be
(Font)              scaled to size 12.8pt on input line 361.
LaTeX Font Info:    Font shape `OT1/SourceSansPro-TLF/m/sl' aliased to
(Font)              `OT1/SourceSansPro-TLF/regular/sl' on input line 361.
LaTeX Font Info:    Font shape `OT1/SourceSansPro-TLF/regular/sl' in size <8.95
996> not available
(Font)              Font shape `OT1/SourceSansPro-TLF/regular/it' tried instead
 on input line 361.
LaTeX Font Info:    Font shape `OT1/SourceSansPro-TLF/regular/it' will be
(Font)              scaled to size 8.95996pt on input line 361.
LaTeX Font Info:    Font shape `OT1/SourceSansPro-TLF/m/sl' aliased to
(Font)              `OT1/SourceSansPro-TLF/regular/sl' on input line 361.
LaTeX Font Info:    Font shape `OT1/SourceSansPro-TLF/regular/sl' in size <6.4>
 not available
(Font)              Font shape `OT1/SourceSansPro-TLF/regular/it' tried instead
 on input line 361.
LaTeX Font Info:    Font shape `OT1/SourceSansPro-TLF/regular/it' will be
(Font)              scaled to size 6.4pt on input line 361.
LaTeX Font Info:    Font shape `OT1/SourceSansPro-TLF/m/n' aliased to
(Font)              `OT1/SourceSansPro-TLF/regular/n' on input line 361.
LaTeX Font Info:    Font shape `OT1/SourceSansPro-TLF/regular/n' will be
(Font)              scaled to size 12.8pt on input line 361.
LaTeX Font Info:    Font shape `OT1/SourceSansPro-TLF/m/n' aliased to
(Font)              `OT1/SourceSansPro-TLF/regular/n' on input line 361.
LaTeX Font Info:    Font shape `OT1/SourceSansPro-TLF/regular/n' will be
(Font)              scaled to size 8.95996pt on input line 361.
LaTeX Font Info:    Font shape `OT1/SourceSansPro-TLF/m/n' aliased to
(Font)              `OT1/SourceSansPro-TLF/regular/n' on input line 361.
LaTeX Font Info:    Font shape `OT1/SourceSansPro-TLF/regular/n' will be
(Font)              scaled to size 6.4pt on input line 361.
LaTeX Font Info:    Font shape `T1/SourceSansPro-TLF/m/n' aliased to
(Font)              `T1/SourceSansPro-TLF/regular/n' on input line 361.
LaTeX Font Info:    Font shape `T1/SourceSansPro-TLF/regular/n' will be
(Font)              scaled to size 8.95996pt on input line 361.
LaTeX Font Info:    Font shape `T1/SourceSansPro-TLF/m/n' aliased to
(Font)              `T1/SourceSansPro-TLF/regular/n' on input line 361.
LaTeX Font Info:    Font shape `T1/SourceSansPro-TLF/regular/n' will be
(Font)              scaled to size 6.4pt on input line 361.
LaTeX Font Info:    Font shape `T1/SourceSansPro-TLF/m/it' aliased to
(Font)              `T1/SourceSansPro-TLF/regular/it' on input line 361.
LaTeX Font Info:    Font shape `T1/SourceSansPro-TLF/regular/it' will be
(Font)              scaled to size 12.8pt on input line 361.
LaTeX Font Info:    Font shape `T1/SourceSansPro-TLF/m/it' aliased to
(Font)              `T1/SourceSansPro-TLF/regular/it' on input line 361.
LaTeX Font Info:    Font shape `T1/SourceSansPro-TLF/regular/it' will be
(Font)              scaled to size 8.95996pt on input line 361.
LaTeX Font Info:    Font shape `T1/SourceSansPro-TLF/m/it' aliased to
(Font)              `T1/SourceSansPro-TLF/regular/it' on input line 361.
LaTeX Font Info:    Font shape `T1/SourceSansPro-TLF/regular/it' will be
(Font)              scaled to size 6.4pt on input line 361.

Overfull \vbox (192.08765pt too high) detected at line 361
 []

[7

]
Overfull \vbox (76.28651pt too high) detected at line 385
 []

[8

] (/usr/local/texlive/2024/texmf-dist/tex/latex/base/t1cmtt.fd)
Underfull \hbox (badness 10000) in paragraph at lines 406--406
[]|\T1/SourceSansPro-TLF/regular/n/13.4 (+20) In MAT-LAB or Oc-tave: \T1/cmtt/m
/n/14.4 QUICK_DEMO = true;
 []


Underfull \hbox (badness 10000) in paragraph at lines 406--406
[]|\T1/SourceSansPro-TLF/bold/n/13.4 (+20) Inspect ev-i-
 []


Overfull \hbox (89.44151pt too wide) in paragraph at lines 406--406
[]|\T1/SourceSansPro-TLF/regular/n/13.4 (-20) Load \T1/cmtt/m/n/14.4 results/mc
_fmar_final_{correct,sparse,dense}.mat\T1/SourceSansPro-TLF/regular/n/13.4 (-20
) .
 []


Underfull \hbox (badness 10000) in paragraph at lines 406--406
[]|\T1/SourceSansPro-TLF/bold/n/13.4 (+20) Resume
 []


Underfull \hbox (badness 10000) in paragraph at lines 406--406
[]|\T1/SourceSansPro-TLF/regular/n/13.4 (+20) Start from \T1/cmtt/m/n/14.4 esti
mate_blp_blockadaptive.m\T1/SourceSansPro-TLF/regular/n/13.4 (+20) ,
 []


Underfull \hbox (badness 10000) in paragraph at lines 406--406
\T1/cmtt/m/n/14.4 gibbs_block_horseshoe.m \T1/SourceSansPro-TLF/regular/n/13.4 
(+20) and
 []

LaTeX Font Info:    Font shape `T1/SourceSansPro-TLF/b/n' aliased to
(Font)              `T1/SourceSansPro-TLF/bold/n' on input line 406.
LaTeX Font Info:    Font shape `T1/SourceSansPro-TLF/bold/n' will be
(Font)              scaled to size 17.0pt on input line 406.

Overfull \vbox (172.75372pt too high) detected at line 406
 []

[9

]
\tf@nav=\write6
\openout6 = `thesis_pitch.nav'.

\tf@toc=\write7
\openout7 = `thesis_pitch.toc'.

\tf@snm=\write8
\openout8 = `thesis_pitch.snm'.

 (build/thesis_pitch.aux)
 ***********
LaTeX2e <2023-11-01> patch level 1
L3 programming layer <2024-02-20>
 ***********


LaTeX Font Warning: Size substitutions with differences
(Font)              up to 1.2pt have occurred.

Package rerunfilecheck Info: File `thesis_pitch.out' has not changed.
(rerunfilecheck)             Checksum: D41D8CD98F00B204E9800998ECF8427E;0.
 ) 
Here is how much of TeX's memory you used:
 40266 strings out of 474116
 958603 string characters out of 5743683
 1951187 words of memory out of 5000000
 60665 multiletter control sequences out of 15000+600000
 1870148 words of font info for 1070 fonts, out of 8000000 for 9000
 1141 hyphenation exceptions out of 8191
 128i,20n,123p,1009b,2544s stack positions out of 10000i,1000n,20000p,200000b,200000s
</usr/local/texlive/2024/texmf-dist/fonts/type1/adobe/sourcesanspro/SourceSan
sPro-Bold.pfb></usr/local/texlive/2024/texmf-dist/fonts/type1/adobe/sourcesansp
ro/SourceSansPro-It.pfb></usr/local/texlive/2024/texmf-dist/fonts/type1/adobe/s
ourcesanspro/SourceSansPro-Regular.pfb></usr/local/texlive/2024/texmf-dist/font
s/type1/public/amsfonts/cm/cmex10.pfb></usr/local/texlive/2024/texmf-dist/fonts
/type1/public/amsfonts/cm/cmmi10.pfb></usr/local/texlive/2024/texmf-dist/fonts/
type1/public/amsfonts/cm/cmmi12.pfb></usr/local/texlive/2024/texmf-dist/fonts/t
ype1/public/amsfonts/cm/cmmi9.pfb></usr/local/texlive/2024/texmf-dist/fonts/typ
e1/public/amsfonts/cm/cmmib10.pfb></usr/local/texlive/2024/texmf-dist/fonts/typ
e1/public/amsfonts/cm/cmss12.pfb></usr/local/texlive/2024/texmf-dist/fonts/type
1/public/amsfonts/cm/cmss17.pfb></usr/local/texlive/2024/texmf-dist/fonts/type1
/public/amsfonts/cm/cmss9.pfb></usr/local/texlive/2024/texmf-dist/fonts/type1/p
ublic/amsfonts/cm/cmsy10.pfb></usr/local/texlive/2024/texmf-dist/fonts/type1/pu
blic/amsfonts/cm/cmsy9.pfb></usr/local/texlive/2024/texmf-dist/fonts/type1/publ
ic/cm-super/sfrm1200.pfb></usr/local/texlive/2024/texmf-dist/fonts/type1/public
/cm-super/sftt1440.pfb>
Output written on build/thesis_pitch.pdf (9 pages, 310695 bytes).
PDF statistics:
 151 PDF objects out of 1000 (max. 8388607)
 101 compressed objects within 2 object streams
 19 named destinations out of 1000 (max. 500000)
 583211 words of extra memory for PDF output out of 662416 (max. 10000000)

