scale_estimator,equation,block,block_held_at_1,h,lambda_h,tau_mean,tau_median,p_tau_gt1
block,mps,mps,0,1,0.0084568,1.55896,0.96372,0.4893
block,mps,mps,0,2,0.0244432,0.81270,0.67370,0.3020
block,mps,mps,0,3,0.0370386,0.46942,0.29059,0.1533
block,mps,mps,0,4,0.0438451,0.55069,0.45742,0.1367
block,mps,mps,0,5,0.0474677,0.42490,0.32453,0.0653
block,mps,mps,0,6,0.0540061,0.36817,0.31994,0.0267
block,mps,mps,0,7,0.0583155,0.36967,0.31437,0.0240
block,mps,mps,0,8,0.0682113,0.32996,0.28251,0.0133
block,mps,mps,0,9,0.0830743,0.27852,0.24726,0.0073
block,mps,mps,0,10,0.0908248,0.22061,0.17822,0.0013
block,mps,mps,0,11,0.100372,0.19023,0.15486,0.0013
block,mps,mps,0,12,0.105848,0.22059,0.18726,0.0000
block,mps,mps,0,13,0.077748,0.26810,0.22696,0.0053
block,mps,mps,0,14,0.0769064,0.22091,0.16998,0.0033
block,mps,mps,0,15,0.088325,0.23008,0.19323,0.0020
block,mps,mps,0,16,0.109167,0.16487,0.12288,0.0020
block,mps,mps,0,17,0.149182,0.23308,0.19554,0.0013
block,mps,mps,0,18,0.18695,0.19357,0.17641,0.0013
block,mps,mps,0,19,0.220328,0.21860,0.19738,0.0000
block,mps,mps,0,20,0.281343,0.16302,0.15700,0.0000
block,mps,mps,0,21,0.341132,0.15069,0.14351,0.0000
block,mps,mps,0,22,0.364882,0.14912,0.14348,0.0000
block,mps,mps,0,23,0.381136,0.12769,0.12277,0.0000
block,mps,mps,0,24,0.398061,0.16350,0.15617,0.0000
block,mps,mps,0,25,0.366267,0.15980,0.15403,0.0000
block,mps,mps,0,26,0.386535,0.19637,0.18862,0.0000
block,mps,mps,0,27,0.402315,0.21433,0.20566,0.0000
block,mps,mps,0,28,0.41433,0.19685,0.18697,0.0000
block,mps,mps,0,29,0.425385,0.17018,0.16275,0.0000
block,mps,mps,0,30,0.436437,0.15717,0.15051,0.0000
block,mps,mps,0,31,0.435744,0.14749,0.14257,0.0000
block,mps,mps,0,32,0.474666,0.13259,0.13087,0.0000
block,mps,mps,0,33,0.49041,0.12160,0.11673,0.0000
block,mps,mps,0,34,0.475684,0.12041,0.11508,0.0000
block,mps,mps,0,35,0.449463,0.12589,0.12124,0.0000
block,mps,mps,0,36,0.452284,0.12370,0.11569,0.0000
block,mps,mps,0,37,0.442336,0.13147,0.12721,0.0000
block,mps,mps,0,38,0.435726,0.12731,0.12134,0.0000
block,mps,mps,0,39,0.445805,0.09323,0.08516,0.0000
block,mps,mps,0,40,0.442494,0.09888,0.08996,0.0000
block,mps,mps,0,41,0.423832,0.08190,0.06985,0.0000
block,mps,mps,0,42,0.400616,0.07781,0.06601,0.0000
block,mps,mps,0,43,0.39024,0.08642,0.07098,0.0000
block,mps,mps,0,44,0.382201,0.10692,0.09739,0.0000
block,mps,mps,0,45,0.366187,0.08915,0.07700,0.0000
block,mps,mps,0,46,0.334726,0.11040,0.10275,0.0000
block,mps,mps,0,47,0.298015,0.11377,0.09915,0.0000
block,mps,mps,0,48,0.291808,0.12175,0.11001,0.0000
block,mps,i1y,0,1,0.0084568,0.47197,0.26888,0.1133
block,mps,i1y,0,2,0.0244432,0.46279,0.33438,0.1093
block,mps,i1y,0,3,0.0370386,0.32140,0.20948,0.0493
block,mps,i1y,0,4,0.0438451,0.44744,0.35514,0.0713
block,mps,i1y,0,5,0.0474677,0.69995,0.55020,0.2273
block,mps,i1y,0,6,0.0540061,0.66207,0.50248,0.2047
block,mps,i1y,0,7,0.0583155,0.73322,0.54613,0.2500
block,mps,i1y,0,8,0.0682113,0.58136,0.40814,0.1613
block,mps,i1y,0,9,0.0830743,0.75150,0.54991,0.2167
block,mps,i1y,0,10,0.0908248,0.49953,0.31371,0.1353
block,mps,i1y,0,11,0.100372,0.52656,0.36332,0.1533
block,mps,i1y,0,12,0.105848,0.65454,0.51085,0.2007
block,mps,i1y,0,13,0.077748,0.79788,0.55109,0.2167
block,mps,i1y,0,14,0.0769064,0.78118,0.58662,0.2480
block,mps,i1y,0,15,0.088325,0.54821,0.36476,0.1800
block,mps,i1y,0,16,0.109167,0.59919,0.40415,0.1693
block,mps,i1y,0,17,0.149182,0.54720,0.41905,0.1367
block,mps,i1y,0,18,0.18695,0.50705,0.40439,0.1067
block,mps,i1y,0,19,0.220328,0.39940,0.28428,0.0767
block,mps,i1y,0,20,0.281343,0.53060,0.32831,0.1440
block,mps,i1y,0,21,0.341132,0.59822,0.34331,0.1913
block,mps,i1y,0,22,0.364882,0.58091,0.36659,0.1693
block,mps,i1y,0,23,0.381136,0.65275,0.48404,0.2053
block,mps,i1y,0,24,0.398061,0.35850,0.21278,0.0813
block,mps,i1y,0,25,0.366267,0.60803,0.41220,0.1720
block,mps,i1y,0,26,0.386535,0.48127,0.31825,0.1220
block,mps,i1y,0,27,0.402315,0.71252,0.58898,0.2433
block,mps,i1y,0,28,0.41433,0.58702,0.39896,0.1433
block,mps,i1y,0,29,0.425385,0.56211,0.34106,0.1793
block,mps,i1y,0,30,0.436437,0.65797,0.48531,0.1760
block,mps,i1y,0,31,0.435744,0.50021,0.37390,0.0947
block,mps,i1y,0,32,0.474666,0.41248,0.29048,0.0727
block,mps,i1y,0,33,0.49041,0.35485,0.24684,0.0607
block,mps,i1y,0,34,0.475684,0.45188,0.29530,0.0780
block,mps,i1y,0,35,0.449463,0.32172,0.20306,0.0593
block,mps,i1y,0,36,0.452284,0.32075,0.23844,0.0440
block,mps,i1y,0,37,0.442336,0.39224,0.28891,0.0667
block,mps,i1y,0,38,0.435726,0.34453,0.26611,0.0433
block,mps,i1y,0,39,0.445805,0.42954,0.31509,0.0813
block,mps,i1y,0,40,0.442494,0.27233,0.16684,0.0413
block,mps,i1y,0,41,0.423832,0.37955,0.27385,0.0600
block,mps,i1y,0,42,0.400616,0.34103,0.25597,0.0387
block,mps,i1y,0,43,0.39024,0.40571,0.29920,0.0747
block,mps,i1y,0,44,0.382201,0.45669,0.33528,0.0933
block,mps,i1y,0,45,0.366187,0.42863,0.31508,0.0847
block,mps,i1y,0,46,0.334726,0.39298,0.31362,0.0533
block,mps,i1y,0,47,0.298015,0.43081,0.29381,0.0820
block,mps,i1y,0,48,0.291808,0.62932,0.46308,0.1727
block,mps,ip,0,1,0.0084568,0.70411,0.51603,0.2127
block,mps,ip,0,2,0.0244432,0.51120,0.35678,0.1313
block,mps,ip,0,3,0.0370386,0.50421,0.37701,0.1160
block,mps,ip,0,4,0.0438451,0.39482,0.28749,0.0700
block,mps,ip,0,5,0.0474677,0.70404,0.50447,0.2127
block,mps,ip,0,6,0.0540061,0.78569,0.60362,0.2580
block,mps,ip,0,7,0.0583155,0.52404,0.30867,0.1620
block,mps,ip,0,8,0.0682113,0.79626,0.56519,0.2667
block,mps,ip,0,9,0.0830743,0.66533,0.43540,0.2080
block,mps,ip,0,10,0.0908248,0.90115,0.56948,0.2553
block,mps,ip,0,11,0.100372,0.69337,0.50452,0.2187
block,mps,ip,0,12,0.105848,0.48526,0.33757,0.1160
block,mps,ip,0,13,0.077748,0.70346,0.44935,0.2067
block,mps,ip,0,14,0.0769064,0.72781,0.50137,0.2293
block,mps,ip,0,15,0.088325,0.61956,0.43011,0.1533
block,mps,ip,0,16,0.109167,0.90560,0.63288,0.3207
block,mps,ip,0,17,0.149182,0.73472,0.54761,0.2380
block,mps,ip,0,18,0.18695,0.66992,0.50349,0.2093
block,mps,ip,0,19,0.220328,0.74387,0.34496,0.1387
block,mps,ip,0,20,0.281343,0.52183,0.27128,0.1093
block,mps,ip,0,21,0.341132,1.73023,0.83586,0.4580
block,mps,ip,0,22,0.364882,1.32452,0.60763,0.3753
block,mps,ip,0,23,0.381136,1.18614,0.81926,0.4347
block,mps,ip,0,24,0.398061,1.42903,0.80727,0.4260
block,mps,ip,0,25,0.366267,0.75817,0.36630,0.1967
block,mps,ip,0,26,0.386535,0.93521,0.33338,0.2607
block,mps,ip,0,27,0.402315,0.60400,0.45932,0.1580
block,mps,ip,0,28,0.41433,0.53730,0.41401,0.1280
block,mps,ip,0,29,0.425385,0.49885,0.35193,0.1287
block,mps,ip,0,30,0.436437,0.61058,0.42817,0.1720
block,mps,ip,0,31,0.435744,0.60421,0.37076,0.1607
block,mps,ip,0,32,0.474666,0.41754,0.31168,0.0753
block,mps,ip,0,33,0.49041,0.47012,0.37427,0.0813
block,mps,ip,0,34,0.475684,0.31502,0.19535,0.0527
block,mps,ip,0,35,0.449463,0.34248,0.22222,0.0560
block,mps,ip,0,36,0.452284,0.46473,0.33675,0.1153
block,mps,ip,0,37,0.442336,0.26996,0.16482,0.0320
block,mps,ip,0,38,0.435726,0.34408,0.24913,0.0520
block,mps,ip,0,39,0.445805,0.41370,0.31068,0.0847
block,mps,ip,0,40,0.442494,0.42900,0.32174,0.0733
block,mps,ip,0,41,0.423832,0.37002,0.24807,0.0627
block,mps,ip,0,42,0.400616,0.39371,0.29912,0.0660
block,mps,ip,0,43,0.39024,0.39840,0.26612,0.0800
block,mps,ip,0,44,0.382201,0.24513,0.17311,0.0187
block,mps,ip,0,45,0.366187,0.31028,0.15621,0.0653
block,mps,ip,0,46,0.334726,0.48328,0.31917,0.1127
block,mps,ip,0,47,0.298015,0.46341,0.33906,0.1000
block,mps,ip,0,48,0.291808,0.48889,0.38683,0.1047
block,mps,hicp,0,1,0.0084568,1.02434,0.84729,0.4100
block,mps,hicp,0,2,0.0244432,0.62456,0.54413,0.1727
block,mps,hicp,0,3,0.0370386,0.50774,0.40163,0.1207
block,mps,hicp,0,4,0.0438451,0.38565,0.24855,0.0873
block,mps,hicp,0,5,0.0474677,0.63294,0.52688,0.2080
block,mps,hicp,0,6,0.0540061,0.56724,0.42142,0.1567
block,mps,hicp,0,7,0.0583155,0.71671,0.52251,0.2487
block,mps,hicp,0,8,0.0682113,0.55880,0.42244,0.1487
block,mps,hicp,0,9,0.0830743,0.51478,0.39130,0.1473
block,mps,hicp,0,10,0.0908248,0.52471,0.38781,0.1327
block,mps,hicp,0,11,0.100372,0.44850,0.30755,0.1113
block,mps,hicp,0,12,0.105848,0.53619,0.43160,0.1260
block,mps,hicp,0,13,0.077748,0.63249,0.45504,0.2127
block,mps,hicp,0,14,0.0769064,0.65834,0.50840,0.1973
block,mps,hicp,0,15,0.088325,0.65795,0.53824,0.2133
block,mps,hicp,0,16,0.109167,0.62370,0.45341,0.1800
block,mps,hicp,0,17,0.149182,0.48059,0.38343,0.1060
block,mps,hicp,0,18,0.18695,0.41259,0.29139,0.0860
block,mps,hicp,0,19,0.220328,0.40533,0.32783,0.0640
block,mps,hicp,0,20,0.281343,0.25131,0.18118,0.0120
block,mps,hicp,0,21,0.341132,0.27944,0.18790,0.0327
block,mps,hicp,0,22,0.364882,0.36195,0.29678,0.0373
block,mps,hicp,0,23,0.381136,0.35914,0.29747,0.0427
block,mps,hicp,0,24,0.398061,0.42536,0.32574,0.0700
block,mps,hicp,0,25,0.366267,0.28291,0.19734,0.0213
block,mps,hicp,0,26,0.386535,0.35656,0.25485,0.0633
block,mps,hicp,0,27,0.402315,0.51199,0.36266,0.1340
block,mps,hicp,0,28,0.41433,0.40477,0.28947,0.0720
block,mps,hicp,0,29,0.425385,0.43213,0.33789,0.0873
block,mps,hicp,0,30,0.436437,0.62969,0.48539,0.1827
block,mps,hicp,0,31,0.435744,0.43809,0.30685,0.1027
block,mps,hicp,0,32,0.474666,0.40037,0.23770,0.1040
block,mps,hicp,0,33,0.49041,0.26692,0.17318,0.0247
block,mps,hicp,0,34,0.475684,0.26022,0.17178,0.0200
block,mps,hicp,0,35,0.449463,0.30339,0.19420,0.0440
block,mps,hicp,0,36,0.452284,0.27134,0.19644,0.0327
block,mps,hicp,0,37,0.442336,0.28319,0.23034,0.0180
block,mps,hicp,0,38,0.435726,0.31216,0.20886,0.0447
block,mps,hicp,0,39,0.445805,0.27059,0.18031,0.0267
block,mps,hicp,0,40,0.442494,0.32537,0.24521,0.0340
block,mps,hicp,0,41,0.423832,0.17213,0.08529,0.0093
block,mps,hicp,0,42,0.400616,0.27738,0.21484,0.0187
block,mps,hicp,0,43,0.39024,0.32673,0.24075,0.0447
block,mps,hicp,0,44,0.382201,0.31145,0.22288,0.0273
block,mps,hicp,0,45,0.366187,0.33641,0.24281,0.0367
block,mps,hicp,0,46,0.334726,0.38579,0.30154,0.0493
block,mps,hicp,0,47,0.298015,0.30913,0.24202,0.0260
block,mps,hicp,0,48,0.291808,0.38831,0.31267,0.0427
block,mps,stoxx,0,1,0.0084568,0.61702,0.41254,0.1973
block,mps,stoxx,0,2,0.0244432,0.51532,0.42027,0.1127
block,mps,stoxx,0,3,0.0370386,0.58707,0.41803,0.1680
block,mps,stoxx,0,4,0.0438451,0.38668,0.23330,0.0887
block,mps,stoxx,0,5,0.0474677,0.71069,0.53420,0.2167
block,mps,stoxx,0,6,0.0540061,0.63085,0.47033,0.1980
block,mps,stoxx,0,7,0.0583155,0.77597,0.49656,0.2460
block,mps,stoxx,0,8,0.0682113,1.15371,0.72484,0.3540
block,mps,stoxx,0,9,0.0830743,0.62179,0.44477,0.1813
block,mps,stoxx,0,10,0.0908248,0.73521,0.50824,0.2507
block,mps,stoxx,0,11,0.100372,0.57492,0.45978,0.1520
block,mps,stoxx,0,12,0.105848,0.63344,0.48230,0.1900
block,mps,stoxx,0,13,0.077748,0.81357,0.66783,0.2820
block,mps,stoxx,0,14,0.0769064,0.88988,0.64374,0.3113
block,mps,stoxx,0,15,0.088325,0.75789,0.49358,0.2507
block,mps,stoxx,0,16,0.109167,0.68122,0.44457,0.2173
block,mps,stoxx,0,17,0.149182,0.89581,0.65664,0.3060
block,mps,stoxx,0,18,0.18695,0.55520,0.37497,0.1440
block,mps,stoxx,0,19,0.220328,0.60198,0.37602,0.1747
block,mps,stoxx,0,20,0.281343,0.43530,0.30856,0.0940
block,mps,stoxx,0,21,0.341132,0.41965,0.29238,0.0873
block,mps,stoxx,0,22,0.364882,0.47727,0.38069,0.0873
block,mps,stoxx,0,23,0.381136,0.45489,0.34292,0.0840
block,mps,stoxx,0,24,0.398061,0.27572,0.15356,0.0487
block,mps,stoxx,0,25,0.366267,0.35187,0.24111,0.0560
block,mps,stoxx,0,26,0.386535,0.37610,0.26104,0.0513
block,mps,stoxx,0,27,0.402315,0.33989,0.24073,0.0400
block,mps,stoxx,0,28,0.41433,0.37354,0.26816,0.0667
block,mps,stoxx,0,29,0.425385,0.47442,0.36465,0.1027
block,mps,stoxx,0,30,0.436437,0.33204,0.23964,0.0433
block,mps,stoxx,0,31,0.435744,0.46459,0.36548,0.0880
block,mps,stoxx,0,32,0.474666,0.40547,0.30806,0.0680
block,mps,stoxx,0,33,0.49041,0.42239,0.34611,0.0740
block,mps,stoxx,0,34,0.475684,0.31657,0.21232,0.0380
block,mps,stoxx,0,35,0.449463,0.28526,0.17422,0.0400
block,mps,stoxx,0,36,0.452284,0.37040,0.28604,0.0520
block,mps,stoxx,0,37,0.442336,0.46265,0.39270,0.0707
block,mps,stoxx,0,38,0.435726,0.42779,0.34017,0.0700
block,mps,stoxx,0,39,0.445805,0.29454,0.20094,0.0473
block,mps,stoxx,0,40,0.442494,0.42292,0.32678,0.0800
block,mps,stoxx,0,41,0.423832,0.44263,0.32270,0.0847
block,mps,stoxx,0,42,0.400616,0.44899,0.35208,0.0773
block,mps,stoxx,0,43,0.39024,0.38545,0.30885,0.0513
block,mps,stoxx,0,44,0.382201,0.51505,0.38795,0.1080
block,mps,stoxx,0,45,0.366187,0.38593,0.28206,0.0587
block,mps,stoxx,0,46,0.334726,0.47618,0.38274,0.0813
block,mps,stoxx,0,47,0.298015,0.40411,0.30776,0.0600
block,mps,stoxx,0,48,0.291808,0.49650,0.34977,0.1307
block,i1y,mps,0,1,0.0084568,1.16641,0.76828,0.4327
block,i1y,mps,0,2,0.0244432,0.78462,0.60239,0.2847
block,i1y,mps,0,3,0.0370386,0.38910,0.27640,0.0660
block,i1y,mps,0,4,0.0438451,0.34910,0.27287,0.0420
block,i1y,mps,0,5,0.0474677,0.39859,0.33244,0.0393
block,i1y,mps,0,6,0.0540061,0.30677,0.25383,0.0127
block,i1y,mps,0,7,0.0583155,0.26962,0.22325,0.0080
block,i1y,mps,0,8,0.0682113,0.22820,0.17594,0.0080
block,i1y,mps,0,9,0.0830743,0.28545,0.25934,0.0027
block,i1y,mps,0,10,0.0908248,0.22291,0.17315,0.0007
block,i1y,mps,0,11,0.100372,0.19377,0.13840,0.0040
block,i1y,mps,0,12,0.105848,0.16730,0.12043,0.0020
block,i1y,mps,0,13,0.077748,0.21992,0.17372,0.0067
block,i1y,mps,0,14,0.0769064,0.23893,0.20271,0.0033
block,i1y,mps,0,15,0.088325,0.20056,0.14569,0.0033
block,i1y,mps,0,16,0.109167,0.23330,0.20206,0.0020
block,i1y,mps,0,17,0.149182,0.11104,0.08798,0.0000
block,i1y,mps,0,18,0.18695,0.11311,0.09247,0.0000
block,i1y,mps,0,19,0.220328,0.08477,0.06238,0.0000
block,i1y,mps,0,20,0.281343,0.10537,0.08884,0.0000
block,i1y,mps,0,21,0.341132,0.09193,0.07363,0.0000
block,i1y,mps,0,22,0.364882,0.06495,0.04144,0.0000
block,i1y,mps,0,23,0.381136,0.09798,0.05993,0.0000
block,i1y,mps,0,24,0.398061,0.09839,0.06214,0.0000
block,i1y,mps,0,25,0.366267,0.18881,0.12568,0.0027
block,i1y,mps,0,26,0.386535,0.13890,0.09602,0.0007
block,i1y,mps,0,27,0.402315,0.15791,0.11178,0.0007
block,i1y,mps,0,28,0.41433,0.08829,0.06763,0.0000
block,i1y,mps,0,29,0.425385,0.08381,0.05491,0.0000
block,i1y,mps,0,30,0.436437,0.07420,0.06170,0.0000
block,i1y,mps,0,31,0.435744,0.04869,0.03414,0.0000
block,i1y,mps,0,32,0.474666,0.05126,0.04291,0.0000
block,i1y,mps,0,33,0.49041,0.04330,0.03730,0.0000
block,i1y,mps,0,34,0.475684,0.04292,0.03639,0.0000
block,i1y,mps,0,35,0.449463,0.04450,0.03693,0.0000
block,i1y,mps,0,36,0.452284,0.03333,0.02549,0.0000
block,i1y,mps,0,37,0.442336,0.03295,0.01976,0.0000
block,i1y,mps,0,38,0.435726,0.04080,0.02935,0.0000
block,i1y,mps,0,39,0.445805,0.03981,0.02914,0.0000
block,i1y,mps,0,40,0.442494,0.04482,0.03538,0.0000
block,i1y,mps,0,41,0.423832,0.05531,0.04399,0.0000
block,i1y,mps,0,42,0.400616,0.04344,0.02940,0.0000
block,i1y,mps,0,43,0.39024,0.04600,0.03186,0.0000
block,i1y,mps,0,44,0.382201,0.08325,0.06939,0.0000
block,i1y,mps,0,45,0.366187,0.06415,0.04393,0.0000
block,i1y,mps,0,46,0.334726,0.08986,0.07763,0.0000
block,i1y,mps,0,47,0.298015,0.09654,0.07576,0.0000
block,i1y,mps,0,48,0.291808,0.09281,0.07044,0.0000
block,i1y,i1y,0,1,0.0084568,0.38519,0.23852,0.0800
block,i1y,i1y,0,2,0.0244432,0.52167,0.33752,0.1320
block,i1y,i1y,0,3,0.0370386,0.77348,0.51023,0.2567
block,i1y,i1y,0,4,0.0438451,0.89785,0.52909,0.2820
block,i1y,i1y,0,5,0.0474677,1.17840,0.55095,0.3207
block,i1y,i1y,0,6,0.0540061,2.26368,1.43528,0.6047
block,i1y,i1y,0,7,0.0583155,2.08024,1.09244,0.5313
block,i1y,i1y,0,8,0.0682113,2.76675,1.55189,0.6167
block,i1y,i1y,0,9,0.0830743,2.74201,1.86250,0.7160
block,i1y,i1y,0,10,0.0908248,2.33941,1.17239,0.5420
block,i1y,i1y,0,11,0.100372,3.32383,2.84452,0.7673
block,i1y,i1y,0,12,0.105848,2.49920,1.77207,0.7400
block,i1y,i1y,0,13,0.077748,1.91950,0.92454,0.4820
block,i1y,i1y,0,14,0.0769064,1.45150,0.95677,0.4873
block,i1y,i1y,0,15,0.088325,1.67443,0.76348,0.4133
block,i1y,i1y,0,16,0.109167,0.83770,0.45555,0.2547
block,i1y,i1y,0,17,0.149182,1.12249,0.77142,0.3980
block,i1y,i1y,0,18,0.18695,0.93849,0.60221,0.3193
block,i1y,i1y,0,19,0.220328,0.76512,0.43559,0.2627
block,i1y,i1y,0,20,0.281343,0.71015,0.43734,0.2420
block,i1y,i1y,0,21,0.341132,1.08922,0.72201,0.4007
block,i1y,i1y,0,22,0.364882,0.77068,0.33008,0.2640
block,i1y,i1y,0,23,0.381136,1.42514,1.17516,0.5727
block,i1y,i1y,0,24,0.398061,1.51473,1.31340,0.6107
block,i1y,i1y,0,25,0.366267,2.31660,2.02532,0.8733
block,i1y,i1y,0,26,0.386535,2.04195,1.82213,0.8213
block,i1y,i1y,0,27,0.402315,2.04185,1.85597,0.8680
block,i1y,i1y,0,28,0.41433,1.63540,1.46728,0.7347
block,i1y,i1y,0,29,0.425385,1.67088,1.50631,0.7973
block,i1y,i1y,0,30,0.436437,1.49458,1.32220,0.7233
block,i1y,i1y,0,31,0.435744,1.53877,1.33712,0.7260
block,i1y,i1y,0,32,0.474666,1.49474,1.25829,0.6847
block,i1y,i1y,0,33,0.49041,1.44584,1.28467,0.7067
block,i1y,i1y,0,34,0.475684,1.42656,1.25499,0.7067
block,i1y,i1y,0,35,0.449463,1.59223,1.40949,0.7880
block,i1y,i1y,0,36,0.452284,1.53008,1.34937,0.7480
block,i1y,i1y,0,37,0.442336,1.70772,1.51051,0.7920
block,i1y,i1y,0,38,0.435726,1.71391,1.53440,0.8400
block,i1y,i1y,0,39,0.445805,1.76187,1.53697,0.8280
block,i1y,i1y,0,40,0.442494,1.57238,1.38436,0.7613
block,i1y,i1y,0,41,0.423832,1.90681,1.68258,0.8360
block,i1y,i1y,0,42,0.400616,1.79315,1.55306,0.8193
block,i1y,i1y,0,43,0.39024,1.84019,1.64124,0.8440
block,i1y,i1y,0,44,0.382201,1.91026,1.70131,0.8400
block,i1y,i1y,0,45,0.366187,1.92079,1.69763,0.8733
block,i1y,i1y,0,46,0.334726,2.42501,2.13038,0.9373
block,i1y,i1y,0,47,0.298015,2.95117,2.50429,0.9800
block,i1y,i1y,0,48,0.291808,2.82445,2.54525,0.9693
block,i1y,ip,0,1,0.0084568,0.73982,0.53688,0.2160
block,i1y,ip,0,2,0.0244432,0.63364,0.48155,0.1967
block,i1y,ip,0,3,0.0370386,0.48776,0.32930,0.1280
block,i1y,ip,0,4,0.0438451,0.58313,0.44298,0.1733
block,i1y,ip,0,5,0.0474677,0.92310,0.69217,0.3560
block,i1y,ip,0,6,0.0540061,1.08724,0.86373,0.4487
block,i1y,ip,0,7,0.0583155,1.12659,0.83800,0.4240
block,i1y,ip,0,8,0.0682113,1.82190,1.52834,0.7440
block,i1y,ip,0,9,0.0830743,1.55135,1.32307,0.6527
block,i1y,ip,0,10,0.0908248,1.58039,1.33389,0.6320
block,i1y,ip,0,11,0.100372,2.06357,1.88674,0.7560
block,i1y,ip,0,12,0.105848,1.90033,1.59461,0.7107
block,i1y,ip,0,13,0.077748,1.68189,1.17480,0.5560
block,i1y,ip,0,14,0.0769064,1.54835,1.04179,0.5187
block,i1y,ip,0,15,0.088325,1.44352,1.03177,0.5120
block,i1y,ip,0,16,0.109167,0.97613,0.67924,0.3667
block,i1y,ip,0,17,0.149182,1.20036,0.93046,0.4580
block,i1y,ip,0,18,0.18695,1.43610,1.25073,0.6193
block,i1y,ip,0,19,0.220328,1.11611,0.75214,0.4093
block,i1y,ip,0,20,0.281343,1.16982,0.97937,0.4893
block,i1y,ip,0,21,0.341132,1.49075,1.26208,0.6253
block,i1y,ip,0,22,0.364882,1.30781,1.14113,0.5493
block,i1y,ip,0,23,0.381136,2.15047,1.99327,0.8867
block,i1y,ip,0,24,0.398061,2.30367,2.20679,0.8867
block,i1y,ip,0,25,0.366267,3.33754,3.10866,0.9900
block,i1y,ip,0,26,0.386535,2.99485,2.86524,0.9807
block,i1y,ip,0,27,0.402315,3.16009,2.96619,0.9967
block,i1y,ip,0,28,0.41433,2.90969,2.78161,0.9980
block,i1y,ip,0,29,0.425385,2.92858,2.77513,0.9993
block,i1y,ip,0,30,0.436437,2.80189,2.69425,0.9993
block,i1y,ip,0,31,0.435744,2.74042,2.61956,0.9987
block,i1y,ip,0,32,0.474666,2.54189,2.44657,0.9940
block,i1y,ip,0,33,0.49041,2.40204,2.24791,0.9887
block,i1y,ip,0,34,0.475684,2.29315,2.16897,0.9960
block,i1y,ip,0,35,0.449463,2.37313,2.21383,0.9933
block,i1y,ip,0,36,0.452284,2.23327,2.10532,0.9907
block,i1y,ip,0,37,0.442336,2.17380,2.04741,0.9933
block,i1y,ip,0,38,0.435726,2.11083,1.99054,0.9913
block,i1y,ip,0,39,0.445805,2.07129,1.91729,0.9867
block,i1y,ip,0,40,0.442494,1.97652,1.85627,0.9887
block,i1y,ip,0,41,0.423832,2.07241,1.94070,0.9873
block,i1y,ip,0,42,0.400616,2.08000,1.94337,0.9880
block,i1y,ip,0,43,0.39024,2.15177,1.99765,0.9907
block,i1y,ip,0,44,0.382201,2.12394,1.96860,0.9847
block,i1y,ip,0,45,0.366187,2.17647,2.01426,0.9913
block,i1y,ip,0,46,0.334726,2.35962,2.19966,0.9920
block,i1y,ip,0,47,0.298015,2.62049,2.47611,1.0000
block,i1y,ip,0,48,0.291808,2.59135,2.41745,0.9947
block,i1y,hicp,0,1,0.0084568,0.50271,0.29372,0.1447
block,i1y,hicp,0,2,0.0244432,0.55050,0.46115,0.1093
block,i1y,hicp,0,3,0.0370386,0.39198,0.27600,0.0747
block,i1y,hicp,0,4,0.0438451,0.58734,0.49826,0.1400
block,i1y,hicp,0,5,0.0474677,0.63998,0.52613,0.1947
block,i1y,hicp,0,6,0.0540061,0.82186,0.70341,0.2873
block,i1y,hicp,0,7,0.0583155,0.75059,0.62365,0.2767
block,i1y,hicp,0,8,0.0682113,1.02158,0.88983,0.4213
block,i1y,hicp,0,9,0.0830743,1.15513,1.03782,0.5300
block,i1y,hicp,0,10,0.0908248,1.13681,1.03569,0.5227
block,i1y,hicp,0,11,0.100372,1.22296,1.14155,0.5967
block,i1y,hicp,0,12,0.105848,1.22004,1.13801,0.6113
block,i1y,hicp,0,13,0.077748,1.58658,1.44013,0.7113
block,i1y,hicp,0,14,0.0769064,1.57301,1.27233,0.6107
block,i1y,hicp,0,15,0.088325,1.59943,1.49356,0.6713
block,i1y,hicp,0,16,0.109167,1.15909,1.05412,0.5240
block,i1y,hicp,0,17,0.149182,1.07208,0.98534,0.4907
block,i1y,hicp,0,18,0.18695,0.85972,0.77347,0.3327
block,i1y,hicp,0,19,0.220328,0.85550,0.75293,0.3120
block,i1y,hicp,0,20,0.281343,0.61235,0.58424,0.1500
block,i1y,hicp,0,21,0.341132,0.47430,0.42117,0.0560
block,i1y,hicp,0,22,0.364882,0.39456,0.36389,0.0313
block,i1y,hicp,0,23,0.381136,0.51215,0.47591,0.0507
block,i1y,hicp,0,24,0.398061,0.46172,0.42427,0.0420
block,i1y,hicp,0,25,0.366267,0.62432,0.57041,0.1213
block,i1y,hicp,0,26,0.386535,0.55278,0.49763,0.0833
block,i1y,hicp,0,27,0.402315,0.51962,0.46559,0.0847
block,i1y,hicp,0,28,0.41433,0.53954,0.49333,0.0660
block,i1y,hicp,0,29,0.425385,0.53248,0.48691,0.0720
block,i1y,hicp,0,30,0.436437,0.52269,0.47254,0.0873
block,i1y,hicp,0,31,0.435744,0.59383,0.55337,0.1067
block,i1y,hicp,0,32,0.474666,0.60116,0.57446,0.1253
block,i1y,hicp,0,33,0.49041,0.51615,0.47493,0.0620
block,i1y,hicp,0,34,0.475684,0.58074,0.53207,0.1020
block,i1y,hicp,0,35,0.449463,0.59172,0.55433,0.0847
block,i1y,hicp,0,36,0.452284,0.54736,0.50328,0.0720
block,i1y,hicp,0,37,0.442336,0.57880,0.53503,0.1067
block,i1y,hicp,0,38,0.435726,0.63496,0.59570,0.1033
block,i1y,hicp,0,39,0.445805,0.57923,0.52486,0.0820
block,i1y,hicp,0,40,0.442494,0.56037,0.51817,0.0627
block,i1y,hicp,0,41,0.423832,0.61682,0.56155,0.1020
block,i1y,hicp,0,42,0.400616,0.58868,0.56365,0.0967
block,i1y,hicp,0,43,0.39024,0.60341,0.56152,0.0880
block,i1y,hicp,0,44,0.382201,0.63578,0.58163,0.1253
block,i1y,hicp,0,45,0.366187,0.60279,0.54526,0.1027
block,i1y,hicp,0,46,0.334726,0.61708,0.57766,0.1567
block,i1y,hicp,0,47,0.298015,0.74953,0.66126,0.2280
block,i1y,hicp,0,48,0.291808,0.65102,0.57965,0.1740
block,i1y,stoxx,0,1,0.0084568,0.78745,0.58396,0.2820
block,i1y,stoxx,0,2,0.0244432,0.98515,0.68613,0.3413
block,i1y,stoxx,0,3,0.0370386,1.35548,1.00167,0.5007
block,i1y,stoxx,0,4,0.0438451,1.29404,0.99427,0.4960
block,i1y,stoxx,0,5,0.0474677,1.37635,1.16792,0.5647
block,i1y,stoxx,0,6,0.0540061,1.66283,1.40802,0.6807
block,i1y,stoxx,0,7,0.0583155,1.75062,1.45577,0.6760
block,i1y,stoxx,0,8,0.0682113,1.88645,1.60742,0.6760
block,i1y,stoxx,0,9,0.0830743,1.59910,1.30488,0.5813
block,i1y,stoxx,0,10,0.0908248,1.97940,1.67367,0.7573
block,i1y,stoxx,0,11,0.100372,2.33717,2.04248,0.8640
block,i1y,stoxx,0,12,0.105848,1.77413,1.60639,0.6560
block,i1y,stoxx,0,13,0.077748,2.07421,1.65724,0.6827
block,i1y,stoxx,0,14,0.0769064,2.09115,1.72365,0.6767
block,i1y,stoxx,0,15,0.088325,2.04280,1.75064,0.7300
block,i1y,stoxx,0,16,0.109167,1.23834,0.93684,0.4793
block,i1y,stoxx,0,17,0.149182,1.37034,1.18454,0.5720
block,i1y,stoxx,0,18,0.18695,1.33013,1.18375,0.5927
block,i1y,stoxx,0,19,0.220328,0.99266,0.83147,0.4127
block,i1y,stoxx,0,20,0.281343,0.91288,0.85102,0.3920
block,i1y,stoxx,0,21,0.341132,0.85877,0.76971,0.3473
block,i1y,stoxx,0,22,0.364882,0.79105,0.68851,0.2700
block,i1y,stoxx,0,23,0.381136,0.97864,0.87261,0.4107
block,i1y,stoxx,0,24,0.398061,0.85874,0.85441,0.3893
block,i1y,stoxx,0,25,0.366267,1.19258,1.09511,0.5573
block,i1y,stoxx,0,26,0.386535,1.05101,1.03230,0.5313
block,i1y,stoxx,0,27,0.402315,1.07037,0.96225,0.4693
block,i1y,stoxx,0,28,0.41433,1.12474,1.06841,0.5600
block,i1y,stoxx,0,29,0.425385,1.14002,1.07158,0.5553
block,i1y,stoxx,0,30,0.436437,1.07676,1.01601,0.5160
block,i1y,stoxx,0,31,0.435744,1.07927,1.01513,0.5093
block,i1y,stoxx,0,32,0.474666,1.01894,0.94050,0.4507
block,i1y,stoxx,0,33,0.49041,1.00037,0.93405,0.4367
block,i1y,stoxx,0,34,0.475684,0.95453,0.89508,0.4193
block,i1y,stoxx,0,35,0.449463,1.01037,0.91331,0.4407
block,i1y,stoxx,0,36,0.452284,1.25879,1.14322,0.6267
block,i1y,stoxx,0,37,0.442336,1.21661,1.10618,0.5847
block,i1y,stoxx,0,38,0.435726,1.32016,1.22241,0.6733
block,i1y,stoxx,0,39,0.445805,1.24180,1.15444,0.6453
block,i1y,stoxx,0,40,0.442494,1.28360,1.15846,0.6467
block,i1y,stoxx,0,41,0.423832,1.26585,1.15006,0.6213
block,i1y,stoxx,0,42,0.400616,1.29414,1.19659,0.6567
block,i1y,stoxx,0,43,0.39024,1.25873,1.16481,0.6547
block,i1y,stoxx,0,44,0.382201,1.35511,1.25158,0.6913
block,i1y,stoxx,0,45,0.366187,1.32129,1.16112,0.6413
block,i1y,stoxx,0,46,0.334726,1.34875,1.24489,0.6800
block,i1y,stoxx,0,47,0.298015,1.49843,1.37330,0.7420
block,i1y,stoxx,0,48,0.291808,1.54762,1.39333,0.7433
block,ip,mps,0,1,0.0084568,0.78382,0.56942,0.3087
block,ip,mps,0,2,0.0244432,0.56382,0.42615,0.1787
block,ip,mps,0,3,0.0370386,0.39294,0.32155,0.0533
block,ip,mps,0,4,0.0438451,0.33480,0.26275,0.0320
block,ip,mps,0,5,0.0474677,0.29841,0.22725,0.0193
block,ip,mps,0,6,0.0540061,0.39079,0.33609,0.0227
block,ip,mps,0,7,0.0583155,0.33768,0.28261,0.0247
block,ip,mps,0,8,0.0682113,0.28355,0.23075,0.0080
block,ip,mps,0,9,0.0830743,0.23606,0.19663,0.0027
block,ip,mps,0,10,0.0908248,0.16362,0.11961,0.0000
block,ip,mps,0,11,0.100372,0.16693,0.12806,0.0000
block,ip,mps,0,12,0.105848,0.16257,0.11104,0.0007
block,ip,mps,0,13,0.077748,0.26123,0.23572,0.0067
block,ip,mps,0,14,0.0769064,0.19637,0.14614,0.0020
block,ip,mps,0,15,0.088325,0.23146,0.19437,0.0007
block,ip,mps,0,16,0.109167,0.12828,0.08834,0.0000
block,ip,mps,0,17,0.149182,0.15314,0.11736,0.0007
block,ip,mps,0,18,0.18695,0.12560,0.10300,0.0000
block,ip,mps,0,19,0.220328,0.10703,0.08799,0.0000
block,ip,mps,0,20,0.281343,0.10203,0.06618,0.0000
block,ip,mps,0,21,0.341132,0.10619,0.04756,0.0007
block,ip,mps,0,22,0.364882,0.12783,0.07637,0.0000
block,ip,mps,0,23,0.381136,0.16068,0.09913,0.0007
block,ip,mps,0,24,0.398061,0.12525,0.07795,0.0007
block,ip,mps,0,25,0.366267,0.11493,0.07614,0.0000
block,ip,mps,0,26,0.386535,0.09451,0.06144,0.0000
block,ip,mps,0,27,0.402315,0.06856,0.04966,0.0000
block,ip,mps,0,28,0.41433,0.06326,0.05138,0.0000
block,ip,mps,0,29,0.425385,0.06526,0.05306,0.0000
block,ip,mps,0,30,0.436437,0.04116,0.03225,0.0000
block,ip,mps,0,31,0.435744,0.04677,0.03907,0.0000
block,ip,mps,0,32,0.474666,0.03814,0.02930,0.0000
block,ip,mps,0,33,0.49041,0.04305,0.03786,0.0000
block,ip,mps,0,34,0.475684,0.04659,0.03781,0.0000
block,ip,mps,0,35,0.449463,0.04013,0.03245,0.0000
block,ip,mps,0,36,0.452284,0.03500,0.02797,0.0000
block,ip,mps,0,37,0.442336,0.04567,0.03560,0.0000
block,ip,mps,0,38,0.435726,0.05034,0.04161,0.0000
block,ip,mps,0,39,0.445805,0.03259,0.02337,0.0000
block,ip,mps,0,40,0.442494,0.04182,0.02993,0.0000
block,ip,mps,0,41,0.423832,0.03565,0.02463,0.0000
block,ip,mps,0,42,0.400616,0.06572,0.05802,0.0000
block,ip,mps,0,43,0.39024,0.05145,0.03937,0.0000
block,ip,mps,0,44,0.382201,0.06332,0.05108,0.0000
block,ip,mps,0,45,0.366187,0.06810,0.05801,0.0000
block,ip,mps,0,46,0.334726,0.08276,0.06472,0.0000
block,ip,mps,0,47,0.298015,0.08166,0.06945,0.0000
block,ip,mps,0,48,0.291808,0.05830,0.04525,0.0000
block,ip,i1y,0,1,0.0084568,0.35868,0.23486,0.0707
block,ip,i1y,0,2,0.0244432,0.70891,0.52031,0.2153
block,ip,i1y,0,3,0.0370386,1.37793,0.97492,0.4927
block,ip,i1y,0,4,0.0438451,2.19599,1.61738,0.6820
block,ip,i1y,0,5,0.0474677,4.40663,3.93107,0.8807
block,ip,i1y,0,6,0.0540061,4.74175,4.38247,0.8667
block,ip,i1y,0,7,0.0583155,5.68164,5.12387,0.9040
block,ip,i1y,0,8,0.0682113,6.78987,6.21324,0.9687
block,ip,i1y,0,9,0.0830743,7.30981,6.45061,0.9920
block,ip,i1y,0,10,0.0908248,8.19577,7.65148,0.9973
block,ip,i1y,0,11,0.100372,8.57948,7.90267,1.0000
block,ip,i1y,0,12,0.105848,8.77148,8.06763,1.0000
block,ip,i1y,0,13,0.077748,13.04975,12.26280,1.0000
block,ip,i1y,0,14,0.0769064,12.47605,11.96506,0.9953
block,ip,i1y,0,15,0.088325,12.39726,11.67850,1.0000
block,ip,i1y,0,16,0.109167,10.38492,9.90753,1.0000
block,ip,i1y,0,17,0.149182,7.77832,7.49847,0.9547
block,ip,i1y,0,18,0.18695,5.89340,5.53812,0.9873
block,ip,i1y,0,19,0.220328,5.04719,4.67575,0.9973
block,ip,i1y,0,20,0.281343,4.29505,4.05312,0.9847
block,ip,i1y,0,21,0.341132,3.57110,3.27121,0.9813
block,ip,i1y,0,22,0.364882,3.46005,3.20764,0.9947
block,ip,i1y,0,23,0.381136,3.40683,3.07170,0.9920
block,ip,i1y,0,24,0.398061,2.86664,2.66070,0.9693
block,ip,i1y,0,25,0.366267,2.80019,2.46612,0.9727
block,ip,i1y,0,26,0.386535,2.36511,2.10592,0.9307
block,ip,i1y,0,27,0.402315,2.07957,1.88667,0.9127
block,ip,i1y,0,28,0.41433,1.93322,1.72464,0.8827
block,ip,i1y,0,29,0.425385,2.11982,1.87936,0.9253
block,ip,i1y,0,30,0.436437,2.23431,1.99910,0.9513
block,ip,i1y,0,31,0.435744,2.37647,2.15844,0.9520
block,ip,i1y,0,32,0.474666,2.44214,2.14914,0.9573
block,ip,i1y,0,33,0.49041,2.31851,2.10520,0.9673
block,ip,i1y,0,34,0.475684,2.37510,2.15069,0.9513
block,ip,i1y,0,35,0.449463,2.25383,2.06899,0.9247
block,ip,i1y,0,36,0.452284,2.02218,1.81813,0.8927
block,ip,i1y,0,37,0.442336,1.89408,1.70998,0.8687
block,ip,i1y,0,38,0.435726,1.60997,1.35734,0.7513
block,ip,i1y,0,39,0.445805,1.51052,1.31155,0.6840
block,ip,i1y,0,40,0.442494,1.25433,1.06032,0.5460
block,ip,i1y,0,41,0.423832,1.15812,0.98806,0.4887
block,ip,i1y,0,42,0.400616,1.11811,0.97170,0.4840
block,ip,i1y,0,43,0.39024,1.12068,0.94566,0.4587
block,ip,i1y,0,44,0.382201,1.00943,0.88307,0.4013
block,ip,i1y,0,45,0.366187,0.99566,0.87333,0.4060
block,ip,i1y,0,46,0.334726,1.24508,0.99997,0.5000
block,ip,i1y,0,47,0.298015,1.18154,1.03571,0.5307
block,ip,i1y,0,48,0.291808,1.35450,1.18882,0.6347
block,ip,ip,0,1,0.0084568,0.63001,0.43809,0.1820
block,ip,ip,0,2,0.0244432,0.67944,0.55572,0.2187
block,ip,ip,0,3,0.0370386,1.03049,0.87504,0.4200
block,ip,ip,0,4,0.0438451,0.91875,0.81936,0.4040
block,ip,ip,0,5,0.0474677,1.39867,1.12988,0.5647
block,ip,ip,0,6,0.0540061,1.84145,1.50981,0.6380
block,ip,ip,0,7,0.0583155,2.96220,2.58266,0.8553
block,ip,ip,0,8,0.0682113,3.62372,3.11925,0.9173
block,ip,ip,0,9,0.0830743,4.32587,4.01027,0.9787
block,ip,ip,0,10,0.0908248,5.74076,5.49053,0.9980
block,ip,ip,0,11,0.100372,6.09796,5.89709,1.0000
block,ip,ip,0,12,0.105848,6.29457,6.04809,1.0000
block,ip,ip,0,13,0.077748,9.24459,8.80628,1.0000
block,ip,ip,0,14,0.0769064,9.35078,9.17927,0.9947
block,ip,ip,0,15,0.088325,9.43220,9.13669,1.0000
block,ip,ip,0,16,0.109167,8.03854,7.74772,0.9973
block,ip,ip,0,17,0.149182,6.42328,6.35242,0.9267
block,ip,ip,0,18,0.18695,5.23913,5.11243,0.9687
block,ip,ip,0,19,0.220328,4.79433,4.59412,0.9960
block,ip,ip,0,20,0.281343,4.18941,3.98767,0.9967
block,ip,ip,0,21,0.341132,3.68276,3.57304,0.9907
block,ip,ip,0,22,0.364882,3.71362,3.49007,1.0000
block,ip,ip,0,23,0.381136,3.85435,3.64265,1.0000
block,ip,ip,0,24,0.398061,3.33784,3.16304,0.9960
block,ip,ip,0,25,0.366267,3.28754,3.08475,0.9987
block,ip,ip,0,26,0.386535,2.81416,2.61775,0.9933
block,ip,ip,0,27,0.402315,2.48299,2.35928,0.9713
block,ip,ip,0,28,0.41433,2.16190,2.00235,0.9673
block,ip,ip,0,29,0.425385,2.07494,1.93581,0.9473
block,ip,ip,0,30,0.436437,1.91869,1.78096,0.9407
block,ip,ip,0,31,0.435744,1.83127,1.69788,0.9340
block,ip,ip,0,32,0.474666,1.71211,1.57255,0.8980
block,ip,ip,0,33,0.49041,1.58390,1.45842,0.8687
block,ip,ip,0,34,0.475684,1.55860,1.46392,0.8647
block,ip,ip,0,35,0.449463,1.59711,1.48838,0.8553
block,ip,ip,0,36,0.452284,1.53481,1.39543,0.8247
block,ip,ip,0,37,0.442336,1.47872,1.33646,0.7767
block,ip,ip,0,38,0.435726,1.46404,1.35209,0.7673
block,ip,ip,0,39,0.445805,1.40987,1.29315,0.7247
block,ip,ip,0,40,0.442494,1.31824,1.18158,0.6627
block,ip,ip,0,41,0.423832,1.41748,1.28903,0.7400
block,ip,ip,0,42,0.400616,1.32406,1.23552,0.6760
block,ip,ip,0,43,0.39024,1.34098,1.22240,0.6587
block,ip,ip,0,44,0.382201,1.17357,1.11870,0.5707
block,ip,ip,0,45,0.366187,1.34025,1.23314,0.6513
block,ip,ip,0,46,0.334726,1.52750,1.39269,0.7227
block,ip,ip,0,47,0.298015,1.60269,1.43779,0.7627
block,ip,ip,0,48,0.291808,1.50023,1.35035,0.7080
block,ip,hicp,0,1,0.0084568,0.93727,0.72346,0.3780
block,ip,hicp,0,2,0.0244432,1.18812,1.07937,0.5787
block,ip,hicp,0,3,0.0370386,1.26544,1.19208,0.6733
block,ip,hicp,0,4,0.0438451,1.45645,1.34318,0.7880
block,ip,hicp,0,5,0.0474677,1.85826,1.73425,0.9207
block,ip,hicp,0,6,0.0540061,2.00921,1.86902,0.9547
block,ip,hicp,0,7,0.0583155,2.25937,2.08467,0.9747
block,ip,hicp,0,8,0.0682113,2.35017,2.17654,0.9880
block,ip,hicp,0,9,0.0830743,2.19242,2.06001,0.9920
block,ip,hicp,0,10,0.0908248,2.20955,2.06571,0.9833
block,ip,hicp,0,11,0.100372,2.10875,1.96847,0.9713
block,ip,hicp,0,12,0.105848,2.32194,2.15065,0.9860
block,ip,hicp,0,13,0.077748,3.49116,3.20851,1.0000
block,ip,hicp,0,14,0.0769064,3.78788,3.51414,0.9993
block,ip,hicp,0,15,0.088325,3.23791,3.02971,0.9980
block,ip,hicp,0,16,0.109167,2.37851,2.22103,0.9707
block,ip,hicp,0,17,0.149182,1.71339,1.58446,0.8493
block,ip,hicp,0,18,0.18695,1.16890,1.08695,0.5780
block,ip,hicp,0,19,0.220328,0.90167,0.82447,0.3453
block,ip,hicp,0,20,0.281343,0.77319,0.69677,0.2307
block,ip,hicp,0,21,0.341132,0.52291,0.46054,0.0880
block,ip,hicp,0,22,0.364882,0.55084,0.50047,0.0900
block,ip,hicp,0,23,0.381136,0.55166,0.48507,0.0993
block,ip,hicp,0,24,0.398061,0.45044,0.37139,0.0793
block,ip,hicp,0,25,0.366267,0.42509,0.33776,0.0687
block,ip,hicp,0,26,0.386535,0.29745,0.19837,0.0373
block,ip,hicp,0,27,0.402315,0.29276,0.24384,0.0160
block,ip,hicp,0,28,0.41433,0.32600,0.25437,0.0273
block,ip,hicp,0,29,0.425385,0.22526,0.15233,0.0153
block,ip,hicp,0,30,0.436437,0.31504,0.26161,0.0193
block,ip,hicp,0,31,0.435744,0.25359,0.17658,0.0240
block,ip,hicp,0,32,0.474666,0.35689,0.30943,0.0240
block,ip,hicp,0,33,0.49041,0.31944,0.28167,0.0107
block,ip,hicp,0,34,0.475684,0.31037,0.26594,0.0187
block,ip,hicp,0,35,0.449463,0.28651,0.22607,0.0207
block,ip,hicp,0,36,0.452284,0.34278,0.28364,0.0293
block,ip,hicp,0,37,0.442336,0.41591,0.37308,0.0500
block,ip,hicp,0,38,0.435726,0.42472,0.35781,0.0573
block,ip,hicp,0,39,0.445805,0.56052,0.50406,0.0887
block,ip,hicp,0,40,0.442494,0.46903,0.42710,0.0600
block,ip,hicp,0,41,0.423832,0.66205,0.60822,0.1460
block,ip,hicp,0,42,0.400616,0.65734,0.59127,0.1560
block,ip,hicp,0,43,0.39024,0.63084,0.58272,0.1173
block,ip,hicp,0,44,0.382201,0.64035,0.57130,0.1480
block,ip,hicp,0,45,0.366187,0.74587,0.66352,0.1940
block,ip,hicp,0,46,0.334726,0.79854,0.72513,0.2613
block,ip,hicp,0,47,0.298015,0.86499,0.79197,0.3080
block,ip,hicp,0,48,0.291808,0.90919,0.82697,0.3367
block,ip,stoxx,0,1,0.0084568,0.48359,0.32073,0.1253
block,ip,stoxx,0,2,0.0244432,0.44299,0.26869,0.1027
block,ip,stoxx,0,3,0.0370386,0.84638,0.72125,0.3153
block,ip,stoxx,0,4,0.0438451,0.72650,0.57923,0.2660
block,ip,stoxx,0,5,0.0474677,0.88075,0.57130,0.2947
block,ip,stoxx,0,6,0.0540061,0.97216,0.67827,0.3533
block,ip,stoxx,0,7,0.0583155,1.30008,0.85278,0.4540
block,ip,stoxx,0,8,0.0682113,1.81289,1.57784,0.6653
block,ip,stoxx,0,9,0.0830743,1.53529,1.15434,0.5507
block,ip,stoxx,0,10,0.0908248,1.88719,1.59212,0.6900
block,ip,stoxx,0,11,0.100372,1.64468,1.36565,0.6180
block,ip,stoxx,0,12,0.105848,1.40236,1.11315,0.5453
block,ip,stoxx,0,13,0.077748,1.70934,1.26397,0.6120
block,ip,stoxx,0,14,0.0769064,1.11080,0.76737,0.3853
block,ip,stoxx,0,15,0.088325,1.27067,0.96147,0.4853
block,ip,stoxx,0,16,0.109167,1.20468,0.81782,0.4353
block,ip,stoxx,0,17,0.149182,0.86256,0.69214,0.3300
block,ip,stoxx,0,18,0.18695,0.98467,0.78389,0.3780
block,ip,stoxx,0,19,0.220328,1.01301,0.87861,0.4247
block,ip,stoxx,0,20,0.281343,0.82292,0.74999,0.3300
block,ip,stoxx,0,21,0.341132,0.85601,0.80171,0.3127
block,ip,stoxx,0,22,0.364882,0.94458,0.85982,0.3787
block,ip,stoxx,0,23,0.381136,0.99967,0.91258,0.4140
block,ip,stoxx,0,24,0.398061,0.93386,0.83726,0.3700
block,ip,stoxx,0,25,0.366267,0.85186,0.78233,0.2953
block,ip,stoxx,0,26,0.386535,0.87408,0.76740,0.3233
block,ip,stoxx,0,27,0.402315,0.64869,0.55941,0.1740
block,ip,stoxx,0,28,0.41433,0.47446,0.38697,0.0900
block,ip,stoxx,0,29,0.425385,0.44055,0.33467,0.0800
block,ip,stoxx,0,30,0.436437,0.44628,0.35508,0.0820
block,ip,stoxx,0,31,0.435744,0.33417,0.25129,0.0307
block,ip,stoxx,0,32,0.474666,0.34330,0.27380,0.0293
block,ip,stoxx,0,33,0.49041,0.36717,0.25452,0.0580
block,ip,stoxx,0,34,0.475684,0.22004,0.12492,0.0247
block,ip,stoxx,0,35,0.449463,0.49028,0.41270,0.0787
block,ip,stoxx,0,36,0.452284,0.36661,0.28185,0.0447
block,ip,stoxx,0,37,0.442336,0.45544,0.38279,0.0847
block,ip,stoxx,0,38,0.435726,0.56738,0.49653,0.1207
block,ip,stoxx,0,39,0.445805,0.49874,0.42121,0.0973
block,ip,stoxx,0,40,0.442494,0.55343,0.48717,0.1100
block,ip,stoxx,0,41,0.423832,0.67855,0.60648,0.1887
block,ip,stoxx,0,42,0.400616,0.70009,0.62680,0.2127
block,ip,stoxx,0,43,0.39024,0.62609,0.56343,0.1593
block,ip,stoxx,0,44,0.382201,0.68519,0.60684,0.2180
block,ip,stoxx,0,45,0.366187,0.60130,0.51113,0.1733
block,ip,stoxx,0,46,0.334726,0.74779,0.67102,0.2393
block,ip,stoxx,0,47,0.298015,0.66009,0.56262,0.2060
block,ip,stoxx,0,48,0.291808,0.66569,0.55022,0.2100
block,hicp,mps,0,1,0.0084568,0.88995,0.52048,0.3120
block,hicp,mps,0,2,0.0244432,0.66435,0.57433,0.2180
block,hicp,mps,0,3,0.0370386,0.47110,0.39667,0.0720
block,hicp,mps,0,4,0.0438451,0.37222,0.30846,0.0353
block,hicp,mps,0,5,0.0474677,0.26016,0.20056,0.0153
block,hicp,mps,0,6,0.0540061,0.26631,0.20803,0.0113
block,hicp,mps,0,7,0.0583155,0.29020,0.24243,0.0027
block,hicp,mps,0,8,0.0682113,0.25845,0.20536,0.0093
block,hicp,mps,0,9,0.0830743,0.19585,0.14031,0.0033
block,hicp,mps,0,10,0.0908248,0.17959,0.13414,0.0000
block,hicp,mps,0,11,0.100372,0.20034,0.16296,0.0000
block,hicp,mps,0,12,0.105848,0.19212,0.15613,0.0007
block,hicp,mps,0,13,0.077748,0.20569,0.15314,0.0053
block,hicp,mps,0,14,0.0769064,0.27706,0.22865,0.0060
block,hicp,mps,0,15,0.088325,0.23042,0.18156,0.0007
block,hicp,mps,0,16,0.109167,0.22206,0.19027,0.0007
block,hicp,mps,0,17,0.149182,0.14710,0.12242,0.0000
block,hicp,mps,0,18,0.18695,0.09583,0.07557,0.0000
block,hicp,mps,0,19,0.220328,0.08007,0.05716,0.0000
block,hicp,mps,0,20,0.281343,0.08520,0.06985,0.0000
block,hicp,mps,0,21,0.341132,0.10102,0.08864,0.0000
block,hicp,mps,0,22,0.364882,0.08445,0.07341,0.0000
block,hicp,mps,0,23,0.381136,0.09359,0.07728,0.0000
block,hicp,mps,0,24,0.398061,0.08227,0.06477,0.0000
block,hicp,mps,0,25,0.366267,0.08198,0.06450,0.0000
block,hicp,mps,0,26,0.386535,0.09806,0.07485,0.0000
block,hicp,mps,0,27,0.402315,0.07427,0.05959,0.0000
block,hicp,mps,0,28,0.41433,0.09543,0.07365,0.0000
block,hicp,mps,0,29,0.425385,0.08175,0.06643,0.0000
block,hicp,mps,0,30,0.436437,0.05426,0.04298,0.0000
block,hicp,mps,0,31,0.435744,0.04802,0.03965,0.0000
block,hicp,mps,0,32,0.474666,0.04810,0.03973,0.0000
block,hicp,mps,0,33,0.49041,0.04698,0.03804,0.0000
block,hicp,mps,0,34,0.475684,0.05228,0.04156,0.0000
block,hicp,mps,0,35,0.449463,0.05581,0.04602,0.0000
block,hicp,mps,0,36,0.452284,0.05602,0.04585,0.0000
block,hicp,mps,0,37,0.442336,0.05289,0.04477,0.0000
block,hicp,mps,0,38,0.435726,0.05658,0.04769,0.0000
block,hicp,mps,0,39,0.445805,0.04057,0.03073,0.0000
block,hicp,mps,0,40,0.442494,0.05249,0.04264,0.0000
block,hicp,mps,0,41,0.423832,0.04748,0.03319,0.0000
block,hicp,mps,0,42,0.400616,0.05887,0.05129,0.0000
block,hicp,mps,0,43,0.39024,0.07560,0.06433,0.0000
block,hicp,mps,0,44,0.382201,0.06806,0.05813,0.0000
block,hicp,mps,0,45,0.366187,0.08731,0.07409,0.0000
block,hicp,mps,0,46,0.334726,0.08560,0.06974,0.0000
block,hicp,mps,0,47,0.298015,0.09554,0.07556,0.0000
block,hicp,mps,0,48,0.291808,0.10185,0.07844,0.0000
block,hicp,i1y,0,1,0.0084568,0.85807,0.66205,0.3167
block,hicp,i1y,0,2,0.0244432,0.70110,0.47866,0.2307
block,hicp,i1y,0,3,0.0370386,0.78664,0.62393,0.2833
block,hicp,i1y,0,4,0.0438451,1.16750,1.01798,0.5140
block,hicp,i1y,0,5,0.0474677,1.33587,1.13942,0.5613
block,hicp,i1y,0,6,0.0540061,1.93817,1.57947,0.8047
block,hicp,i1y,0,7,0.0583155,2.06733,1.77242,0.8180
block,hicp,i1y,0,8,0.0682113,2.44191,2.08362,0.9213
block,hicp,i1y,0,9,0.0830743,2.57966,2.27704,0.8980
block,hicp,i1y,0,10,0.0908248,3.41951,3.01061,0.9873
block,hicp,i1y,0,11,0.100372,4.01989,3.37711,0.9960
block,hicp,i1y,0,12,0.105848,5.15394,4.52109,1.0000
block,hicp,i1y,0,13,0.077748,9.05458,8.24335,1.0000
block,hicp,i1y,0,14,0.0769064,11.02026,10.25499,1.0000
block,hicp,i1y,0,15,0.088325,10.87071,10.01454,1.0000
block,hicp,i1y,0,16,0.109167,9.71154,9.01658,1.0000
block,hicp,i1y,0,17,0.149182,7.87495,7.32705,1.0000
block,hicp,i1y,0,18,0.18695,7.29476,6.73489,1.0000
block,hicp,i1y,0,19,0.220328,6.84670,6.38880,1.0000
block,hicp,i1y,0,20,0.281343,6.57563,6.08397,1.0000
block,hicp,i1y,0,21,0.341132,6.04627,5.66364,1.0000
block,hicp,i1y,0,22,0.364882,5.55724,5.18070,1.0000
block,hicp,i1y,0,23,0.381136,5.58498,5.29286,1.0000
block,hicp,i1y,0,24,0.398061,5.26527,4.98623,1.0000
block,hicp,i1y,0,25,0.366267,5.55298,5.14459,1.0000
block,hicp,i1y,0,26,0.386535,5.43015,5.08857,1.0000
block,hicp,i1y,0,27,0.402315,4.76035,4.47075,1.0000
block,hicp,i1y,0,28,0.41433,4.80160,4.52129,1.0000
block,hicp,i1y,0,29,0.425385,4.83618,4.51484,1.0000
block,hicp,i1y,0,30,0.436437,5.06753,4.72618,1.0000
block,hicp,i1y,0,31,0.435744,4.98228,4.66103,1.0000
block,hicp,i1y,0,32,0.474666,4.33965,4.10477,1.0000
block,hicp,i1y,0,33,0.49041,3.53137,3.26885,1.0000
block,hicp,i1y,0,34,0.475684,2.86934,2.64783,0.9953
block,hicp,i1y,0,35,0.449463,2.55078,2.30996,0.9933
block,hicp,i1y,0,36,0.452284,2.56700,2.33868,0.9920
block,hicp,i1y,0,37,0.442336,2.76853,2.54359,0.9947
block,hicp,i1y,0,38,0.435726,3.06872,2.80262,1.0000
block,hicp,i1y,0,39,0.445805,3.32880,3.04278,0.9993
block,hicp,i1y,0,40,0.442494,3.47783,3.19536,0.9973
block,hicp,i1y,0,41,0.423832,3.41078,3.15040,0.9993
block,hicp,i1y,0,42,0.400616,3.57035,3.27982,0.9993
block,hicp,i1y,0,43,0.39024,3.53133,3.19639,0.9980
block,hicp,i1y,0,44,0.382201,3.44631,3.17829,0.9993
block,hicp,i1y,0,45,0.366187,3.52808,3.23469,0.9987
block,hicp,i1y,0,46,0.334726,4.55596,4.17105,0.9993
block,hicp,i1y,0,47,0.298015,5.06314,4.69348,0.9987
block,hicp,i1y,0,48,0.291808,5.18890,4.68953,1.0000
block,hicp,ip,0,1,0.0084568,0.83433,0.54528,0.2660
block,hicp,ip,0,2,0.0244432,0.53354,0.37093,0.1500
block,hicp,ip,0,3,0.0370386,0.64551,0.47354,0.2087
block,hicp,ip,0,4,0.0438451,0.96158,0.74428,0.3693
block,hicp,ip,0,5,0.0474677,1.27831,0.99105,0.4973
block,hicp,ip,0,6,0.0540061,1.59792,1.38095,0.6867
block,hicp,ip,0,7,0.0583155,1.13810,0.84933,0.4473
block,hicp,ip,0,8,0.0682113,1.55276,1.23459,0.5640
block,hicp,ip,0,9,0.0830743,2.21169,2.01855,0.8573
block,hicp,ip,0,10,0.0908248,2.29284,2.02483,0.7860
block,hicp,ip,0,11,0.100372,3.54206,3.25375,0.9707
block,hicp,ip,0,12,0.105848,4.09519,3.79171,0.9860
block,hicp,ip,0,13,0.077748,2.28204,1.54058,0.5960
block,hicp,ip,0,14,0.0769064,3.77996,3.13985,0.8660
block,hicp,ip,0,15,0.088325,4.65133,4.08718,0.9787
block,hicp,ip,0,16,0.109167,4.61189,4.24493,0.9980
block,hicp,ip,0,17,0.149182,4.27105,3.94715,1.0000
block,hicp,ip,0,18,0.18695,4.08078,3.83860,1.0000
block,hicp,ip,0,19,0.220328,3.82538,3.62659,1.0000
block,hicp,ip,0,20,0.281343,3.93467,3.70033,1.0000
block,hicp,ip,0,21,0.341132,4.09947,3.93228,1.0000
block,hicp,ip,0,22,0.364882,4.34778,4.11678,1.0000
block,hicp,ip,0,23,0.381136,4.74860,4.58480,1.0000
block,hicp,ip,0,24,0.398061,4.80457,4.65268,1.0000
block,hicp,ip,0,25,0.366267,4.66842,4.48471,1.0000
block,hicp,ip,0,26,0.386535,4.89264,4.61369,1.0000
block,hicp,ip,0,27,0.402315,4.78673,4.57586,1.0000
block,hicp,ip,0,28,0.41433,4.90148,4.63193,1.0000
block,hicp,ip,0,29,0.425385,5.19906,4.96126,1.0000
block,hicp,ip,0,30,0.436437,5.15655,4.92342,1.0000
block,hicp,ip,0,31,0.435744,5.17481,4.97376,1.0000
block,hicp,ip,0,32,0.474666,5.05643,4.85247,1.0000
block,hicp,ip,0,33,0.49041,5.18214,5.00241,1.0000
block,hicp,ip,0,34,0.475684,5.64636,5.46107,1.0000
block,hicp,ip,0,35,0.449463,6.07848,5.84200,1.0000
block,hicp,ip,0,36,0.452284,5.92938,5.72642,1.0000
block,hicp,ip,0,37,0.442336,4.70234,4.50761,1.0000
block,hicp,ip,0,38,0.435726,4.45186,4.24190,1.0000
block,hicp,ip,0,39,0.445805,4.09371,3.90580,1.0000
block,hicp,ip,0,40,0.442494,3.98473,3.80378,1.0000
block,hicp,ip,0,41,0.423832,3.91330,3.70800,1.0000
block,hicp,ip,0,42,0.400616,4.01483,3.78604,1.0000
block,hicp,ip,0,43,0.39024,4.04552,3.85675,1.0000
block,hicp,ip,0,44,0.382201,4.35796,4.18164,1.0000
block,hicp,ip,0,45,0.366187,4.60600,4.41352,1.0000
block,hicp,ip,0,46,0.334726,5.13049,4.93720,1.0000
block,hicp,ip,0,47,0.298015,6.16091,5.92374,1.0000
block,hicp,ip,0,48,0.291808,5.39378,5.21849,1.0000
block,hicp,hicp,0,1,0.0084568,17.95349,17.29016,1.0000
block,hicp,hicp,0,2,0.0244432,18.14937,17.52518,1.0000
block,hicp,hicp,0,3,0.0370386,12.91448,12.42891,1.0000
block,hicp,hicp,0,4,0.0438451,12.91677,12.44194,1.0000
block,hicp,hicp,0,5,0.0474677,10.30258,9.81980,1.0000
block,hicp,hicp,0,6,0.0540061,8.17324,7.86238,1.0000
block,hicp,hicp,0,7,0.0583155,9.96651,9.55641,1.0000
block,hicp,hicp,0,8,0.0682113,8.97620,8.67730,1.0000
block,hicp,hicp,0,9,0.0830743,6.47051,6.19727,1.0000
block,hicp,hicp,0,10,0.0908248,6.12069,5.88256,1.0000
block,hicp,hicp,0,11,0.100372,5.50126,5.23449,1.0000
block,hicp,hicp,0,12,0.105848,4.91014,4.71295,1.0000
block,hicp,hicp,0,13,0.077748,7.02572,6.65078,1.0000
block,hicp,hicp,0,14,0.0769064,12.08449,11.45998,1.0000
block,hicp,hicp,0,15,0.088325,10.84308,10.33429,1.0000
block,hicp,hicp,0,16,0.109167,9.78321,9.35279,1.0000
block,hicp,hicp,0,17,0.149182,7.25274,6.92356,1.0000
block,hicp,hicp,0,18,0.18695,6.00793,5.77804,1.0000
block,hicp,hicp,0,19,0.220328,6.04536,5.75986,1.0000
block,hicp,hicp,0,20,0.281343,4.90640,4.69619,1.0000
block,hicp,hicp,0,21,0.341132,3.92393,3.75307,1.0000
block,hicp,hicp,0,22,0.364882,3.84155,3.64034,1.0000
block,hicp,hicp,0,23,0.381136,3.65556,3.50612,1.0000
block,hicp,hicp,0,24,0.398061,2.94343,2.81447,1.0000
block,hicp,hicp,0,25,0.366267,3.13232,3.01152,1.0000
block,hicp,hicp,0,26,0.386535,4.32061,4.11505,1.0000
block,hicp,hicp,0,27,0.402315,4.06646,3.90338,1.0000
block,hicp,hicp,0,28,0.41433,4.24943,4.06586,1.0000
block,hicp,hicp,0,29,0.425385,3.89043,3.72249,1.0000
block,hicp,hicp,0,30,0.436437,3.67486,3.54984,1.0000
block,hicp,hicp,0,31,0.435744,4.25737,4.09303,1.0000
block,hicp,hicp,0,32,0.474666,3.86252,3.73555,1.0000
block,hicp,hicp,0,33,0.49041,3.52569,3.39504,1.0000
block,hicp,hicp,0,34,0.475684,3.64309,3.48162,1.0000
block,hicp,hicp,0,35,0.449463,3.75203,3.59684,1.0000
block,hicp,hicp,0,36,0.452284,2.84398,2.73773,1.0000
block,hicp,hicp,0,37,0.442336,2.97829,2.87807,1.0000
block,hicp,hicp,0,38,0.435726,3.26088,3.12247,1.0000
block,hicp,hicp,0,39,0.445805,3.02440,2.88282,1.0000
block,hicp,hicp,0,40,0.442494,3.15137,3.04380,1.0000
block,hicp,hicp,0,41,0.423832,3.29821,3.17120,1.0000
block,hicp,hicp,0,42,0.400616,3.28092,3.19035,1.0000
block,hicp,hicp,0,43,0.39024,3.35214,3.22666,1.0000
block,hicp,hicp,0,44,0.382201,3.45760,3.30711,1.0000
block,hicp,hicp,0,45,0.366187,3.65703,3.51485,1.0000
block,hicp,hicp,0,46,0.334726,4.07662,3.90648,1.0000
block,hicp,hicp,0,47,0.298015,4.65260,4.43875,1.0000
block,hicp,hicp,0,48,0.291808,3.17063,2.98714,1.0000
block,hicp,stoxx,0,1,0.0084568,1.17113,0.87468,0.4473
block,hicp,stoxx,0,2,0.0244432,1.27667,1.09219,0.5533
block,hicp,stoxx,0,3,0.0370386,1.45623,1.33857,0.6607
block,hicp,stoxx,0,4,0.0438451,1.75726,1.55555,0.7713
block,hicp,stoxx,0,5,0.0474677,2.12407,1.89957,0.8553
block,hicp,stoxx,0,6,0.0540061,2.07701,1.84762,0.7980
block,hicp,stoxx,0,7,0.0583155,2.62414,2.41997,0.8773
block,hicp,stoxx,0,8,0.0682113,2.56600,2.41372,0.8373
block,hicp,stoxx,0,9,0.0830743,1.98212,1.83024,0.7587
block,hicp,stoxx,0,10,0.0908248,2.90395,2.68979,0.9307
block,hicp,stoxx,0,11,0.100372,2.37942,2.13549,0.8487
block,hicp,stoxx,0,12,0.105848,2.55769,2.37283,0.8927
block,hicp,stoxx,0,13,0.077748,6.07153,5.68274,1.0000
block,hicp,stoxx,0,14,0.0769064,6.68050,6.21984,1.0000
block,hicp,stoxx,0,15,0.088325,5.91494,5.43658,1.0000
block,hicp,stoxx,0,16,0.109167,4.92680,4.65470,1.0000
block,hicp,stoxx,0,17,0.149182,3.63984,3.42206,1.0000
block,hicp,stoxx,0,18,0.18695,2.78125,2.59402,0.9820
block,hicp,stoxx,0,19,0.220328,2.47746,2.34275,0.9760
block,hicp,stoxx,0,20,0.281343,1.66762,1.54166,0.8213
block,hicp,stoxx,0,21,0.341132,1.20914,1.07097,0.5560
block,hicp,stoxx,0,22,0.364882,0.80654,0.69192,0.2967
block,hicp,stoxx,0,23,0.381136,0.55768,0.46445,0.1507
block,hicp,stoxx,0,24,0.398061,0.57600,0.47638,0.1267
block,hicp,stoxx,0,25,0.366267,0.75934,0.68050,0.2673
block,hicp,stoxx,0,26,0.386535,0.82206,0.72900,0.3107
block,hicp,stoxx,0,27,0.402315,0.66520,0.52967,0.2047
block,hicp,stoxx,0,28,0.41433,0.60126,0.50735,0.1787
block,hicp,stoxx,0,29,0.425385,0.56154,0.46603,0.1493
block,hicp,stoxx,0,30,0.436437,0.41476,0.30705,0.0820
block,hicp,stoxx,0,31,0.435744,0.45751,0.32713,0.1187
block,hicp,stoxx,0,32,0.474666,0.61149,0.50356,0.1967
block,hicp,stoxx,0,33,0.49041,0.94879,0.85979,0.3867
block,hicp,stoxx,0,34,0.475684,1.25929,1.16315,0.6433
block,hicp,stoxx,0,35,0.449463,1.38771,1.28933,0.7573
block,hicp,stoxx,0,36,0.452284,1.62353,1.51538,0.8587
block,hicp,stoxx,0,37,0.442336,1.08113,0.96768,0.4740
block,hicp,stoxx,0,38,0.435726,0.98769,0.87621,0.4100
block,hicp,stoxx,0,39,0.445805,0.92094,0.83119,0.3587
block,hicp,stoxx,0,40,0.442494,0.83764,0.72015,0.3000
block,hicp,stoxx,0,41,0.423832,0.90074,0.81973,0.3167
block,hicp,stoxx,0,42,0.400616,1.20154,1.07908,0.5593
block,hicp,stoxx,0,43,0.39024,1.14841,1.09373,0.5827
block,hicp,stoxx,0,44,0.382201,1.55792,1.44102,0.8107
block,hicp,stoxx,0,45,0.366187,2.13234,1.98755,0.9640
block,hicp,stoxx,0,46,0.334726,2.87732,2.71947,0.9947
block,hicp,stoxx,0,47,0.298015,3.44851,3.21183,1.0000
block,hicp,stoxx,0,48,0.291808,3.64000,3.44519,0.9993
block,stoxx,mps,0,1,0.0084568,0.84735,0.53760,0.2993
block,stoxx,mps,0,2,0.0244432,0.61685,0.49502,0.1747
block,stoxx,mps,0,3,0.0370386,0.38865,0.31544,0.0713
block,stoxx,mps,0,4,0.0438451,0.37162,0.28787,0.0493
block,stoxx,mps,0,5,0.0474677,0.41895,0.34700,0.0507
block,stoxx,mps,0,6,0.0540061,0.35408,0.27267,0.0333
block,stoxx,mps,0,7,0.0583155,0.28666,0.22733,0.0187
block,stoxx,mps,0,8,0.0682113,0.26407,0.20292,0.0100
block,stoxx,mps,0,9,0.0830743,0.26229,0.20961,0.0087
block,stoxx,mps,0,10,0.0908248,0.21211,0.16385,0.0020
block,stoxx,mps,0,11,0.100372,0.18759,0.14137,0.0027
block,stoxx,mps,0,12,0.105848,0.25415,0.22373,0.0027
block,stoxx,mps,0,13,0.077748,0.25828,0.17853,0.0220
block,stoxx,mps,0,14,0.0769064,0.24122,0.16581,0.0120
block,stoxx,mps,0,15,0.088325,0.21588,0.16606,0.0027
block,stoxx,mps,0,16,0.109167,0.20761,0.16223,0.0013
block,stoxx,mps,0,17,0.149182,0.14518,0.10569,0.0007
block,stoxx,mps,0,18,0.18695,0.14534,0.10983,0.0000
block,stoxx,mps,0,19,0.220328,0.09977,0.06720,0.0007
block,stoxx,mps,0,20,0.281343,0.08870,0.06930,0.0000
block,stoxx,mps,0,21,0.341132,0.07111,0.04992,0.0000
block,stoxx,mps,0,22,0.364882,0.10953,0.07670,0.0000
block,stoxx,mps,0,23,0.381136,0.10413,0.05610,0.0000
block,stoxx,mps,0,24,0.398061,0.13101,0.09528,0.0000
block,stoxx,mps,0,25,0.366267,0.12824,0.10391,0.0000
block,stoxx,mps,0,26,0.386535,0.11061,0.08061,0.0000
block,stoxx,mps,0,27,0.402315,0.09672,0.07640,0.0000
block,stoxx,mps,0,28,0.41433,0.06762,0.05398,0.0000
block,stoxx,mps,0,29,0.425385,0.06249,0.04956,0.0000
block,stoxx,mps,0,30,0.436437,0.04173,0.03172,0.0000
block,stoxx,mps,0,31,0.435744,0.03977,0.02315,0.0000
block,stoxx,mps,0,32,0.474666,0.04442,0.03484,0.0000
block,stoxx,mps,0,33,0.49041,0.05124,0.04439,0.0000
block,stoxx,mps,0,34,0.475684,0.04648,0.03647,0.0000
block,stoxx,mps,0,35,0.449463,0.05432,0.04445,0.0000
block,stoxx,mps,0,36,0.452284,0.04897,0.04103,0.0000
block,stoxx,mps,0,37,0.442336,0.04423,0.03498,0.0000
block,stoxx,mps,0,38,0.435726,0.04672,0.03910,0.0000
block,stoxx,mps,0,39,0.445805,0.04846,0.04088,0.0000
block,stoxx,mps,0,40,0.442494,0.05239,0.04142,0.0000
block,stoxx,mps,0,41,0.423832,0.04174,0.02875,0.0000
block,stoxx,mps,0,42,0.400616,0.04633,0.03304,0.0000
block,stoxx,mps,0,43,0.39024,0.03733,0.02658,0.0000
block,stoxx,mps,0,44,0.382201,0.06119,0.04740,0.0000
block,stoxx,mps,0,45,0.366187,0.05079,0.03729,0.0000
block,stoxx,mps,0,46,0.334726,0.07433,0.06253,0.0000
block,stoxx,mps,0,47,0.298015,0.07299,0.05232,0.0000
block,stoxx,mps,0,48,0.291808,0.05746,0.03978,0.0000
block,stoxx,i1y,0,1,0.0084568,0.47308,0.38169,0.0793
block,stoxx,i1y,0,2,0.0244432,0.47226,0.34891,0.1013
block,stoxx,i1y,0,3,0.0370386,0.83719,0.56968,0.2960
block,stoxx,i1y,0,4,0.0438451,0.69654,0.50756,0.2193
block,stoxx,i1y,0,5,0.0474677,0.93672,0.57358,0.3160
block,stoxx,i1y,0,6,0.0540061,0.84307,0.54531,0.2620
block,stoxx,i1y,0,7,0.0583155,1.53836,0.97550,0.4953
block,stoxx,i1y,0,8,0.0682113,3.02803,2.37723,0.7280
block,stoxx,i1y,0,9,0.0830743,5.10372,4.49031,0.9247
block,stoxx,i1y,0,10,0.0908248,4.26701,3.91970,0.8453
block,stoxx,i1y,0,11,0.100372,4.63102,4.46950,0.9000
block,stoxx,i1y,0,12,0.105848,6.14870,5.78864,0.9687
block,stoxx,i1y,0,13,0.077748,8.96413,8.54439,0.9913
block,stoxx,i1y,0,14,0.0769064,10.17732,9.37492,0.9993
block,stoxx,i1y,0,15,0.088325,10.19005,9.52832,0.9973
block,stoxx,i1y,0,16,0.109167,9.17532,8.45583,1.0000
block,stoxx,i1y,0,17,0.149182,6.68953,6.10578,1.0000
block,stoxx,i1y,0,18,0.18695,5.67892,5.31122,1.0000
block,stoxx,i1y,0,19,0.220328,4.45512,3.98689,1.0000
block,stoxx,i1y,0,20,0.281343,3.23973,2.97656,0.9987
block,stoxx,i1y,0,21,0.341132,2.77523,2.53307,0.9993
block,stoxx,i1y,0,22,0.364882,2.66037,2.45528,0.9960
block,stoxx,i1y,0,23,0.381136,2.45375,2.23389,0.9960
block,stoxx,i1y,0,24,0.398061,2.41800,2.21025,0.9907
block,stoxx,i1y,0,25,0.366267,2.63776,2.43323,0.9973
block,stoxx,i1y,0,26,0.386535,2.43029,2.17235,0.9940
block,stoxx,i1y,0,27,0.402315,2.43506,2.20649,0.9893
block,stoxx,i1y,0,28,0.41433,2.41746,2.13685,0.9820
block,stoxx,i1y,0,29,0.425385,2.54974,2.33428,0.9860
block,stoxx,i1y,0,30,0.436437,2.51807,2.26012,0.9733
block,stoxx,i1y,0,31,0.435744,2.30645,2.05597,0.9587
block,stoxx,i1y,0,32,0.474666,2.07690,1.87499,0.9307
block,stoxx,i1y,0,33,0.49041,2.07999,1.88085,0.9420
block,stoxx,i1y,0,34,0.475684,1.98258,1.81787,0.9100
block,stoxx,i1y,0,35,0.449463,1.86505,1.67718,0.9013
block,stoxx,i1y,0,36,0.452284,1.74767,1.57989,0.8547
block,stoxx,i1y,0,37,0.442336,1.77871,1.52844,0.8400
block,stoxx,i1y,0,38,0.435726,1.61489,1.44878,0.7813
block,stoxx,i1y,0,39,0.445805,1.49368,1.31263,0.7280
block,stoxx,i1y,0,40,0.442494,1.46916,1.31730,0.7647
block,stoxx,i1y,0,41,0.423832,1.64684,1.49987,0.8167
block,stoxx,i1y,0,42,0.400616,1.85751,1.68835,0.9020
block,stoxx,i1y,0,43,0.39024,1.86636,1.69569,0.8853
block,stoxx,i1y,0,44,0.382201,1.99768,1.76371,0.8813
block,stoxx,i1y,0,45,0.366187,1.84862,1.66995,0.8820
block,stoxx,i1y,0,46,0.334726,1.86904,1.65292,0.8887
block,stoxx,i1y,0,47,0.298015,2.17096,1.90614,0.9347
block,stoxx,i1y,0,48,0.291808,1.89899,1.67361,0.8767
block,stoxx,ip,0,1,0.0084568,0.65334,0.47726,0.1947
block,stoxx,ip,0,2,0.0244432,0.48494,0.32791,0.1187
block,stoxx,ip,0,3,0.0370386,0.51133,0.37869,0.1380
block,stoxx,ip,0,4,0.0438451,0.54233,0.41347,0.1293
block,stoxx,ip,0,5,0.0474677,0.74008,0.55743,0.2453
block,stoxx,ip,0,6,0.0540061,0.50077,0.33343,0.0913
block,stoxx,ip,0,7,0.0583155,0.90680,0.65893,0.3247
block,stoxx,ip,0,8,0.0682113,1.19664,0.66722,0.3747
block,stoxx,ip,0,9,0.0830743,3.12569,2.62933,0.8387
block,stoxx,ip,0,10,0.0908248,2.82945,2.28960,0.7173
block,stoxx,ip,0,11,0.100372,3.22493,3.00084,0.7973
block,stoxx,ip,0,12,0.105848,4.82878,4.60296,0.9433
block,stoxx,ip,0,13,0.077748,7.53990,7.38974,0.9767
block,stoxx,ip,0,14,0.0769064,8.55772,8.27883,0.9840
block,stoxx,ip,0,15,0.088325,8.90108,8.30235,1.0000
block,stoxx,ip,0,16,0.109167,8.58217,8.15470,1.0000
block,stoxx,ip,0,17,0.149182,6.75811,6.45397,1.0000
block,stoxx,ip,0,18,0.18695,6.40281,6.10515,1.0000
block,stoxx,ip,0,19,0.220328,5.35000,5.08663,1.0000
block,stoxx,ip,0,20,0.281343,4.33042,4.14198,1.0000
block,stoxx,ip,0,21,0.341132,3.52193,3.34139,1.0000
block,stoxx,ip,0,22,0.364882,3.47096,3.26764,1.0000
block,stoxx,ip,0,23,0.381136,3.15187,3.00192,1.0000
block,stoxx,ip,0,24,0.398061,3.03629,2.91054,0.9993
block,stoxx,ip,0,25,0.366267,3.17599,3.01698,1.0000
block,stoxx,ip,0,26,0.386535,3.08213,2.90094,1.0000
block,stoxx,ip,0,27,0.402315,2.86273,2.71067,0.9980
block,stoxx,ip,0,28,0.41433,2.65355,2.53727,1.0000
block,stoxx,ip,0,29,0.425385,2.45019,2.32211,0.9993
block,stoxx,ip,0,30,0.436437,2.42179,2.28650,0.9987
block,stoxx,ip,0,31,0.435744,2.46963,2.33374,0.9987
block,stoxx,ip,0,32,0.474666,2.30189,2.16466,0.9933
block,stoxx,ip,0,33,0.49041,2.24740,2.13593,0.9953
block,stoxx,ip,0,34,0.475684,2.30462,2.20907,0.9933
block,stoxx,ip,0,35,0.449463,2.32593,2.21232,0.9860
block,stoxx,ip,0,36,0.452284,2.24259,2.11670,0.9860
block,stoxx,ip,0,37,0.442336,2.16616,2.04279,0.9807
block,stoxx,ip,0,38,0.435726,2.15209,2.01171,0.9627
block,stoxx,ip,0,39,0.445805,1.89650,1.78914,0.9200
block,stoxx,ip,0,40,0.442494,1.74140,1.61088,0.8320
block,stoxx,ip,0,41,0.423832,1.37639,1.22559,0.6640
block,stoxx,ip,0,42,0.400616,1.14437,0.99047,0.4940
block,stoxx,ip,0,43,0.39024,0.95496,0.83501,0.3800
block,stoxx,ip,0,44,0.382201,0.71683,0.66850,0.2153
block,stoxx,ip,0,45,0.366187,0.75120,0.61290,0.2460
block,stoxx,ip,0,46,0.334726,0.58415,0.43334,0.1847
block,stoxx,ip,0,47,0.298015,0.76406,0.62375,0.2727
block,stoxx,ip,0,48,0.291808,0.55759,0.40892,0.1580
block,stoxx,hicp,0,1,0.0084568,0.61776,0.47205,0.1933
block,stoxx,hicp,0,2,0.0244432,0.46611,0.35742,0.1087
block,stoxx,hicp,0,3,0.0370386,0.33670,0.12593,0.0927
block,stoxx,hicp,0,4,0.0438451,0.61096,0.50977,0.1667
block,stoxx,hicp,0,5,0.0474677,0.65721,0.53370,0.1707
block,stoxx,hicp,0,6,0.0540061,0.54091,0.41178,0.1413
block,stoxx,hicp,0,7,0.0583155,0.95679,0.72589,0.3573
block,stoxx,hicp,0,8,0.0682113,0.77932,0.56477,0.2760
block,stoxx,hicp,0,9,0.0830743,0.74593,0.59559,0.2527
block,stoxx,hicp,0,10,0.0908248,0.56734,0.42566,0.1593
block,stoxx,hicp,0,11,0.100372,0.39818,0.22300,0.1033
block,stoxx,hicp,0,12,0.105848,0.77261,0.63804,0.2787
block,stoxx,hicp,0,13,0.077748,0.74573,0.57283,0.2727
block,stoxx,hicp,0,14,0.0769064,0.94756,0.75849,0.3520
block,stoxx,hicp,0,15,0.088325,0.80209,0.64054,0.2820
block,stoxx,hicp,0,16,0.109167,0.71881,0.52488,0.2387
block,stoxx,hicp,0,17,0.149182,0.80436,0.72857,0.2653
block,stoxx,hicp,0,18,0.18695,0.91885,0.85112,0.3667
block,stoxx,hicp,0,19,0.220328,0.94560,0.85258,0.3560
block,stoxx,hicp,0,20,0.281343,0.90640,0.85018,0.3687
block,stoxx,hicp,0,21,0.341132,0.96047,0.89732,0.3887
block,stoxx,hicp,0,22,0.364882,0.94167,0.86787,0.3700
block,stoxx,hicp,0,23,0.381136,0.93757,0.87669,0.3647
block,stoxx,hicp,0,24,0.398061,0.80301,0.74723,0.2227
block,stoxx,hicp,0,25,0.366267,0.84468,0.76546,0.2673
block,stoxx,hicp,0,26,0.386535,0.64090,0.60144,0.1360
block,stoxx,hicp,0,27,0.402315,0.69318,0.61934,0.1540
block,stoxx,hicp,0,28,0.41433,0.63451,0.60203,0.1240
block,stoxx,hicp,0,29,0.425385,0.65434,0.59628,0.1387
block,stoxx,hicp,0,30,0.436437,0.51661,0.48536,0.0867
block,stoxx,hicp,0,31,0.435744,0.50609,0.43479,0.0927
block,stoxx,hicp,0,32,0.474666,0.40690,0.35607,0.0393
block,stoxx,hicp,0,33,0.49041,0.45417,0.40322,0.0460
block,stoxx,hicp,0,34,0.475684,0.30649,0.22220,0.0233
block,stoxx,hicp,0,35,0.449463,0.35819,0.29942,0.0273
block,stoxx,hicp,0,36,0.452284,0.26126,0.19552,0.0067
block,stoxx,hicp,0,37,0.442336,0.29176,0.22539,0.0193
block,stoxx,hicp,0,38,0.435726,0.35280,0.27155,0.0407
block,stoxx,hicp,0,39,0.445805,0.31084,0.25222,0.0180
block,stoxx,hicp,0,40,0.442494,0.27608,0.20530,0.0267
block,stoxx,hicp,0,41,0.423832,0.30175,0.25341,0.0133
block,stoxx,hicp,0,42,0.400616,0.33511,0.27693,0.0260
block,stoxx,hicp,0,43,0.39024,0.34942,0.27591,0.0313
block,stoxx,hicp,0,44,0.382201,0.29597,0.22874,0.0233
block,stoxx,hicp,0,45,0.366187,0.33904,0.28214,0.0213
block,stoxx,hicp,0,46,0.334726,0.33691,0.25652,0.0327
block,stoxx,hicp,0,47,0.298015,0.31939,0.22121,0.0440
block,stoxx,hicp,0,48,0.291808,0.26385,0.16595,0.0213
block,stoxx,stoxx,0,1,0.0084568,0.98026,0.51839,0.2620
block,stoxx,stoxx,0,2,0.0244432,0.50621,0.31851,0.1367
block,stoxx,stoxx,0,3,0.0370386,0.76398,0.51914,0.2507
block,stoxx,stoxx,0,4,0.0438451,0.48407,0.37589,0.1080
block,stoxx,stoxx,0,5,0.0474677,0.55933,0.37147,0.1240
block,stoxx,stoxx,0,6,0.0540061,0.59951,0.38104,0.1687
block,stoxx,stoxx,0,7,0.0583155,0.61040,0.45994,0.1667
block,stoxx,stoxx,0,8,0.0682113,0.78020,0.59725,0.2840
block,stoxx,stoxx,0,9,0.0830743,0.90533,0.71395,0.3287
block,stoxx,stoxx,0,10,0.0908248,0.71407,0.49263,0.2247
block,stoxx,stoxx,0,11,0.100372,0.54814,0.30259,0.1893
block,stoxx,stoxx,0,12,0.105848,0.87197,0.65692,0.3060
block,stoxx,stoxx,0,13,0.077748,0.72432,0.43431,0.2327
block,stoxx,stoxx,0,14,0.0769064,1.03015,0.71211,0.3267
block,stoxx,stoxx,0,15,0.088325,0.90890,0.72700,0.3373
block,stoxx,stoxx,0,16,0.109167,0.65062,0.44685,0.2040
block,stoxx,stoxx,0,17,0.149182,0.48141,0.34688,0.1333
block,stoxx,stoxx,0,18,0.18695,0.55756,0.43485,0.1453
block,stoxx,stoxx,0,19,0.220328,0.56486,0.37927,0.1607
block,stoxx,stoxx,0,20,0.281343,0.45833,0.33683,0.1040
block,stoxx,stoxx,0,21,0.341132,0.46296,0.38646,0.0753
block,stoxx,stoxx,0,22,0.364882,0.38576,0.31441,0.0407
block,stoxx,stoxx,0,23,0.381136,0.58870,0.46745,0.1673
block,stoxx,stoxx,0,24,0.398061,0.63953,0.50942,0.1960
block,stoxx,stoxx,0,25,0.366267,1.02572,0.90588,0.4320
block,stoxx,stoxx,0,26,0.386535,1.23853,1.13435,0.5913
block,stoxx,stoxx,0,27,0.402315,1.19197,1.08955,0.5627
block,stoxx,stoxx,0,28,0.41433,1.29203,1.19231,0.6607
block,stoxx,stoxx,0,29,0.425385,1.37103,1.26865,0.7053
block,stoxx,stoxx,0,30,0.436437,1.49237,1.35345,0.8033
block,stoxx,stoxx,0,31,0.435744,1.50729,1.42689,0.8333
block,stoxx,stoxx,0,32,0.474666,1.40080,1.29226,0.7740
block,stoxx,stoxx,0,33,0.49041,1.28547,1.20140,0.6933
block,stoxx,stoxx,0,34,0.475684,1.34496,1.26001,0.7553
block,stoxx,stoxx,0,35,0.449463,1.39063,1.29343,0.7927
block,stoxx,stoxx,0,36,0.452284,1.44236,1.37165,0.8140
block,stoxx,stoxx,0,37,0.442336,1.38341,1.28505,0.7713
block,stoxx,stoxx,0,38,0.435726,1.38993,1.30364,0.7893
block,stoxx,stoxx,0,39,0.445805,1.36468,1.26368,0.7600
block,stoxx,stoxx,0,40,0.442494,1.42133,1.34602,0.7927
block,stoxx,stoxx,0,41,0.423832,1.42233,1.32439,0.7893
block,stoxx,stoxx,0,42,0.400616,1.43209,1.33818,0.7813
block,stoxx,stoxx,0,43,0.39024,1.45922,1.36191,0.7980
block,stoxx,stoxx,0,44,0.382201,1.40365,1.30206,0.7347
block,stoxx,stoxx,0,45,0.366187,1.44151,1.32156,0.7313
block,stoxx,stoxx,0,46,0.334726,1.50036,1.38136,0.7400
block,stoxx,stoxx,0,47,0.298015,1.70459,1.58340,0.8393
block,stoxx,stoxx,0,48,0.291808,1.38703,1.29212,0.6867
pooled,mps,mps,0,1,0.0084568,0.10783,0.09254,0.0000
pooled,mps,mps,0,2,0.0244432,0.10208,0.08957,0.0000
pooled,mps,mps,0,3,0.0370386,0.09904,0.08652,0.0000
pooled,mps,mps,0,4,0.0438451,0.09724,0.08336,0.0000
pooled,mps,mps,0,5,0.0474677,0.09663,0.08232,0.0000
pooled,mps,mps,0,6,0.0540061,0.09478,0.08113,0.0000
pooled,mps,mps,0,7,0.0583155,0.09365,0.08052,0.0000
pooled,mps,mps,0,8,0.0682113,0.09256,0.07768,0.0000
pooled,mps,mps,0,9,0.0830743,0.09062,0.07794,0.0000
pooled,mps,mps,0,10,0.0908248,0.08865,0.07701,0.0000
pooled,mps,mps,0,11,0.100372,0.08598,0.07621,0.0000
pooled,mps,mps,0,12,0.105848,0.08497,0.07261,0.0000
pooled,mps,mps,0,13,0.077748,0.08508,0.07247,0.0000
pooled,mps,mps,0,14,0.0769064,0.08520,0.07248,0.0000
pooled,mps,mps,0,15,0.088325,0.08736,0.07598,0.0000
pooled,mps,mps,0,16,0.109167,0.08976,0.07876,0.0000
pooled,mps,mps,0,17,0.149182,0.09315,0.08524,0.0000
pooled,mps,mps,0,18,0.18695,0.09689,0.09065,0.0000
pooled,mps,mps,0,19,0.220328,0.10051,0.09605,0.0000
pooled,mps,mps,0,20,0.281343,0.10562,0.10049,0.0000
pooled,mps,mps,0,21,0.341132,0.11115,0.10740,0.0000
pooled,mps,mps,0,22,0.364882,0.11741,0.11376,0.0000
pooled,mps,mps,0,23,0.381136,0.12149,0.11922,0.0000
pooled,mps,mps,0,24,0.398061,0.12840,0.12653,0.0000
pooled,mps,mps,0,25,0.366267,0.13627,0.13299,0.0000
pooled,mps,mps,0,26,0.386535,0.14493,0.14334,0.0000
pooled,mps,mps,0,27,0.402315,0.15102,0.14836,0.0000
pooled,mps,mps,0,28,0.41433,0.15078,0.14726,0.0000
pooled,mps,mps,0,29,0.425385,0.14246,0.13848,0.0000
pooled,mps,mps,0,30,0.436437,0.13346,0.13081,0.0000
pooled,mps,mps,0,31,0.435744,0.12691,0.12455,0.0000
pooled,mps,mps,0,32,0.474666,0.11850,0.11801,0.0000
pooled,mps,mps,0,33,0.49041,0.11152,0.11088,0.0000
pooled,mps,mps,0,34,0.475684,0.10712,0.10544,0.0000
pooled,mps,mps,0,35,0.449463,0.10387,0.10281,0.0000
pooled,mps,mps,0,36,0.452284,0.09973,0.09895,0.0000
pooled,mps,mps,0,37,0.442336,0.09610,0.09445,0.0000
pooled,mps,mps,0,38,0.435726,0.09145,0.08961,0.0000
pooled,mps,mps,0,39,0.445805,0.08426,0.08215,0.0000
pooled,mps,mps,0,40,0.442494,0.07838,0.07620,0.0000
pooled,mps,mps,0,41,0.423832,0.07266,0.07149,0.0000
pooled,mps,mps,0,42,0.400616,0.06684,0.06562,0.0000
pooled,mps,mps,0,43,0.39024,0.06260,0.06064,0.0000
pooled,mps,mps,0,44,0.382201,0.06051,0.05805,0.0000
pooled,mps,mps,0,45,0.366187,0.05836,0.05474,0.0000
pooled,mps,mps,0,46,0.334726,0.05629,0.05268,0.0000
pooled,mps,mps,0,47,0.298015,0.05458,0.05051,0.0000
pooled,mps,mps,0,48,0.291808,0.05379,0.04918,0.0000
pooled,mps,i1y,0,1,0.0084568,0.05837,0.04582,0.0000
pooled,mps,i1y,0,2,0.0244432,0.05493,0.04550,0.0000
pooled,mps,i1y,0,3,0.0370386,0.05322,0.04542,0.0000
pooled,mps,i1y,0,4,0.0438451,0.05124,0.04599,0.0000
pooled,mps,i1y,0,5,0.0474677,0.05061,0.04372,0.0000
pooled,mps,i1y,0,6,0.0540061,0.04919,0.04272,0.0000
pooled,mps,i1y,0,7,0.0583155,0.04796,0.04066,0.0000
pooled,mps,i1y,0,8,0.0682113,0.04712,0.03943,0.0000
pooled,mps,i1y,0,9,0.0830743,0.04639,0.03814,0.0000
pooled,mps,i1y,0,10,0.0908248,0.04570,0.03591,0.0000
pooled,mps,i1y,0,11,0.100372,0.04539,0.03544,0.0000
pooled,mps,i1y,0,12,0.105848,0.04552,0.03632,0.0000
pooled,mps,i1y,0,13,0.077748,0.04631,0.03575,0.0000
pooled,mps,i1y,0,14,0.0769064,0.04615,0.03554,0.0000
pooled,mps,i1y,0,15,0.088325,0.04546,0.03582,0.0000
pooled,mps,i1y,0,16,0.109167,0.04468,0.03504,0.0000
pooled,mps,i1y,0,17,0.149182,0.04339,0.03208,0.0000
pooled,mps,i1y,0,18,0.18695,0.04294,0.02969,0.0000
pooled,mps,i1y,0,19,0.220328,0.04245,0.02892,0.0000
pooled,mps,i1y,0,20,0.281343,0.04088,0.02849,0.0000
pooled,mps,i1y,0,21,0.341132,0.03897,0.02784,0.0000
pooled,mps,i1y,0,22,0.364882,0.03744,0.02742,0.0000
pooled,mps,i1y,0,23,0.381136,0.03681,0.02575,0.0000
pooled,mps,i1y,0,24,0.398061,0.03607,0.02528,0.0000
pooled,mps,i1y,0,25,0.366267,0.03471,0.02358,0.0000
pooled,mps,i1y,0,26,0.386535,0.03450,0.02305,0.0000
pooled,mps,i1y,0,27,0.402315,0.03562,0.02321,0.0000
pooled,mps,i1y,0,28,0.41433,0.03553,0.02341,0.0000
pooled,mps,i1y,0,29,0.425385,0.03554,0.02312,0.0000
pooled,mps,i1y,0,30,0.436437,0.03542,0.02302,0.0000
pooled,mps,i1y,0,31,0.435744,0.03567,0.02247,0.0000
pooled,mps,i1y,0,32,0.474666,0.03571,0.02193,0.0000
pooled,mps,i1y,0,33,0.49041,0.03582,0.02311,0.0000
pooled,mps,i1y,0,34,0.475684,0.03574,0.02359,0.0000
pooled,mps,i1y,0,35,0.449463,0.03544,0.02479,0.0000
pooled,mps,i1y,0,36,0.452284,0.03583,0.02567,0.0000
pooled,mps,i1y,0,37,0.442336,0.03580,0.02642,0.0000
pooled,mps,i1y,0,38,0.435726,0.03644,0.02694,0.0000
pooled,mps,i1y,0,39,0.445805,0.03657,0.02605,0.0000
pooled,mps,i1y,0,40,0.442494,0.03640,0.02425,0.0000
pooled,mps,i1y,0,41,0.423832,0.03655,0.02570,0.0000
pooled,mps,i1y,0,42,0.400616,0.03622,0.02552,0.0000
pooled,mps,i1y,0,43,0.39024,0.03662,0.02454,0.0000
pooled,mps,i1y,0,44,0.382201,0.03716,0.02467,0.0000
pooled,mps,i1y,0,45,0.366187,0.03878,0.02520,0.0000
pooled,mps,i1y,0,46,0.334726,0.03960,0.02759,0.0000
pooled,mps,i1y,0,47,0.298015,0.04096,0.02638,0.0000
pooled,mps,i1y,0,48,0.291808,0.04187,0.02689,0.0000
pooled,mps,ip,0,1,0.0084568,0.13384,0.10089,0.0000
pooled,mps,ip,0,2,0.0244432,0.12445,0.09439,0.0000
pooled,mps,ip,0,3,0.0370386,0.12031,0.09074,0.0000
pooled,mps,ip,0,4,0.0438451,0.11925,0.08756,0.0000
pooled,mps,ip,0,5,0.0474677,0.12063,0.08437,0.0000
pooled,mps,ip,0,6,0.0540061,0.12533,0.08604,0.0000
pooled,mps,ip,0,7,0.0583155,0.12887,0.08757,0.0000
pooled,mps,ip,0,8,0.0682113,0.13096,0.08901,0.0000
pooled,mps,ip,0,9,0.0830743,0.13385,0.08988,0.0000
pooled,mps,ip,0,10,0.0908248,0.13349,0.08986,0.0000
pooled,mps,ip,0,11,0.100372,0.13209,0.09152,0.0000
pooled,mps,ip,0,12,0.105848,0.12928,0.09294,0.0000
pooled,mps,ip,0,13,0.077748,0.12549,0.09306,0.0000
pooled,mps,ip,0,14,0.0769064,0.12230,0.09574,0.0000
pooled,mps,ip,0,15,0.088325,0.12094,0.10303,0.0000
pooled,mps,ip,0,16,0.109167,0.11795,0.10413,0.0000
pooled,mps,ip,0,17,0.149182,0.11473,0.10394,0.0000
pooled,mps,ip,0,18,0.18695,0.11088,0.10032,0.0000
pooled,mps,ip,0,19,0.220328,0.10599,0.09565,0.0000
pooled,mps,ip,0,20,0.281343,0.10084,0.09243,0.0000
pooled,mps,ip,0,21,0.341132,0.09660,0.08810,0.0000
pooled,mps,ip,0,22,0.364882,0.09276,0.08333,0.0000
pooled,mps,ip,0,23,0.381136,0.09147,0.08266,0.0000
pooled,mps,ip,0,24,0.398061,0.08909,0.07827,0.0000
pooled,mps,ip,0,25,0.366267,0.08533,0.07488,0.0000
pooled,mps,ip,0,26,0.386535,0.08337,0.07268,0.0000
pooled,mps,ip,0,27,0.402315,0.08302,0.07039,0.0000
pooled,mps,ip,0,28,0.41433,0.08033,0.07025,0.0000
pooled,mps,ip,0,29,0.425385,0.07705,0.06867,0.0000
pooled,mps,ip,0,30,0.436437,0.07385,0.06713,0.0000
pooled,mps,ip,0,31,0.435744,0.06997,0.06541,0.0000
pooled,mps,ip,0,32,0.474666,0.06577,0.06156,0.0000
pooled,mps,ip,0,33,0.49041,0.06162,0.05785,0.0000
pooled,mps,ip,0,34,0.475684,0.06020,0.05596,0.0000
pooled,mps,ip,0,35,0.449463,0.05854,0.05337,0.0000
pooled,mps,ip,0,36,0.452284,0.05782,0.05140,0.0000
pooled,mps,ip,0,37,0.442336,0.05743,0.04899,0.0000
pooled,mps,ip,0,38,0.435726,0.05930,0.04882,0.0000
pooled,mps,ip,0,39,0.445805,0.06023,0.04795,0.0000
pooled,mps,ip,0,40,0.442494,0.06065,0.04479,0.0000
pooled,mps,ip,0,41,0.423832,0.06305,0.04491,0.0000
pooled,mps,ip,0,42,0.400616,0.06583,0.04503,0.0000
pooled,mps,ip,0,43,0.39024,0.06875,0.04660,0.0000
pooled,mps,ip,0,44,0.382201,0.07275,0.04951,0.0000
pooled,mps,ip,0,45,0.366187,0.07475,0.05010,0.0000
pooled,mps,ip,0,46,0.334726,0.07593,0.04923,0.0000
pooled,mps,ip,0,47,0.298015,0.07903,0.05135,0.0000
pooled,mps,ip,0,48,0.291808,0.08441,0.04998,0.0000
pooled,mps,hicp,0,1,0.0084568,0.10007,0.04875,0.0000
pooled,mps,hicp,0,2,0.0244432,0.08211,0.04561,0.0000
pooled,mps,hicp,0,3,0.0370386,0.07109,0.04167,0.0000
pooled,mps,hicp,0,4,0.0438451,0.06305,0.03942,0.0000
pooled,mps,hicp,0,5,0.0474677,0.05629,0.03664,0.0000
pooled,mps,hicp,0,6,0.0540061,0.05236,0.03454,0.0000
pooled,mps,hicp,0,7,0.0583155,0.04697,0.03397,0.0000
pooled,mps,hicp,0,8,0.0682113,0.04556,0.03333,0.0000
pooled,mps,hicp,0,9,0.0830743,0.04476,0.03156,0.0000
pooled,mps,hicp,0,10,0.0908248,0.04448,0.02918,0.0000
pooled,mps,hicp,0,11,0.100372,0.04371,0.02628,0.0000
pooled,mps,hicp,0,12,0.105848,0.04087,0.02339,0.0000
pooled,mps,hicp,0,13,0.077748,0.03847,0.02236,0.0000
pooled,mps,hicp,0,14,0.0769064,0.03484,0.01983,0.0000
pooled,mps,hicp,0,15,0.088325,0.03156,0.01841,0.0000
pooled,mps,hicp,0,16,0.109167,0.02812,0.01713,0.0000
pooled,mps,hicp,0,17,0.149182,0.02655,0.01542,0.0000
pooled,mps,hicp,0,18,0.18695,0.02550,0.01455,0.0000
pooled,mps,hicp,0,19,0.220328,0.02245,0.01325,0.0000
pooled,mps,hicp,0,20,0.281343,0.02026,0.01222,0.0000
pooled,mps,hicp,0,21,0.341132,0.01856,0.01109,0.0000
pooled,mps,hicp,0,22,0.364882,0.01643,0.00971,0.0000
pooled,mps,hicp,0,23,0.381136,0.01436,0.00906,0.0000
pooled,mps,hicp,0,24,0.398061,0.01349,0.00884,0.0000
pooled,mps,hicp,0,25,0.366267,0.01233,0.00828,0.0000
pooled,mps,hicp,0,26,0.386535,0.01128,0.00760,0.0000
pooled,mps,hicp,0,27,0.402315,0.01071,0.00734,0.0000
pooled,mps,hicp,0,28,0.41433,0.01034,0.00731,0.0000
pooled,mps,hicp,0,29,0.425385,0.00974,0.00717,0.0000
pooled,mps,hicp,0,30,0.436437,0.00915,0.00696,0.0000
pooled,mps,hicp,0,31,0.435744,0.00878,0.00668,0.0000
pooled,mps,hicp,0,32,0.474666,0.00838,0.00653,0.0000
pooled,mps,hicp,0,33,0.49041,0.00816,0.00660,0.0000
pooled,mps,hicp,0,34,0.475684,0.00779,0.00668,0.0000
pooled,mps,hicp,0,35,0.449463,0.00735,0.00659,0.0000
pooled,mps,hicp,0,36,0.452284,0.00718,0.00658,0.0000
pooled,mps,hicp,0,37,0.442336,0.00706,0.00649,0.0000
pooled,mps,hicp,0,38,0.435726,0.00707,0.00642,0.0000
pooled,mps,hicp,0,39,0.445805,0.00710,0.00644,0.0000
pooled,mps,hicp,0,40,0.442494,0.00738,0.00640,0.0000
pooled,mps,hicp,0,41,0.423832,0.00760,0.00647,0.0000
pooled,mps,hicp,0,42,0.400616,0.00794,0.00682,0.0000
pooled,mps,hicp,0,43,0.39024,0.00857,0.00733,0.0000
pooled,mps,hicp,0,44,0.382201,0.00935,0.00742,0.0000
pooled,mps,hicp,0,45,0.366187,0.00963,0.00757,0.0000
pooled,mps,hicp,0,46,0.334726,0.01002,0.00776,0.0000
pooled,mps,hicp,0,47,0.298015,0.01088,0.00780,0.0000
pooled,mps,hicp,0,48,0.291808,0.01199,0.00773,0.0000
pooled,mps,stoxx,0,1,0.0084568,0.20795,0.11574,0.0220
pooled,mps,stoxx,0,2,0.0244432,0.18811,0.10874,0.0140
pooled,mps,stoxx,0,3,0.0370386,0.17466,0.10590,0.0087
pooled,mps,stoxx,0,4,0.0438451,0.15939,0.10573,0.0000
pooled,mps,stoxx,0,5,0.0474677,0.14406,0.10361,0.0000
pooled,mps,stoxx,0,6,0.0540061,0.13095,0.10436,0.0000
pooled,mps,stoxx,0,7,0.0583155,0.11774,0.09914,0.0000
pooled,mps,stoxx,0,8,0.0682113,0.10982,0.09335,0.0000
pooled,mps,stoxx,0,9,0.0830743,0.10249,0.08539,0.0000
pooled,mps,stoxx,0,10,0.0908248,0.09601,0.08009,0.0000
pooled,mps,stoxx,0,11,0.100372,0.09346,0.07583,0.0000
pooled,mps,stoxx,0,12,0.105848,0.08842,0.07164,0.0000
pooled,mps,stoxx,0,13,0.077748,0.08563,0.07034,0.0000
pooled,mps,stoxx,0,14,0.0769064,0.08086,0.06504,0.0000
pooled,mps,stoxx,0,15,0.088325,0.07565,0.06044,0.0000
pooled,mps,stoxx,0,16,0.109167,0.07063,0.05651,0.0000
pooled,mps,stoxx,0,17,0.149182,0.06687,0.05522,0.0000
pooled,mps,stoxx,0,18,0.18695,0.06204,0.05224,0.0000
pooled,mps,stoxx,0,19,0.220328,0.05735,0.04802,0.0000
pooled,mps,stoxx,0,20,0.281343,0.05387,0.04563,0.0000
pooled,mps,stoxx,0,21,0.341132,0.05039,0.04227,0.0000
pooled,mps,stoxx,0,22,0.364882,0.04778,0.03943,0.0000
pooled,mps,stoxx,0,23,0.381136,0.04622,0.03914,0.0000
pooled,mps,stoxx,0,24,0.398061,0.04537,0.03931,0.0000
pooled,mps,stoxx,0,25,0.366267,0.04364,0.03904,0.0000
pooled,mps,stoxx,0,26,0.386535,0.04218,0.03725,0.0000
pooled,mps,stoxx,0,27,0.402315,0.04095,0.03609,0.0000
pooled,mps,stoxx,0,28,0.41433,0.03995,0.03561,0.0000
pooled,mps,stoxx,0,29,0.425385,0.03756,0.03380,0.0000
pooled,mps,stoxx,0,30,0.436437,0.03577,0.03353,0.0000
pooled,mps,stoxx,0,31,0.435744,0.03557,0.03326,0.0000
pooled,mps,stoxx,0,32,0.474666,0.03563,0.03301,0.0000
pooled,mps,stoxx,0,33,0.49041,0.03511,0.03260,0.0000
pooled,mps,stoxx,0,34,0.475684,0.03458,0.03214,0.0000
pooled,mps,stoxx,0,35,0.449463,0.03387,0.03115,0.0000
pooled,mps,stoxx,0,36,0.452284,0.03285,0.03057,0.0000
pooled,mps,stoxx,0,37,0.442336,0.03226,0.03003,0.0000
pooled,mps,stoxx,0,38,0.435726,0.03157,0.02954,0.0000
pooled,mps,stoxx,0,39,0.445805,0.03033,0.02853,0.0000
pooled,mps,stoxx,0,40,0.442494,0.02885,0.02693,0.0000
pooled,mps,stoxx,0,41,0.423832,0.02834,0.02635,0.0000
pooled,mps,stoxx,0,42,0.400616,0.02786,0.02486,0.0000
pooled,mps,stoxx,0,43,0.39024,0.02840,0.02380,0.0000
pooled,mps,stoxx,0,44,0.382201,0.02885,0.02249,0.0000
pooled,mps,stoxx,0,45,0.366187,0.03020,0.02224,0.0000
pooled,mps,stoxx,0,46,0.334726,0.03112,0.02173,0.0000
pooled,mps,stoxx,0,47,0.298015,0.03181,0.02203,0.0000
pooled,mps,stoxx,0,48,0.291808,0.03208,0.02111,0.0000
pooled,i1y,mps,0,1,0.0084568,0.21951,0.14920,0.0213
pooled,i1y,mps,0,2,0.0244432,0.16422,0.11543,0.0013
pooled,i1y,mps,0,3,0.0370386,0.12370,0.10302,0.0000
pooled,i1y,mps,0,4,0.0438451,0.10258,0.08265,0.0000
pooled,i1y,mps,0,5,0.0474677,0.09049,0.06904,0.0000
pooled,i1y,mps,0,6,0.0540061,0.08181,0.05916,0.0000
pooled,i1y,mps,0,7,0.0583155,0.07805,0.05508,0.0000
pooled,i1y,mps,0,8,0.0682113,0.06925,0.04928,0.0000
pooled,i1y,mps,0,9,0.0830743,0.05846,0.04341,0.0000
pooled,i1y,mps,0,10,0.0908248,0.05053,0.04128,0.0000
pooled,i1y,mps,0,11,0.100372,0.04426,0.03682,0.0000
pooled,i1y,mps,0,12,0.105848,0.03942,0.03429,0.0000
pooled,i1y,mps,0,13,0.077748,0.03495,0.02987,0.0000
pooled,i1y,mps,0,14,0.0769064,0.03167,0.02700,0.0000
pooled,i1y,mps,0,15,0.088325,0.02791,0.02307,0.0000
pooled,i1y,mps,0,16,0.109167,0.02531,0.02135,0.0000
pooled,i1y,mps,0,17,0.149182,0.02350,0.01907,0.0000
pooled,i1y,mps,0,18,0.18695,0.02062,0.01697,0.0000
pooled,i1y,mps,0,19,0.220328,0.01828,0.01482,0.0000
pooled,i1y,mps,0,20,0.281343,0.01616,0.01316,0.0000
pooled,i1y,mps,0,21,0.341132,0.01413,0.01179,0.0000
pooled,i1y,mps,0,22,0.364882,0.01216,0.01030,0.0000
pooled,i1y,mps,0,23,0.381136,0.01075,0.00900,0.0000
pooled,i1y,mps,0,24,0.398061,0.01003,0.00815,0.0000
pooled,i1y,mps,0,25,0.366267,0.00938,0.00752,0.0000
pooled,i1y,mps,0,26,0.386535,0.00866,0.00672,0.0000
pooled,i1y,mps,0,27,0.402315,0.00787,0.00637,0.0000
pooled,i1y,mps,0,28,0.41433,0.00683,0.00565,0.0000
pooled,i1y,mps,0,29,0.425385,0.00581,0.00496,0.0000
pooled,i1y,mps,0,30,0.436437,0.00491,0.00412,0.0000
pooled,i1y,mps,0,31,0.435744,0.00444,0.00361,0.0000
pooled,i1y,mps,0,32,0.474666,0.00421,0.00334,0.0000
pooled,i1y,mps,0,33,0.49041,0.00405,0.00290,0.0000
pooled,i1y,mps,0,34,0.475684,0.00378,0.00257,0.0000
pooled,i1y,mps,0,35,0.449463,0.00369,0.00244,0.0000
pooled,i1y,mps,0,36,0.452284,0.00362,0.00222,0.0000
pooled,i1y,mps,0,37,0.442336,0.00360,0.00218,0.0000
pooled,i1y,mps,0,38,0.435726,0.00339,0.00202,0.0000
pooled,i1y,mps,0,39,0.445805,0.00320,0.00192,0.0000
pooled,i1y,mps,0,40,0.442494,0.00316,0.00190,0.0000
pooled,i1y,mps,0,41,0.423832,0.00319,0.00194,0.0000
pooled,i1y,mps,0,42,0.400616,0.00327,0.00182,0.0000
pooled,i1y,mps,0,43,0.39024,0.00334,0.00174,0.0000
pooled,i1y,mps,0,44,0.382201,0.00339,0.00180,0.0000
pooled,i1y,mps,0,45,0.366187,0.00336,0.00168,0.0000
pooled,i1y,mps,0,46,0.334726,0.00351,0.00160,0.0000
pooled,i1y,mps,0,47,0.298015,0.00350,0.00163,0.0000
pooled,i1y,mps,0,48,0.291808,0.00367,0.00167,0.0000
pooled,i1y,i1y,0,1,0.0084568,1.99840,1.86850,0.9233
pooled,i1y,i1y,0,2,0.0244432,2.16413,2.05592,0.9607
pooled,i1y,i1y,0,3,0.0370386,2.42879,2.37294,0.9920
pooled,i1y,i1y,0,4,0.0438451,2.80579,2.72314,0.9993
pooled,i1y,i1y,0,5,0.0474677,3.31804,3.22741,1.0000
pooled,i1y,i1y,0,6,0.0540061,3.91221,3.80526,1.0000
pooled,i1y,i1y,0,7,0.0583155,4.44361,4.29028,1.0000
pooled,i1y,i1y,0,8,0.0682113,4.86124,4.70698,1.0000
pooled,i1y,i1y,0,9,0.0830743,5.08507,4.96443,1.0000
pooled,i1y,i1y,0,10,0.0908248,5.18629,5.08702,1.0000
pooled,i1y,i1y,0,11,0.100372,5.16328,5.02761,1.0000
pooled,i1y,i1y,0,12,0.105848,5.00516,4.86383,1.0000
pooled,i1y,i1y,0,13,0.077748,4.79727,4.66108,1.0000
pooled,i1y,i1y,0,14,0.0769064,4.53844,4.36862,1.0000
pooled,i1y,i1y,0,15,0.088325,4.20956,4.09610,1.0000
pooled,i1y,i1y,0,16,0.109167,3.91888,3.79725,1.0000
pooled,i1y,i1y,0,17,0.149182,3.60877,3.50973,1.0000
pooled,i1y,i1y,0,18,0.18695,3.25914,3.17570,1.0000
pooled,i1y,i1y,0,19,0.220328,3.02274,2.93650,1.0000
pooled,i1y,i1y,0,20,0.281343,2.83480,2.78463,0.9993
pooled,i1y,i1y,0,21,0.341132,2.67875,2.61180,0.9993
pooled,i1y,i1y,0,22,0.364882,2.54015,2.46767,0.9987
pooled,i1y,i1y,0,23,0.381136,2.37950,2.31716,0.9980
pooled,i1y,i1y,0,24,0.398061,2.29485,2.24099,1.0000
pooled,i1y,i1y,0,25,0.366267,2.21456,2.12795,1.0000
pooled,i1y,i1y,0,26,0.386535,2.14797,2.09415,0.9993
pooled,i1y,i1y,0,27,0.402315,2.03890,1.97936,0.9980
pooled,i1y,i1y,0,28,0.41433,1.94698,1.90120,0.9987
pooled,i1y,i1y,0,29,0.425385,1.80893,1.77941,0.9940
pooled,i1y,i1y,0,30,0.436437,1.72478,1.68985,0.9853
pooled,i1y,i1y,0,31,0.435744,1.61376,1.58251,0.9613
pooled,i1y,i1y,0,32,0.474666,1.52124,1.49141,0.9493
pooled,i1y,i1y,0,33,0.49041,1.47099,1.44121,0.9333
pooled,i1y,i1y,0,34,0.475684,1.46492,1.41756,0.9313
pooled,i1y,i1y,0,35,0.449463,1.50351,1.46296,0.9460
pooled,i1y,i1y,0,36,0.452284,1.53976,1.49054,0.9687
pooled,i1y,i1y,0,37,0.442336,1.60585,1.56703,0.9773
pooled,i1y,i1y,0,38,0.435726,1.68043,1.63856,0.9847
pooled,i1y,i1y,0,39,0.445805,1.70764,1.66573,0.9860
pooled,i1y,i1y,0,40,0.442494,1.73208,1.68557,0.9833
pooled,i1y,i1y,0,41,0.423832,1.79575,1.74297,0.9887
pooled,i1y,i1y,0,42,0.400616,1.85031,1.81132,0.9960
pooled,i1y,i1y,0,43,0.39024,1.92241,1.87739,0.9973
pooled,i1y,i1y,0,44,0.382201,2.03148,1.98977,0.9967
pooled,i1y,i1y,0,45,0.366187,2.19277,2.14012,0.9987
pooled,i1y,i1y,0,46,0.334726,2.37939,2.28624,0.9987
pooled,i1y,i1y,0,47,0.298015,2.52912,2.43844,0.9993
pooled,i1y,i1y,0,48,0.291808,2.61495,2.48190,0.9993
pooled,i1y,ip,0,1,0.0084568,1.34783,1.29213,0.7860
pooled,i1y,ip,0,2,0.0244432,1.36589,1.32255,0.8253
pooled,i1y,ip,0,3,0.0370386,1.43403,1.40654,0.8820
pooled,i1y,ip,0,4,0.0438451,1.52702,1.50671,0.9187
pooled,i1y,ip,0,5,0.0474677,1.66409,1.63410,0.9640
pooled,i1y,ip,0,6,0.0540061,1.81386,1.78125,0.9907
pooled,i1y,ip,0,7,0.0583155,1.98420,1.95799,0.9987
pooled,i1y,ip,0,8,0.0682113,2.15714,2.11456,1.0000
pooled,i1y,ip,0,9,0.0830743,2.34541,2.27425,1.0000
pooled,i1y,ip,0,10,0.0908248,2.53336,2.45847,1.0000
pooled,i1y,ip,0,11,0.100372,2.72183,2.64961,1.0000
pooled,i1y,ip,0,12,0.105848,2.85776,2.79085,1.0000
pooled,i1y,ip,0,13,0.077748,2.97466,2.90230,1.0000
pooled,i1y,ip,0,14,0.0769064,3.03501,2.94678,1.0000
pooled,i1y,ip,0,15,0.088325,3.05781,2.98800,1.0000
pooled,i1y,ip,0,16,0.109167,3.04040,2.96811,1.0000
pooled,i1y,ip,0,17,0.149182,3.01600,2.95729,1.0000
pooled,i1y,ip,0,18,0.18695,2.97383,2.89505,1.0000
pooled,i1y,ip,0,19,0.220328,2.92144,2.88456,1.0000
pooled,i1y,ip,0,20,0.281343,2.84161,2.80472,1.0000
pooled,i1y,ip,0,21,0.341132,2.81587,2.77172,1.0000
pooled,i1y,ip,0,22,0.364882,2.84362,2.80450,1.0000
pooled,i1y,ip,0,23,0.381136,2.88936,2.85269,1.0000
pooled,i1y,ip,0,24,0.398061,2.93354,2.89939,1.0000
pooled,i1y,ip,0,25,0.366267,3.00037,2.96391,1.0000
pooled,i1y,ip,0,26,0.386535,3.02459,2.97424,1.0000
pooled,i1y,ip,0,27,0.402315,3.03154,2.98553,1.0000
pooled,i1y,ip,0,28,0.41433,3.00899,2.97929,1.0000
pooled,i1y,ip,0,29,0.425385,2.92771,2.89389,1.0000
pooled,i1y,ip,0,30,0.436437,2.84179,2.78249,1.0000
pooled,i1y,ip,0,31,0.435744,2.76644,2.73414,1.0000
pooled,i1y,ip,0,32,0.474666,2.64952,2.62148,1.0000
pooled,i1y,ip,0,33,0.49041,2.54563,2.52414,1.0000
pooled,i1y,ip,0,34,0.475684,2.48353,2.46074,1.0000
pooled,i1y,ip,0,35,0.449463,2.42178,2.39212,1.0000
pooled,i1y,ip,0,36,0.452284,2.34980,2.32250,1.0000
pooled,i1y,ip,0,37,0.442336,2.29319,2.26328,1.0000
pooled,i1y,ip,0,38,0.435726,2.24057,2.20552,1.0000
pooled,i1y,ip,0,39,0.445805,2.20024,2.18364,1.0000
pooled,i1y,ip,0,40,0.442494,2.18535,2.16340,1.0000
pooled,i1y,ip,0,41,0.423832,2.19006,2.15508,1.0000
pooled,i1y,ip,0,42,0.400616,2.18309,2.15795,1.0000
pooled,i1y,ip,0,43,0.39024,2.20673,2.16852,1.0000
pooled,i1y,ip,0,44,0.382201,2.23494,2.20958,1.0000
pooled,i1y,ip,0,45,0.366187,2.27918,2.23484,1.0000
pooled,i1y,ip,0,46,0.334726,2.31936,2.27763,1.0000
pooled,i1y,ip,0,47,0.298015,2.35979,2.30808,1.0000
pooled,i1y,ip,0,48,0.291808,2.40773,2.34032,1.0000
pooled,i1y,hicp,0,1,0.0084568,0.66453,0.63261,0.1013
pooled,i1y,hicp,0,2,0.0244432,0.65464,0.62844,0.0947
pooled,i1y,hicp,0,3,0.0370386,0.65959,0.64163,0.0880
pooled,i1y,hicp,0,4,0.0438451,0.67091,0.64139,0.0827
pooled,i1y,hicp,0,5,0.0474677,0.70130,0.67391,0.0900
pooled,i1y,hicp,0,6,0.0540061,0.75249,0.72465,0.1393
pooled,i1y,hicp,0,7,0.0583155,0.82599,0.79921,0.2233
pooled,i1y,hicp,0,8,0.0682113,0.90821,0.88671,0.3327
pooled,i1y,hicp,0,9,0.0830743,0.98736,0.96620,0.4513
pooled,i1y,hicp,0,10,0.0908248,1.05317,1.02546,0.5347
pooled,i1y,hicp,0,11,0.100372,1.12418,1.09250,0.6467
pooled,i1y,hicp,0,12,0.105848,1.20975,1.16629,0.7473
pooled,i1y,hicp,0,13,0.077748,1.29088,1.23754,0.7960
pooled,i1y,hicp,0,14,0.0769064,1.32859,1.26018,0.8047
pooled,i1y,hicp,0,15,0.088325,1.28662,1.22117,0.7820
pooled,i1y,hicp,0,16,0.109167,1.17945,1.12446,0.6793
pooled,i1y,hicp,0,17,0.149182,1.03622,0.99975,0.4987
pooled,i1y,hicp,0,18,0.18695,0.90733,0.87748,0.2913
pooled,i1y,hicp,0,19,0.220328,0.79411,0.77733,0.1273
pooled,i1y,hicp,0,20,0.281343,0.70649,0.68963,0.0507
pooled,i1y,hicp,0,21,0.341132,0.63153,0.62243,0.0060
pooled,i1y,hicp,0,22,0.364882,0.58371,0.57829,0.0020
pooled,i1y,hicp,0,23,0.381136,0.55114,0.54725,0.0000
pooled,i1y,hicp,0,24,0.398061,0.53086,0.51887,0.0000
pooled,i1y,hicp,0,25,0.366267,0.52124,0.51202,0.0013
pooled,i1y,hicp,0,26,0.386535,0.50790,0.49431,0.0013
pooled,i1y,hicp,0,27,0.402315,0.50254,0.49297,0.0000
pooled,i1y,hicp,0,28,0.41433,0.50133,0.49580,0.0000
pooled,i1y,hicp,0,29,0.425385,0.50160,0.49505,0.0000
pooled,i1y,hicp,0,30,0.436437,0.50475,0.49309,0.0013
pooled,i1y,hicp,0,31,0.435744,0.51003,0.49414,0.0007
pooled,i1y,hicp,0,32,0.474666,0.50861,0.49027,0.0013
pooled,i1y,hicp,0,33,0.49041,0.51062,0.48425,0.0033
pooled,i1y,hicp,0,34,0.475684,0.52189,0.50045,0.0053
pooled,i1y,hicp,0,35,0.449463,0.53228,0.51526,0.0047
pooled,i1y,hicp,0,36,0.452284,0.53357,0.51841,0.0040
pooled,i1y,hicp,0,37,0.442336,0.54247,0.52375,0.0040
pooled,i1y,hicp,0,38,0.435726,0.54058,0.52993,0.0020
pooled,i1y,hicp,0,39,0.445805,0.53456,0.51951,0.0013
pooled,i1y,hicp,0,40,0.442494,0.53591,0.52132,0.0053
pooled,i1y,hicp,0,41,0.423832,0.53805,0.52536,0.0020
pooled,i1y,hicp,0,42,0.400616,0.53792,0.52804,0.0013
pooled,i1y,hicp,0,43,0.39024,0.53872,0.53158,0.0007
pooled,i1y,hicp,0,44,0.382201,0.54074,0.53446,0.0007
pooled,i1y,hicp,0,45,0.366187,0.55155,0.53889,0.0013
pooled,i1y,hicp,0,46,0.334726,0.55802,0.54248,0.0047
pooled,i1y,hicp,0,47,0.298015,0.56522,0.54489,0.0113
pooled,i1y,hicp,0,48,0.291808,0.57482,0.55698,0.0327
pooled,i1y,stoxx,0,1,0.0084568,1.88302,1.80556,0.9613
pooled,i1y,stoxx,0,2,0.0244432,1.95846,1.92852,0.9800
pooled,i1y,stoxx,0,3,0.0370386,2.06578,2.03540,0.9940
pooled,i1y,stoxx,0,4,0.0438451,2.21119,2.16390,0.9980
pooled,i1y,stoxx,0,5,0.0474677,2.37026,2.30759,1.0000
pooled,i1y,stoxx,0,6,0.0540061,2.51920,2.47194,1.0000
pooled,i1y,stoxx,0,7,0.0583155,2.64378,2.59405,1.0000
pooled,i1y,stoxx,0,8,0.0682113,2.79326,2.74835,1.0000
pooled,i1y,stoxx,0,9,0.0830743,2.89259,2.83366,1.0000
pooled,i1y,stoxx,0,10,0.0908248,2.98546,2.94702,1.0000
pooled,i1y,stoxx,0,11,0.100372,3.03112,2.98391,1.0000
pooled,i1y,stoxx,0,12,0.105848,3.01907,2.95782,1.0000
pooled,i1y,stoxx,0,13,0.077748,3.01307,2.92832,1.0000
pooled,i1y,stoxx,0,14,0.0769064,2.91333,2.83472,1.0000
pooled,i1y,stoxx,0,15,0.088325,2.73207,2.65110,1.0000
pooled,i1y,stoxx,0,16,0.109167,2.48975,2.41653,1.0000
pooled,i1y,stoxx,0,17,0.149182,2.23728,2.18509,1.0000
pooled,i1y,stoxx,0,18,0.18695,1.98146,1.94099,1.0000
pooled,i1y,stoxx,0,19,0.220328,1.78357,1.76635,0.9953
pooled,i1y,stoxx,0,20,0.281343,1.59122,1.57890,0.9747
pooled,i1y,stoxx,0,21,0.341132,1.42010,1.41514,0.9333
pooled,i1y,stoxx,0,22,0.364882,1.30391,1.29382,0.8893
pooled,i1y,stoxx,0,23,0.381136,1.23917,1.22604,0.8153
pooled,i1y,stoxx,0,24,0.398061,1.20567,1.19660,0.7907
pooled,i1y,stoxx,0,25,0.366267,1.20382,1.18975,0.7813
pooled,i1y,stoxx,0,26,0.386535,1.20365,1.18617,0.8053
pooled,i1y,stoxx,0,27,0.402315,1.20230,1.19394,0.8127
pooled,i1y,stoxx,0,28,0.41433,1.19360,1.17866,0.8000
pooled,i1y,stoxx,0,29,0.425385,1.18306,1.16496,0.7847
pooled,i1y,stoxx,0,30,0.436437,1.17634,1.15290,0.7553
pooled,i1y,stoxx,0,31,0.435744,1.15490,1.13100,0.7473
pooled,i1y,stoxx,0,32,0.474666,1.14349,1.12023,0.7407
pooled,i1y,stoxx,0,33,0.49041,1.14281,1.12229,0.7220
pooled,i1y,stoxx,0,34,0.475684,1.14836,1.12782,0.7267
pooled,i1y,stoxx,0,35,0.449463,1.16499,1.15085,0.7560
pooled,i1y,stoxx,0,36,0.452284,1.18591,1.16388,0.7967
pooled,i1y,stoxx,0,37,0.442336,1.21019,1.19105,0.8087
pooled,i1y,stoxx,0,38,0.435726,1.22948,1.22169,0.8327
pooled,i1y,stoxx,0,39,0.445805,1.23177,1.22319,0.8520
pooled,i1y,stoxx,0,40,0.442494,1.22918,1.21425,0.8380
pooled,i1y,stoxx,0,41,0.423832,1.23384,1.20479,0.8467
pooled,i1y,stoxx,0,42,0.400616,1.23243,1.20751,0.8287
pooled,i1y,stoxx,0,43,0.39024,1.22979,1.21122,0.8133
pooled,i1y,stoxx,0,44,0.382201,1.23827,1.21748,0.8273
pooled,i1y,stoxx,0,45,0.366187,1.25550,1.22935,0.8360
pooled,i1y,stoxx,0,46,0.334726,1.28677,1.27185,0.8640
pooled,i1y,stoxx,0,47,0.298015,1.31316,1.27790,0.8520
pooled,i1y,stoxx,0,48,0.291808,1.32878,1.27800,0.8327
pooled,ip,mps,0,1,0.0084568,0.04608,0.03381,0.0000
pooled,ip,mps,0,2,0.0244432,0.04003,0.03147,0.0000
pooled,ip,mps,0,3,0.0370386,0.03679,0.02814,0.0000
pooled,ip,mps,0,4,0.0438451,0.03378,0.02554,0.0000
pooled,ip,mps,0,5,0.0474677,0.02849,0.02317,0.0000
pooled,ip,mps,0,6,0.0540061,0.02522,0.02101,0.0000
pooled,ip,mps,0,7,0.0583155,0.02247,0.01970,0.0000
pooled,ip,mps,0,8,0.0682113,0.02089,0.01773,0.0000
pooled,ip,mps,0,9,0.0830743,0.01936,0.01657,0.0000
pooled,ip,mps,0,10,0.0908248,0.01783,0.01603,0.0000
pooled,ip,mps,0,11,0.100372,0.01690,0.01552,0.0000
pooled,ip,mps,0,12,0.105848,0.01625,0.01523,0.0000
pooled,ip,mps,0,13,0.077748,0.01591,0.01492,0.0000
pooled,ip,mps,0,14,0.0769064,0.01562,0.01428,0.0000
pooled,ip,mps,0,15,0.088325,0.01571,0.01426,0.0000
pooled,ip,mps,0,16,0.109167,0.01539,0.01397,0.0000
pooled,ip,mps,0,17,0.149182,0.01491,0.01341,0.0000
pooled,ip,mps,0,18,0.18695,0.01473,0.01330,0.0000
pooled,ip,mps,0,19,0.220328,0.01495,0.01330,0.0000
pooled,ip,mps,0,20,0.281343,0.01503,0.01375,0.0000
pooled,ip,mps,0,21,0.341132,0.01508,0.01373,0.0000
pooled,ip,mps,0,22,0.364882,0.01495,0.01385,0.0000
pooled,ip,mps,0,23,0.381136,0.01435,0.01328,0.0000
pooled,ip,mps,0,24,0.398061,0.01384,0.01235,0.0000
pooled,ip,mps,0,25,0.366267,0.01366,0.01124,0.0000
pooled,ip,mps,0,26,0.386535,0.01306,0.01067,0.0000
pooled,ip,mps,0,27,0.402315,0.01231,0.01014,0.0000
pooled,ip,mps,0,28,0.41433,0.01135,0.00931,0.0000
pooled,ip,mps,0,29,0.425385,0.01051,0.00874,0.0000
pooled,ip,mps,0,30,0.436437,0.01000,0.00830,0.0000
pooled,ip,mps,0,31,0.435744,0.00939,0.00740,0.0000
pooled,ip,mps,0,32,0.474666,0.00890,0.00671,0.0000
pooled,ip,mps,0,33,0.49041,0.00851,0.00589,0.0000
pooled,ip,mps,0,34,0.475684,0.00828,0.00522,0.0000
pooled,ip,mps,0,35,0.449463,0.00805,0.00482,0.0000
pooled,ip,mps,0,36,0.452284,0.00781,0.00469,0.0000
pooled,ip,mps,0,37,0.442336,0.00742,0.00453,0.0000
pooled,ip,mps,0,38,0.435726,0.00708,0.00424,0.0000
pooled,ip,mps,0,39,0.445805,0.00687,0.00451,0.0000
pooled,ip,mps,0,40,0.442494,0.00681,0.00480,0.0000
pooled,ip,mps,0,41,0.423832,0.00675,0.00521,0.0000
pooled,ip,mps,0,42,0.400616,0.00676,0.00562,0.0000
pooled,ip,mps,0,43,0.39024,0.00704,0.00602,0.0000
pooled,ip,mps,0,44,0.382201,0.00724,0.00576,0.0000
pooled,ip,mps,0,45,0.366187,0.00730,0.00594,0.0000
pooled,ip,mps,0,46,0.334726,0.00740,0.00605,0.0000
pooled,ip,mps,0,47,0.298015,0.00781,0.00624,0.0000
pooled,ip,mps,0,48,0.291808,0.00800,0.00610,0.0000
pooled,ip,i1y,0,1,0.0084568,2.36712,2.23121,0.9707
pooled,ip,i1y,0,2,0.0244432,2.74719,2.64016,0.9947
pooled,ip,i1y,0,3,0.0370386,3.43546,3.32904,1.0000
pooled,ip,i1y,0,4,0.0438451,4.40306,4.31254,1.0000
pooled,ip,i1y,0,5,0.0474677,5.61032,5.53443,1.0000
pooled,ip,i1y,0,6,0.0540061,6.65807,6.51856,1.0000
pooled,ip,i1y,0,7,0.0583155,7.49405,7.32590,1.0000
pooled,ip,i1y,0,8,0.0682113,8.16952,7.94820,1.0000
pooled,ip,i1y,0,9,0.0830743,8.67471,8.50511,1.0000
pooled,ip,i1y,0,10,0.0908248,9.31195,9.08780,1.0000
pooled,ip,i1y,0,11,0.100372,10.06968,9.76778,1.0000
pooled,ip,i1y,0,12,0.105848,10.84489,10.51791,1.0000
pooled,ip,i1y,0,13,0.077748,11.88242,11.52667,1.0000
pooled,ip,i1y,0,14,0.0769064,12.31020,12.03046,1.0000
pooled,ip,i1y,0,15,0.088325,11.51584,11.25508,1.0000
pooled,ip,i1y,0,16,0.109167,10.28083,10.12755,1.0000
pooled,ip,i1y,0,17,0.149182,8.82258,8.63184,1.0000
pooled,ip,i1y,0,18,0.18695,7.39019,7.19521,1.0000
pooled,ip,i1y,0,19,0.220328,6.20267,6.04306,1.0000
pooled,ip,i1y,0,20,0.281343,5.20971,5.09474,1.0000
pooled,ip,i1y,0,21,0.341132,4.43733,4.35727,1.0000
pooled,ip,i1y,0,22,0.364882,3.89785,3.79737,1.0000
pooled,ip,i1y,0,23,0.381136,3.46316,3.36787,1.0000
pooled,ip,i1y,0,24,0.398061,3.14216,3.07296,1.0000
pooled,ip,i1y,0,25,0.366267,2.88111,2.79295,1.0000
pooled,ip,i1y,0,26,0.386535,2.68489,2.61795,1.0000
pooled,ip,i1y,0,27,0.402315,2.55928,2.49259,1.0000
pooled,ip,i1y,0,28,0.41433,2.45571,2.38734,1.0000
pooled,ip,i1y,0,29,0.425385,2.39472,2.34206,1.0000
pooled,ip,i1y,0,30,0.436437,2.40482,2.34441,1.0000
pooled,ip,i1y,0,31,0.435744,2.42621,2.36740,1.0000
pooled,ip,i1y,0,32,0.474666,2.39616,2.33913,1.0000
pooled,ip,i1y,0,33,0.49041,2.38103,2.32529,1.0000
pooled,ip,i1y,0,34,0.475684,2.30262,2.24319,1.0000
pooled,ip,i1y,0,35,0.449463,2.15844,2.10473,0.9987
pooled,ip,i1y,0,36,0.452284,1.98337,1.94015,0.9940
pooled,ip,i1y,0,37,0.442336,1.80884,1.76778,0.9827
pooled,ip,i1y,0,38,0.435726,1.62054,1.56857,0.9587
pooled,ip,i1y,0,39,0.445805,1.46195,1.42935,0.8900
pooled,ip,i1y,0,40,0.442494,1.30946,1.27533,0.8133
pooled,ip,i1y,0,41,0.423832,1.20980,1.18428,0.7327
pooled,ip,i1y,0,42,0.400616,1.15694,1.13091,0.6733
pooled,ip,i1y,0,43,0.39024,1.12066,1.09069,0.6233
pooled,ip,i1y,0,44,0.382201,1.12578,1.08831,0.6313
pooled,ip,i1y,0,45,0.366187,1.12902,1.08611,0.6467
pooled,ip,i1y,0,46,0.334726,1.15396,1.12697,0.6720
pooled,ip,i1y,0,47,0.298015,1.17578,1.12213,0.6560
pooled,ip,i1y,0,48,0.291808,1.19899,1.13148,0.6440
pooled,ip,ip,0,1,0.0084568,1.61236,1.52245,0.8767
pooled,ip,ip,0,2,0.0244432,1.65288,1.59492,0.9047
pooled,ip,ip,0,3,0.0370386,1.80409,1.77920,0.9620
pooled,ip,ip,0,4,0.0438451,2.09893,2.05636,0.9940
pooled,ip,ip,0,5,0.0474677,2.54982,2.48030,1.0000
pooled,ip,ip,0,6,0.0540061,3.16774,3.06281,1.0000
pooled,ip,ip,0,7,0.0583155,3.91733,3.80896,1.0000
pooled,ip,ip,0,8,0.0682113,4.69794,4.62389,1.0000
pooled,ip,ip,0,9,0.0830743,5.43251,5.32426,1.0000
pooled,ip,ip,0,10,0.0908248,6.17781,6.05925,1.0000
pooled,ip,ip,0,11,0.100372,6.90442,6.85699,1.0000
pooled,ip,ip,0,12,0.105848,7.63783,7.51717,1.0000
pooled,ip,ip,0,13,0.077748,8.60642,8.42710,1.0000
pooled,ip,ip,0,14,0.0769064,9.11174,8.89253,1.0000
pooled,ip,ip,0,15,0.088325,8.98976,8.85311,1.0000
pooled,ip,ip,0,16,0.109167,8.30634,8.15172,1.0000
pooled,ip,ip,0,17,0.149182,7.31719,7.17209,1.0000
pooled,ip,ip,0,18,0.18695,6.39330,6.29203,1.0000
pooled,ip,ip,0,19,0.220328,5.54996,5.49518,1.0000
pooled,ip,ip,0,20,0.281343,4.81280,4.76434,1.0000
pooled,ip,ip,0,21,0.341132,4.27245,4.19860,1.0000
pooled,ip,ip,0,22,0.364882,3.91355,3.86232,1.0000
pooled,ip,ip,0,23,0.381136,3.62162,3.58580,1.0000
pooled,ip,ip,0,24,0.398061,3.37735,3.32315,1.0000
pooled,ip,ip,0,25,0.366267,3.12607,3.06899,1.0000
pooled,ip,ip,0,26,0.386535,2.86652,2.80179,1.0000
pooled,ip,ip,0,27,0.402315,2.60863,2.55945,1.0000
pooled,ip,ip,0,28,0.41433,2.38571,2.36068,1.0000
pooled,ip,ip,0,29,0.425385,2.21367,2.17845,1.0000
pooled,ip,ip,0,30,0.436437,2.03364,1.99509,1.0000
pooled,ip,ip,0,31,0.435744,1.88284,1.84214,0.9993
pooled,ip,ip,0,32,0.474666,1.75294,1.72653,0.9953
pooled,ip,ip,0,33,0.49041,1.65865,1.64432,0.9947
pooled,ip,ip,0,34,0.475684,1.61417,1.59302,0.9927
pooled,ip,ip,0,35,0.449463,1.55560,1.53309,0.9807
pooled,ip,ip,0,36,0.452284,1.51085,1.47729,0.9753
pooled,ip,ip,0,37,0.442336,1.44338,1.40703,0.9460
pooled,ip,ip,0,38,0.435726,1.39136,1.35844,0.9167
pooled,ip,ip,0,39,0.445805,1.34835,1.31439,0.9000
pooled,ip,ip,0,40,0.442494,1.31724,1.28686,0.8753
pooled,ip,ip,0,41,0.423832,1.31520,1.28623,0.8807
pooled,ip,ip,0,42,0.400616,1.31495,1.28926,0.8700
pooled,ip,ip,0,43,0.39024,1.33716,1.30791,0.8747
pooled,ip,ip,0,44,0.382201,1.36793,1.32863,0.8840
pooled,ip,ip,0,45,0.366187,1.40482,1.37968,0.8940
pooled,ip,ip,0,46,0.334726,1.44871,1.39881,0.8973
pooled,ip,ip,0,47,0.298015,1.49404,1.40180,0.8820
pooled,ip,ip,0,48,0.291808,1.51090,1.44437,0.8613
pooled,ip,hicp,0,1,0.0084568,1.48563,1.42712,0.8320
pooled,ip,hicp,0,2,0.0244432,1.45069,1.41819,0.8740
pooled,ip,hicp,0,3,0.0370386,1.50688,1.47876,0.9493
pooled,ip,hicp,0,4,0.0438451,1.65174,1.60073,0.9807
pooled,ip,hicp,0,5,0.0474677,1.83983,1.80979,0.9953
pooled,ip,hicp,0,6,0.0540061,2.00967,1.95825,0.9987
pooled,ip,hicp,0,7,0.0583155,2.18924,2.14019,1.0000
pooled,ip,hicp,0,8,0.0682113,2.25876,2.19128,1.0000
pooled,ip,hicp,0,9,0.0830743,2.26317,2.18986,1.0000
pooled,ip,hicp,0,10,0.0908248,2.27964,2.22664,1.0000
pooled,ip,hicp,0,11,0.100372,2.37157,2.31428,1.0000
pooled,ip,hicp,0,12,0.105848,2.51702,2.44445,1.0000
pooled,ip,hicp,0,13,0.077748,2.91305,2.83002,1.0000
pooled,ip,hicp,0,14,0.0769064,3.00763,2.91872,1.0000
pooled,ip,hicp,0,15,0.088325,2.69170,2.61116,1.0000
pooled,ip,hicp,0,16,0.109167,2.16691,2.11993,0.9973
pooled,ip,hicp,0,17,0.149182,1.64281,1.59004,0.9667
pooled,ip,hicp,0,18,0.18695,1.24369,1.20620,0.7633
pooled,ip,hicp,0,19,0.220328,0.93481,0.90146,0.3513
pooled,ip,hicp,0,20,0.281343,0.71105,0.69189,0.0727
pooled,ip,hicp,0,21,0.341132,0.56273,0.54196,0.0173
pooled,ip,hicp,0,22,0.364882,0.46624,0.44329,0.0060
pooled,ip,hicp,0,23,0.381136,0.38143,0.36855,0.0000
pooled,ip,hicp,0,24,0.398061,0.32236,0.31577,0.0000
pooled,ip,hicp,0,25,0.366267,0.27203,0.26507,0.0000
pooled,ip,hicp,0,26,0.386535,0.23721,0.23348,0.0000
pooled,ip,hicp,0,27,0.402315,0.20632,0.19959,0.0000
pooled,ip,hicp,0,28,0.41433,0.18456,0.17583,0.0000
pooled,ip,hicp,0,29,0.425385,0.17338,0.16132,0.0000
pooled,ip,hicp,0,30,0.436437,0.17475,0.16038,0.0000
pooled,ip,hicp,0,31,0.435744,0.18000,0.16605,0.0000
pooled,ip,hicp,0,32,0.474666,0.19017,0.17906,0.0000
pooled,ip,hicp,0,33,0.49041,0.20714,0.19632,0.0000
pooled,ip,hicp,0,34,0.475684,0.23372,0.22509,0.0000
pooled,ip,hicp,0,35,0.449463,0.26737,0.25669,0.0000
pooled,ip,hicp,0,36,0.452284,0.29760,0.29282,0.0000
pooled,ip,hicp,0,37,0.442336,0.32935,0.31563,0.0000
pooled,ip,hicp,0,38,0.435726,0.36121,0.34582,0.0000
pooled,ip,hicp,0,39,0.445805,0.39966,0.38378,0.0007
pooled,ip,hicp,0,40,0.442494,0.44502,0.43547,0.0000
pooled,ip,hicp,0,41,0.423832,0.49752,0.48175,0.0047
pooled,ip,hicp,0,42,0.400616,0.55138,0.53341,0.0093
pooled,ip,hicp,0,43,0.39024,0.60369,0.59198,0.0120
pooled,ip,hicp,0,44,0.382201,0.65365,0.64445,0.0400
pooled,ip,hicp,0,45,0.366187,0.69968,0.67241,0.0673
pooled,ip,hicp,0,46,0.334726,0.74950,0.72317,0.1160
pooled,ip,hicp,0,47,0.298015,0.80090,0.77033,0.1687
pooled,ip,hicp,0,48,0.291808,0.84669,0.79696,0.2420
pooled,ip,stoxx,0,1,0.0084568,1.00589,0.93046,0.4293
pooled,ip,stoxx,0,2,0.0244432,1.04719,0.99572,0.4960
pooled,ip,stoxx,0,3,0.0370386,1.15464,1.10927,0.5753
pooled,ip,stoxx,0,4,0.0438451,1.29599,1.21814,0.6953
pooled,ip,stoxx,0,5,0.0474677,1.47339,1.40812,0.8260
pooled,ip,stoxx,0,6,0.0540061,1.68651,1.63201,0.9247
pooled,ip,stoxx,0,7,0.0583155,1.91529,1.84474,0.9687
pooled,ip,stoxx,0,8,0.0682113,2.05247,1.95235,0.9687
pooled,ip,stoxx,0,9,0.0830743,2.08721,1.98594,0.9633
pooled,ip,stoxx,0,10,0.0908248,2.06271,1.98352,0.9633
pooled,ip,stoxx,0,11,0.100372,1.97453,1.84403,0.9393
pooled,ip,stoxx,0,12,0.105848,1.86565,1.74764,0.8913
pooled,ip,stoxx,0,13,0.077748,1.69486,1.57549,0.8493
pooled,ip,stoxx,0,14,0.0769064,1.51514,1.40566,0.8120
pooled,ip,stoxx,0,15,0.088325,1.34693,1.27207,0.7367
pooled,ip,stoxx,0,16,0.109167,1.23196,1.17349,0.6613
pooled,ip,stoxx,0,17,0.149182,1.10582,1.03642,0.5480
pooled,ip,stoxx,0,18,0.18695,1.01946,0.94437,0.4393
pooled,ip,stoxx,0,19,0.220328,0.93906,0.89621,0.3607
pooled,ip,stoxx,0,20,0.281343,0.87217,0.84179,0.2713
pooled,ip,stoxx,0,21,0.341132,0.81892,0.79687,0.2053
pooled,ip,stoxx,0,22,0.364882,0.76145,0.74364,0.1387
pooled,ip,stoxx,0,23,0.381136,0.71751,0.69907,0.0967
pooled,ip,stoxx,0,24,0.398061,0.65551,0.63405,0.0547
pooled,ip,stoxx,0,25,0.366267,0.59044,0.56422,0.0320
pooled,ip,stoxx,0,26,0.386535,0.50632,0.47462,0.0113
pooled,ip,stoxx,0,27,0.402315,0.43799,0.41552,0.0033
pooled,ip,stoxx,0,28,0.41433,0.37542,0.36215,0.0000
pooled,ip,stoxx,0,29,0.425385,0.33017,0.32286,0.0000
pooled,ip,stoxx,0,30,0.436437,0.29714,0.28651,0.0000
pooled,ip,stoxx,0,31,0.435744,0.27530,0.26064,0.0000
pooled,ip,stoxx,0,32,0.474666,0.26026,0.24410,0.0000
pooled,ip,stoxx,0,33,0.49041,0.25416,0.23949,0.0000
pooled,ip,stoxx,0,34,0.475684,0.25656,0.24185,0.0000
pooled,ip,stoxx,0,35,0.449463,0.27157,0.25577,0.0000
pooled,ip,stoxx,0,36,0.452284,0.28977,0.27493,0.0013
pooled,ip,stoxx,0,37,0.442336,0.30988,0.29176,0.0000
pooled,ip,stoxx,0,38,0.435726,0.33214,0.31224,0.0000
pooled,ip,stoxx,0,39,0.445805,0.35981,0.34240,0.0013
pooled,ip,stoxx,0,40,0.442494,0.38794,0.37049,0.0020
pooled,ip,stoxx,0,41,0.423832,0.42223,0.40697,0.0027
pooled,ip,stoxx,0,42,0.400616,0.43761,0.42360,0.0033
pooled,ip,stoxx,0,43,0.39024,0.45981,0.43873,0.0113
pooled,ip,stoxx,0,44,0.382201,0.46853,0.44874,0.0060
pooled,ip,stoxx,0,45,0.366187,0.47010,0.44284,0.0080
pooled,ip,stoxx,0,46,0.334726,0.46429,0.44758,0.0100
pooled,ip,stoxx,0,47,0.298015,0.46986,0.43967,0.0200
pooled,ip,stoxx,0,48,0.291808,0.46957,0.42037,0.0300
pooled,hicp,mps,0,1,0.0084568,0.11538,0.08460,0.0000
pooled,hicp,mps,0,2,0.0244432,0.10049,0.07670,0.0000
pooled,hicp,mps,0,3,0.0370386,0.08583,0.06719,0.0000
pooled,hicp,mps,0,4,0.0438451,0.07774,0.06249,0.0000
pooled,hicp,mps,0,5,0.0474677,0.07268,0.05753,0.0000
pooled,hicp,mps,0,6,0.0540061,0.07046,0.05601,0.0000
pooled,hicp,mps,0,7,0.0583155,0.06844,0.05330,0.0000
pooled,hicp,mps,0,8,0.0682113,0.06579,0.05217,0.0000
pooled,hicp,mps,0,9,0.0830743,0.06441,0.05082,0.0000
pooled,hicp,mps,0,10,0.0908248,0.06194,0.04849,0.0000
pooled,hicp,mps,0,11,0.100372,0.05748,0.04632,0.0000
pooled,hicp,mps,0,12,0.105848,0.05526,0.04362,0.0000
pooled,hicp,mps,0,13,0.077748,0.05409,0.04033,0.0000
pooled,hicp,mps,0,14,0.0769064,0.05158,0.03913,0.0000
pooled,hicp,mps,0,15,0.088325,0.04640,0.03527,0.0000
pooled,hicp,mps,0,16,0.109167,0.03949,0.03274,0.0000
pooled,hicp,mps,0,17,0.149182,0.03379,0.02929,0.0000
pooled,hicp,mps,0,18,0.18695,0.02973,0.02617,0.0000
pooled,hicp,mps,0,19,0.220328,0.02789,0.02494,0.0000
pooled,hicp,mps,0,20,0.281343,0.02527,0.02252,0.0000
pooled,hicp,mps,0,21,0.341132,0.02355,0.02112,0.0000
pooled,hicp,mps,0,22,0.364882,0.02150,0.01903,0.0000
pooled,hicp,mps,0,23,0.381136,0.01948,0.01722,0.0000
pooled,hicp,mps,0,24,0.398061,0.01768,0.01491,0.0000
pooled,hicp,mps,0,25,0.366267,0.01590,0.01386,0.0000
pooled,hicp,mps,0,26,0.386535,0.01446,0.01270,0.0000
pooled,hicp,mps,0,27,0.402315,0.01314,0.01180,0.0000
pooled,hicp,mps,0,28,0.41433,0.01239,0.01118,0.0000
pooled,hicp,mps,0,29,0.425385,0.01145,0.01029,0.0000
pooled,hicp,mps,0,30,0.436437,0.01090,0.00977,0.0000
pooled,hicp,mps,0,31,0.435744,0.01051,0.00898,0.0000
pooled,hicp,mps,0,32,0.474666,0.01030,0.00850,0.0000
pooled,hicp,mps,0,33,0.49041,0.00994,0.00812,0.0000
pooled,hicp,mps,0,34,0.475684,0.00942,0.00768,0.0000
pooled,hicp,mps,0,35,0.449463,0.00906,0.00724,0.0000
pooled,hicp,mps,0,36,0.452284,0.00856,0.00658,0.0000
pooled,hicp,mps,0,37,0.442336,0.00829,0.00636,0.0000
pooled,hicp,mps,0,38,0.435726,0.00800,0.00600,0.0000
pooled,hicp,mps,0,39,0.445805,0.00744,0.00562,0.0000
pooled,hicp,mps,0,40,0.442494,0.00699,0.00555,0.0000
pooled,hicp,mps,0,41,0.423832,0.00663,0.00529,0.0000
pooled,hicp,mps,0,42,0.400616,0.00623,0.00483,0.0000
pooled,hicp,mps,0,43,0.39024,0.00584,0.00467,0.0000
pooled,hicp,mps,0,44,0.382201,0.00560,0.00453,0.0000
pooled,hicp,mps,0,45,0.366187,0.00557,0.00447,0.0000
pooled,hicp,mps,0,46,0.334726,0.00567,0.00449,0.0000
pooled,hicp,mps,0,47,0.298015,0.00593,0.00445,0.0000
pooled,hicp,mps,0,48,0.291808,0.00611,0.00458,0.0000
pooled,hicp,i1y,0,1,0.0084568,1.26253,1.21665,0.6847
pooled,hicp,i1y,0,2,0.0244432,1.28528,1.25709,0.7353
pooled,hicp,i1y,0,3,0.0370386,1.39727,1.34801,0.8433
pooled,hicp,i1y,0,4,0.0438451,1.60435,1.56017,0.9253
pooled,hicp,i1y,0,5,0.0474677,1.89309,1.84844,0.9887
pooled,hicp,i1y,0,6,0.0540061,2.23817,2.17092,0.9980
pooled,hicp,i1y,0,7,0.0583155,2.64338,2.55444,1.0000
pooled,hicp,i1y,0,8,0.0682113,3.09207,3.01225,1.0000
pooled,hicp,i1y,0,9,0.0830743,3.67836,3.55139,1.0000
pooled,hicp,i1y,0,10,0.0908248,4.45483,4.33554,1.0000
pooled,hicp,i1y,0,11,0.100372,5.33523,5.20858,1.0000
pooled,hicp,i1y,0,12,0.105848,6.38933,6.21581,1.0000
pooled,hicp,i1y,0,13,0.077748,7.84016,7.64488,1.0000
pooled,hicp,i1y,0,14,0.0769064,8.88759,8.68259,1.0000
pooled,hicp,i1y,0,15,0.088325,9.18855,8.99852,1.0000
pooled,hicp,i1y,0,16,0.109167,9.11925,8.92822,1.0000
pooled,hicp,i1y,0,17,0.149182,8.58428,8.36194,1.0000
pooled,hicp,i1y,0,18,0.18695,8.04944,7.88444,1.0000
pooled,hicp,i1y,0,19,0.220328,7.61146,7.45299,1.0000
pooled,hicp,i1y,0,20,0.281343,7.23464,7.12597,1.0000
pooled,hicp,i1y,0,21,0.341132,6.72717,6.62872,1.0000
pooled,hicp,i1y,0,22,0.364882,6.33154,6.25307,1.0000
pooled,hicp,i1y,0,23,0.381136,6.00139,5.86982,1.0000
pooled,hicp,i1y,0,24,0.398061,5.80903,5.67672,1.0000
pooled,hicp,i1y,0,25,0.366267,5.72412,5.60493,1.0000
pooled,hicp,i1y,0,26,0.386535,5.60720,5.51452,1.0000
pooled,hicp,i1y,0,27,0.402315,5.38731,5.26898,1.0000
pooled,hicp,i1y,0,28,0.41433,5.21717,5.09906,1.0000
pooled,hicp,i1y,0,29,0.425385,5.13257,5.01855,1.0000
pooled,hicp,i1y,0,30,0.436437,5.08652,4.96422,1.0000
pooled,hicp,i1y,0,31,0.435744,4.84238,4.75133,1.0000
pooled,hicp,i1y,0,32,0.474666,4.42319,4.34115,1.0000
pooled,hicp,i1y,0,33,0.49041,3.98413,3.90842,1.0000
pooled,hicp,i1y,0,34,0.475684,3.57266,3.49816,1.0000
pooled,hicp,i1y,0,35,0.449463,3.30726,3.22647,1.0000
pooled,hicp,i1y,0,36,0.452284,3.19218,3.12028,1.0000
pooled,hicp,i1y,0,37,0.442336,3.17555,3.10642,1.0000
pooled,hicp,i1y,0,38,0.435726,3.30878,3.24302,1.0000
pooled,hicp,i1y,0,39,0.445805,3.45293,3.37428,1.0000
pooled,hicp,i1y,0,40,0.442494,3.58558,3.53317,1.0000
pooled,hicp,i1y,0,41,0.423832,3.74629,3.66808,1.0000
pooled,hicp,i1y,0,42,0.400616,3.87437,3.78584,1.0000
pooled,hicp,i1y,0,43,0.39024,3.97911,3.88338,1.0000
pooled,hicp,i1y,0,44,0.382201,4.13751,4.01153,1.0000
pooled,hicp,i1y,0,45,0.366187,4.34431,4.19554,1.0000
pooled,hicp,i1y,0,46,0.334726,4.66369,4.53732,1.0000
pooled,hicp,i1y,0,47,0.298015,4.97930,4.81848,1.0000
pooled,hicp,i1y,0,48,0.291808,5.22419,5.00906,1.0000
pooled,hicp,ip,0,1,0.0084568,1.64119,1.55983,0.9260
pooled,hicp,ip,0,2,0.0244432,1.62896,1.56685,0.9387
pooled,hicp,ip,0,3,0.0370386,1.66076,1.60290,0.9693
pooled,hicp,ip,0,4,0.0438451,1.75469,1.71572,0.9900
pooled,hicp,ip,0,5,0.0474677,1.87355,1.84501,0.9953
pooled,hicp,ip,0,6,0.0540061,2.00346,1.97669,0.9993
pooled,hicp,ip,0,7,0.0583155,2.18653,2.14348,1.0000
pooled,hicp,ip,0,8,0.0682113,2.42295,2.36138,1.0000
pooled,hicp,ip,0,9,0.0830743,2.67464,2.62869,1.0000
pooled,hicp,ip,0,10,0.0908248,2.99191,2.92077,1.0000
pooled,hicp,ip,0,11,0.100372,3.31270,3.24243,1.0000
pooled,hicp,ip,0,12,0.105848,3.61878,3.54398,1.0000
pooled,hicp,ip,0,13,0.077748,3.82146,3.75835,1.0000
pooled,hicp,ip,0,14,0.0769064,3.99182,3.86577,1.0000
pooled,hicp,ip,0,15,0.088325,4.19155,4.09324,1.0000
pooled,hicp,ip,0,16,0.109167,4.28757,4.19457,1.0000
pooled,hicp,ip,0,17,0.149182,4.26607,4.23152,1.0000
pooled,hicp,ip,0,18,0.18695,4.23553,4.17755,1.0000
pooled,hicp,ip,0,19,0.220328,4.19040,4.12410,1.0000
pooled,hicp,ip,0,20,0.281343,4.23857,4.18459,1.0000
pooled,hicp,ip,0,21,0.341132,4.35929,4.30531,1.0000
pooled,hicp,ip,0,22,0.364882,4.51264,4.44205,1.0000
pooled,hicp,ip,0,23,0.381136,4.69784,4.60920,1.0000
pooled,hicp,ip,0,24,0.398061,4.81298,4.75166,1.0000
pooled,hicp,ip,0,25,0.366267,4.86032,4.79828,1.0000
pooled,hicp,ip,0,26,0.386535,4.96358,4.91254,1.0000
pooled,hicp,ip,0,27,0.402315,5.07177,5.03136,1.0000
pooled,hicp,ip,0,28,0.41433,5.19037,5.12814,1.0000
pooled,hicp,ip,0,29,0.425385,5.28904,5.21601,1.0000
pooled,hicp,ip,0,30,0.436437,5.41740,5.32930,1.0000
pooled,hicp,ip,0,31,0.435744,5.48268,5.42699,1.0000
pooled,hicp,ip,0,32,0.474666,5.52592,5.47197,1.0000
pooled,hicp,ip,0,33,0.49041,5.62044,5.55596,1.0000
pooled,hicp,ip,0,34,0.475684,5.74685,5.68318,1.0000
pooled,hicp,ip,0,35,0.449463,5.80251,5.74019,1.0000
pooled,hicp,ip,0,36,0.452284,5.62744,5.57331,1.0000
pooled,hicp,ip,0,37,0.442336,5.28951,5.26479,1.0000
pooled,hicp,ip,0,38,0.435726,5.01774,4.98913,1.0000
pooled,hicp,ip,0,39,0.445805,4.81547,4.77459,1.0000
pooled,hicp,ip,0,40,0.442494,4.74628,4.71565,1.0000
pooled,hicp,ip,0,41,0.423832,4.66856,4.62456,1.0000
pooled,hicp,ip,0,42,0.400616,4.71526,4.65488,1.0000
pooled,hicp,ip,0,43,0.39024,4.80289,4.75621,1.0000
pooled,hicp,ip,0,44,0.382201,4.99028,4.94960,1.0000
pooled,hicp,ip,0,45,0.366187,5.26918,5.21473,1.0000
pooled,hicp,ip,0,46,0.334726,5.52144,5.46660,1.0000
pooled,hicp,ip,0,47,0.298015,5.82094,5.74051,1.0000
pooled,hicp,ip,0,48,0.291808,5.91230,5.79030,1.0000
pooled,hicp,hicp,0,1,0.0084568,15.77792,15.50616,1.0000
pooled,hicp,hicp,0,2,0.0244432,15.32727,15.18151,1.0000
pooled,hicp,hicp,0,3,0.0370386,13.78325,13.69736,1.0000
pooled,hicp,hicp,0,4,0.0438451,12.58203,12.46067,1.0000
pooled,hicp,hicp,0,5,0.0474677,11.19854,11.09723,1.0000
pooled,hicp,hicp,0,6,0.0540061,10.09606,9.92927,1.0000
pooled,hicp,hicp,0,7,0.0583155,9.59794,9.45573,1.0000
pooled,hicp,hicp,0,8,0.0682113,8.70600,8.61870,1.0000
pooled,hicp,hicp,0,9,0.0830743,7.74457,7.63363,1.0000
pooled,hicp,hicp,0,10,0.0908248,7.23142,7.12291,1.0000
pooled,hicp,hicp,0,11,0.100372,6.92135,6.86483,1.0000
pooled,hicp,hicp,0,12,0.105848,6.98835,6.93661,1.0000
pooled,hicp,hicp,0,13,0.077748,7.79368,7.72887,1.0000
pooled,hicp,hicp,0,14,0.0769064,8.78317,8.69895,1.0000
pooled,hicp,hicp,0,15,0.088325,8.89760,8.76940,1.0000
pooled,hicp,hicp,0,16,0.109167,8.39693,8.31252,1.0000
pooled,hicp,hicp,0,17,0.149182,7.32209,7.23913,1.0000
pooled,hicp,hicp,0,18,0.18695,6.44215,6.37470,1.0000
pooled,hicp,hicp,0,19,0.220328,5.81612,5.77696,1.0000
pooled,hicp,hicp,0,20,0.281343,5.05785,5.00586,1.0000
pooled,hicp,hicp,0,21,0.341132,4.46687,4.42390,1.0000
pooled,hicp,hicp,0,22,0.364882,4.07985,4.02062,1.0000
pooled,hicp,hicp,0,23,0.381136,3.80024,3.77039,1.0000
pooled,hicp,hicp,0,24,0.398061,3.58521,3.55094,1.0000
pooled,hicp,hicp,0,25,0.366267,3.65284,3.61055,1.0000
pooled,hicp,hicp,0,26,0.386535,3.93228,3.89468,1.0000
pooled,hicp,hicp,0,27,0.402315,4.03519,3.99076,1.0000
pooled,hicp,hicp,0,28,0.41433,4.04150,3.99316,1.0000
pooled,hicp,hicp,0,29,0.425385,3.98245,3.92574,1.0000
pooled,hicp,hicp,0,30,0.436437,3.96796,3.91319,1.0000
pooled,hicp,hicp,0,31,0.435744,4.01378,3.97085,1.0000
pooled,hicp,hicp,0,32,0.474666,3.90920,3.85613,1.0000
pooled,hicp,hicp,0,33,0.49041,3.74948,3.69914,1.0000
pooled,hicp,hicp,0,34,0.475684,3.65978,3.61740,1.0000
pooled,hicp,hicp,0,35,0.449463,3.54639,3.51780,1.0000
pooled,hicp,hicp,0,36,0.452284,3.29444,3.26146,1.0000
pooled,hicp,hicp,0,37,0.442336,3.22485,3.18206,1.0000
pooled,hicp,hicp,0,38,0.435726,3.25327,3.21480,1.0000
pooled,hicp,hicp,0,39,0.445805,3.20867,3.15280,1.0000
pooled,hicp,hicp,0,40,0.442494,3.24534,3.19967,1.0000
pooled,hicp,hicp,0,41,0.423832,3.32323,3.27750,1.0000
pooled,hicp,hicp,0,42,0.400616,3.36670,3.34361,1.0000
pooled,hicp,hicp,0,43,0.39024,3.47027,3.44745,1.0000
pooled,hicp,hicp,0,44,0.382201,3.56262,3.51646,1.0000
pooled,hicp,hicp,0,45,0.366187,3.69348,3.66951,1.0000
pooled,hicp,hicp,0,46,0.334726,3.88298,3.81772,1.0000
pooled,hicp,hicp,0,47,0.298015,3.97208,3.90443,1.0000
pooled,hicp,hicp,0,48,0.291808,3.81396,3.73522,1.0000
pooled,hicp,stoxx,0,1,0.0084568,2.00325,1.88468,0.9567
pooled,hicp,stoxx,0,2,0.0244432,2.03729,1.94771,0.9767
pooled,hicp,stoxx,0,3,0.0370386,2.12842,2.06220,0.9867
pooled,hicp,stoxx,0,4,0.0438451,2.26695,2.17702,0.9933
pooled,hicp,stoxx,0,5,0.0474677,2.44292,2.36242,0.9980
pooled,hicp,stoxx,0,6,0.0540061,2.58645,2.51083,1.0000
pooled,hicp,stoxx,0,7,0.0583155,2.76488,2.66176,1.0000
pooled,hicp,stoxx,0,8,0.0682113,2.96464,2.85807,0.9993
pooled,hicp,stoxx,0,9,0.0830743,3.16242,3.06674,1.0000
pooled,hicp,stoxx,0,10,0.0908248,3.30757,3.22002,1.0000
pooled,hicp,stoxx,0,11,0.100372,3.51428,3.38551,1.0000
pooled,hicp,stoxx,0,12,0.105848,3.96417,3.90496,1.0000
pooled,hicp,stoxx,0,13,0.077748,4.76221,4.64177,1.0000
pooled,hicp,stoxx,0,14,0.0769064,5.16203,4.99159,1.0000
pooled,hicp,stoxx,0,15,0.088325,5.02564,4.84963,1.0000
pooled,hicp,stoxx,0,16,0.109167,4.53625,4.42932,1.0000
pooled,hicp,stoxx,0,17,0.149182,3.74136,3.66972,1.0000
pooled,hicp,stoxx,0,18,0.18695,3.05441,3.00621,1.0000
pooled,hicp,stoxx,0,19,0.220328,2.43860,2.40451,1.0000
pooled,hicp,stoxx,0,20,0.281343,1.90670,1.85165,0.9947
pooled,hicp,stoxx,0,21,0.341132,1.49551,1.44592,0.9193
pooled,hicp,stoxx,0,22,0.364882,1.18780,1.13199,0.6560
pooled,hicp,stoxx,0,23,0.381136,0.98100,0.93869,0.4173
pooled,hicp,stoxx,0,24,0.398061,0.83209,0.80643,0.2433
pooled,hicp,stoxx,0,25,0.366267,0.78037,0.76018,0.2007
pooled,hicp,stoxx,0,26,0.386535,0.71107,0.68640,0.1087
pooled,hicp,stoxx,0,27,0.402315,0.64670,0.61608,0.0633
pooled,hicp,stoxx,0,28,0.41433,0.60153,0.58478,0.0293
pooled,hicp,stoxx,0,29,0.425385,0.60105,0.58609,0.0313
pooled,hicp,stoxx,0,30,0.436437,0.62533,0.58929,0.0693
pooled,hicp,stoxx,0,31,0.435744,0.67784,0.64259,0.1000
pooled,hicp,stoxx,0,32,0.474666,0.76812,0.74864,0.1547
pooled,hicp,stoxx,0,33,0.49041,0.90311,0.88498,0.2953
pooled,hicp,stoxx,0,34,0.475684,1.05487,1.02217,0.5393
pooled,hicp,stoxx,0,35,0.449463,1.15435,1.12584,0.6620
pooled,hicp,stoxx,0,36,0.452284,1.20082,1.16025,0.7540
pooled,hicp,stoxx,0,37,0.442336,1.12643,1.09110,0.6567
pooled,hicp,stoxx,0,38,0.435726,1.06666,1.03059,0.5487
pooled,hicp,stoxx,0,39,0.445805,1.05019,1.01296,0.5200
pooled,hicp,stoxx,0,40,0.442494,1.07354,1.03596,0.5513
pooled,hicp,stoxx,0,41,0.423832,1.17503,1.14127,0.6947
pooled,hicp,stoxx,0,42,0.400616,1.31207,1.26816,0.8360
pooled,hicp,stoxx,0,43,0.39024,1.51117,1.45671,0.9473
pooled,hicp,stoxx,0,44,0.382201,1.84677,1.79550,0.9940
pooled,hicp,stoxx,0,45,0.366187,2.31399,2.26576,0.9993
pooled,hicp,stoxx,0,46,0.334726,2.81470,2.74220,1.0000
pooled,hicp,stoxx,0,47,0.298015,3.23744,3.17168,1.0000
pooled,hicp,stoxx,0,48,0.291808,3.51435,3.44224,1.0000
pooled,stoxx,mps,0,1,0.0084568,0.04734,0.02654,0.0000
pooled,stoxx,mps,0,2,0.0244432,0.04556,0.02470,0.0000
pooled,stoxx,mps,0,3,0.0370386,0.04445,0.02363,0.0000
pooled,stoxx,mps,0,4,0.0438451,0.04167,0.02264,0.0000
pooled,stoxx,mps,0,5,0.0474677,0.03997,0.02136,0.0000
pooled,stoxx,mps,0,6,0.0540061,0.03737,0.02046,0.0000
pooled,stoxx,mps,0,7,0.0583155,0.03409,0.01990,0.0000
pooled,stoxx,mps,0,8,0.0682113,0.03193,0.01817,0.0000
pooled,stoxx,mps,0,9,0.0830743,0.03015,0.01740,0.0000
pooled,stoxx,mps,0,10,0.0908248,0.02945,0.01694,0.0000
pooled,stoxx,mps,0,11,0.100372,0.02925,0.01627,0.0000
pooled,stoxx,mps,0,12,0.105848,0.02763,0.01546,0.0000
pooled,stoxx,mps,0,13,0.077748,0.02648,0.01535,0.0000
pooled,stoxx,mps,0,14,0.0769064,0.02524,0.01520,0.0000
pooled,stoxx,mps,0,15,0.088325,0.02380,0.01468,0.0000
pooled,stoxx,mps,0,16,0.109167,0.02227,0.01434,0.0000
pooled,stoxx,mps,0,17,0.149182,0.02083,0.01460,0.0000
pooled,stoxx,mps,0,18,0.18695,0.01996,0.01481,0.0000
pooled,stoxx,mps,0,19,0.220328,0.01916,0.01500,0.0000
pooled,stoxx,mps,0,20,0.281343,0.01853,0.01514,0.0000
pooled,stoxx,mps,0,21,0.341132,0.01775,0.01479,0.0000
pooled,stoxx,mps,0,22,0.364882,0.01744,0.01518,0.0000
pooled,stoxx,mps,0,23,0.381136,0.01741,0.01537,0.0000
pooled,stoxx,mps,0,24,0.398061,0.01694,0.01517,0.0000
pooled,stoxx,mps,0,25,0.366267,0.01601,0.01488,0.0000
pooled,stoxx,mps,0,26,0.386535,0.01535,0.01431,0.0000
pooled,stoxx,mps,0,27,0.402315,0.01466,0.01363,0.0000
pooled,stoxx,mps,0,28,0.41433,0.01400,0.01223,0.0000
pooled,stoxx,mps,0,29,0.425385,0.01363,0.01239,0.0000
pooled,stoxx,mps,0,30,0.436437,0.01319,0.01230,0.0000
pooled,stoxx,mps,0,31,0.435744,0.01276,0.01222,0.0000
pooled,stoxx,mps,0,32,0.474666,0.01267,0.01187,0.0000
pooled,stoxx,mps,0,33,0.49041,0.01270,0.01198,0.0000
pooled,stoxx,mps,0,34,0.475684,0.01277,0.01179,0.0000
pooled,stoxx,mps,0,35,0.449463,0.01316,0.01174,0.0000
pooled,stoxx,mps,0,36,0.452284,0.01336,0.01169,0.0000
pooled,stoxx,mps,0,37,0.442336,0.01391,0.01208,0.0000
pooled,stoxx,mps,0,38,0.435726,0.01426,0.01247,0.0000
pooled,stoxx,mps,0,39,0.445805,0.01477,0.01289,0.0000
pooled,stoxx,mps,0,40,0.442494,0.01544,0.01365,0.0000
pooled,stoxx,mps,0,41,0.423832,0.01637,0.01434,0.0000
pooled,stoxx,mps,0,42,0.400616,0.01695,0.01501,0.0000
pooled,stoxx,mps,0,43,0.39024,0.01774,0.01643,0.0000
pooled,stoxx,mps,0,44,0.382201,0.01845,0.01724,0.0000
pooled,stoxx,mps,0,45,0.366187,0.01921,0.01777,0.0000
pooled,stoxx,mps,0,46,0.334726,0.02014,0.01852,0.0000
pooled,stoxx,mps,0,47,0.298015,0.02103,0.01875,0.0000
pooled,stoxx,mps,0,48,0.291808,0.02186,0.01866,0.0000
pooled,stoxx,i1y,0,1,0.0084568,0.87051,0.73770,0.2827
pooled,stoxx,i1y,0,2,0.0244432,0.94168,0.83165,0.3367
pooled,stoxx,i1y,0,3,0.0370386,1.09635,1.00159,0.5013
pooled,stoxx,i1y,0,4,0.0438451,1.34412,1.22376,0.6940
pooled,stoxx,i1y,0,5,0.0474677,1.75944,1.58600,0.8733
pooled,stoxx,i1y,0,6,0.0540061,2.40523,2.20256,0.9713
pooled,stoxx,i1y,0,7,0.0583155,3.36465,3.16357,0.9993
pooled,stoxx,i1y,0,8,0.0682113,4.54179,4.36709,1.0000
pooled,stoxx,i1y,0,9,0.0830743,5.69461,5.50234,1.0000
pooled,stoxx,i1y,0,10,0.0908248,6.59818,6.36891,1.0000
pooled,stoxx,i1y,0,11,0.100372,7.31509,7.07415,1.0000
pooled,stoxx,i1y,0,12,0.105848,8.09692,7.85958,1.0000
pooled,stoxx,i1y,0,13,0.077748,9.08960,8.88476,1.0000
pooled,stoxx,i1y,0,14,0.0769064,9.61665,9.20143,1.0000
pooled,stoxx,i1y,0,15,0.088325,9.41671,9.09518,1.0000
pooled,stoxx,i1y,0,16,0.109167,8.63768,8.34207,1.0000
pooled,stoxx,i1y,0,17,0.149182,7.35381,7.18392,1.0000
pooled,stoxx,i1y,0,18,0.18695,6.15180,5.98880,1.0000
pooled,stoxx,i1y,0,19,0.220328,5.03834,4.92031,1.0000
pooled,stoxx,i1y,0,20,0.281343,4.04255,3.96215,1.0000
pooled,stoxx,i1y,0,21,0.341132,3.30981,3.21458,1.0000
pooled,stoxx,i1y,0,22,0.364882,2.88300,2.80182,1.0000
pooled,stoxx,i1y,0,23,0.381136,2.62938,2.55594,1.0000
pooled,stoxx,i1y,0,24,0.398061,2.50967,2.43862,1.0000
pooled,stoxx,i1y,0,25,0.366267,2.47535,2.43160,1.0000
pooled,stoxx,i1y,0,26,0.386535,2.47934,2.40714,1.0000
pooled,stoxx,i1y,0,27,0.402315,2.48896,2.41670,1.0000
pooled,stoxx,i1y,0,28,0.41433,2.52509,2.46846,1.0000
pooled,stoxx,i1y,0,29,0.425385,2.55020,2.47153,1.0000
pooled,stoxx,i1y,0,30,0.436437,2.53258,2.45696,0.9993
pooled,stoxx,i1y,0,31,0.435744,2.39675,2.32365,1.0000
pooled,stoxx,i1y,0,32,0.474666,2.22075,2.13330,1.0000
pooled,stoxx,i1y,0,33,0.49041,2.07517,2.02907,0.9993
pooled,stoxx,i1y,0,34,0.475684,1.96955,1.93508,0.9967
pooled,stoxx,i1y,0,35,0.449463,1.87512,1.82523,0.9927
pooled,stoxx,i1y,0,36,0.452284,1.78069,1.72430,0.9913
pooled,stoxx,i1y,0,37,0.442336,1.70305,1.62828,0.9813
pooled,stoxx,i1y,0,38,0.435726,1.60835,1.56112,0.9633
pooled,stoxx,i1y,0,39,0.445805,1.57744,1.52406,0.9520
pooled,stoxx,i1y,0,40,0.442494,1.57839,1.53939,0.9553
pooled,stoxx,i1y,0,41,0.423832,1.65912,1.62689,0.9627
pooled,stoxx,i1y,0,42,0.400616,1.73965,1.68681,0.9773
pooled,stoxx,i1y,0,43,0.39024,1.79482,1.74479,0.9893
pooled,stoxx,i1y,0,44,0.382201,1.82905,1.77594,0.9893
pooled,stoxx,i1y,0,45,0.366187,1.85918,1.79012,0.9893
pooled,stoxx,i1y,0,46,0.334726,1.83810,1.76267,0.9927
pooled,stoxx,i1y,0,47,0.298015,1.82522,1.76025,0.9840
pooled,stoxx,i1y,0,48,0.291808,1.82394,1.73812,0.9587
pooled,stoxx,ip,0,1,0.0084568,0.79376,0.72000,0.2320
pooled,stoxx,ip,0,2,0.0244432,0.80366,0.73924,0.2293
pooled,stoxx,ip,0,3,0.0370386,0.88453,0.81572,0.3173
pooled,stoxx,ip,0,4,0.0438451,1.03650,0.95493,0.4600
pooled,stoxx,ip,0,5,0.0474677,1.30193,1.23849,0.6907
pooled,stoxx,ip,0,6,0.0540061,1.71361,1.66012,0.8400
pooled,stoxx,ip,0,7,0.0583155,2.26034,2.22441,0.9547
pooled,stoxx,ip,0,8,0.0682113,3.02024,2.95372,0.9947
pooled,stoxx,ip,0,9,0.0830743,3.88397,3.73921,1.0000
pooled,stoxx,ip,0,10,0.0908248,4.80465,4.74417,1.0000
pooled,stoxx,ip,0,11,0.100372,5.59985,5.50007,1.0000
pooled,stoxx,ip,0,12,0.105848,6.59236,6.47463,1.0000
pooled,stoxx,ip,0,13,0.077748,7.74627,7.63617,1.0000
pooled,stoxx,ip,0,14,0.0769064,8.50763,8.34565,1.0000
pooled,stoxx,ip,0,15,0.088325,8.66247,8.45336,1.0000
pooled,stoxx,ip,0,16,0.109167,8.14204,7.93445,1.0000
pooled,stoxx,ip,0,17,0.149182,7.33924,7.20605,1.0000
pooled,stoxx,ip,0,18,0.18695,6.44008,6.28437,1.0000
pooled,stoxx,ip,0,19,0.220328,5.61625,5.49217,1.0000
pooled,stoxx,ip,0,20,0.281343,4.68910,4.54438,1.0000
pooled,stoxx,ip,0,21,0.341132,3.96328,3.83703,1.0000
pooled,stoxx,ip,0,22,0.364882,3.55069,3.44522,1.0000
pooled,stoxx,ip,0,23,0.381136,3.24748,3.17475,1.0000
pooled,stoxx,ip,0,24,0.398061,3.09827,3.03127,1.0000
pooled,stoxx,ip,0,25,0.366267,3.01157,2.93592,1.0000
pooled,stoxx,ip,0,26,0.386535,2.94029,2.86451,1.0000
pooled,stoxx,ip,0,27,0.402315,2.81354,2.75954,1.0000
pooled,stoxx,ip,0,28,0.41433,2.70203,2.64855,1.0000
pooled,stoxx,ip,0,29,0.425385,2.59181,2.53211,1.0000
pooled,stoxx,ip,0,30,0.436437,2.53864,2.48289,1.0000
pooled,stoxx,ip,0,31,0.435744,2.46832,2.41496,1.0000
pooled,stoxx,ip,0,32,0.474666,2.37276,2.32659,1.0000
pooled,stoxx,ip,0,33,0.49041,2.32332,2.26117,1.0000
pooled,stoxx,ip,0,34,0.475684,2.31785,2.27975,1.0000
pooled,stoxx,ip,0,35,0.449463,2.28623,2.24419,1.0000
pooled,stoxx,ip,0,36,0.452284,2.21565,2.16789,1.0000
pooled,stoxx,ip,0,37,0.442336,2.11655,2.07184,1.0000
pooled,stoxx,ip,0,38,0.435726,1.99979,1.96434,1.0000
pooled,stoxx,ip,0,39,0.445805,1.80029,1.76499,0.9907
pooled,stoxx,ip,0,40,0.442494,1.56684,1.53227,0.9513
pooled,stoxx,ip,0,41,0.423832,1.36029,1.31730,0.8600
pooled,stoxx,ip,0,42,0.400616,1.18306,1.15079,0.6847
pooled,stoxx,ip,0,43,0.39024,1.01732,0.98928,0.4747
pooled,stoxx,ip,0,44,0.382201,0.89820,0.86303,0.3127
pooled,stoxx,ip,0,45,0.366187,0.81136,0.77939,0.2087
pooled,stoxx,ip,0,46,0.334726,0.74958,0.72373,0.1487
pooled,stoxx,ip,0,47,0.298015,0.70967,0.66950,0.1247
pooled,stoxx,ip,0,48,0.291808,0.70818,0.65430,0.1473
pooled,stoxx,hicp,0,1,0.0084568,0.37853,0.33904,0.0053
pooled,stoxx,hicp,0,2,0.0244432,0.35609,0.31651,0.0020
pooled,stoxx,hicp,0,3,0.0370386,0.33722,0.30373,0.0000
pooled,stoxx,hicp,0,4,0.0438451,0.33423,0.30074,0.0000
pooled,stoxx,hicp,0,5,0.0474677,0.33420,0.30442,0.0007
pooled,stoxx,hicp,0,6,0.0540061,0.34518,0.31079,0.0020
pooled,stoxx,hicp,0,7,0.0583155,0.35518,0.32207,0.0020
pooled,stoxx,hicp,0,8,0.0682113,0.36866,0.34624,0.0007
pooled,stoxx,hicp,0,9,0.0830743,0.40040,0.37155,0.0053
pooled,stoxx,hicp,0,10,0.0908248,0.42959,0.39831,0.0060
pooled,stoxx,hicp,0,11,0.100372,0.45226,0.41985,0.0100
pooled,stoxx,hicp,0,12,0.105848,0.47330,0.44207,0.0107
pooled,stoxx,hicp,0,13,0.077748,0.49957,0.46940,0.0193
pooled,stoxx,hicp,0,14,0.0769064,0.53557,0.50872,0.0187
pooled,stoxx,hicp,0,15,0.088325,0.58030,0.55589,0.0320
pooled,stoxx,hicp,0,16,0.109167,0.63607,0.62258,0.0400
pooled,stoxx,hicp,0,17,0.149182,0.69334,0.67625,0.0687
pooled,stoxx,hicp,0,18,0.18695,0.75371,0.73487,0.1027
pooled,stoxx,hicp,0,19,0.220328,0.79711,0.77273,0.1447
pooled,stoxx,hicp,0,20,0.281343,0.81488,0.78655,0.1533
pooled,stoxx,hicp,0,21,0.341132,0.81892,0.79859,0.1567
pooled,stoxx,hicp,0,22,0.364882,0.80928,0.79221,0.1280
pooled,stoxx,hicp,0,23,0.381136,0.78665,0.76408,0.1293
pooled,stoxx,hicp,0,24,0.398061,0.74480,0.72466,0.0860
pooled,stoxx,hicp,0,25,0.366267,0.70368,0.68859,0.0667
pooled,stoxx,hicp,0,26,0.386535,0.64142,0.63213,0.0260
pooled,stoxx,hicp,0,27,0.402315,0.59167,0.58055,0.0087
pooled,stoxx,hicp,0,28,0.41433,0.55355,0.54364,0.0073
pooled,stoxx,hicp,0,29,0.425385,0.49399,0.47338,0.0013
pooled,stoxx,hicp,0,30,0.436437,0.43826,0.42141,0.0007
pooled,stoxx,hicp,0,31,0.435744,0.38299,0.36517,0.0000
pooled,stoxx,hicp,0,32,0.474666,0.32816,0.31879,0.0000
pooled,stoxx,hicp,0,33,0.49041,0.28623,0.27664,0.0000
pooled,stoxx,hicp,0,34,0.475684,0.25141,0.24011,0.0000
pooled,stoxx,hicp,0,35,0.449463,0.22145,0.20967,0.0000
pooled,stoxx,hicp,0,36,0.452284,0.19225,0.18167,0.0000
pooled,stoxx,hicp,0,37,0.442336,0.17056,0.16044,0.0000
pooled,stoxx,hicp,0,38,0.435726,0.15372,0.14559,0.0000
pooled,stoxx,hicp,0,39,0.445805,0.14198,0.13434,0.0000
pooled,stoxx,hicp,0,40,0.442494,0.13349,0.12477,0.0000
pooled,stoxx,hicp,0,41,0.423832,0.12719,0.11795,0.0000
pooled,stoxx,hicp,0,42,0.400616,0.12100,0.11251,0.0000
pooled,stoxx,hicp,0,43,0.39024,0.11605,0.10895,0.0000
pooled,stoxx,hicp,0,44,0.382201,0.11499,0.10832,0.0000
pooled,stoxx,hicp,0,45,0.366187,0.11548,0.10755,0.0000
pooled,stoxx,hicp,0,46,0.334726,0.11359,0.10602,0.0000
pooled,stoxx,hicp,0,47,0.298015,0.11236,0.10190,0.0000
pooled,stoxx,hicp,0,48,0.291808,0.11238,0.09892,0.0000
pooled,stoxx,stoxx,0,1,0.0084568,0.37384,0.33909,0.0053
pooled,stoxx,stoxx,0,2,0.0244432,0.35965,0.33073,0.0013
pooled,stoxx,stoxx,0,3,0.0370386,0.35182,0.32723,0.0000
pooled,stoxx,stoxx,0,4,0.0438451,0.34308,0.31650,0.0000
pooled,stoxx,stoxx,0,5,0.0474677,0.34111,0.32345,0.0000
pooled,stoxx,stoxx,0,6,0.0540061,0.34760,0.32415,0.0007
pooled,stoxx,stoxx,0,7,0.0583155,0.35065,0.32262,0.0000
pooled,stoxx,stoxx,0,8,0.0682113,0.36091,0.32910,0.0000
pooled,stoxx,stoxx,0,9,0.0830743,0.37188,0.34185,0.0020
pooled,stoxx,stoxx,0,10,0.0908248,0.39041,0.35956,0.0047
pooled,stoxx,stoxx,0,11,0.100372,0.41592,0.37832,0.0047
pooled,stoxx,stoxx,0,12,0.105848,0.43809,0.39940,0.0093
pooled,stoxx,stoxx,0,13,0.077748,0.46573,0.41560,0.0213
pooled,stoxx,stoxx,0,14,0.0769064,0.49223,0.44276,0.0387
pooled,stoxx,stoxx,0,15,0.088325,0.51036,0.47055,0.0387
pooled,stoxx,stoxx,0,16,0.109167,0.51957,0.47832,0.0420
pooled,stoxx,stoxx,0,17,0.149182,0.51441,0.47221,0.0387
pooled,stoxx,stoxx,0,18,0.18695,0.51925,0.48020,0.0480
pooled,stoxx,stoxx,0,19,0.220328,0.52842,0.48427,0.0387
pooled,stoxx,stoxx,0,20,0.281343,0.54048,0.50052,0.0313
pooled,stoxx,stoxx,0,21,0.341132,0.56669,0.52434,0.0360
pooled,stoxx,stoxx,0,22,0.364882,0.61249,0.57203,0.0447
pooled,stoxx,stoxx,0,23,0.381136,0.67949,0.65142,0.0747
pooled,stoxx,stoxx,0,24,0.398061,0.75964,0.72901,0.1260
pooled,stoxx,stoxx,0,25,0.366267,0.86496,0.84028,0.2680
pooled,stoxx,stoxx,0,26,0.386535,0.96836,0.94615,0.4213
pooled,stoxx,stoxx,0,27,0.402315,1.06875,1.04043,0.5660
pooled,stoxx,stoxx,0,28,0.41433,1.14355,1.12844,0.7193
pooled,stoxx,stoxx,0,29,0.425385,1.22293,1.20140,0.8247
pooled,stoxx,stoxx,0,30,0.436437,1.28181,1.25409,0.8993
pooled,stoxx,stoxx,0,31,0.435744,1.33513,1.31379,0.9107
pooled,stoxx,stoxx,0,32,0.474666,1.33943,1.31421,0.9233
pooled,stoxx,stoxx,0,33,0.49041,1.33894,1.30934,0.9413
pooled,stoxx,stoxx,0,34,0.475684,1.34803,1.33251,0.9420
pooled,stoxx,stoxx,0,35,0.449463,1.36073,1.33852,0.9560
pooled,stoxx,stoxx,0,36,0.452284,1.37731,1.35899,0.9627
pooled,stoxx,stoxx,0,37,0.442336,1.37075,1.35860,0.9600
pooled,stoxx,stoxx,0,38,0.435726,1.36575,1.33558,0.9493
pooled,stoxx,stoxx,0,39,0.445805,1.36437,1.35334,0.9393
pooled,stoxx,stoxx,0,40,0.442494,1.36485,1.34306,0.9460
pooled,stoxx,stoxx,0,41,0.423832,1.37363,1.35990,0.9480
pooled,stoxx,stoxx,0,42,0.400616,1.39786,1.38999,0.9513
pooled,stoxx,stoxx,0,43,0.39024,1.42769,1.40736,0.9720
pooled,stoxx,stoxx,0,44,0.382201,1.46403,1.43894,0.9707
pooled,stoxx,stoxx,0,45,0.366187,1.49600,1.46626,0.9760
pooled,stoxx,stoxx,0,46,0.334726,1.52141,1.49223,0.9727
pooled,stoxx,stoxx,0,47,0.298015,1.55715,1.52172,0.9713
pooled,stoxx,stoxx,0,48,0.291808,1.58379,1.52277,0.9440
