scale_estimator,equation,block,block_held_at_1,h,lambda_h,tau_mean,tau_median,p_tau_gt1
block,mps,mps,1,1,0.00843167,1.00000,1.00000,0.0000
block,mps,mps,1,2,0.0213926,1.00000,1.00000,0.0000
block,mps,mps,1,3,0.0276757,1.00000,1.00000,0.0000
block,mps,mps,1,4,0.0321764,1.00000,1.00000,0.0000
block,mps,mps,1,5,0.0294689,1.00000,1.00000,0.0000
block,mps,mps,1,6,0.0301947,1.00000,1.00000,0.0000
block,mps,mps,1,7,0.0295498,1.00000,1.00000,0.0000
block,mps,mps,1,8,0.0293302,1.00000,1.00000,0.0000
block,mps,mps,1,9,0.028381,1.00000,1.00000,0.0000
block,mps,mps,1,10,0.0241941,1.00000,1.00000,0.0000
block,mps,mps,1,11,0.0207737,1.00000,1.00000,0.0000
block,mps,mps,1,12,0.0169583,1.00000,1.00000,0.0000
block,mps,mps,1,13,0.0126178,1.00000,1.00000,0.0000
block,mps,mps,1,14,0.0109015,1.00000,1.00000,0.0000
block,mps,mps,1,15,0.0102145,1.00000,1.00000,0.0000
block,mps,mps,1,16,0.00874402,1.00000,1.00000,0.0000
block,mps,mps,1,17,0.00984459,1.00000,1.00000,0.0000
block,mps,mps,1,18,0.00913892,1.00000,1.00000,0.0000
block,mps,mps,1,19,0.00871374,1.00000,1.00000,0.0000
block,mps,mps,1,20,0.00772001,1.00000,1.00000,0.0000
block,mps,mps,1,21,0.00895702,1.00000,1.00000,0.0000
block,mps,mps,1,22,0.00840242,1.00000,1.00000,0.0000
block,mps,mps,1,23,0.00817244,1.00000,1.00000,0.0000
block,mps,mps,1,24,0.00842244,1.00000,1.00000,0.0000
block,mps,mps,1,25,0.0079032,1.00000,1.00000,0.0000
block,mps,mps,1,26,0.0097378,1.00000,1.00000,0.0000
block,mps,mps,1,27,0.0138085,1.00000,1.00000,0.0000
block,mps,mps,1,28,0.0137481,1.00000,1.00000,0.0000
block,mps,mps,1,29,0.408298,1.00000,1.00000,0.0000
block,mps,mps,1,30,0.420049,1.00000,1.00000,0.0000
block,mps,mps,1,31,0.0100528,1.00000,1.00000,0.0000
block,mps,mps,1,32,0.460005,1.00000,1.00000,0.0000
block,mps,mps,1,33,0.477787,1.00000,1.00000,0.0000
block,mps,mps,1,34,0.463045,1.00000,1.00000,0.0000
block,mps,mps,1,35,0.435411,1.00000,1.00000,0.0000
block,mps,mps,1,36,0.439602,1.00000,1.00000,0.0000
block,mps,mps,1,37,0.429411,1.00000,1.00000,0.0000
block,mps,mps,1,38,0.421835,1.00000,1.00000,0.0000
block,mps,mps,1,39,0.433321,1.00000,1.00000,0.0000
block,mps,mps,1,40,0.427642,1.00000,1.00000,0.0000
block,mps,mps,1,41,0.406245,1.00000,1.00000,0.0000
block,mps,mps,1,42,0.381639,1.00000,1.00000,0.0000
block,mps,mps,1,43,0.368641,1.00000,1.00000,0.0000
block,mps,mps,1,44,0.357738,1.00000,1.00000,0.0000
block,mps,mps,1,45,0.339035,1.00000,1.00000,0.0000
block,mps,mps,1,46,0.299599,1.00000,1.00000,0.0000
block,mps,mps,1,47,0.258179,1.00000,1.00000,0.0000
block,mps,mps,1,48,0.255224,1.00000,1.00000,0.0000
block,mps,i1y,0,1,0.00843167,0.49211,0.30065,0.1273
block,mps,i1y,0,2,0.0213926,0.34250,0.24502,0.0487
block,mps,i1y,0,3,0.0276757,0.48798,0.33145,0.1253
block,mps,i1y,0,4,0.0321764,0.55842,0.41350,0.1513
block,mps,i1y,0,5,0.0294689,0.61008,0.41644,0.1687
block,mps,i1y,0,6,0.0301947,0.57733,0.41714,0.1600
block,mps,i1y,0,7,0.0295498,0.91689,0.63471,0.3107
block,mps,i1y,0,8,0.0293302,1.19906,0.64656,0.3453
block,mps,i1y,0,9,0.028381,0.55098,0.42215,0.1413
block,mps,i1y,0,10,0.0241941,0.95029,0.58179,0.3100
block,mps,i1y,0,11,0.0207737,0.95089,0.74867,0.3613
block,mps,i1y,0,12,0.0169583,1.01678,0.70034,0.3493
block,mps,i1y,0,13,0.0126178,1.24705,0.57119,0.3033
block,mps,i1y,0,14,0.0109015,1.50028,0.98467,0.4940
block,mps,i1y,0,15,0.0102145,1.66764,1.11257,0.5540
block,mps,i1y,0,16,0.00874402,1.83873,0.99647,0.5000
block,mps,i1y,0,17,0.00984459,1.51404,0.76112,0.4287
block,mps,i1y,0,18,0.00913892,1.58243,0.99566,0.4987
block,mps,i1y,0,19,0.00871374,1.74799,1.05344,0.5200
block,mps,i1y,0,20,0.00772001,2.14171,0.92420,0.4680
block,mps,i1y,0,21,0.00895702,1.47902,0.59134,0.3500
block,mps,i1y,0,22,0.00840242,1.93866,1.10731,0.5507
block,mps,i1y,0,23,0.00817244,3.93221,1.84151,0.7700
block,mps,i1y,0,24,0.00842244,2.05503,1.08563,0.5200
block,mps,i1y,0,25,0.0079032,1.87207,0.67987,0.3933
block,mps,i1y,0,26,0.0097378,1.80786,1.01986,0.5120
block,mps,i1y,0,27,0.0138085,3.43171,1.24541,0.5767
block,mps,i1y,0,28,0.0137481,1.52196,0.88662,0.4493
block,mps,i1y,0,29,0.408298,0.48841,0.37435,0.1153
block,mps,i1y,0,30,0.420049,0.55322,0.36965,0.1560
block,mps,i1y,0,31,0.0100528,2.07805,1.03031,0.5100
block,mps,i1y,0,32,0.460005,0.33762,0.22833,0.0507
block,mps,i1y,0,33,0.477787,0.44115,0.26850,0.0847
block,mps,i1y,0,34,0.463045,0.37009,0.26114,0.0567
block,mps,i1y,0,35,0.435411,0.30738,0.18976,0.0507
block,mps,i1y,0,36,0.439602,0.32254,0.19270,0.0580
block,mps,i1y,0,37,0.429411,0.31369,0.20394,0.0393
block,mps,i1y,0,38,0.421835,0.35125,0.22151,0.0713
block,mps,i1y,0,39,0.433321,0.36553,0.23875,0.0687
block,mps,i1y,0,40,0.427642,0.38624,0.24381,0.0767
block,mps,i1y,0,41,0.406245,0.38506,0.27484,0.0553
block,mps,i1y,0,42,0.381639,0.53456,0.40692,0.1340
block,mps,i1y,0,43,0.368641,0.31964,0.22041,0.0420
block,mps,i1y,0,44,0.357738,0.44331,0.33841,0.0833
block,mps,i1y,0,45,0.339035,0.35160,0.23967,0.0553
block,mps,i1y,0,46,0.299599,0.48324,0.34414,0.1040
block,mps,i1y,0,47,0.258179,0.55122,0.39660,0.1633
block,mps,i1y,0,48,0.255224,0.56271,0.37756,0.1480
block,mps,ip,0,1,0.00843167,1.00188,0.64386,0.2940
block,mps,ip,0,2,0.0213926,0.68030,0.48636,0.1973
block,mps,ip,0,3,0.0276757,0.54957,0.36933,0.1467
block,mps,ip,0,4,0.0321764,0.78834,0.57201,0.2453
block,mps,ip,0,5,0.0294689,0.72216,0.45373,0.2433
block,mps,ip,0,6,0.0301947,0.74192,0.56612,0.2193
block,mps,ip,0,7,0.0295498,0.70358,0.43388,0.2427
block,mps,ip,0,8,0.0293302,0.90189,0.56079,0.2713
block,mps,ip,0,9,0.028381,0.87983,0.56581,0.2800
block,mps,ip,0,10,0.0241941,1.33654,0.80277,0.4260
block,mps,ip,0,11,0.0207737,1.21257,0.73481,0.3587
block,mps,ip,0,12,0.0169583,1.74773,1.17706,0.5553
block,mps,ip,0,13,0.0126178,1.27269,0.71135,0.4007
block,mps,ip,0,14,0.0109015,2.12709,1.14648,0.5480
block,mps,ip,0,15,0.0102145,1.85387,1.12309,0.5440
block,mps,ip,0,16,0.00874402,1.66764,1.21702,0.5827
block,mps,ip,0,17,0.00984459,2.03411,0.95452,0.4847
block,mps,ip,0,18,0.00913892,2.16851,1.12306,0.5407
block,mps,ip,0,19,0.00871374,1.12575,0.60658,0.3227
block,mps,ip,0,20,0.00772001,2.85644,1.08071,0.5227
block,mps,ip,0,21,0.00895702,1.39830,0.80028,0.4200
block,mps,ip,0,22,0.00840242,2.63506,1.02298,0.5153
block,mps,ip,0,23,0.00817244,1.83985,0.92037,0.4700
block,mps,ip,0,24,0.00842244,1.99865,0.89260,0.4520
block,mps,ip,0,25,0.0079032,1.80558,0.78125,0.4240
block,mps,ip,0,26,0.0097378,1.31397,0.67252,0.3560
block,mps,ip,0,27,0.0138085,2.03572,1.14940,0.5453
block,mps,ip,0,28,0.0137481,1.87548,0.99097,0.4980
block,mps,ip,0,29,0.408298,0.44743,0.28450,0.1233
block,mps,ip,0,30,0.420049,0.40995,0.29029,0.0800
block,mps,ip,0,31,0.0100528,3.75877,1.36580,0.5987
block,mps,ip,0,32,0.460005,0.37989,0.28916,0.0553
block,mps,ip,0,33,0.477787,0.48891,0.38421,0.0993
block,mps,ip,0,34,0.463045,0.44867,0.27811,0.0987
block,mps,ip,0,35,0.435411,0.35254,0.27637,0.0353
block,mps,ip,0,36,0.439602,0.42605,0.29636,0.0840
block,mps,ip,0,37,0.429411,0.39260,0.29061,0.0633
block,mps,ip,0,38,0.421835,0.39922,0.31354,0.0547
block,mps,ip,0,39,0.433321,0.47427,0.39260,0.0913
block,mps,ip,0,40,0.427642,0.33946,0.25916,0.0320
block,mps,ip,0,41,0.406245,0.44675,0.34016,0.0813
block,mps,ip,0,42,0.381639,0.48578,0.35074,0.1200
block,mps,ip,0,43,0.368641,0.30171,0.20432,0.0447
block,mps,ip,0,44,0.357738,0.40237,0.32046,0.0553
block,mps,ip,0,45,0.339035,0.34255,0.22708,0.0493
block,mps,ip,0,46,0.299599,0.42159,0.30363,0.0807
block,mps,ip,0,47,0.258179,0.50220,0.38084,0.1200
block,mps,ip,0,48,0.255224,0.36607,0.24400,0.0707
block,mps,hicp,0,1,0.00843167,0.81403,0.60695,0.2940
block,mps,hicp,0,2,0.0213926,0.54409,0.41181,0.1693
block,mps,hicp,0,3,0.0276757,0.59868,0.51343,0.1860
block,mps,hicp,0,4,0.0321764,0.72255,0.54627,0.2567
block,mps,hicp,0,5,0.0294689,0.92118,0.70469,0.3420
block,mps,hicp,0,6,0.0301947,0.83355,0.50491,0.2827
block,mps,hicp,0,7,0.0295498,1.06060,0.74434,0.3700
block,mps,hicp,0,8,0.0293302,1.00847,0.69948,0.3487
block,mps,hicp,0,9,0.028381,0.93449,0.61196,0.3133
block,mps,hicp,0,10,0.0241941,1.04067,0.74264,0.3587
block,mps,hicp,0,11,0.0207737,1.41724,0.89278,0.4527
block,mps,hicp,0,12,0.0169583,1.03282,0.63038,0.3287
block,mps,hicp,0,13,0.0126178,1.30367,0.84024,0.4407
block,mps,hicp,0,14,0.0109015,1.57443,0.78559,0.4200
block,mps,hicp,0,15,0.0102145,1.62861,1.04176,0.5153
block,mps,hicp,0,16,0.00874402,2.18178,1.02837,0.5067
block,mps,hicp,0,17,0.00984459,1.97219,1.08340,0.5247
block,mps,hicp,0,18,0.00913892,1.26923,0.69164,0.3500
block,mps,hicp,0,19,0.00871374,1.50078,0.77634,0.3973
block,mps,hicp,0,20,0.00772001,2.33360,1.12901,0.5333
block,mps,hicp,0,21,0.00895702,1.64935,0.99140,0.4953
block,mps,hicp,0,22,0.00840242,1.47148,0.73345,0.4093
block,mps,hicp,0,23,0.00817244,1.86906,0.70496,0.3980
block,mps,hicp,0,24,0.00842244,2.39352,1.38819,0.5800
block,mps,hicp,0,25,0.0079032,1.57201,0.78017,0.4113
block,mps,hicp,0,26,0.0097378,1.57183,1.07663,0.5460
block,mps,hicp,0,27,0.0138085,2.06590,1.15298,0.5527
block,mps,hicp,0,28,0.0137481,1.85249,0.91083,0.4633
block,mps,hicp,0,29,0.408298,0.48021,0.30254,0.1440
block,mps,hicp,0,30,0.420049,0.80075,0.65800,0.3027
block,mps,hicp,0,31,0.0100528,1.84681,1.08164,0.5307
block,mps,hicp,0,32,0.460005,0.60084,0.38947,0.1967
block,mps,hicp,0,33,0.477787,0.60678,0.48610,0.1827
block,mps,hicp,0,34,0.463045,0.38132,0.27679,0.0580
block,mps,hicp,0,35,0.435411,0.35195,0.24692,0.0507
block,mps,hicp,0,36,0.439602,0.35552,0.25652,0.0553
block,mps,hicp,0,37,0.429411,0.24406,0.12636,0.0320
block,mps,hicp,0,38,0.421835,0.32807,0.24881,0.0287
block,mps,hicp,0,39,0.433321,0.34922,0.25480,0.0520
block,mps,hicp,0,40,0.427642,0.22829,0.17659,0.0120
block,mps,hicp,0,41,0.406245,0.30401,0.24084,0.0180
block,mps,hicp,0,42,0.381639,0.29575,0.22443,0.0233
block,mps,hicp,0,43,0.368641,0.36195,0.26351,0.0480
block,mps,hicp,0,44,0.357738,0.32468,0.24361,0.0340
block,mps,hicp,0,45,0.339035,0.23461,0.15973,0.0260
block,mps,hicp,0,46,0.299599,0.40479,0.30257,0.0647
block,mps,hicp,0,47,0.258179,0.41154,0.34823,0.0493
block,mps,hicp,0,48,0.255224,0.33770,0.24226,0.0413
block,mps,stoxx,0,1,0.00843167,0.65855,0.45570,0.2080
block,mps,stoxx,0,2,0.0213926,0.54813,0.41793,0.1520
block,mps,stoxx,0,3,0.0276757,0.76761,0.57034,0.2293
block,mps,stoxx,0,4,0.0321764,0.61290,0.39341,0.1940
block,mps,stoxx,0,5,0.0294689,0.88378,0.67859,0.3100
block,mps,stoxx,0,6,0.0301947,0.91839,0.60194,0.3140
block,mps,stoxx,0,7,0.0295498,0.95192,0.55617,0.3027
block,mps,stoxx,0,8,0.0293302,1.10752,0.71029,0.3620
block,mps,stoxx,0,9,0.028381,1.17248,0.74623,0.3927
block,mps,stoxx,0,10,0.0241941,1.38195,0.90301,0.4513
block,mps,stoxx,0,11,0.0207737,1.69027,1.15824,0.5653
block,mps,stoxx,0,12,0.0169583,1.34921,0.89019,0.4533
block,mps,stoxx,0,13,0.0126178,2.49335,1.36807,0.6113
block,mps,stoxx,0,14,0.0109015,1.85638,1.05968,0.5173
block,mps,stoxx,0,15,0.0102145,1.87816,1.06703,0.5153
block,mps,stoxx,0,16,0.00874402,2.21559,0.89739,0.4640
block,mps,stoxx,0,17,0.00984459,1.60006,0.74736,0.4173
block,mps,stoxx,0,18,0.00913892,2.24342,1.17394,0.5567
block,mps,stoxx,0,19,0.00871374,2.66927,1.00253,0.5007
block,mps,stoxx,0,20,0.00772001,2.27490,0.97220,0.4887
block,mps,stoxx,0,21,0.00895702,1.75797,1.22744,0.6080
block,mps,stoxx,0,22,0.00840242,1.79794,0.82863,0.4613
block,mps,stoxx,0,23,0.00817244,1.95025,0.93118,0.4780
block,mps,stoxx,0,24,0.00842244,2.34188,1.19659,0.5600
block,mps,stoxx,0,25,0.0079032,2.22450,0.83503,0.4400
block,mps,stoxx,0,26,0.0097378,1.72311,0.71708,0.3873
block,mps,stoxx,0,27,0.0138085,1.73554,1.10740,0.5320
block,mps,stoxx,0,28,0.0137481,1.67329,0.96798,0.4920
block,mps,stoxx,0,29,0.408298,0.29215,0.20700,0.0200
block,mps,stoxx,0,30,0.420049,0.29155,0.22856,0.0147
block,mps,stoxx,0,31,0.0100528,1.95794,0.87568,0.4567
block,mps,stoxx,0,32,0.460005,0.43479,0.29889,0.1033
block,mps,stoxx,0,33,0.477787,0.30511,0.19955,0.0447
block,mps,stoxx,0,34,0.463045,0.39170,0.28123,0.0680
block,mps,stoxx,0,35,0.435411,0.52168,0.40619,0.1247
block,mps,stoxx,0,36,0.439602,0.28346,0.14630,0.0427
block,mps,stoxx,0,37,0.429411,0.42987,0.33056,0.0773
block,mps,stoxx,0,38,0.421835,0.38937,0.32512,0.0487
block,mps,stoxx,0,39,0.433321,0.47419,0.35755,0.0887
block,mps,stoxx,0,40,0.427642,0.37074,0.29974,0.0567
block,mps,stoxx,0,41,0.406245,0.31170,0.22333,0.0440
block,mps,stoxx,0,42,0.381639,0.28378,0.17346,0.0420
block,mps,stoxx,0,43,0.368641,0.36529,0.23918,0.0740
block,mps,stoxx,0,44,0.357738,0.40179,0.30656,0.0573
block,mps,stoxx,0,45,0.339035,0.45673,0.36460,0.0880
block,mps,stoxx,0,46,0.299599,0.47489,0.33524,0.1000
block,mps,stoxx,0,47,0.258179,0.47950,0.36711,0.1040
block,mps,stoxx,0,48,0.255224,0.41540,0.27101,0.1040
block,i1y,mps,1,1,0.00843167,1.00000,1.00000,0.0000
block,i1y,mps,1,2,0.0213926,1.00000,1.00000,0.0000
block,i1y,mps,1,3,0.0276757,1.00000,1.00000,0.0000
block,i1y,mps,1,4,0.0321764,1.00000,1.00000,0.0000
block,i1y,mps,1,5,0.0294689,1.00000,1.00000,0.0000
block,i1y,mps,1,6,0.0301947,1.00000,1.00000,0.0000
block,i1y,mps,1,7,0.0295498,1.00000,1.00000,0.0000
block,i1y,mps,1,8,0.0293302,1.00000,1.00000,0.0000
block,i1y,mps,1,9,0.028381,1.00000,1.00000,0.0000
block,i1y,mps,1,10,0.0241941,1.00000,1.00000,0.0000
block,i1y,mps,1,11,0.0207737,1.00000,1.00000,0.0000
block,i1y,mps,1,12,0.0169583,1.00000,1.00000,0.0000
block,i1y,mps,1,13,0.0126178,1.00000,1.00000,0.0000
block,i1y,mps,1,14,0.0109015,1.00000,1.00000,0.0000
block,i1y,mps,1,15,0.0102145,1.00000,1.00000,0.0000
block,i1y,mps,1,16,0.00874402,1.00000,1.00000,0.0000
block,i1y,mps,1,17,0.00984459,1.00000,1.00000,0.0000
block,i1y,mps,1,18,0.00913892,1.00000,1.00000,0.0000
block,i1y,mps,1,19,0.00871374,1.00000,1.00000,0.0000
block,i1y,mps,1,20,0.00772001,1.00000,1.00000,0.0000
block,i1y,mps,1,21,0.00895702,1.00000,1.00000,0.0000
block,i1y,mps,1,22,0.00840242,1.00000,1.00000,0.0000
block,i1y,mps,1,23,0.00817244,1.00000,1.00000,0.0000
block,i1y,mps,1,24,0.00842244,1.00000,1.00000,0.0000
block,i1y,mps,1,25,0.0079032,1.00000,1.00000,0.0000
block,i1y,mps,1,26,0.0097378,1.00000,1.00000,0.0000
block,i1y,mps,1,27,0.0138085,1.00000,1.00000,0.0000
block,i1y,mps,1,28,0.0137481,1.00000,1.00000,0.0000
block,i1y,mps,1,29,0.408298,1.00000,1.00000,0.0000
block,i1y,mps,1,30,0.420049,1.00000,1.00000,0.0000
block,i1y,mps,1,31,0.0100528,1.00000,1.00000,0.0000
block,i1y,mps,1,32,0.460005,1.00000,1.00000,0.0000
block,i1y,mps,1,33,0.477787,1.00000,1.00000,0.0000
block,i1y,mps,1,34,0.463045,1.00000,1.00000,0.0000
block,i1y,mps,1,35,0.435411,1.00000,1.00000,0.0000
block,i1y,mps,1,36,0.439602,1.00000,1.00000,0.0000
block,i1y,mps,1,37,0.429411,1.00000,1.00000,0.0000
block,i1y,mps,1,38,0.421835,1.00000,1.00000,0.0000
block,i1y,mps,1,39,0.433321,1.00000,1.00000,0.0000
block,i1y,mps,1,40,0.427642,1.00000,1.00000,0.0000
block,i1y,mps,1,41,0.406245,1.00000,1.00000,0.0000
block,i1y,mps,1,42,0.381639,1.00000,1.00000,0.0000
block,i1y,mps,1,43,0.368641,1.00000,1.00000,0.0000
block,i1y,mps,1,44,0.357738,1.00000,1.00000,0.0000
block,i1y,mps,1,45,0.339035,1.00000,1.00000,0.0000
block,i1y,mps,1,46,0.299599,1.00000,1.00000,0.0000
block,i1y,mps,1,47,0.258179,1.00000,1.00000,0.0000
block,i1y,mps,1,48,0.255224,1.00000,1.00000,0.0000
block,i1y,i1y,0,1,0.00843167,0.37814,0.24226,0.0780
block,i1y,i1y,0,2,0.0213926,0.68642,0.46093,0.2147
block,i1y,i1y,0,3,0.0276757,0.77595,0.47199,0.2373
block,i1y,i1y,0,4,0.0321764,1.00212,0.47580,0.2733
block,i1y,i1y,0,5,0.0294689,1.54888,0.95062,0.4833
block,i1y,i1y,0,6,0.0301947,2.89668,1.33268,0.5793
block,i1y,i1y,0,7,0.0295498,1.45743,0.65588,0.3347
block,i1y,i1y,0,8,0.0293302,1.87701,1.18286,0.5580
block,i1y,i1y,0,9,0.028381,1.66689,0.90975,0.4587
block,i1y,i1y,0,10,0.0241941,3.03341,1.65496,0.6433
block,i1y,i1y,0,11,0.0207737,1.42079,0.71509,0.4033
block,i1y,i1y,0,12,0.0169583,1.80445,0.93034,0.4747
block,i1y,i1y,0,13,0.0126178,1.34113,0.88115,0.4600
block,i1y,i1y,0,14,0.0109015,1.24363,0.65414,0.3913
block,i1y,i1y,0,15,0.0102145,2.81359,1.38732,0.6380
block,i1y,i1y,0,16,0.00874402,2.14523,1.22818,0.5773
block,i1y,i1y,0,17,0.00984459,2.18321,1.39763,0.6113
block,i1y,i1y,0,18,0.00913892,1.73976,0.73703,0.4093
block,i1y,i1y,0,19,0.00871374,1.72817,1.06881,0.5253
block,i1y,i1y,0,20,0.00772001,2.43205,1.04968,0.5140
block,i1y,i1y,0,21,0.00895702,3.37299,1.36502,0.6073
block,i1y,i1y,0,22,0.00840242,2.58918,1.52114,0.6413
block,i1y,i1y,0,23,0.00817244,4.16762,1.77414,0.6800
block,i1y,i1y,0,24,0.00842244,3.44354,1.60810,0.6607
block,i1y,i1y,0,25,0.0079032,1.14499,0.66174,0.3307
block,i1y,i1y,0,26,0.0097378,1.68950,0.78565,0.4240
block,i1y,i1y,0,27,0.0138085,3.02656,1.01069,0.5027
block,i1y,i1y,0,28,0.0137481,13.02717,1.57746,0.6347
block,i1y,i1y,0,29,0.408298,2.88724,2.63373,0.9827
block,i1y,i1y,0,30,0.420049,2.70674,2.43707,0.9893
block,i1y,i1y,0,31,0.0100528,57.51958,49.71087,0.9233
block,i1y,i1y,0,32,0.460005,2.06408,1.86087,0.9400
block,i1y,i1y,0,33,0.477787,1.91144,1.69684,0.8920
block,i1y,i1y,0,34,0.463045,1.87026,1.68828,0.8947
block,i1y,i1y,0,35,0.435411,1.95128,1.68690,0.8533
block,i1y,i1y,0,36,0.439602,1.86819,1.60518,0.8720
block,i1y,i1y,0,37,0.429411,1.90991,1.65903,0.8800
block,i1y,i1y,0,38,0.421835,1.90646,1.69185,0.8747
block,i1y,i1y,0,39,0.433321,2.05971,1.81281,0.8853
block,i1y,i1y,0,40,0.427642,2.01069,1.80585,0.8873
block,i1y,i1y,0,41,0.406245,2.09141,1.83393,0.8853
block,i1y,i1y,0,42,0.381639,1.81437,1.62108,0.8080
block,i1y,i1y,0,43,0.368641,1.84175,1.66106,0.8073
block,i1y,i1y,0,44,0.357738,1.76250,1.50542,0.7853
block,i1y,i1y,0,45,0.339035,1.71352,1.52530,0.7133
block,i1y,i1y,0,46,0.299599,2.22830,1.86567,0.8380
block,i1y,i1y,0,47,0.258179,2.49045,2.18418,0.8873
block,i1y,i1y,0,48,0.255224,2.70294,2.36721,0.8980
block,i1y,ip,0,1,0.00843167,0.68595,0.51643,0.2047
block,i1y,ip,0,2,0.0213926,0.55576,0.42353,0.1520
block,i1y,ip,0,3,0.0276757,0.71956,0.54193,0.2420
block,i1y,ip,0,4,0.0321764,0.71556,0.48067,0.2353
block,i1y,ip,0,5,0.0294689,1.04467,0.73775,0.3680
block,i1y,ip,0,6,0.0301947,1.54256,1.18776,0.5833
block,i1y,ip,0,7,0.0295498,1.48353,0.87194,0.4693
block,i1y,ip,0,8,0.0293302,1.54548,0.98930,0.4967
block,i1y,ip,0,9,0.028381,1.81344,0.97543,0.4920
block,i1y,ip,0,10,0.0241941,2.89480,1.58209,0.6400
block,i1y,ip,0,11,0.0207737,1.37430,0.74957,0.4047
block,i1y,ip,0,12,0.0169583,1.67736,0.89601,0.4693
block,i1y,ip,0,13,0.0126178,2.54988,1.42820,0.6533
block,i1y,ip,0,14,0.0109015,1.23334,0.61493,0.3760
block,i1y,ip,0,15,0.0102145,2.67901,1.01596,0.5033
block,i1y,ip,0,16,0.00874402,1.93934,0.70231,0.4000
block,i1y,ip,0,17,0.00984459,2.56561,0.64325,0.4280
block,i1y,ip,0,18,0.00913892,2.17196,0.91944,0.4727
block,i1y,ip,0,19,0.00871374,1.83413,0.68570,0.4107
block,i1y,ip,0,20,0.00772001,1.71845,0.84919,0.4440
block,i1y,ip,0,21,0.00895702,2.60894,1.29342,0.5753
block,i1y,ip,0,22,0.00840242,1.25791,0.67762,0.3913
block,i1y,ip,0,23,0.00817244,2.51609,1.18318,0.5520
block,i1y,ip,0,24,0.00842244,2.60499,1.29402,0.5733
block,i1y,ip,0,25,0.0079032,2.63612,0.85365,0.4513
block,i1y,ip,0,26,0.0097378,1.76248,1.07035,0.5213
block,i1y,ip,0,27,0.0138085,10.24590,1.56729,0.6567
block,i1y,ip,0,28,0.0137481,19.87640,3.11595,0.7227
block,i1y,ip,0,29,0.408298,4.59918,4.41021,1.0000
block,i1y,ip,0,30,0.420049,4.28984,4.13802,1.0000
block,i1y,ip,0,31,0.0100528,79.52542,81.45854,0.9767
block,i1y,ip,0,32,0.460005,3.30381,3.17457,1.0000
block,i1y,ip,0,33,0.477787,2.97606,2.85882,1.0000
block,i1y,ip,0,34,0.463045,2.86301,2.68637,0.9987
block,i1y,ip,0,35,0.435411,2.88484,2.68214,0.9993
block,i1y,ip,0,36,0.439602,2.59174,2.44293,0.9973
block,i1y,ip,0,37,0.429411,2.50860,2.32051,0.9987
block,i1y,ip,0,38,0.421835,2.38562,2.24582,0.9987
block,i1y,ip,0,39,0.433321,2.21238,2.06948,0.9973
block,i1y,ip,0,40,0.427642,2.17997,2.05461,0.9953
block,i1y,ip,0,41,0.406245,2.30038,2.15385,0.9953
block,i1y,ip,0,42,0.381639,2.32566,2.17135,0.9933
block,i1y,ip,0,43,0.368641,2.44138,2.27839,1.0000
block,i1y,ip,0,44,0.357738,2.47637,2.32425,0.9953
block,i1y,ip,0,45,0.339035,2.62954,2.47186,0.9973
block,i1y,ip,0,46,0.299599,3.07900,2.88504,1.0000
block,i1y,ip,0,47,0.258179,3.36956,3.18027,1.0000
block,i1y,ip,0,48,0.255224,3.55676,3.31516,0.9993
block,i1y,hicp,0,1,0.00843167,0.73200,0.53209,0.2333
block,i1y,hicp,0,2,0.0213926,0.43233,0.32020,0.0913
block,i1y,hicp,0,3,0.0276757,0.60211,0.46569,0.1920
block,i1y,hicp,0,4,0.0321764,0.69240,0.52842,0.2247
block,i1y,hicp,0,5,0.0294689,0.76543,0.60046,0.2793
block,i1y,hicp,0,6,0.0301947,1.33832,1.06804,0.5347
block,i1y,hicp,0,7,0.0295498,1.01607,0.72098,0.3973
block,i1y,hicp,0,8,0.0293302,1.81154,1.54712,0.7507
block,i1y,hicp,0,9,0.028381,1.86097,1.47828,0.6507
block,i1y,hicp,0,10,0.0241941,3.22692,2.79288,0.8673
block,i1y,hicp,0,11,0.0207737,3.52985,3.03403,0.8200
block,i1y,hicp,0,12,0.0169583,4.39161,3.53718,0.8707
block,i1y,hicp,0,13,0.0126178,5.30368,4.03071,0.7140
block,i1y,hicp,0,14,0.0109015,5.19505,2.46485,0.7520
block,i1y,hicp,0,15,0.0102145,7.92095,6.21135,0.8087
block,i1y,hicp,0,16,0.00874402,6.37984,3.20090,0.7273
block,i1y,hicp,0,17,0.00984459,5.92519,1.60360,0.6267
block,i1y,hicp,0,18,0.00913892,7.83455,4.95541,0.7747
block,i1y,hicp,0,19,0.00871374,6.30528,2.55444,0.7447
block,i1y,hicp,0,20,0.00772001,8.41873,2.32582,0.7007
block,i1y,hicp,0,21,0.00895702,4.70868,1.21610,0.5533
block,i1y,hicp,0,22,0.00840242,4.87021,1.81961,0.6333
block,i1y,hicp,0,23,0.00817244,2.23023,0.82652,0.4233
block,i1y,hicp,0,24,0.00842244,4.19050,1.63776,0.6300
block,i1y,hicp,0,25,0.0079032,2.81144,1.42580,0.6027
block,i1y,hicp,0,26,0.0097378,2.12971,1.05003,0.5127
block,i1y,hicp,0,27,0.0138085,2.50788,1.28696,0.5960
block,i1y,hicp,0,28,0.0137481,2.10447,1.03451,0.5107
block,i1y,hicp,0,29,0.408298,0.64429,0.58963,0.1533
block,i1y,hicp,0,30,0.420049,0.66654,0.59681,0.1507
block,i1y,hicp,0,31,0.0100528,3.74664,1.20880,0.5320
block,i1y,hicp,0,32,0.460005,0.59062,0.54431,0.1140
block,i1y,hicp,0,33,0.477787,0.53670,0.47489,0.0993
block,i1y,hicp,0,34,0.463045,0.53669,0.50853,0.0880
block,i1y,hicp,0,35,0.435411,0.61295,0.56488,0.1187
block,i1y,hicp,0,36,0.439602,0.60239,0.56899,0.0920
block,i1y,hicp,0,37,0.429411,0.60649,0.55548,0.1247
block,i1y,hicp,0,38,0.421835,0.67277,0.62524,0.1567
block,i1y,hicp,0,39,0.433321,0.60412,0.57813,0.1080
block,i1y,hicp,0,40,0.427642,0.63225,0.57772,0.1200
block,i1y,hicp,0,41,0.406245,0.54682,0.52843,0.0880
block,i1y,hicp,0,42,0.381639,0.66024,0.61309,0.1313
block,i1y,hicp,0,43,0.368641,0.71150,0.65808,0.1807
block,i1y,hicp,0,44,0.357738,0.74457,0.67774,0.1973
block,i1y,hicp,0,45,0.339035,0.88612,0.80573,0.3113
block,i1y,hicp,0,46,0.299599,0.99259,0.89289,0.4087
block,i1y,hicp,0,47,0.258179,1.11825,1.00372,0.5040
block,i1y,hicp,0,48,0.255224,1.12601,1.01778,0.5140
block,i1y,stoxx,0,1,0.00843167,0.90113,0.61413,0.2993
block,i1y,stoxx,0,2,0.0213926,0.92146,0.71747,0.3280
block,i1y,stoxx,0,3,0.0276757,1.38445,1.05642,0.5240
block,i1y,stoxx,0,4,0.0321764,1.31880,0.96873,0.4887
block,i1y,stoxx,0,5,0.0294689,1.90396,1.44215,0.6460
block,i1y,stoxx,0,6,0.0301947,2.75680,2.12715,0.7413
block,i1y,stoxx,0,7,0.0295498,2.40226,1.70371,0.6960
block,i1y,stoxx,0,8,0.0293302,1.61635,0.93382,0.4780
block,i1y,stoxx,0,9,0.028381,2.35730,1.61116,0.6500
block,i1y,stoxx,0,10,0.0241941,3.14918,1.58483,0.6233
block,i1y,stoxx,0,11,0.0207737,1.30073,0.55510,0.4027
block,i1y,stoxx,0,12,0.0169583,4.44360,2.51730,0.8013
block,i1y,stoxx,0,13,0.0126178,3.37192,1.18683,0.5553
block,i1y,stoxx,0,14,0.0109015,3.00377,1.39529,0.5987
block,i1y,stoxx,0,15,0.0102145,2.76985,0.92457,0.4833
block,i1y,stoxx,0,16,0.00874402,3.95461,1.56166,0.6667
block,i1y,stoxx,0,17,0.00984459,4.97465,1.75347,0.6560
block,i1y,stoxx,0,18,0.00913892,2.16091,1.12468,0.5427
block,i1y,stoxx,0,19,0.00871374,2.05009,0.82207,0.4467
block,i1y,stoxx,0,20,0.00772001,1.82284,0.75305,0.3993
block,i1y,stoxx,0,21,0.00895702,2.25050,1.21646,0.5827
block,i1y,stoxx,0,22,0.00840242,2.00309,0.98926,0.4960
block,i1y,stoxx,0,23,0.00817244,1.32186,0.83717,0.4220
block,i1y,stoxx,0,24,0.00842244,1.12403,0.58510,0.3033
block,i1y,stoxx,0,25,0.0079032,2.20237,0.89906,0.4647
block,i1y,stoxx,0,26,0.0097378,2.23973,0.81904,0.4420
block,i1y,stoxx,0,27,0.0138085,3.83791,0.99905,0.5000
block,i1y,stoxx,0,28,0.0137481,1.99597,0.94501,0.4753
block,i1y,stoxx,0,29,0.408298,1.44278,1.36989,0.7533
block,i1y,stoxx,0,30,0.420049,1.30561,1.20438,0.6667
block,i1y,stoxx,0,31,0.0100528,2.82037,1.15693,0.5553
block,i1y,stoxx,0,32,0.460005,1.02670,0.96499,0.4760
block,i1y,stoxx,0,33,0.477787,0.81763,0.72286,0.2940
block,i1y,stoxx,0,34,0.463045,0.86250,0.77815,0.3447
block,i1y,stoxx,0,35,0.435411,1.07802,0.98497,0.4853
block,i1y,stoxx,0,36,0.439602,1.13600,1.02112,0.5180
block,i1y,stoxx,0,37,0.429411,1.28360,1.20024,0.6413
block,i1y,stoxx,0,38,0.421835,1.28195,1.17584,0.6327
block,i1y,stoxx,0,39,0.433321,1.28722,1.18148,0.6580
block,i1y,stoxx,0,40,0.427642,1.31104,1.20698,0.6653
block,i1y,stoxx,0,41,0.406245,1.33363,1.25287,0.7160
block,i1y,stoxx,0,42,0.381639,1.47578,1.34639,0.7727
block,i1y,stoxx,0,43,0.368641,1.51835,1.42529,0.8053
block,i1y,stoxx,0,44,0.357738,1.59383,1.48820,0.8607
block,i1y,stoxx,0,45,0.339035,1.79278,1.67251,0.9333
block,i1y,stoxx,0,46,0.299599,1.99167,1.85467,0.9573
block,i1y,stoxx,0,47,0.258179,2.28018,2.09914,0.9813
block,i1y,stoxx,0,48,0.255224,2.33045,2.16955,0.9487
block,ip,mps,1,1,0.00843167,1.00000,1.00000,0.0000
block,ip,mps,1,2,0.0213926,1.00000,1.00000,0.0000
block,ip,mps,1,3,0.0276757,1.00000,1.00000,0.0000
block,ip,mps,1,4,0.0321764,1.00000,1.00000,0.0000
block,ip,mps,1,5,0.0294689,1.00000,1.00000,0.0000
block,ip,mps,1,6,0.0301947,1.00000,1.00000,0.0000
block,ip,mps,1,7,0.0295498,1.00000,1.00000,0.0000
block,ip,mps,1,8,0.0293302,1.00000,1.00000,0.0000
block,ip,mps,1,9,0.028381,1.00000,1.00000,0.0000
block,ip,mps,1,10,0.0241941,1.00000,1.00000,0.0000
block,ip,mps,1,11,0.0207737,1.00000,1.00000,0.0000
block,ip,mps,1,12,0.0169583,1.00000,1.00000,0.0000
block,ip,mps,1,13,0.0126178,1.00000,1.00000,0.0000
block,ip,mps,1,14,0.0109015,1.00000,1.00000,0.0000
block,ip,mps,1,15,0.0102145,1.00000,1.00000,0.0000
block,ip,mps,1,16,0.00874402,1.00000,1.00000,0.0000
block,ip,mps,1,17,0.00984459,1.00000,1.00000,0.0000
block,ip,mps,1,18,0.00913892,1.00000,1.00000,0.0000
block,ip,mps,1,19,0.00871374,1.00000,1.00000,0.0000
block,ip,mps,1,20,0.00772001,1.00000,1.00000,0.0000
block,ip,mps,1,21,0.00895702,1.00000,1.00000,0.0000
block,ip,mps,1,22,0.00840242,1.00000,1.00000,0.0000
block,ip,mps,1,23,0.00817244,1.00000,1.00000,0.0000
block,ip,mps,1,24,0.00842244,1.00000,1.00000,0.0000
block,ip,mps,1,25,0.0079032,1.00000,1.00000,0.0000
block,ip,mps,1,26,0.0097378,1.00000,1.00000,0.0000
block,ip,mps,1,27,0.0138085,1.00000,1.00000,0.0000
block,ip,mps,1,28,0.0137481,1.00000,1.00000,0.0000
block,ip,mps,1,29,0.408298,1.00000,1.00000,0.0000
block,ip,mps,1,30,0.420049,1.00000,1.00000,0.0000
block,ip,mps,1,31,0.0100528,1.00000,1.00000,0.0000
block,ip,mps,1,32,0.460005,1.00000,1.00000,0.0000
block,ip,mps,1,33,0.477787,1.00000,1.00000,0.0000
block,ip,mps,1,34,0.463045,1.00000,1.00000,0.0000
block,ip,mps,1,35,0.435411,1.00000,1.00000,0.0000
block,ip,mps,1,36,0.439602,1.00000,1.00000,0.0000
block,ip,mps,1,37,0.429411,1.00000,1.00000,0.0000
block,ip,mps,1,38,0.421835,1.00000,1.00000,0.0000
block,ip,mps,1,39,0.433321,1.00000,1.00000,0.0000
block,ip,mps,1,40,0.427642,1.00000,1.00000,0.0000
block,ip,mps,1,41,0.406245,1.00000,1.00000,0.0000
block,ip,mps,1,42,0.381639,1.00000,1.00000,0.0000
block,ip,mps,1,43,0.368641,1.00000,1.00000,0.0000
block,ip,mps,1,44,0.357738,1.00000,1.00000,0.0000
block,ip,mps,1,45,0.339035,1.00000,1.00000,0.0000
block,ip,mps,1,46,0.299599,1.00000,1.00000,0.0000
block,ip,mps,1,47,0.258179,1.00000,1.00000,0.0000
block,ip,mps,1,48,0.255224,1.00000,1.00000,0.0000
block,ip,i1y,0,1,0.00843167,0.37693,0.27917,0.0480
block,ip,i1y,0,2,0.0213926,0.79291,0.53656,0.2567
block,ip,i1y,0,3,0.0276757,1.33939,0.69688,0.3947
block,ip,i1y,0,4,0.0321764,2.74414,2.10380,0.6313
block,ip,i1y,0,5,0.0294689,3.94751,2.04357,0.6513
block,ip,i1y,0,6,0.0301947,6.82352,6.40442,0.8653
block,ip,i1y,0,7,0.0295498,8.60445,7.94720,0.8427
block,ip,i1y,0,8,0.0293302,5.74714,2.21773,0.6913
block,ip,i1y,0,9,0.028381,14.23208,12.16615,0.9700
block,ip,i1y,0,10,0.0241941,18.44708,17.36040,0.9040
block,ip,i1y,0,11,0.0207737,19.74929,14.96192,0.8600
block,ip,i1y,0,12,0.0169583,1.11125,0.73380,0.3973
block,ip,i1y,0,13,0.0126178,3.49879,1.20033,0.5387
block,ip,i1y,0,14,0.0109015,27.67691,1.95243,0.6140
block,ip,i1y,0,15,0.0102145,1.91688,0.91312,0.4753
block,ip,i1y,0,16,0.00874402,2.17047,1.30459,0.6053
block,ip,i1y,0,17,0.00984459,1.77598,1.07958,0.5293
block,ip,i1y,0,18,0.00913892,4.22599,1.82358,0.6827
block,ip,i1y,0,19,0.00871374,2.53948,1.21121,0.5720
block,ip,i1y,0,20,0.00772001,1.90168,0.91264,0.4680
block,ip,i1y,0,21,0.00895702,3.58118,1.30556,0.5860
block,ip,i1y,0,22,0.00840242,39.07038,3.79762,0.7080
block,ip,i1y,0,23,0.00817244,12.32158,1.12785,0.5380
block,ip,i1y,0,24,0.00842244,28.51183,3.50390,0.7313
block,ip,i1y,0,25,0.0079032,34.03186,4.31233,0.7660
block,ip,i1y,0,26,0.0097378,73.03452,63.11421,1.0000
block,ip,i1y,0,27,0.0138085,51.68428,46.64873,1.0000
block,ip,i1y,0,28,0.0137481,48.41599,42.30748,1.0000
block,ip,i1y,0,29,0.408298,2.74136,2.46368,0.9820
block,ip,i1y,0,30,0.420049,2.51829,2.23539,0.9640
block,ip,i1y,0,31,0.0100528,87.49582,78.09253,1.0000
block,ip,i1y,0,32,0.460005,2.37550,2.18539,0.9587
block,ip,i1y,0,33,0.477787,2.26088,2.08427,0.9433
block,ip,i1y,0,34,0.463045,2.40652,2.13997,0.9533
block,ip,i1y,0,35,0.435411,2.28901,2.07872,0.9173
block,ip,i1y,0,36,0.439602,2.21392,1.96049,0.9107
block,ip,i1y,0,37,0.429411,1.87169,1.65761,0.8727
block,ip,i1y,0,38,0.421835,1.85213,1.53901,0.7467
block,ip,i1y,0,39,0.433321,1.45198,1.21505,0.6040
block,ip,i1y,0,40,0.427642,1.21577,0.94817,0.4707
block,ip,i1y,0,41,0.406245,1.02873,0.90267,0.4327
block,ip,i1y,0,42,0.381639,0.83249,0.68676,0.2767
block,ip,i1y,0,43,0.368641,0.86848,0.64350,0.2873
block,ip,i1y,0,44,0.357738,0.73193,0.58325,0.2467
block,ip,i1y,0,45,0.339035,0.74532,0.64267,0.2633
block,ip,i1y,0,46,0.299599,0.88845,0.76063,0.3553
block,ip,i1y,0,47,0.258179,1.05090,0.77363,0.3947
block,ip,i1y,0,48,0.255224,0.93134,0.81093,0.3720
block,ip,ip,0,1,0.00843167,0.57924,0.40764,0.1600
block,ip,ip,0,2,0.0213926,0.73474,0.59898,0.2433
block,ip,ip,0,3,0.0276757,0.90903,0.73026,0.3387
block,ip,ip,0,4,0.0321764,1.16483,0.91170,0.4553
block,ip,ip,0,5,0.0294689,1.87603,1.47598,0.6253
block,ip,ip,0,6,0.0301947,3.08967,2.51249,0.8187
block,ip,ip,0,7,0.0295498,4.41892,3.55744,0.8767
block,ip,ip,0,8,0.0293302,2.67788,0.65219,0.4160
block,ip,ip,0,9,0.028381,8.04396,7.01205,0.8460
block,ip,ip,0,10,0.0241941,12.66927,11.96727,0.8240
block,ip,ip,0,11,0.0207737,12.89145,4.68671,0.6307
block,ip,ip,0,12,0.0169583,1.19403,0.82432,0.4160
block,ip,ip,0,13,0.0126178,1.90654,0.78796,0.4187
block,ip,ip,0,14,0.0109015,19.26952,2.62334,0.6713
block,ip,ip,0,15,0.0102145,2.19362,0.99867,0.4993
block,ip,ip,0,16,0.00874402,2.49931,1.27333,0.5873
block,ip,ip,0,17,0.00984459,2.49613,0.96312,0.4873
block,ip,ip,0,18,0.00913892,2.02054,0.93775,0.4780
block,ip,ip,0,19,0.00871374,2.20164,1.24069,0.5800
block,ip,ip,0,20,0.00772001,1.74956,0.68198,0.4127
block,ip,ip,0,21,0.00895702,2.26756,1.04267,0.5113
block,ip,ip,0,22,0.00840242,39.12987,1.16005,0.5360
block,ip,ip,0,23,0.00817244,13.27725,1.28173,0.5807
block,ip,ip,0,24,0.00842244,24.61211,0.75267,0.4460
block,ip,ip,0,25,0.0079032,37.30219,1.65468,0.6440
block,ip,ip,0,26,0.0097378,85.53815,80.59476,1.0000
block,ip,ip,0,27,0.0138085,60.80129,56.79935,1.0000
block,ip,ip,0,28,0.0137481,54.98399,51.10795,1.0000
block,ip,ip,0,29,0.408298,2.65294,2.49062,0.9887
block,ip,ip,0,30,0.420049,2.24760,2.06948,0.9780
block,ip,ip,0,31,0.0100528,74.25853,66.60858,1.0000
block,ip,ip,0,32,0.460005,1.68984,1.57087,0.8973
block,ip,ip,0,33,0.477787,1.62484,1.49951,0.8733
block,ip,ip,0,34,0.463045,1.62209,1.51764,0.8493
block,ip,ip,0,35,0.435411,1.70833,1.58898,0.8940
block,ip,ip,0,36,0.439602,1.68041,1.55069,0.8587
block,ip,ip,0,37,0.429411,1.56234,1.44730,0.8253
block,ip,ip,0,38,0.421835,1.65555,1.49955,0.8293
block,ip,ip,0,39,0.433321,1.50420,1.38841,0.7907
block,ip,ip,0,40,0.427642,1.57328,1.42001,0.7767
block,ip,ip,0,41,0.406245,1.62391,1.50144,0.8547
block,ip,ip,0,42,0.381639,2.00336,1.88718,0.9220
block,ip,ip,0,43,0.368641,2.02731,1.90256,0.9160
block,ip,ip,0,44,0.357738,2.14153,2.01895,0.9453
block,ip,ip,0,45,0.339035,2.45847,2.26940,0.9553
block,ip,ip,0,46,0.299599,2.37012,2.20961,0.9033
block,ip,ip,0,47,0.258179,2.46493,2.24640,0.8767
block,ip,ip,0,48,0.255224,3.00451,2.72040,0.9687
block,ip,hicp,0,1,0.00843167,1.30260,1.06343,0.5273
block,ip,hicp,0,2,0.0213926,1.27236,1.17063,0.6320
block,ip,hicp,0,3,0.0276757,1.65684,1.53115,0.8233
block,ip,hicp,0,4,0.0321764,2.00638,1.85496,0.9400
block,ip,hicp,0,5,0.0294689,2.79311,2.57017,0.9813
block,ip,hicp,0,6,0.0301947,3.41531,3.19968,0.9900
block,ip,hicp,0,7,0.0295498,4.30638,3.96686,0.9993
block,ip,hicp,0,8,0.0293302,4.76187,4.50584,1.0000
block,ip,hicp,0,9,0.028381,5.68515,5.31602,1.0000
block,ip,hicp,0,10,0.0241941,7.57676,7.06277,1.0000
block,ip,hicp,0,11,0.0207737,9.38505,8.70083,1.0000
block,ip,hicp,0,12,0.0169583,10.13625,9.09229,1.0000
block,ip,hicp,0,13,0.0126178,16.62112,14.85834,1.0000
block,ip,hicp,0,14,0.0109015,20.90382,19.05796,1.0000
block,ip,hicp,0,15,0.0102145,21.23577,19.82138,0.9987
block,ip,hicp,0,16,0.00874402,24.71758,22.88306,1.0000
block,ip,hicp,0,17,0.00984459,16.66571,15.33540,0.9267
block,ip,hicp,0,18,0.00913892,22.10425,19.96798,0.9853
block,ip,hicp,0,19,0.00871374,7.55054,1.40419,0.5813
block,ip,hicp,0,20,0.00772001,6.32199,1.01012,0.5020
block,ip,hicp,0,21,0.00895702,3.27701,1.04859,0.5200
block,ip,hicp,0,22,0.00840242,3.24197,1.05647,0.5180
block,ip,hicp,0,23,0.00817244,1.60527,1.09900,0.5373
block,ip,hicp,0,24,0.00842244,2.16967,1.00910,0.5033
block,ip,hicp,0,25,0.0079032,1.79461,1.06230,0.5253
block,ip,hicp,0,26,0.0097378,2.36719,1.22356,0.5653
block,ip,hicp,0,27,0.0138085,1.80356,0.88171,0.4587
block,ip,hicp,0,28,0.0137481,1.73210,0.82022,0.4313
block,ip,hicp,0,29,0.408298,0.27813,0.21414,0.0153
block,ip,hicp,0,30,0.420049,0.28480,0.22575,0.0060
block,ip,hicp,0,31,0.0100528,2.05687,0.71998,0.4127
block,ip,hicp,0,32,0.460005,0.34281,0.29082,0.0213
block,ip,hicp,0,33,0.477787,0.20756,0.12248,0.0120
block,ip,hicp,0,34,0.463045,0.27380,0.21173,0.0207
block,ip,hicp,0,35,0.435411,0.41009,0.34113,0.0413
block,ip,hicp,0,36,0.439602,0.37110,0.29970,0.0447
block,ip,hicp,0,37,0.429411,0.46766,0.40563,0.0507
block,ip,hicp,0,38,0.421835,0.44222,0.36118,0.0633
block,ip,hicp,0,39,0.433321,0.48615,0.43217,0.0533
block,ip,hicp,0,40,0.427642,0.46437,0.39838,0.0687
block,ip,hicp,0,41,0.406245,0.64842,0.57787,0.1880
block,ip,hicp,0,42,0.381639,0.83998,0.75303,0.3007
block,ip,hicp,0,43,0.368641,0.74483,0.69098,0.2447
block,ip,hicp,0,44,0.357738,0.79729,0.74365,0.2953
block,ip,hicp,0,45,0.339035,0.91192,0.84437,0.3827
block,ip,hicp,0,46,0.299599,0.92992,0.85248,0.3753
block,ip,hicp,0,47,0.258179,1.08741,0.95969,0.4793
block,ip,hicp,0,48,0.255224,1.25046,1.09375,0.5593
block,ip,stoxx,0,1,0.00843167,0.52555,0.40158,0.1080
block,ip,stoxx,0,2,0.0213926,0.71638,0.48746,0.2553
block,ip,stoxx,0,3,0.0276757,0.93121,0.69651,0.3687
block,ip,stoxx,0,4,0.0321764,0.74666,0.53844,0.2827
block,ip,stoxx,0,5,0.0294689,1.23414,0.95035,0.4640
block,ip,stoxx,0,6,0.0301947,1.83401,1.45752,0.6687
block,ip,stoxx,0,7,0.0295498,1.75686,1.13700,0.5480
block,ip,stoxx,0,8,0.0293302,1.18088,0.63448,0.3467
block,ip,stoxx,0,9,0.028381,1.80869,0.81666,0.4273
block,ip,stoxx,0,10,0.0241941,3.18579,1.43855,0.5713
block,ip,stoxx,0,11,0.0207737,2.60478,1.18596,0.5387
block,ip,stoxx,0,12,0.0169583,1.49390,0.85807,0.4567
block,ip,stoxx,0,13,0.0126178,1.79759,1.00982,0.5040
block,ip,stoxx,0,14,0.0109015,2.73016,0.80592,0.4427
block,ip,stoxx,0,15,0.0102145,2.24707,1.40600,0.6620
block,ip,stoxx,0,16,0.00874402,2.05124,0.76927,0.4127
block,ip,stoxx,0,17,0.00984459,1.98128,0.71580,0.4187
block,ip,stoxx,0,18,0.00913892,1.99174,0.85894,0.4327
block,ip,stoxx,0,19,0.00871374,1.85544,0.86052,0.4427
block,ip,stoxx,0,20,0.00772001,1.76482,0.89853,0.4527
block,ip,stoxx,0,21,0.00895702,2.82045,1.54058,0.6453
block,ip,stoxx,0,22,0.00840242,1.67489,1.15310,0.5500
block,ip,stoxx,0,23,0.00817244,1.83410,0.71007,0.3973
block,ip,stoxx,0,24,0.00842244,1.93166,0.77039,0.4113
block,ip,stoxx,0,25,0.0079032,2.45172,0.67603,0.3653
block,ip,stoxx,0,26,0.0097378,2.16994,0.81994,0.4327
block,ip,stoxx,0,27,0.0138085,1.53069,0.88565,0.4680
block,ip,stoxx,0,28,0.0137481,1.64909,0.93940,0.4800
block,ip,stoxx,0,29,0.408298,0.60300,0.49509,0.1693
block,ip,stoxx,0,30,0.420049,0.33091,0.25775,0.0367
block,ip,stoxx,0,31,0.0100528,1.50132,0.73672,0.4100
block,ip,stoxx,0,32,0.460005,0.35794,0.28088,0.0387
block,ip,stoxx,0,33,0.477787,0.40646,0.33473,0.0633
block,ip,stoxx,0,34,0.463045,0.56269,0.46054,0.1453
block,ip,stoxx,0,35,0.435411,0.64732,0.54699,0.1927
block,ip,stoxx,0,36,0.439602,0.53091,0.43950,0.1273
block,ip,stoxx,0,37,0.429411,0.65302,0.56880,0.1827
block,ip,stoxx,0,38,0.421835,0.71268,0.62338,0.2067
block,ip,stoxx,0,39,0.433321,0.61739,0.57694,0.1907
block,ip,stoxx,0,40,0.427642,0.87087,0.79529,0.3240
block,ip,stoxx,0,41,0.406245,0.85452,0.79398,0.3300
block,ip,stoxx,0,42,0.381639,1.13570,1.04556,0.5373
block,ip,stoxx,0,43,0.368641,1.20660,1.12259,0.6093
block,ip,stoxx,0,44,0.357738,1.23504,1.15709,0.6107
block,ip,stoxx,0,45,0.339035,1.31080,1.20917,0.6580
block,ip,stoxx,0,46,0.299599,1.08178,1.03152,0.5273
block,ip,stoxx,0,47,0.258179,1.15951,0.97373,0.4880
block,ip,stoxx,0,48,0.255224,1.51644,1.34891,0.6813
block,hicp,mps,1,1,0.00843167,1.00000,1.00000,0.0000
block,hicp,mps,1,2,0.0213926,1.00000,1.00000,0.0000
block,hicp,mps,1,3,0.0276757,1.00000,1.00000,0.0000
block,hicp,mps,1,4,0.0321764,1.00000,1.00000,0.0000
block,hicp,mps,1,5,0.0294689,1.00000,1.00000,0.0000
block,hicp,mps,1,6,0.0301947,1.00000,1.00000,0.0000
block,hicp,mps,1,7,0.0295498,1.00000,1.00000,0.0000
block,hicp,mps,1,8,0.0293302,1.00000,1.00000,0.0000
block,hicp,mps,1,9,0.028381,1.00000,1.00000,0.0000
block,hicp,mps,1,10,0.0241941,1.00000,1.00000,0.0000
block,hicp,mps,1,11,0.0207737,1.00000,1.00000,0.0000
block,hicp,mps,1,12,0.0169583,1.00000,1.00000,0.0000
block,hicp,mps,1,13,0.0126178,1.00000,1.00000,0.0000
block,hicp,mps,1,14,0.0109015,1.00000,1.00000,0.0000
block,hicp,mps,1,15,0.0102145,1.00000,1.00000,0.0000
block,hicp,mps,1,16,0.00874402,1.00000,1.00000,0.0000
block,hicp,mps,1,17,0.00984459,1.00000,1.00000,0.0000
block,hicp,mps,1,18,0.00913892,1.00000,1.00000,0.0000
block,hicp,mps,1,19,0.00871374,1.00000,1.00000,0.0000
block,hicp,mps,1,20,0.00772001,1.00000,1.00000,0.0000
block,hicp,mps,1,21,0.00895702,1.00000,1.00000,0.0000
block,hicp,mps,1,22,0.00840242,1.00000,1.00000,0.0000
block,hicp,mps,1,23,0.00817244,1.00000,1.00000,0.0000
block,hicp,mps,1,24,0.00842244,1.00000,1.00000,0.0000
block,hicp,mps,1,25,0.0079032,1.00000,1.00000,0.0000
block,hicp,mps,1,26,0.0097378,1.00000,1.00000,0.0000
block,hicp,mps,1,27,0.0138085,1.00000,1.00000,0.0000
block,hicp,mps,1,28,0.0137481,1.00000,1.00000,0.0000
block,hicp,mps,1,29,0.408298,1.00000,1.00000,0.0000
block,hicp,mps,1,30,0.420049,1.00000,1.00000,0.0000
block,hicp,mps,1,31,0.0100528,1.00000,1.00000,0.0000
block,hicp,mps,1,32,0.460005,1.00000,1.00000,0.0000
block,hicp,mps,1,33,0.477787,1.00000,1.00000,0.0000
block,hicp,mps,1,34,0.463045,1.00000,1.00000,0.0000
block,hicp,mps,1,35,0.435411,1.00000,1.00000,0.0000
block,hicp,mps,1,36,0.439602,1.00000,1.00000,0.0000
block,hicp,mps,1,37,0.429411,1.00000,1.00000,0.0000
block,hicp,mps,1,38,0.421835,1.00000,1.00000,0.0000
block,hicp,mps,1,39,0.433321,1.00000,1.00000,0.0000
block,hicp,mps,1,40,0.427642,1.00000,1.00000,0.0000
block,hicp,mps,1,41,0.406245,1.00000,1.00000,0.0000
block,hicp,mps,1,42,0.381639,1.00000,1.00000,0.0000
block,hicp,mps,1,43,0.368641,1.00000,1.00000,0.0000
block,hicp,mps,1,44,0.357738,1.00000,1.00000,0.0000
block,hicp,mps,1,45,0.339035,1.00000,1.00000,0.0000
block,hicp,mps,1,46,0.299599,1.00000,1.00000,0.0000
block,hicp,mps,1,47,0.258179,1.00000,1.00000,0.0000
block,hicp,mps,1,48,0.255224,1.00000,1.00000,0.0000
block,hicp,i1y,0,1,0.00843167,0.73772,0.49507,0.2533
block,hicp,i1y,0,2,0.0213926,0.77791,0.50904,0.2800
block,hicp,i1y,0,3,0.0276757,1.10326,0.85655,0.4420
block,hicp,i1y,0,4,0.0321764,1.44000,1.19982,0.6007
block,hicp,i1y,0,5,0.0294689,1.85106,1.36903,0.6287
block,hicp,i1y,0,6,0.0301947,2.52325,2.12601,0.8727
block,hicp,i1y,0,7,0.0295498,2.84685,2.42207,0.7253
block,hicp,i1y,0,8,0.0293302,4.73465,3.94707,0.9467
block,hicp,i1y,0,9,0.028381,5.65352,4.86727,0.9893
block,hicp,i1y,0,10,0.0241941,10.20742,8.36205,1.0000
block,hicp,i1y,0,11,0.0207737,16.73311,13.71793,1.0000
block,hicp,i1y,0,12,0.0169583,29.73818,26.14484,1.0000
block,hicp,i1y,0,13,0.0126178,54.07329,49.66246,1.0000
block,hicp,i1y,0,14,0.0109015,75.09929,67.50917,1.0000
block,hicp,i1y,0,15,0.0102145,90.52002,82.38218,1.0000
block,hicp,i1y,0,16,0.00874402,124.51565,114.42715,1.0000
block,hicp,i1y,0,17,0.00984459,121.94258,114.19380,1.0000
block,hicp,i1y,0,18,0.00913892,148.41731,139.80090,1.0000
block,hicp,i1y,0,19,0.00871374,176.10328,163.03964,1.0000
block,hicp,i1y,0,20,0.00772001,217.81279,201.93523,1.0000
block,hicp,i1y,0,21,0.00895702,184.45425,167.93855,1.0000
block,hicp,i1y,0,22,0.00840242,225.65793,210.71047,1.0000
block,hicp,i1y,0,23,0.00817244,229.71046,216.37900,1.0000
block,hicp,i1y,0,24,0.00842244,244.24209,226.05162,1.0000
block,hicp,i1y,0,25,0.0079032,216.59169,203.92969,1.0000
block,hicp,i1y,0,26,0.0097378,197.12606,183.75733,1.0000
block,hicp,i1y,0,27,0.0138085,132.13932,124.11867,1.0000
block,hicp,i1y,0,28,0.0137481,135.87999,126.64052,1.0000
block,hicp,i1y,0,29,0.408298,6.48217,6.13774,1.0000
block,hicp,i1y,0,30,0.420049,6.52487,6.19066,1.0000
block,hicp,i1y,0,31,0.0100528,216.93699,206.22167,1.0000
block,hicp,i1y,0,32,0.460005,4.97237,4.67029,1.0000
block,hicp,i1y,0,33,0.477787,3.71304,3.45523,1.0000
block,hicp,i1y,0,34,0.463045,3.05396,2.74585,0.9973
block,hicp,i1y,0,35,0.435411,2.62573,2.40939,0.9913
block,hicp,i1y,0,36,0.439602,2.63975,2.34750,0.9933
block,hicp,i1y,0,37,0.429411,3.04115,2.74637,0.9993
block,hicp,i1y,0,38,0.421835,3.58026,3.31830,0.9987
block,hicp,i1y,0,39,0.433321,4.05695,3.69408,1.0000
block,hicp,i1y,0,40,0.427642,4.33499,3.91917,1.0000
block,hicp,i1y,0,41,0.406245,4.16824,3.82660,0.9993
block,hicp,i1y,0,42,0.381639,4.01370,3.65898,0.9993
block,hicp,i1y,0,43,0.368641,3.91925,3.59963,1.0000
block,hicp,i1y,0,44,0.357738,3.70736,3.34068,1.0000
block,hicp,i1y,0,45,0.339035,3.75749,3.43105,0.9993
block,hicp,i1y,0,46,0.299599,4.40730,3.92334,1.0000
block,hicp,i1y,0,47,0.258179,5.09453,4.61276,1.0000
block,hicp,i1y,0,48,0.255224,5.97934,5.38563,1.0000
block,hicp,ip,0,1,0.00843167,1.16439,0.62617,0.3867
block,hicp,ip,0,2,0.0213926,0.63828,0.48478,0.1867
block,hicp,ip,0,3,0.0276757,0.52363,0.25498,0.2007
block,hicp,ip,0,4,0.0321764,1.12792,0.92445,0.4633
block,hicp,ip,0,5,0.0294689,1.67679,1.36461,0.6573
block,hicp,ip,0,6,0.0301947,1.97182,1.29766,0.5807
block,hicp,ip,0,7,0.0295498,2.20510,1.69863,0.6800
block,hicp,ip,0,8,0.0293302,2.70205,2.19813,0.7560
block,hicp,ip,0,9,0.028381,5.46954,4.80882,0.8713
block,hicp,ip,0,10,0.0241941,8.73121,7.37943,0.9113
block,hicp,ip,0,11,0.0207737,17.37081,15.87104,1.0000
block,hicp,ip,0,12,0.0169583,27.16286,25.39859,0.9993
block,hicp,ip,0,13,0.0126178,4.44217,0.96919,0.4873
block,hicp,ip,0,14,0.0109015,16.59479,9.80635,0.8200
block,hicp,ip,0,15,0.0102145,41.11245,36.57620,0.9993
block,hicp,ip,0,16,0.00874402,62.12683,55.06347,1.0000
block,hicp,ip,0,17,0.00984459,64.34117,59.63125,1.0000
block,hicp,ip,0,18,0.00913892,84.96273,79.36967,1.0000
block,hicp,ip,0,19,0.00871374,98.43646,92.45482,1.0000
block,hicp,ip,0,20,0.00772001,138.33363,129.98783,1.0000
block,hicp,ip,0,21,0.00895702,153.06478,147.12529,1.0000
block,hicp,ip,0,22,0.00840242,189.04017,182.82960,1.0000
block,hicp,ip,0,23,0.00817244,215.66473,206.06600,1.0000
block,hicp,ip,0,24,0.00842244,227.86340,218.22012,1.0000
block,hicp,ip,0,25,0.0079032,179.90947,191.71191,0.9207
block,hicp,ip,0,26,0.0097378,195.65460,186.37485,1.0000
block,hicp,ip,0,27,0.0138085,138.14172,131.20805,1.0000
block,hicp,ip,0,28,0.0137481,142.77961,136.24063,1.0000
block,hicp,ip,0,29,0.408298,6.03744,5.73455,1.0000
block,hicp,ip,0,30,0.420049,6.14210,5.92271,1.0000
block,hicp,ip,0,31,0.0100528,224.68980,216.10916,1.0000
block,hicp,ip,0,32,0.460005,5.82773,5.60578,1.0000
block,hicp,ip,0,33,0.477787,5.59132,5.37212,1.0000
block,hicp,ip,0,34,0.463045,6.00363,5.81613,1.0000
block,hicp,ip,0,35,0.435411,6.58016,6.34042,1.0000
block,hicp,ip,0,36,0.439602,6.24068,6.00089,1.0000
block,hicp,ip,0,37,0.429411,5.25040,5.01312,1.0000
block,hicp,ip,0,38,0.421835,4.73224,4.46216,1.0000
block,hicp,ip,0,39,0.433321,4.19943,4.01059,1.0000
block,hicp,ip,0,40,0.427642,4.18751,3.99931,1.0000
block,hicp,ip,0,41,0.406245,4.11377,3.92873,1.0000
block,hicp,ip,0,42,0.381639,4.51153,4.30286,1.0000
block,hicp,ip,0,43,0.368641,4.58456,4.33824,1.0000
block,hicp,ip,0,44,0.357738,4.69773,4.45518,1.0000
block,hicp,ip,0,45,0.339035,4.87657,4.73385,1.0000
block,hicp,ip,0,46,0.299599,5.66311,5.41510,1.0000
block,hicp,ip,0,47,0.258179,6.60948,6.23807,1.0000
block,hicp,ip,0,48,0.255224,5.77610,5.50533,0.9980
block,hicp,hicp,0,1,0.00843167,18.01001,17.40007,1.0000
block,hicp,hicp,0,2,0.0213926,20.63111,19.98332,1.0000
block,hicp,hicp,0,3,0.0276757,17.55437,16.98566,1.0000
block,hicp,hicp,0,4,0.0321764,17.25713,16.56105,1.0000
block,hicp,hicp,0,5,0.0294689,16.60082,15.89798,1.0000
block,hicp,hicp,0,6,0.0301947,14.18483,13.61601,1.0000
block,hicp,hicp,0,7,0.0295498,19.10608,18.16885,1.0000
block,hicp,hicp,0,8,0.0293302,19.93968,19.06515,1.0000
block,hicp,hicp,0,9,0.028381,18.57547,17.82458,1.0000
block,hicp,hicp,0,10,0.0241941,22.87683,21.82542,1.0000
block,hicp,hicp,0,11,0.0207737,26.37326,25.36913,1.0000
block,hicp,hicp,0,12,0.0169583,30.51119,29.20618,1.0000
block,hicp,hicp,0,13,0.0126178,44.73704,42.47271,1.0000
block,hicp,hicp,0,14,0.0109015,82.17229,78.54063,1.0000
block,hicp,hicp,0,15,0.0102145,92.25181,88.72914,1.0000
block,hicp,hicp,0,16,0.00874402,120.73373,115.49311,1.0000
block,hicp,hicp,0,17,0.00984459,109.35374,105.54136,1.0000
block,hicp,hicp,0,18,0.00913892,121.55407,117.15580,1.0000
block,hicp,hicp,0,19,0.00871374,149.89857,143.97124,1.0000
block,hicp,hicp,0,20,0.00772001,175.62901,169.57228,1.0000
block,hicp,hicp,0,21,0.00895702,145.16752,138.31445,1.0000
block,hicp,hicp,0,22,0.00840242,162.54041,154.95873,1.0000
block,hicp,hicp,0,23,0.00817244,164.26625,158.19046,1.0000
block,hicp,hicp,0,24,0.00842244,135.79073,130.05662,1.0000
block,hicp,hicp,0,25,0.0079032,139.52203,133.36708,1.0000
block,hicp,hicp,0,26,0.0097378,176.72772,168.80410,1.0000
block,hicp,hicp,0,27,0.0138085,118.78264,113.19448,1.0000
block,hicp,hicp,0,28,0.0137481,119.57851,115.04231,1.0000
block,hicp,hicp,0,29,0.408298,4.24608,4.09442,1.0000
block,hicp,hicp,0,30,0.420049,3.94155,3.76784,1.0000
block,hicp,hicp,0,31,0.0100528,183.29929,175.76150,1.0000
block,hicp,hicp,0,32,0.460005,4.08600,3.89529,1.0000
block,hicp,hicp,0,33,0.477787,3.70005,3.55687,1.0000
block,hicp,hicp,0,34,0.463045,3.77016,3.65442,1.0000
block,hicp,hicp,0,35,0.435411,3.95417,3.83443,1.0000
block,hicp,hicp,0,36,0.439602,2.87223,2.75830,1.0000
block,hicp,hicp,0,37,0.429411,3.14091,3.00918,1.0000
block,hicp,hicp,0,38,0.421835,3.46350,3.31668,1.0000
block,hicp,hicp,0,39,0.433321,3.22376,3.09915,1.0000
block,hicp,hicp,0,40,0.427642,3.29839,3.18499,1.0000
block,hicp,hicp,0,41,0.406245,3.53848,3.38218,1.0000
block,hicp,hicp,0,42,0.381639,3.42055,3.28644,1.0000
block,hicp,hicp,0,43,0.368641,3.65687,3.51895,1.0000
block,hicp,hicp,0,44,0.357738,3.79806,3.64275,1.0000
block,hicp,hicp,0,45,0.339035,4.03757,3.82516,1.0000
block,hicp,hicp,0,46,0.299599,4.79013,4.52299,1.0000
block,hicp,hicp,0,47,0.258179,5.56316,5.30856,1.0000
block,hicp,hicp,0,48,0.255224,3.88789,3.67398,1.0000
block,hicp,stoxx,0,1,0.00843167,1.40113,1.11577,0.5480
block,hicp,stoxx,0,2,0.0213926,1.54828,1.24072,0.6133
block,hicp,stoxx,0,3,0.0276757,1.97678,1.75108,0.7667
block,hicp,stoxx,0,4,0.0321764,2.30907,1.99869,0.8860
block,hicp,stoxx,0,5,0.0294689,2.61901,2.35356,0.7467
block,hicp,stoxx,0,6,0.0301947,3.93845,3.63702,0.9687
block,hicp,stoxx,0,7,0.0295498,4.39473,3.88800,0.9113
block,hicp,stoxx,0,8,0.0293302,5.76271,5.10096,0.9560
block,hicp,stoxx,0,9,0.028381,5.77382,4.92828,0.8227
block,hicp,stoxx,0,10,0.0241941,7.66399,6.43325,0.8340
block,hicp,stoxx,0,11,0.0207737,5.89979,2.29864,0.6413
block,hicp,stoxx,0,12,0.0169583,13.82317,13.12415,0.9400
block,hicp,stoxx,0,13,0.0126178,41.57733,39.19034,1.0000
block,hicp,stoxx,0,14,0.0109015,49.82795,45.84646,1.0000
block,hicp,stoxx,0,15,0.0102145,52.62820,49.63365,1.0000
block,hicp,stoxx,0,16,0.00874402,59.03762,55.10776,1.0000
block,hicp,stoxx,0,17,0.00984459,52.26660,48.68911,1.0000
block,hicp,stoxx,0,18,0.00913892,56.86960,53.38143,1.0000
block,hicp,stoxx,0,19,0.00871374,61.37322,56.64274,1.0000
block,hicp,stoxx,0,20,0.00772001,50.83337,48.76322,0.9387
block,hicp,stoxx,0,21,0.00895702,3.57976,0.61018,0.3893
block,hicp,stoxx,0,22,0.00840242,2.29705,0.66664,0.3727
block,hicp,stoxx,0,23,0.00817244,3.90582,1.01297,0.5080
block,hicp,stoxx,0,24,0.00842244,2.39445,1.21425,0.5560
block,hicp,stoxx,0,25,0.0079032,23.86453,3.31679,0.7320
block,hicp,stoxx,0,26,0.0097378,2.08417,0.50481,0.3193
block,hicp,stoxx,0,27,0.0138085,2.37706,1.42767,0.6320
block,hicp,stoxx,0,28,0.0137481,2.27044,1.06890,0.5320
block,hicp,stoxx,0,29,0.408298,0.40975,0.25234,0.0933
block,hicp,stoxx,0,30,0.420049,0.60259,0.47747,0.1607
block,hicp,stoxx,0,31,0.0100528,4.40304,2.39316,0.7107
block,hicp,stoxx,0,32,0.460005,0.80139,0.74535,0.2967
block,hicp,stoxx,0,33,0.477787,1.10272,1.03385,0.5333
block,hicp,stoxx,0,34,0.463045,1.24832,1.14914,0.6567
block,hicp,stoxx,0,35,0.435411,1.59920,1.49152,0.8440
block,hicp,stoxx,0,36,0.439602,1.63796,1.50588,0.8587
block,hicp,stoxx,0,37,0.429411,1.19724,1.09776,0.5753
block,hicp,stoxx,0,38,0.421835,1.05184,0.94562,0.4620
block,hicp,stoxx,0,39,0.433321,0.89628,0.83216,0.3680
block,hicp,stoxx,0,40,0.427642,0.70570,0.59481,0.2340
block,hicp,stoxx,0,41,0.406245,0.67211,0.55902,0.2393
block,hicp,stoxx,0,42,0.381639,1.18829,1.07984,0.5553
block,hicp,stoxx,0,43,0.368641,1.14475,1.03929,0.5247
block,hicp,stoxx,0,44,0.357738,1.48184,1.36128,0.7293
block,hicp,stoxx,0,45,0.339035,2.12124,1.95983,0.9407
block,hicp,stoxx,0,46,0.299599,2.84836,2.70778,0.9927
block,hicp,stoxx,0,47,0.258179,3.69092,3.46800,0.9987
block,hicp,stoxx,0,48,0.255224,4.31973,4.02002,1.0000
block,stoxx,mps,1,1,0.00843167,1.00000,1.00000,0.0000
block,stoxx,mps,1,2,0.0213926,1.00000,1.00000,0.0000
block,stoxx,mps,1,3,0.0276757,1.00000,1.00000,0.0000
block,stoxx,mps,1,4,0.0321764,1.00000,1.00000,0.0000
block,stoxx,mps,1,5,0.0294689,1.00000,1.00000,0.0000
block,stoxx,mps,1,6,0.0301947,1.00000,1.00000,0.0000
block,stoxx,mps,1,7,0.0295498,1.00000,1.00000,0.0000
block,stoxx,mps,1,8,0.0293302,1.00000,1.00000,0.0000
block,stoxx,mps,1,9,0.028381,1.00000,1.00000,0.0000
block,stoxx,mps,1,10,0.0241941,1.00000,1.00000,0.0000
block,stoxx,mps,1,11,0.0207737,1.00000,1.00000,0.0000
block,stoxx,mps,1,12,0.0169583,1.00000,1.00000,0.0000
block,stoxx,mps,1,13,0.0126178,1.00000,1.00000,0.0000
block,stoxx,mps,1,14,0.0109015,1.00000,1.00000,0.0000
block,stoxx,mps,1,15,0.0102145,1.00000,1.00000,0.0000
block,stoxx,mps,1,16,0.00874402,1.00000,1.00000,0.0000
block,stoxx,mps,1,17,0.00984459,1.00000,1.00000,0.0000
block,stoxx,mps,1,18,0.00913892,1.00000,1.00000,0.0000
block,stoxx,mps,1,19,0.00871374,1.00000,1.00000,0.0000
block,stoxx,mps,1,20,0.00772001,1.00000,1.00000,0.0000
block,stoxx,mps,1,21,0.00895702,1.00000,1.00000,0.0000
block,stoxx,mps,1,22,0.00840242,1.00000,1.00000,0.0000
block,stoxx,mps,1,23,0.00817244,1.00000,1.00000,0.0000
block,stoxx,mps,1,24,0.00842244,1.00000,1.00000,0.0000
block,stoxx,mps,1,25,0.0079032,1.00000,1.00000,0.0000
block,stoxx,mps,1,26,0.0097378,1.00000,1.00000,0.0000
block,stoxx,mps,1,27,0.0138085,1.00000,1.00000,0.0000
block,stoxx,mps,1,28,0.0137481,1.00000,1.00000,0.0000
block,stoxx,mps,1,29,0.408298,1.00000,1.00000,0.0000
block,stoxx,mps,1,30,0.420049,1.00000,1.00000,0.0000
block,stoxx,mps,1,31,0.0100528,1.00000,1.00000,0.0000
block,stoxx,mps,1,32,0.460005,1.00000,1.00000,0.0000
block,stoxx,mps,1,33,0.477787,1.00000,1.00000,0.0000
block,stoxx,mps,1,34,0.463045,1.00000,1.00000,0.0000
block,stoxx,mps,1,35,0.435411,1.00000,1.00000,0.0000
block,stoxx,mps,1,36,0.439602,1.00000,1.00000,0.0000
block,stoxx,mps,1,37,0.429411,1.00000,1.00000,0.0000
block,stoxx,mps,1,38,0.421835,1.00000,1.00000,0.0000
block,stoxx,mps,1,39,0.433321,1.00000,1.00000,0.0000
block,stoxx,mps,1,40,0.427642,1.00000,1.00000,0.0000
block,stoxx,mps,1,41,0.406245,1.00000,1.00000,0.0000
block,stoxx,mps,1,42,0.381639,1.00000,1.00000,0.0000
block,stoxx,mps,1,43,0.368641,1.00000,1.00000,0.0000
block,stoxx,mps,1,44,0.357738,1.00000,1.00000,0.0000
block,stoxx,mps,1,45,0.339035,1.00000,1.00000,0.0000
block,stoxx,mps,1,46,0.299599,1.00000,1.00000,0.0000
block,stoxx,mps,1,47,0.258179,1.00000,1.00000,0.0000
block,stoxx,mps,1,48,0.255224,1.00000,1.00000,0.0000
block,stoxx,i1y,0,1,0.00843167,0.40559,0.26440,0.0900
block,stoxx,i1y,0,2,0.0213926,0.37755,0.22254,0.0733
block,stoxx,i1y,0,3,0.0276757,0.58087,0.41666,0.1367
block,stoxx,i1y,0,4,0.0321764,0.71055,0.41272,0.1973
block,stoxx,i1y,0,5,0.0294689,1.12085,0.71137,0.3860
block,stoxx,i1y,0,6,0.0301947,1.04748,0.79795,0.3747
block,stoxx,i1y,0,7,0.0295498,1.17407,0.74791,0.3860
block,stoxx,i1y,0,8,0.0293302,2.33146,0.58971,0.3640
block,stoxx,i1y,0,9,0.028381,2.80255,1.21779,0.5713
block,stoxx,i1y,0,10,0.0241941,3.64197,1.86226,0.6727
block,stoxx,i1y,0,11,0.0207737,1.14770,0.54134,0.3087
block,stoxx,i1y,0,12,0.0169583,7.68363,1.15930,0.5280
block,stoxx,i1y,0,13,0.0126178,14.16112,2.49815,0.6993
block,stoxx,i1y,0,14,0.0109015,20.99836,3.80851,0.7413
block,stoxx,i1y,0,15,0.0102145,83.17775,77.58096,1.0000
block,stoxx,i1y,0,16,0.00874402,61.11870,43.69963,0.7747
block,stoxx,i1y,0,17,0.00984459,102.66978,94.08723,1.0000
block,stoxx,i1y,0,18,0.00913892,85.79449,86.69582,0.9520
block,stoxx,i1y,0,19,0.00871374,73.75244,75.02762,0.8447
block,stoxx,i1y,0,20,0.00772001,87.81693,89.88530,0.8147
block,stoxx,i1y,0,21,0.00895702,96.90569,89.42584,1.0000
block,stoxx,i1y,0,22,0.00840242,104.12902,95.70411,1.0000
block,stoxx,i1y,0,23,0.00817244,104.58931,94.02214,1.0000
block,stoxx,i1y,0,24,0.00842244,105.91667,96.27203,1.0000
block,stoxx,i1y,0,25,0.0079032,118.19177,108.25367,1.0000
block,stoxx,i1y,0,26,0.0097378,87.64136,78.53424,1.0000
block,stoxx,i1y,0,27,0.0138085,66.27211,58.57377,1.0000
block,stoxx,i1y,0,28,0.0137481,60.86925,54.91877,1.0000
block,stoxx,i1y,0,29,0.408298,2.92857,2.58040,0.9947
block,stoxx,i1y,0,30,0.420049,2.79529,2.57479,0.9893
block,stoxx,i1y,0,31,0.0100528,92.96033,83.60216,1.0000
block,stoxx,i1y,0,32,0.460005,2.03621,1.85692,0.9360
block,stoxx,i1y,0,33,0.477787,2.11782,1.85373,0.9307
block,stoxx,i1y,0,34,0.463045,2.02974,1.84837,0.9127
block,stoxx,i1y,0,35,0.435411,1.96249,1.77158,0.8820
block,stoxx,i1y,0,36,0.439602,1.68993,1.55977,0.8033
block,stoxx,i1y,0,37,0.429411,1.64871,1.38626,0.7467
block,stoxx,i1y,0,38,0.421835,1.61331,1.38797,0.7020
block,stoxx,i1y,0,39,0.433321,1.69331,1.40179,0.7520
block,stoxx,i1y,0,40,0.427642,1.39034,1.18180,0.6340
block,stoxx,i1y,0,41,0.406245,1.59452,1.38811,0.7440
block,stoxx,i1y,0,42,0.381639,1.60925,1.42304,0.7320
block,stoxx,i1y,0,43,0.368641,1.84500,1.61943,0.7920
block,stoxx,i1y,0,44,0.357738,1.82924,1.63414,0.8280
block,stoxx,i1y,0,45,0.339035,1.98023,1.67961,0.8373
block,stoxx,i1y,0,46,0.299599,1.85802,1.63105,0.8253
block,stoxx,i1y,0,47,0.258179,1.90969,1.67866,0.8933
block,stoxx,i1y,0,48,0.255224,1.95592,1.70931,0.8573
block,stoxx,ip,0,1,0.00843167,0.67220,0.43239,0.2307
block,stoxx,ip,0,2,0.0213926,0.73063,0.55571,0.2500
block,stoxx,ip,0,3,0.0276757,0.49341,0.26643,0.1640
block,stoxx,ip,0,4,0.0321764,0.53202,0.33879,0.1593
block,stoxx,ip,0,5,0.0294689,0.72141,0.58154,0.2620
block,stoxx,ip,0,6,0.0301947,0.71304,0.48680,0.2480
block,stoxx,ip,0,7,0.0295498,1.22818,0.72949,0.3947
block,stoxx,ip,0,8,0.0293302,1.20658,0.67560,0.3320
block,stoxx,ip,0,9,0.028381,1.65340,1.09197,0.5300
block,stoxx,ip,0,10,0.0241941,1.04379,0.51186,0.3007
block,stoxx,ip,0,11,0.0207737,1.72056,1.08739,0.5393
block,stoxx,ip,0,12,0.0169583,5.17664,0.87005,0.4753
block,stoxx,ip,0,13,0.0126178,11.11910,1.74452,0.6333
block,stoxx,ip,0,14,0.0109015,16.15067,2.10591,0.6893
block,stoxx,ip,0,15,0.0102145,75.17539,72.84932,1.0000
block,stoxx,ip,0,16,0.00874402,54.39960,51.90815,0.8127
block,stoxx,ip,0,17,0.00984459,104.22147,98.42274,1.0000
block,stoxx,ip,0,18,0.00913892,91.53545,100.59493,0.8107
block,stoxx,ip,0,19,0.00871374,91.10128,103.14554,0.8120
block,stoxx,ip,0,20,0.00772001,121.38872,128.30429,0.9947
block,stoxx,ip,0,21,0.00895702,125.69376,120.07199,1.0000
block,stoxx,ip,0,22,0.00840242,136.68884,129.45473,1.0000
block,stoxx,ip,0,23,0.00817244,137.97653,131.00453,1.0000
block,stoxx,ip,0,24,0.00842244,128.87046,122.88179,1.0000
block,stoxx,ip,0,25,0.0079032,139.15490,132.30201,1.0000
block,stoxx,ip,0,26,0.0097378,113.21387,106.83777,1.0000
block,stoxx,ip,0,27,0.0138085,79.63766,75.11927,1.0000
block,stoxx,ip,0,28,0.0137481,78.21905,74.22946,1.0000
block,stoxx,ip,0,29,0.408298,2.80336,2.65815,1.0000
block,stoxx,ip,0,30,0.420049,2.68556,2.54927,1.0000
block,stoxx,ip,0,31,0.0100528,100.05946,94.30399,1.0000
block,stoxx,ip,0,32,0.460005,2.50609,2.36137,0.9993
block,stoxx,ip,0,33,0.477787,2.49310,2.37012,0.9993
block,stoxx,ip,0,34,0.463045,2.62799,2.50413,0.9993
block,stoxx,ip,0,35,0.435411,2.62094,2.49632,0.9993
block,stoxx,ip,0,36,0.439602,2.51732,2.38306,0.9980
block,stoxx,ip,0,37,0.429411,2.54908,2.40003,0.9980
block,stoxx,ip,0,38,0.421835,2.61239,2.46249,0.9927
block,stoxx,ip,0,39,0.433321,2.47419,2.30738,0.9840
block,stoxx,ip,0,40,0.427642,2.22076,2.09888,0.9487
block,stoxx,ip,0,41,0.406245,1.96414,1.80363,0.8873
block,stoxx,ip,0,42,0.381639,1.84902,1.64912,0.8360
block,stoxx,ip,0,43,0.368641,1.62136,1.40659,0.7280
block,stoxx,ip,0,44,0.357738,1.33455,1.24389,0.6133
block,stoxx,ip,0,45,0.339035,1.29782,1.21317,0.5880
block,stoxx,ip,0,46,0.299599,1.34571,1.21371,0.5727
block,stoxx,ip,0,47,0.258179,1.54502,1.36805,0.6427
block,stoxx,ip,0,48,0.255224,1.53106,1.41064,0.6567
block,stoxx,hicp,0,1,0.00843167,0.68072,0.52846,0.2140
block,stoxx,hicp,0,2,0.0213926,0.46335,0.35257,0.1073
block,stoxx,hicp,0,3,0.0276757,0.58298,0.41717,0.1820
block,stoxx,hicp,0,4,0.0321764,0.45366,0.31858,0.1133
block,stoxx,hicp,0,5,0.0294689,0.67539,0.49599,0.2187
block,stoxx,hicp,0,6,0.0301947,0.58417,0.32413,0.1973
block,stoxx,hicp,0,7,0.0295498,1.24153,0.78669,0.4167
block,stoxx,hicp,0,8,0.0293302,0.93210,0.54984,0.3133
block,stoxx,hicp,0,9,0.028381,1.17886,0.66880,0.3860
block,stoxx,hicp,0,10,0.0241941,1.13484,0.75957,0.3733
block,stoxx,hicp,0,11,0.0207737,1.48985,1.03786,0.5113
block,stoxx,hicp,0,12,0.0169583,1.05064,0.62145,0.3240
block,stoxx,hicp,0,13,0.0126178,2.05605,1.04629,0.5167
block,stoxx,hicp,0,14,0.0109015,1.22993,0.82974,0.4153
block,stoxx,hicp,0,15,0.0102145,1.18815,0.61327,0.3187
block,stoxx,hicp,0,16,0.00874402,1.69738,0.80065,0.4247
block,stoxx,hicp,0,17,0.00984459,3.97035,1.13348,0.5260
block,stoxx,hicp,0,18,0.00913892,5.48375,1.21332,0.5453
block,stoxx,hicp,0,19,0.00871374,10.50907,4.25298,0.7673
block,stoxx,hicp,0,20,0.00772001,20.57107,20.06565,0.8913
block,stoxx,hicp,0,21,0.00895702,28.95201,26.42313,0.9973
block,stoxx,hicp,0,22,0.00840242,31.96036,29.71508,0.9993
block,stoxx,hicp,0,23,0.00817244,32.66260,33.05403,0.8993
block,stoxx,hicp,0,24,0.00842244,34.90278,32.88576,0.9873
block,stoxx,hicp,0,25,0.0079032,38.95642,37.02875,1.0000
block,stoxx,hicp,0,26,0.0097378,21.07720,19.58422,0.9787
block,stoxx,hicp,0,27,0.0138085,12.03152,10.00847,0.9133
block,stoxx,hicp,0,28,0.0137481,5.65207,1.96419,0.6340
block,stoxx,hicp,0,29,0.408298,0.78147,0.72591,0.2333
block,stoxx,hicp,0,30,0.420049,0.72138,0.65822,0.1853
block,stoxx,hicp,0,31,0.0100528,7.25179,2.13943,0.7027
block,stoxx,hicp,0,32,0.460005,0.44002,0.40003,0.0387
block,stoxx,hicp,0,33,0.477787,0.41594,0.35109,0.0367
block,stoxx,hicp,0,34,0.463045,0.35735,0.27657,0.0427
block,stoxx,hicp,0,35,0.435411,0.35475,0.28680,0.0380
block,stoxx,hicp,0,36,0.439602,0.30879,0.21699,0.0313
block,stoxx,hicp,0,37,0.429411,0.32423,0.24511,0.0293
block,stoxx,hicp,0,38,0.421835,0.39521,0.33114,0.0413
block,stoxx,hicp,0,39,0.433321,0.26342,0.18966,0.0227
block,stoxx,hicp,0,40,0.427642,0.26108,0.20188,0.0187
block,stoxx,hicp,0,41,0.406245,0.35267,0.28570,0.0313
block,stoxx,hicp,0,42,0.381639,0.31423,0.22744,0.0387
block,stoxx,hicp,0,43,0.368641,0.28835,0.20736,0.0273
block,stoxx,hicp,0,44,0.357738,0.40064,0.31993,0.0520
block,stoxx,hicp,0,45,0.339035,0.22830,0.14669,0.0233
block,stoxx,hicp,0,46,0.299599,0.36461,0.27207,0.0500
block,stoxx,hicp,0,47,0.258179,0.45128,0.36732,0.0807
block,stoxx,hicp,0,48,0.255224,0.38335,0.31188,0.0367
block,stoxx,stoxx,0,1,0.00843167,0.62702,0.47819,0.1660
block,stoxx,stoxx,0,2,0.0213926,0.73065,0.52299,0.2027
block,stoxx,stoxx,0,3,0.0276757,0.69089,0.49578,0.2273
block,stoxx,stoxx,0,4,0.0321764,0.79978,0.60933,0.2767
block,stoxx,stoxx,0,5,0.0294689,0.72751,0.51296,0.2380
block,stoxx,stoxx,0,6,0.0301947,0.65438,0.42543,0.1793
block,stoxx,stoxx,0,7,0.0295498,1.21882,0.83079,0.4140
block,stoxx,stoxx,0,8,0.0293302,1.02647,0.75266,0.4013
block,stoxx,stoxx,0,9,0.028381,1.17164,0.77576,0.3967
block,stoxx,stoxx,0,10,0.0241941,1.00840,0.63160,0.3147
block,stoxx,stoxx,0,11,0.0207737,0.78788,0.44963,0.2507
block,stoxx,stoxx,0,12,0.0169583,1.64879,1.21451,0.5900
block,stoxx,stoxx,0,13,0.0126178,1.41803,0.98408,0.4940
block,stoxx,stoxx,0,14,0.0109015,1.84843,1.32060,0.6427
block,stoxx,stoxx,0,15,0.0102145,1.90029,1.04461,0.5147
block,stoxx,stoxx,0,16,0.00874402,2.89598,1.13905,0.5353
block,stoxx,stoxx,0,17,0.00984459,3.08448,1.55653,0.6553
block,stoxx,stoxx,0,18,0.00913892,2.49555,0.69086,0.3833
block,stoxx,stoxx,0,19,0.00871374,3.26447,1.28201,0.5940
block,stoxx,stoxx,0,20,0.00772001,7.37268,1.55007,0.6000
block,stoxx,stoxx,0,21,0.00895702,1.64661,0.86729,0.4653
block,stoxx,stoxx,0,22,0.00840242,3.47655,1.58766,0.6493
block,stoxx,stoxx,0,23,0.00817244,7.51414,1.68954,0.6607
block,stoxx,stoxx,0,24,0.00842244,6.60314,1.05812,0.5107
block,stoxx,stoxx,0,25,0.0079032,4.56187,0.89355,0.4620
block,stoxx,stoxx,0,26,0.0097378,28.63935,24.79418,0.7913
block,stoxx,stoxx,0,27,0.0138085,32.15023,29.79667,0.9747
block,stoxx,stoxx,0,28,0.0137481,40.40172,37.03009,1.0000
block,stoxx,stoxx,0,29,0.408298,1.37971,1.27245,0.7287
block,stoxx,stoxx,0,30,0.420049,1.35802,1.26249,0.7080
block,stoxx,stoxx,0,31,0.0100528,62.42567,59.03120,0.9853
block,stoxx,stoxx,0,32,0.460005,1.49591,1.39624,0.8313
block,stoxx,stoxx,0,33,0.477787,1.49716,1.40200,0.8313
block,stoxx,stoxx,0,34,0.463045,1.55269,1.47512,0.8867
block,stoxx,stoxx,0,35,0.435411,1.61533,1.51961,0.9007
block,stoxx,stoxx,0,36,0.439602,1.65392,1.52386,0.9187
block,stoxx,stoxx,0,37,0.429411,1.67306,1.56785,0.9147
block,stoxx,stoxx,0,38,0.421835,1.70933,1.59446,0.9320
block,stoxx,stoxx,0,39,0.433321,1.58529,1.49387,0.8953
block,stoxx,stoxx,0,40,0.427642,1.65232,1.54133,0.8887
block,stoxx,stoxx,0,41,0.406245,1.62548,1.51270,0.8927
block,stoxx,stoxx,0,42,0.381639,1.72028,1.59215,0.9047
block,stoxx,stoxx,0,43,0.368641,1.71178,1.62047,0.8927
block,stoxx,stoxx,0,44,0.357738,1.74580,1.62937,0.8980
block,stoxx,stoxx,0,45,0.339035,1.80377,1.70603,0.9173
block,stoxx,stoxx,0,46,0.299599,1.89035,1.77334,0.9280
block,stoxx,stoxx,0,47,0.258179,2.11950,2.00215,0.9247
block,stoxx,stoxx,0,48,0.255224,2.00063,1.85871,0.9193
pooled,mps,mps,1,1,0.00843167,1.00000,1.00000,0.0000
pooled,mps,mps,1,2,0.0213926,1.00000,1.00000,0.0000
pooled,mps,mps,1,3,0.0276757,1.00000,1.00000,0.0000
pooled,mps,mps,1,4,0.0321764,1.00000,1.00000,0.0000
pooled,mps,mps,1,5,0.0294689,1.00000,1.00000,0.0000
pooled,mps,mps,1,6,0.0301947,1.00000,1.00000,0.0000
pooled,mps,mps,1,7,0.0295498,1.00000,1.00000,0.0000
pooled,mps,mps,1,8,0.0293302,1.00000,1.00000,0.0000
pooled,mps,mps,1,9,0.028381,1.00000,1.00000,0.0000
pooled,mps,mps,1,10,0.0241941,1.00000,1.00000,0.0000
pooled,mps,mps,1,11,0.0207737,1.00000,1.00000,0.0000
pooled,mps,mps,1,12,0.0169583,1.00000,1.00000,0.0000
pooled,mps,mps,1,13,0.0126178,1.00000,1.00000,0.0000
pooled,mps,mps,1,14,0.0109015,1.00000,1.00000,0.0000
pooled,mps,mps,1,15,0.0102145,1.00000,1.00000,0.0000
pooled,mps,mps,1,16,0.00874402,1.00000,1.00000,0.0000
pooled,mps,mps,1,17,0.00984459,1.00000,1.00000,0.0000
pooled,mps,mps,1,18,0.00913892,1.00000,1.00000,0.0000
pooled,mps,mps,1,19,0.00871374,1.00000,1.00000,0.0000
pooled,mps,mps,1,20,0.00772001,1.00000,1.00000,0.0000
pooled,mps,mps,1,21,0.00895702,1.00000,1.00000,0.0000
pooled,mps,mps,1,22,0.00840242,1.00000,1.00000,0.0000
pooled,mps,mps,1,23,0.00817244,1.00000,1.00000,0.0000
pooled,mps,mps,1,24,0.00842244,1.00000,1.00000,0.0000
pooled,mps,mps,1,25,0.0079032,1.00000,1.00000,0.0000
pooled,mps,mps,1,26,0.0097378,1.00000,1.00000,0.0000
pooled,mps,mps,1,27,0.0138085,1.00000,1.00000,0.0000
pooled,mps,mps,1,28,0.0137481,1.00000,1.00000,0.0000
pooled,mps,mps,1,29,0.408298,1.00000,1.00000,0.0000
pooled,mps,mps,1,30,0.420049,1.00000,1.00000,0.0000
pooled,mps,mps,1,31,0.0100528,1.00000,1.00000,0.0000
pooled,mps,mps,1,32,0.460005,1.00000,1.00000,0.0000
pooled,mps,mps,1,33,0.477787,1.00000,1.00000,0.0000
pooled,mps,mps,1,34,0.463045,1.00000,1.00000,0.0000
pooled,mps,mps,1,35,0.435411,1.00000,1.00000,0.0000
pooled,mps,mps,1,36,0.439602,1.00000,1.00000,0.0000
pooled,mps,mps,1,37,0.429411,1.00000,1.00000,0.0000
pooled,mps,mps,1,38,0.421835,1.00000,1.00000,0.0000
pooled,mps,mps,1,39,0.433321,1.00000,1.00000,0.0000
pooled,mps,mps,1,40,0.427642,1.00000,1.00000,0.0000
pooled,mps,mps,1,41,0.406245,1.00000,1.00000,0.0000
pooled,mps,mps,1,42,0.381639,1.00000,1.00000,0.0000
pooled,mps,mps,1,43,0.368641,1.00000,1.00000,0.0000
pooled,mps,mps,1,44,0.357738,1.00000,1.00000,0.0000
pooled,mps,mps,1,45,0.339035,1.00000,1.00000,0.0000
pooled,mps,mps,1,46,0.299599,1.00000,1.00000,0.0000
pooled,mps,mps,1,47,0.258179,1.00000,1.00000,0.0000
pooled,mps,mps,1,48,0.255224,1.00000,1.00000,0.0000
pooled,mps,i1y,0,1,0.00843167,0.13938,0.10443,0.0000
pooled,mps,i1y,0,2,0.0213926,0.12945,0.10029,0.0000
pooled,mps,i1y,0,3,0.0276757,0.12285,0.09530,0.0000
pooled,mps,i1y,0,4,0.0321764,0.11854,0.09468,0.0000
pooled,mps,i1y,0,5,0.0294689,0.11171,0.08848,0.0000
pooled,mps,i1y,0,6,0.0301947,0.10615,0.07977,0.0000
pooled,mps,i1y,0,7,0.0295498,0.10194,0.07303,0.0000
pooled,mps,i1y,0,8,0.0293302,0.09872,0.07294,0.0000
pooled,mps,i1y,0,9,0.028381,0.09474,0.07166,0.0000
pooled,mps,i1y,0,10,0.0241941,0.08842,0.06558,0.0000
pooled,mps,i1y,0,11,0.0207737,0.08449,0.06477,0.0000
pooled,mps,i1y,0,12,0.0169583,0.08108,0.05935,0.0000
pooled,mps,i1y,0,13,0.0126178,0.07864,0.05565,0.0000
pooled,mps,i1y,0,14,0.0109015,0.08146,0.05769,0.0000
pooled,mps,i1y,0,15,0.0102145,0.07752,0.05808,0.0000
pooled,mps,i1y,0,16,0.00874402,0.07677,0.05926,0.0000
pooled,mps,i1y,0,17,0.00984459,0.07536,0.05461,0.0000
pooled,mps,i1y,0,18,0.00913892,0.07500,0.05120,0.0000
pooled,mps,i1y,0,19,0.00871374,0.07549,0.04635,0.0000
pooled,mps,i1y,0,20,0.00772001,0.07259,0.04133,0.0000
pooled,mps,i1y,0,21,0.00895702,0.06710,0.03768,0.0000
pooled,mps,i1y,0,22,0.00840242,0.06295,0.03357,0.0000
pooled,mps,i1y,0,23,0.00817244,0.06043,0.03249,0.0000
pooled,mps,i1y,0,24,0.00842244,0.05702,0.03127,0.0000
pooled,mps,i1y,0,25,0.0079032,0.05443,0.02949,0.0000
pooled,mps,i1y,0,26,0.0097378,0.04966,0.02831,0.0000
pooled,mps,i1y,0,27,0.0138085,0.04716,0.02899,0.0000
pooled,mps,i1y,0,28,0.0137481,0.04518,0.02711,0.0000
pooled,mps,i1y,0,29,0.408298,0.04328,0.02478,0.0000
pooled,mps,i1y,0,30,0.420049,0.04128,0.02413,0.0000
pooled,mps,i1y,0,31,0.0100528,0.04033,0.02559,0.0000
pooled,mps,i1y,0,32,0.460005,0.03889,0.02683,0.0000
pooled,mps,i1y,0,33,0.477787,0.03752,0.02758,0.0000
pooled,mps,i1y,0,34,0.463045,0.03763,0.02917,0.0000
pooled,mps,i1y,0,35,0.435411,0.03778,0.03102,0.0000
pooled,mps,i1y,0,36,0.439602,0.03873,0.03249,0.0000
pooled,mps,i1y,0,37,0.429411,0.04062,0.03422,0.0000
pooled,mps,i1y,0,38,0.421835,0.04177,0.03563,0.0000
pooled,mps,i1y,0,39,0.433321,0.04349,0.03598,0.0000
pooled,mps,i1y,0,40,0.427642,0.04540,0.03612,0.0000
pooled,mps,i1y,0,41,0.406245,0.04624,0.03679,0.0000
pooled,mps,i1y,0,42,0.381639,0.04478,0.04016,0.0000
pooled,mps,i1y,0,43,0.368641,0.04537,0.03967,0.0000
pooled,mps,i1y,0,44,0.357738,0.04651,0.04258,0.0000
pooled,mps,i1y,0,45,0.339035,0.04847,0.04410,0.0000
pooled,mps,i1y,0,46,0.299599,0.04955,0.04244,0.0000
pooled,mps,i1y,0,47,0.258179,0.05040,0.04089,0.0000
pooled,mps,i1y,0,48,0.255224,0.05255,0.04154,0.0000
pooled,mps,ip,0,1,0.00843167,0.21980,0.15139,0.0060
pooled,mps,ip,0,2,0.0213926,0.20259,0.14196,0.0013
pooled,mps,ip,0,3,0.0276757,0.18377,0.12936,0.0013
pooled,mps,ip,0,4,0.0321764,0.16717,0.12200,0.0013
pooled,mps,ip,0,5,0.0294689,0.15703,0.11623,0.0000
pooled,mps,ip,0,6,0.0301947,0.14944,0.11137,0.0000
pooled,mps,ip,0,7,0.0295498,0.14176,0.11358,0.0000
pooled,mps,ip,0,8,0.0293302,0.13536,0.11375,0.0000
pooled,mps,ip,0,9,0.028381,0.13417,0.10638,0.0000
pooled,mps,ip,0,10,0.0241941,0.12968,0.10063,0.0000
pooled,mps,ip,0,11,0.0207737,0.13189,0.09508,0.0007
pooled,mps,ip,0,12,0.0169583,0.13228,0.09164,0.0027
pooled,mps,ip,0,13,0.0126178,0.12269,0.08319,0.0020
pooled,mps,ip,0,14,0.0109015,0.11132,0.07963,0.0000
pooled,mps,ip,0,15,0.0102145,0.10487,0.07552,0.0000
pooled,mps,ip,0,16,0.00874402,0.09858,0.07225,0.0007
pooled,mps,ip,0,17,0.00984459,0.09289,0.06877,0.0000
pooled,mps,ip,0,18,0.00913892,0.08965,0.06138,0.0000
pooled,mps,ip,0,19,0.00871374,0.08426,0.05685,0.0000
pooled,mps,ip,0,20,0.00772001,0.08005,0.05582,0.0000
pooled,mps,ip,0,21,0.00895702,0.07918,0.05658,0.0000
pooled,mps,ip,0,22,0.00840242,0.07607,0.05687,0.0000
pooled,mps,ip,0,23,0.00817244,0.07241,0.05892,0.0000
pooled,mps,ip,0,24,0.00842244,0.07113,0.05900,0.0000
pooled,mps,ip,0,25,0.0079032,0.06982,0.05636,0.0000
pooled,mps,ip,0,26,0.0097378,0.07207,0.05482,0.0007
pooled,mps,ip,0,27,0.0138085,0.06875,0.05416,0.0000
pooled,mps,ip,0,28,0.0137481,0.06436,0.05236,0.0000
pooled,mps,ip,0,29,0.408298,0.06150,0.05296,0.0000
pooled,mps,ip,0,30,0.420049,0.05983,0.05192,0.0000
pooled,mps,ip,0,31,0.0100528,0.05964,0.05230,0.0000
pooled,mps,ip,0,32,0.460005,0.05893,0.05255,0.0000
pooled,mps,ip,0,33,0.477787,0.05934,0.05301,0.0000
pooled,mps,ip,0,34,0.463045,0.05851,0.05245,0.0000
pooled,mps,ip,0,35,0.435411,0.05568,0.05009,0.0000
pooled,mps,ip,0,36,0.439602,0.05396,0.04966,0.0000
pooled,mps,ip,0,37,0.429411,0.05188,0.04451,0.0000
pooled,mps,ip,0,38,0.421835,0.05015,0.04221,0.0000
pooled,mps,ip,0,39,0.433321,0.05206,0.04089,0.0000
pooled,mps,ip,0,40,0.427642,0.05162,0.03945,0.0000
pooled,mps,ip,0,41,0.406245,0.05036,0.03917,0.0000
pooled,mps,ip,0,42,0.381639,0.04965,0.03813,0.0000
pooled,mps,ip,0,43,0.368641,0.04988,0.03750,0.0000
pooled,mps,ip,0,44,0.357738,0.04942,0.03468,0.0000
pooled,mps,ip,0,45,0.339035,0.04791,0.03364,0.0000
pooled,mps,ip,0,46,0.299599,0.04733,0.03434,0.0000
pooled,mps,ip,0,47,0.258179,0.04730,0.03366,0.0000
pooled,mps,ip,0,48,0.255224,0.04951,0.03453,0.0000
pooled,mps,hicp,0,1,0.00843167,0.17322,0.10247,0.0067
pooled,mps,hicp,0,2,0.0213926,0.15834,0.09805,0.0013
pooled,mps,hicp,0,3,0.0276757,0.15239,0.09613,0.0067
pooled,mps,hicp,0,4,0.0321764,0.15088,0.09481,0.0080
pooled,mps,hicp,0,5,0.0294689,0.15172,0.09452,0.0080
pooled,mps,hicp,0,6,0.0301947,0.15442,0.09262,0.0147
pooled,mps,hicp,0,7,0.0295498,0.15628,0.08782,0.0107
pooled,mps,hicp,0,8,0.0293302,0.16268,0.08261,0.0240
pooled,mps,hicp,0,9,0.028381,0.15122,0.07881,0.0100
pooled,mps,hicp,0,10,0.0241941,0.13908,0.08069,0.0007
pooled,mps,hicp,0,11,0.0207737,0.13135,0.07774,0.0000
pooled,mps,hicp,0,12,0.0169583,0.12471,0.07639,0.0000
pooled,mps,hicp,0,13,0.0126178,0.12090,0.07758,0.0013
pooled,mps,hicp,0,14,0.0109015,0.11759,0.07919,0.0007
pooled,mps,hicp,0,15,0.0102145,0.11459,0.07526,0.0000
pooled,mps,hicp,0,16,0.00874402,0.11827,0.07319,0.0020
pooled,mps,hicp,0,17,0.00984459,0.11543,0.07194,0.0007
pooled,mps,hicp,0,18,0.00913892,0.11308,0.06737,0.0000
pooled,mps,hicp,0,19,0.00871374,0.11146,0.06550,0.0013
pooled,mps,hicp,0,20,0.00772001,0.10978,0.06526,0.0007
pooled,mps,hicp,0,21,0.00895702,0.10551,0.06496,0.0020
pooled,mps,hicp,0,22,0.00840242,0.10332,0.06720,0.0000
pooled,mps,hicp,0,23,0.00817244,0.09913,0.06332,0.0000
pooled,mps,hicp,0,24,0.00842244,0.09923,0.06216,0.0000
pooled,mps,hicp,0,25,0.0079032,0.09995,0.05925,0.0033
pooled,mps,hicp,0,26,0.0097378,0.09011,0.05545,0.0000
pooled,mps,hicp,0,27,0.0138085,0.07827,0.05319,0.0000
pooled,mps,hicp,0,28,0.0137481,0.06942,0.04906,0.0000
pooled,mps,hicp,0,29,0.408298,0.06243,0.04705,0.0000
pooled,mps,hicp,0,30,0.420049,0.05651,0.04444,0.0000
pooled,mps,hicp,0,31,0.0100528,0.05228,0.04358,0.0000
pooled,mps,hicp,0,32,0.460005,0.04936,0.04234,0.0000
pooled,mps,hicp,0,33,0.477787,0.04607,0.03908,0.0000
pooled,mps,hicp,0,34,0.463045,0.04283,0.03478,0.0000
pooled,mps,hicp,0,35,0.435411,0.04030,0.03093,0.0000
pooled,mps,hicp,0,36,0.439602,0.03778,0.02682,0.0000
pooled,mps,hicp,0,37,0.429411,0.03513,0.02548,0.0000
pooled,mps,hicp,0,38,0.421835,0.03325,0.02295,0.0000
pooled,mps,hicp,0,39,0.433321,0.03130,0.02083,0.0000
pooled,mps,hicp,0,40,0.427642,0.03039,0.01916,0.0000
pooled,mps,hicp,0,41,0.406245,0.03036,0.01910,0.0000
pooled,mps,hicp,0,42,0.381639,0.02980,0.01964,0.0000
pooled,mps,hicp,0,43,0.368641,0.02871,0.01912,0.0000
pooled,mps,hicp,0,44,0.357738,0.02771,0.01762,0.0000
pooled,mps,hicp,0,45,0.339035,0.02692,0.01683,0.0000
pooled,mps,hicp,0,46,0.299599,0.02604,0.01661,0.0000
pooled,mps,hicp,0,47,0.258179,0.02596,0.01621,0.0000
pooled,mps,hicp,0,48,0.255224,0.02654,0.01710,0.0000
pooled,mps,stoxx,0,1,0.00843167,0.18013,0.14542,0.0027
pooled,mps,stoxx,0,2,0.0213926,0.16404,0.13786,0.0000
pooled,mps,stoxx,0,3,0.0276757,0.15240,0.13173,0.0007
pooled,mps,stoxx,0,4,0.0321764,0.14115,0.12302,0.0000
pooled,mps,stoxx,0,5,0.0294689,0.12894,0.11402,0.0000
pooled,mps,stoxx,0,6,0.0301947,0.12387,0.10221,0.0000
pooled,mps,stoxx,0,7,0.0295498,0.12042,0.09528,0.0000
pooled,mps,stoxx,0,8,0.0293302,0.11993,0.09185,0.0000
pooled,mps,stoxx,0,9,0.028381,0.12265,0.09357,0.0000
pooled,mps,stoxx,0,10,0.0241941,0.12667,0.09885,0.0000
pooled,mps,stoxx,0,11,0.0207737,0.12637,0.09796,0.0000
pooled,mps,stoxx,0,12,0.0169583,0.12748,0.09762,0.0000
pooled,mps,stoxx,0,13,0.0126178,0.12736,0.09438,0.0000
pooled,mps,stoxx,0,14,0.0109015,0.12505,0.09568,0.0000
pooled,mps,stoxx,0,15,0.0102145,0.12103,0.09207,0.0000
pooled,mps,stoxx,0,16,0.00874402,0.11845,0.09381,0.0000
pooled,mps,stoxx,0,17,0.00984459,0.11701,0.09574,0.0000
pooled,mps,stoxx,0,18,0.00913892,0.11557,0.10172,0.0000
pooled,mps,stoxx,0,19,0.00871374,0.11468,0.10428,0.0000
pooled,mps,stoxx,0,20,0.00772001,0.11422,0.10328,0.0000
pooled,mps,stoxx,0,21,0.00895702,0.11217,0.09732,0.0000
pooled,mps,stoxx,0,22,0.00840242,0.11155,0.09565,0.0000
pooled,mps,stoxx,0,23,0.00817244,0.10611,0.09122,0.0000
pooled,mps,stoxx,0,24,0.00842244,0.10338,0.08993,0.0000
pooled,mps,stoxx,0,25,0.0079032,0.10002,0.08216,0.0000
pooled,mps,stoxx,0,26,0.0097378,0.09368,0.07578,0.0000
pooled,mps,stoxx,0,27,0.0138085,0.09043,0.07142,0.0000
pooled,mps,stoxx,0,28,0.0137481,0.08525,0.06892,0.0000
pooled,mps,stoxx,0,29,0.408298,0.07995,0.06293,0.0000
pooled,mps,stoxx,0,30,0.420049,0.07649,0.05990,0.0000
pooled,mps,stoxx,0,31,0.0100528,0.07319,0.05922,0.0000
pooled,mps,stoxx,0,32,0.460005,0.06936,0.05977,0.0000
pooled,mps,stoxx,0,33,0.477787,0.06819,0.06013,0.0000
pooled,mps,stoxx,0,34,0.463045,0.06682,0.05972,0.0000
pooled,mps,stoxx,0,35,0.435411,0.06585,0.05934,0.0000
pooled,mps,stoxx,0,36,0.439602,0.06469,0.05441,0.0000
pooled,mps,stoxx,0,37,0.429411,0.06585,0.05256,0.0000
pooled,mps,stoxx,0,38,0.421835,0.06500,0.05049,0.0000
pooled,mps,stoxx,0,39,0.433321,0.06490,0.04760,0.0000
pooled,mps,stoxx,0,40,0.427642,0.06629,0.04928,0.0000
pooled,mps,stoxx,0,41,0.406245,0.06615,0.04857,0.0000
pooled,mps,stoxx,0,42,0.381639,0.06557,0.05019,0.0000
pooled,mps,stoxx,0,43,0.368641,0.06560,0.05147,0.0000
pooled,mps,stoxx,0,44,0.357738,0.06468,0.05145,0.0000
pooled,mps,stoxx,0,45,0.339035,0.06382,0.05208,0.0000
pooled,mps,stoxx,0,46,0.299599,0.06246,0.05273,0.0000
pooled,mps,stoxx,0,47,0.258179,0.06073,0.05175,0.0000
pooled,mps,stoxx,0,48,0.255224,0.06016,0.05094,0.0000
pooled,i1y,mps,1,1,0.00843167,1.00000,1.00000,0.0000
pooled,i1y,mps,1,2,0.0213926,1.00000,1.00000,0.0000
pooled,i1y,mps,1,3,0.0276757,1.00000,1.00000,0.0000
pooled,i1y,mps,1,4,0.0321764,1.00000,1.00000,0.0000
pooled,i1y,mps,1,5,0.0294689,1.00000,1.00000,0.0000
pooled,i1y,mps,1,6,0.0301947,1.00000,1.00000,0.0000
pooled,i1y,mps,1,7,0.0295498,1.00000,1.00000,0.0000
pooled,i1y,mps,1,8,0.0293302,1.00000,1.00000,0.0000
pooled,i1y,mps,1,9,0.028381,1.00000,1.00000,0.0000
pooled,i1y,mps,1,10,0.0241941,1.00000,1.00000,0.0000
pooled,i1y,mps,1,11,0.0207737,1.00000,1.00000,0.0000
pooled,i1y,mps,1,12,0.0169583,1.00000,1.00000,0.0000
pooled,i1y,mps,1,13,0.0126178,1.00000,1.00000,0.0000
pooled,i1y,mps,1,14,0.0109015,1.00000,1.00000,0.0000
pooled,i1y,mps,1,15,0.0102145,1.00000,1.00000,0.0000
pooled,i1y,mps,1,16,0.00874402,1.00000,1.00000,0.0000
pooled,i1y,mps,1,17,0.00984459,1.00000,1.00000,0.0000
pooled,i1y,mps,1,18,0.00913892,1.00000,1.00000,0.0000
pooled,i1y,mps,1,19,0.00871374,1.00000,1.00000,0.0000
pooled,i1y,mps,1,20,0.00772001,1.00000,1.00000,0.0000
pooled,i1y,mps,1,21,0.00895702,1.00000,1.00000,0.0000
pooled,i1y,mps,1,22,0.00840242,1.00000,1.00000,0.0000
pooled,i1y,mps,1,23,0.00817244,1.00000,1.00000,0.0000
pooled,i1y,mps,1,24,0.00842244,1.00000,1.00000,0.0000
pooled,i1y,mps,1,25,0.0079032,1.00000,1.00000,0.0000
pooled,i1y,mps,1,26,0.0097378,1.00000,1.00000,0.0000
pooled,i1y,mps,1,27,0.0138085,1.00000,1.00000,0.0000
pooled,i1y,mps,1,28,0.0137481,1.00000,1.00000,0.0000
pooled,i1y,mps,1,29,0.408298,1.00000,1.00000,0.0000
pooled,i1y,mps,1,30,0.420049,1.00000,1.00000,0.0000
pooled,i1y,mps,1,31,0.0100528,1.00000,1.00000,0.0000
pooled,i1y,mps,1,32,0.460005,1.00000,1.00000,0.0000
pooled,i1y,mps,1,33,0.477787,1.00000,1.00000,0.0000
pooled,i1y,mps,1,34,0.463045,1.00000,1.00000,0.0000
pooled,i1y,mps,1,35,0.435411,1.00000,1.00000,0.0000
pooled,i1y,mps,1,36,0.439602,1.00000,1.00000,0.0000
pooled,i1y,mps,1,37,0.429411,1.00000,1.00000,0.0000
pooled,i1y,mps,1,38,0.421835,1.00000,1.00000,0.0000
pooled,i1y,mps,1,39,0.433321,1.00000,1.00000,0.0000
pooled,i1y,mps,1,40,0.427642,1.00000,1.00000,0.0000
pooled,i1y,mps,1,41,0.406245,1.00000,1.00000,0.0000
pooled,i1y,mps,1,42,0.381639,1.00000,1.00000,0.0000
pooled,i1y,mps,1,43,0.368641,1.00000,1.00000,0.0000
pooled,i1y,mps,1,44,0.357738,1.00000,1.00000,0.0000
pooled,i1y,mps,1,45,0.339035,1.00000,1.00000,0.0000
pooled,i1y,mps,1,46,0.299599,1.00000,1.00000,0.0000
pooled,i1y,mps,1,47,0.258179,1.00000,1.00000,0.0000
pooled,i1y,mps,1,48,0.255224,1.00000,1.00000,0.0000
pooled,i1y,i1y,0,1,0.00843167,0.43594,0.35750,0.0500
pooled,i1y,i1y,0,2,0.0213926,0.43166,0.33385,0.0520
pooled,i1y,i1y,0,3,0.0276757,0.43599,0.32879,0.0573
pooled,i1y,i1y,0,4,0.0321764,0.44285,0.33752,0.0727
pooled,i1y,i1y,0,5,0.0294689,0.44440,0.33438,0.0740
pooled,i1y,i1y,0,6,0.0301947,0.45102,0.34672,0.0860
pooled,i1y,i1y,0,7,0.0295498,0.46747,0.36586,0.0907
pooled,i1y,i1y,0,8,0.0293302,0.48904,0.39574,0.1067
pooled,i1y,i1y,0,9,0.028381,0.51460,0.40478,0.1233
pooled,i1y,i1y,0,10,0.0241941,0.54652,0.41183,0.1560
pooled,i1y,i1y,0,11,0.0207737,0.58539,0.45776,0.1773
pooled,i1y,i1y,0,12,0.0169583,0.62489,0.49168,0.2127
pooled,i1y,i1y,0,13,0.0126178,0.66636,0.53162,0.2540
pooled,i1y,i1y,0,14,0.0109015,0.71795,0.58379,0.2760
pooled,i1y,i1y,0,15,0.0102145,0.78606,0.67753,0.3340
pooled,i1y,i1y,0,16,0.00874402,0.85025,0.74074,0.3707
pooled,i1y,i1y,0,17,0.00984459,0.92547,0.80132,0.4100
pooled,i1y,i1y,0,18,0.00913892,1.00380,0.87036,0.4380
pooled,i1y,i1y,0,19,0.00871374,1.09849,0.92714,0.4693
pooled,i1y,i1y,0,20,0.00772001,1.16112,1.00545,0.5013
pooled,i1y,i1y,0,21,0.00895702,1.25961,1.11119,0.5440
pooled,i1y,i1y,0,22,0.00840242,1.34297,1.21996,0.5987
pooled,i1y,i1y,0,23,0.00817244,1.42656,1.32063,0.6720
pooled,i1y,i1y,0,24,0.00842244,1.47639,1.37896,0.7180
pooled,i1y,i1y,0,25,0.0079032,1.54961,1.44518,0.7787
pooled,i1y,i1y,0,26,0.0097378,1.62914,1.51773,0.8500
pooled,i1y,i1y,0,27,0.0138085,1.74446,1.67365,0.9013
pooled,i1y,i1y,0,28,0.0137481,1.85496,1.81339,0.9527
pooled,i1y,i1y,0,29,0.408298,2.00995,1.94565,0.9947
pooled,i1y,i1y,0,30,0.420049,2.05856,1.98813,0.9973
pooled,i1y,i1y,0,31,0.0100528,2.05121,1.96046,0.9967
pooled,i1y,i1y,0,32,0.460005,2.02107,1.94641,0.9973
pooled,i1y,i1y,0,33,0.477787,1.96866,1.90756,0.9947
pooled,i1y,i1y,0,34,0.463045,1.92261,1.86080,0.9947
pooled,i1y,i1y,0,35,0.435411,1.91607,1.87152,0.9960
pooled,i1y,i1y,0,36,0.439602,1.89770,1.85919,0.9967
pooled,i1y,i1y,0,37,0.429411,1.92445,1.87339,0.9967
pooled,i1y,i1y,0,38,0.421835,1.96663,1.89669,0.9933
pooled,i1y,i1y,0,39,0.433321,1.96439,1.89639,0.9967
pooled,i1y,i1y,0,40,0.427642,1.96944,1.90972,0.9967
pooled,i1y,i1y,0,41,0.406245,1.97072,1.91408,0.9940
pooled,i1y,i1y,0,42,0.381639,2.03024,1.95934,0.9927
pooled,i1y,i1y,0,43,0.368641,2.08793,2.01271,0.9987
pooled,i1y,i1y,0,44,0.357738,2.16199,2.08060,0.9967
pooled,i1y,i1y,0,45,0.339035,2.25954,2.16905,0.9980
pooled,i1y,i1y,0,46,0.299599,2.43272,2.33761,1.0000
pooled,i1y,i1y,0,47,0.258179,2.54947,2.43156,1.0000
pooled,i1y,i1y,0,48,0.255224,2.62454,2.51036,0.9967
pooled,i1y,ip,0,1,0.00843167,1.02578,0.95253,0.4473
pooled,i1y,ip,0,2,0.0213926,1.04160,0.96593,0.4700
pooled,i1y,ip,0,3,0.0276757,1.10285,1.02973,0.5300
pooled,i1y,ip,0,4,0.0321764,1.18547,1.11112,0.6153
pooled,i1y,ip,0,5,0.0294689,1.28223,1.19603,0.7027
pooled,i1y,ip,0,6,0.0301947,1.38784,1.28335,0.7667
pooled,i1y,ip,0,7,0.0295498,1.49431,1.37649,0.8127
pooled,i1y,ip,0,8,0.0293302,1.59106,1.44888,0.8253
pooled,i1y,ip,0,9,0.028381,1.64756,1.47765,0.8347
pooled,i1y,ip,0,10,0.0241941,1.68756,1.47979,0.8293
pooled,i1y,ip,0,11,0.0207737,1.67286,1.46097,0.8160
pooled,i1y,ip,0,12,0.0169583,1.68895,1.43375,0.8120
pooled,i1y,ip,0,13,0.0126178,1.73265,1.48499,0.7987
pooled,i1y,ip,0,14,0.0109015,1.79991,1.53625,0.8047
pooled,i1y,ip,0,15,0.0102145,1.84945,1.59260,0.8247
pooled,i1y,ip,0,16,0.00874402,1.89378,1.64351,0.8273
pooled,i1y,ip,0,17,0.00984459,1.97936,1.68160,0.8407
pooled,i1y,ip,0,18,0.00913892,2.04826,1.69177,0.8720
pooled,i1y,ip,0,19,0.00871374,2.16291,1.78285,0.8933
pooled,i1y,ip,0,20,0.00772001,2.28974,1.85088,0.9340
pooled,i1y,ip,0,21,0.00895702,2.42144,1.98137,0.9433
pooled,i1y,ip,0,22,0.00840242,2.57532,2.18258,0.9640
pooled,i1y,ip,0,23,0.00817244,2.77298,2.45088,0.9753
pooled,i1y,ip,0,24,0.00842244,3.00141,2.65290,0.9860
pooled,i1y,ip,0,25,0.0079032,3.19293,2.86838,0.9947
pooled,i1y,ip,0,26,0.0097378,3.38370,3.06431,0.9960
pooled,i1y,ip,0,27,0.0138085,3.61868,3.41213,1.0000
pooled,i1y,ip,0,28,0.0137481,3.82229,3.66015,1.0000
pooled,i1y,ip,0,29,0.408298,4.03483,3.96945,1.0000
pooled,i1y,ip,0,30,0.420049,4.02813,3.95728,1.0000
pooled,i1y,ip,0,31,0.0100528,3.87103,3.76065,1.0000
pooled,i1y,ip,0,32,0.460005,3.60617,3.56048,1.0000
pooled,i1y,ip,0,33,0.477787,3.33448,3.29897,1.0000
pooled,i1y,ip,0,34,0.463045,3.14976,3.10427,1.0000
pooled,i1y,ip,0,35,0.435411,2.98108,2.93779,1.0000
pooled,i1y,ip,0,36,0.439602,2.78534,2.74163,1.0000
pooled,i1y,ip,0,37,0.429411,2.64094,2.61316,1.0000
pooled,i1y,ip,0,38,0.421835,2.53611,2.51296,1.0000
pooled,i1y,ip,0,39,0.433321,2.44014,2.38448,1.0000
pooled,i1y,ip,0,40,0.427642,2.42231,2.37438,1.0000
pooled,i1y,ip,0,41,0.406245,2.43000,2.38820,1.0000
pooled,i1y,ip,0,42,0.381639,2.52440,2.48752,1.0000
pooled,i1y,ip,0,43,0.368641,2.62533,2.60368,1.0000
pooled,i1y,ip,0,44,0.357738,2.76730,2.71920,1.0000
pooled,i1y,ip,0,45,0.339035,2.91945,2.89668,1.0000
pooled,i1y,ip,0,46,0.299599,3.09742,3.05666,1.0000
pooled,i1y,ip,0,47,0.258179,3.23380,3.17120,1.0000
pooled,i1y,ip,0,48,0.255224,3.32238,3.22054,1.0000
pooled,i1y,hicp,0,1,0.00843167,0.55629,0.49837,0.0827
pooled,i1y,hicp,0,2,0.0213926,0.54397,0.48222,0.0700
pooled,i1y,hicp,0,3,0.0276757,0.56495,0.52401,0.0773
pooled,i1y,hicp,0,4,0.0321764,0.67296,0.62738,0.1340
pooled,i1y,hicp,0,5,0.0294689,0.87775,0.81214,0.3280
pooled,i1y,hicp,0,6,0.0301947,1.15569,1.06829,0.5640
pooled,i1y,hicp,0,7,0.0295498,1.49286,1.41787,0.8053
pooled,i1y,hicp,0,8,0.0293302,2.00000,1.93356,0.9373
pooled,i1y,hicp,0,9,0.028381,2.80776,2.66820,0.9953
pooled,i1y,hicp,0,10,0.0241941,3.71896,3.58157,1.0000
pooled,i1y,hicp,0,11,0.0207737,4.94642,4.72633,1.0000
pooled,i1y,hicp,0,12,0.0169583,6.45951,6.21843,1.0000
pooled,i1y,hicp,0,13,0.0126178,8.62480,8.21777,1.0000
pooled,i1y,hicp,0,14,0.0109015,10.82543,10.45948,1.0000
pooled,i1y,hicp,0,15,0.0102145,12.72995,12.22691,1.0000
pooled,i1y,hicp,0,16,0.00874402,13.94962,13.16494,1.0000
pooled,i1y,hicp,0,17,0.00984459,14.52578,13.71981,1.0000
pooled,i1y,hicp,0,18,0.00913892,14.98084,14.48058,1.0000
pooled,i1y,hicp,0,19,0.00871374,14.55588,13.62437,1.0000
pooled,i1y,hicp,0,20,0.00772001,13.50450,12.60577,1.0000
pooled,i1y,hicp,0,21,0.00895702,11.07434,10.63263,1.0000
pooled,i1y,hicp,0,22,0.00840242,8.76914,8.38406,1.0000
pooled,i1y,hicp,0,23,0.00817244,6.69621,5.92102,0.9887
pooled,i1y,hicp,0,24,0.00842244,5.17008,4.58925,0.9887
pooled,i1y,hicp,0,25,0.0079032,3.82921,3.34574,0.9953
pooled,i1y,hicp,0,26,0.0097378,2.72344,2.36742,0.9773
pooled,i1y,hicp,0,27,0.0138085,1.94292,1.69368,0.8827
pooled,i1y,hicp,0,28,0.0137481,1.36788,1.23029,0.6793
pooled,i1y,hicp,0,29,0.408298,0.89539,0.85088,0.3160
pooled,i1y,hicp,0,30,0.420049,0.73593,0.68870,0.1620
pooled,i1y,hicp,0,31,0.0100528,0.68147,0.63676,0.1227
pooled,i1y,hicp,0,32,0.460005,0.60984,0.59187,0.0480
pooled,i1y,hicp,0,33,0.477787,0.56658,0.54501,0.0240
pooled,i1y,hicp,0,34,0.463045,0.55781,0.53753,0.0167
pooled,i1y,hicp,0,35,0.435411,0.55863,0.53113,0.0200
pooled,i1y,hicp,0,36,0.439602,0.55369,0.53141,0.0180
pooled,i1y,hicp,0,37,0.429411,0.56424,0.54182,0.0233
pooled,i1y,hicp,0,38,0.421835,0.57014,0.54971,0.0207
pooled,i1y,hicp,0,39,0.433321,0.56338,0.54183,0.0167
pooled,i1y,hicp,0,40,0.427642,0.58092,0.54805,0.0267
pooled,i1y,hicp,0,41,0.406245,0.59070,0.56001,0.0313
pooled,i1y,hicp,0,42,0.381639,0.62634,0.60450,0.0440
pooled,i1y,hicp,0,43,0.368641,0.65755,0.63669,0.0487
pooled,i1y,hicp,0,44,0.357738,0.70050,0.67386,0.0693
pooled,i1y,hicp,0,45,0.339035,0.75756,0.73969,0.1247
pooled,i1y,hicp,0,46,0.299599,0.85595,0.81141,0.2653
pooled,i1y,hicp,0,47,0.258179,0.93761,0.87830,0.3560
pooled,i1y,hicp,0,48,0.255224,0.99592,0.91857,0.4240
pooled,i1y,stoxx,0,1,0.00843167,1.59981,1.52551,0.8507
pooled,i1y,stoxx,0,2,0.0213926,1.67973,1.59685,0.8847
pooled,i1y,stoxx,0,3,0.0276757,1.81805,1.74273,0.9353
pooled,i1y,stoxx,0,4,0.0321764,1.99366,1.93973,0.9607
pooled,i1y,stoxx,0,5,0.0294689,2.18930,2.11577,0.9787
pooled,i1y,stoxx,0,6,0.0301947,2.38910,2.28114,0.9840
pooled,i1y,stoxx,0,7,0.0295498,2.62153,2.48353,0.9800
pooled,i1y,stoxx,0,8,0.0293302,2.77763,2.67377,0.9773
pooled,i1y,stoxx,0,9,0.028381,2.94636,2.82742,0.9727
pooled,i1y,stoxx,0,10,0.0241941,3.03909,2.88195,0.9733
pooled,i1y,stoxx,0,11,0.0207737,3.09692,2.98024,0.9787
pooled,i1y,stoxx,0,12,0.0169583,3.07920,2.98817,0.9780
pooled,i1y,stoxx,0,13,0.0126178,2.94054,2.80582,0.9780
pooled,i1y,stoxx,0,14,0.0109015,2.78330,2.69551,0.9880
pooled,i1y,stoxx,0,15,0.0102145,2.63978,2.52614,0.9840
pooled,i1y,stoxx,0,16,0.00874402,2.50895,2.40188,0.9833
pooled,i1y,stoxx,0,17,0.00984459,2.40270,2.25592,0.9860
pooled,i1y,stoxx,0,18,0.00913892,2.26409,2.11333,0.9887
pooled,i1y,stoxx,0,19,0.00871374,2.19564,2.11388,0.9787
pooled,i1y,stoxx,0,20,0.00772001,2.11547,2.05081,0.9720
pooled,i1y,stoxx,0,21,0.00895702,2.07056,1.99625,0.9660
pooled,i1y,stoxx,0,22,0.00840242,2.00653,1.90596,0.9547
pooled,i1y,stoxx,0,23,0.00817244,1.91741,1.81417,0.9513
pooled,i1y,stoxx,0,24,0.00842244,1.83985,1.75797,0.9507
pooled,i1y,stoxx,0,25,0.0079032,1.75513,1.68192,0.9287
pooled,i1y,stoxx,0,26,0.0097378,1.69596,1.65555,0.9200
pooled,i1y,stoxx,0,27,0.0138085,1.62257,1.56384,0.9313
pooled,i1y,stoxx,0,28,0.0137481,1.58293,1.53246,0.9307
pooled,i1y,stoxx,0,29,0.408298,1.51290,1.47541,0.9507
pooled,i1y,stoxx,0,30,0.420049,1.45358,1.41902,0.9507
pooled,i1y,stoxx,0,31,0.0100528,1.39689,1.37979,0.8973
pooled,i1y,stoxx,0,32,0.460005,1.31615,1.30191,0.8640
pooled,i1y,stoxx,0,33,0.477787,1.26902,1.25192,0.8307
pooled,i1y,stoxx,0,34,0.463045,1.26492,1.23627,0.8193
pooled,i1y,stoxx,0,35,0.435411,1.28706,1.25946,0.8507
pooled,i1y,stoxx,0,36,0.439602,1.31617,1.29469,0.8560
pooled,i1y,stoxx,0,37,0.429411,1.33973,1.33218,0.8913
pooled,i1y,stoxx,0,38,0.421835,1.35168,1.33005,0.9167
pooled,i1y,stoxx,0,39,0.433321,1.35801,1.33484,0.9260
pooled,i1y,stoxx,0,40,0.427642,1.39302,1.37417,0.9420
pooled,i1y,stoxx,0,41,0.406245,1.44581,1.41735,0.9600
pooled,i1y,stoxx,0,42,0.381639,1.51811,1.49250,0.9800
pooled,i1y,stoxx,0,43,0.368641,1.58214,1.55964,0.9907
pooled,i1y,stoxx,0,44,0.357738,1.67440,1.64701,0.9947
pooled,i1y,stoxx,0,45,0.339035,1.78719,1.76798,0.9987
pooled,i1y,stoxx,0,46,0.299599,1.92060,1.87823,1.0000
pooled,i1y,stoxx,0,47,0.258179,2.05724,2.02214,0.9993
pooled,i1y,stoxx,0,48,0.255224,2.13873,2.06284,1.0000
pooled,ip,mps,1,1,0.00843167,1.00000,1.00000,0.0000
pooled,ip,mps,1,2,0.0213926,1.00000,1.00000,0.0000
pooled,ip,mps,1,3,0.0276757,1.00000,1.00000,0.0000
pooled,ip,mps,1,4,0.0321764,1.00000,1.00000,0.0000
pooled,ip,mps,1,5,0.0294689,1.00000,1.00000,0.0000
pooled,ip,mps,1,6,0.0301947,1.00000,1.00000,0.0000
pooled,ip,mps,1,7,0.0295498,1.00000,1.00000,0.0000
pooled,ip,mps,1,8,0.0293302,1.00000,1.00000,0.0000
pooled,ip,mps,1,9,0.028381,1.00000,1.00000,0.0000
pooled,ip,mps,1,10,0.0241941,1.00000,1.00000,0.0000
pooled,ip,mps,1,11,0.0207737,1.00000,1.00000,0.0000
pooled,ip,mps,1,12,0.0169583,1.00000,1.00000,0.0000
pooled,ip,mps,1,13,0.0126178,1.00000,1.00000,0.0000
pooled,ip,mps,1,14,0.0109015,1.00000,1.00000,0.0000
pooled,ip,mps,1,15,0.0102145,1.00000,1.00000,0.0000
pooled,ip,mps,1,16,0.00874402,1.00000,1.00000,0.0000
pooled,ip,mps,1,17,0.00984459,1.00000,1.00000,0.0000
pooled,ip,mps,1,18,0.00913892,1.00000,1.00000,0.0000
pooled,ip,mps,1,19,0.00871374,1.00000,1.00000,0.0000
pooled,ip,mps,1,20,0.00772001,1.00000,1.00000,0.0000
pooled,ip,mps,1,21,0.00895702,1.00000,1.00000,0.0000
pooled,ip,mps,1,22,0.00840242,1.00000,1.00000,0.0000
pooled,ip,mps,1,23,0.00817244,1.00000,1.00000,0.0000
pooled,ip,mps,1,24,0.00842244,1.00000,1.00000,0.0000
pooled,ip,mps,1,25,0.0079032,1.00000,1.00000,0.0000
pooled,ip,mps,1,26,0.0097378,1.00000,1.00000,0.0000
pooled,ip,mps,1,27,0.0138085,1.00000,1.00000,0.0000
pooled,ip,mps,1,28,0.0137481,1.00000,1.00000,0.0000
pooled,ip,mps,1,29,0.408298,1.00000,1.00000,0.0000
pooled,ip,mps,1,30,0.420049,1.00000,1.00000,0.0000
pooled,ip,mps,1,31,0.0100528,1.00000,1.00000,0.0000
pooled,ip,mps,1,32,0.460005,1.00000,1.00000,0.0000
pooled,ip,mps,1,33,0.477787,1.00000,1.00000,0.0000
pooled,ip,mps,1,34,0.463045,1.00000,1.00000,0.0000
pooled,ip,mps,1,35,0.435411,1.00000,1.00000,0.0000
pooled,ip,mps,1,36,0.439602,1.00000,1.00000,0.0000
pooled,ip,mps,1,37,0.429411,1.00000,1.00000,0.0000
pooled,ip,mps,1,38,0.421835,1.00000,1.00000,0.0000
pooled,ip,mps,1,39,0.433321,1.00000,1.00000,0.0000
pooled,ip,mps,1,40,0.427642,1.00000,1.00000,0.0000
pooled,ip,mps,1,41,0.406245,1.00000,1.00000,0.0000
pooled,ip,mps,1,42,0.381639,1.00000,1.00000,0.0000
pooled,ip,mps,1,43,0.368641,1.00000,1.00000,0.0000
pooled,ip,mps,1,44,0.357738,1.00000,1.00000,0.0000
pooled,ip,mps,1,45,0.339035,1.00000,1.00000,0.0000
pooled,ip,mps,1,46,0.299599,1.00000,1.00000,0.0000
pooled,ip,mps,1,47,0.258179,1.00000,1.00000,0.0000
pooled,ip,mps,1,48,0.255224,1.00000,1.00000,0.0000
pooled,ip,i1y,0,1,0.00843167,1.27258,1.10498,0.5600
pooled,ip,i1y,0,2,0.0213926,1.67703,1.56541,0.7547
pooled,ip,i1y,0,3,0.0276757,2.84585,2.75904,0.9147
pooled,ip,i1y,0,4,0.0321764,4.83276,4.67957,0.9480
pooled,ip,i1y,0,5,0.0294689,7.43701,7.33759,0.9667
pooled,ip,i1y,0,6,0.0301947,10.06013,10.15061,0.9807
pooled,ip,i1y,0,7,0.0295498,13.23989,13.34515,0.9867
pooled,ip,i1y,0,8,0.0293302,16.33149,17.12161,0.9887
pooled,ip,i1y,0,9,0.028381,21.19705,22.28493,0.9960
pooled,ip,i1y,0,10,0.0241941,28.22255,29.65710,0.9980
pooled,ip,i1y,0,11,0.0207737,38.71039,41.50511,0.9973
pooled,ip,i1y,0,12,0.0169583,51.72405,55.85429,0.9960
pooled,ip,i1y,0,13,0.0126178,68.21988,73.08251,0.9960
pooled,ip,i1y,0,14,0.0109015,81.62972,89.28120,0.9980
pooled,ip,i1y,0,15,0.0102145,95.97381,105.82120,1.0000
pooled,ip,i1y,0,16,0.00874402,107.00913,122.83498,0.9987
pooled,ip,i1y,0,17,0.00984459,108.43631,125.14263,0.9993
pooled,ip,i1y,0,18,0.00913892,110.09813,128.60277,0.9973
pooled,ip,i1y,0,19,0.00871374,114.33653,133.68003,0.9980
pooled,ip,i1y,0,20,0.00772001,115.44708,135.58642,1.0000
pooled,ip,i1y,0,21,0.00895702,107.08235,129.02983,0.9993
pooled,ip,i1y,0,22,0.00840242,101.25425,118.26888,0.9973
pooled,ip,i1y,0,23,0.00817244,95.37300,112.51452,0.9913
pooled,ip,i1y,0,24,0.00842244,86.48645,101.21884,0.9860
pooled,ip,i1y,0,25,0.0079032,71.07070,78.69212,0.9860
pooled,ip,i1y,0,26,0.0097378,51.48651,57.85488,0.9933
pooled,ip,i1y,0,27,0.0138085,36.28569,38.12792,0.9940
pooled,ip,i1y,0,28,0.0137481,19.62019,20.66340,1.0000
pooled,ip,i1y,0,29,0.408298,6.15968,5.95042,1.0000
pooled,ip,i1y,0,30,0.420049,3.97700,3.74125,1.0000
pooled,ip,i1y,0,31,0.0100528,3.63406,3.26227,0.9980
pooled,ip,i1y,0,32,0.460005,2.98874,2.82423,1.0000
pooled,ip,i1y,0,33,0.477787,2.77648,2.63356,0.9993
pooled,ip,i1y,0,34,0.463045,2.60987,2.49177,0.9940
pooled,ip,i1y,0,35,0.435411,2.50018,2.35456,0.9953
pooled,ip,i1y,0,36,0.439602,2.34884,2.19523,0.9880
pooled,ip,i1y,0,37,0.429411,2.07485,1.97055,0.9727
pooled,ip,i1y,0,38,0.421835,1.83081,1.70655,0.9447
pooled,ip,i1y,0,39,0.433321,1.53170,1.42726,0.8387
pooled,ip,i1y,0,40,0.427642,1.26197,1.16973,0.6327
pooled,ip,i1y,0,41,0.406245,1.03431,0.96658,0.4660
pooled,ip,i1y,0,42,0.381639,0.87581,0.77067,0.3087
pooled,ip,i1y,0,43,0.368641,0.73018,0.67311,0.1987
pooled,ip,i1y,0,44,0.357738,0.65114,0.61813,0.1347
pooled,ip,i1y,0,45,0.339035,0.64406,0.58944,0.1487
pooled,ip,i1y,0,46,0.299599,0.66523,0.59589,0.1807
pooled,ip,i1y,0,47,0.258179,0.68559,0.60904,0.2087
pooled,ip,i1y,0,48,0.255224,0.73221,0.61739,0.2553
pooled,ip,ip,0,1,0.00843167,1.00713,0.90344,0.4187
pooled,ip,ip,0,2,0.0213926,1.08931,0.97568,0.4787
pooled,ip,ip,0,3,0.0276757,1.35143,1.25877,0.7133
pooled,ip,ip,0,4,0.0321764,1.81534,1.74172,0.8380
pooled,ip,ip,0,5,0.0294689,2.68577,2.63103,0.8767
pooled,ip,ip,0,6,0.0301947,3.95604,3.94476,0.8927
pooled,ip,ip,0,7,0.0295498,5.73363,5.62322,0.8933
pooled,ip,ip,0,8,0.0293302,8.46020,8.94872,0.8953
pooled,ip,ip,0,9,0.028381,12.22460,13.00128,0.8920
pooled,ip,ip,0,10,0.0241941,17.21379,18.42886,0.8867
pooled,ip,ip,0,11,0.0207737,24.20114,26.59552,0.8847
pooled,ip,ip,0,12,0.0169583,33.52493,37.42271,0.8780
pooled,ip,ip,0,13,0.0126178,45.22867,52.27110,0.8747
pooled,ip,ip,0,14,0.0109015,56.54912,64.48078,0.8740
pooled,ip,ip,0,15,0.0102145,67.55218,79.33636,0.8667
pooled,ip,ip,0,16,0.00874402,76.93589,91.70825,0.8640
pooled,ip,ip,0,17,0.00984459,82.16020,96.42353,0.8533
pooled,ip,ip,0,18,0.00913892,89.12177,106.99702,0.8587
pooled,ip,ip,0,19,0.00871374,95.89258,116.13654,0.8680
pooled,ip,ip,0,20,0.00772001,103.45132,126.13024,0.8707
pooled,ip,ip,0,21,0.00895702,96.75442,118.51797,0.8747
pooled,ip,ip,0,22,0.00840242,98.92901,118.70305,0.8787
pooled,ip,ip,0,23,0.00817244,96.73725,117.07135,0.8973
pooled,ip,ip,0,24,0.00842244,88.18668,108.01917,0.9167
pooled,ip,ip,0,25,0.0079032,78.44145,95.39396,0.9207
pooled,ip,ip,0,26,0.0097378,58.18645,67.20863,0.9513
pooled,ip,ip,0,27,0.0138085,38.76276,44.22511,0.9813
pooled,ip,ip,0,28,0.0137481,20.84274,23.88953,0.9893
pooled,ip,ip,0,29,0.408298,4.80317,4.93349,0.9967
pooled,ip,ip,0,30,0.420049,2.99852,2.83001,1.0000
pooled,ip,ip,0,31,0.0100528,2.53459,2.28132,0.9900
pooled,ip,ip,0,32,0.460005,2.05885,1.95808,0.9973
pooled,ip,ip,0,33,0.477787,1.84587,1.79371,0.9833
pooled,ip,ip,0,34,0.463045,1.76747,1.70902,0.9733
pooled,ip,ip,0,35,0.435411,1.76906,1.72747,0.9680
pooled,ip,ip,0,36,0.439602,1.72173,1.66925,0.9680
pooled,ip,ip,0,37,0.429411,1.73897,1.67253,0.9687
pooled,ip,ip,0,38,0.421835,1.73162,1.67098,0.9520
pooled,ip,ip,0,39,0.433321,1.68350,1.63228,0.9580
pooled,ip,ip,0,40,0.427642,1.73499,1.68443,0.9553
pooled,ip,ip,0,41,0.406245,1.82130,1.77039,0.9740
pooled,ip,ip,0,42,0.381639,2.02446,1.95954,0.9873
pooled,ip,ip,0,43,0.368641,2.22824,2.15471,0.9947
pooled,ip,ip,0,44,0.357738,2.39815,2.31795,0.9987
pooled,ip,ip,0,45,0.339035,2.59046,2.49789,0.9993
pooled,ip,ip,0,46,0.299599,2.80570,2.70390,0.9993
pooled,ip,ip,0,47,0.258179,3.07614,2.94784,1.0000
pooled,ip,ip,0,48,0.255224,3.18745,3.00784,0.9967
pooled,ip,hicp,0,1,0.00843167,1.54752,1.45990,0.8133
pooled,ip,hicp,0,2,0.0213926,1.60260,1.53733,0.9000
pooled,ip,hicp,0,3,0.0276757,1.87228,1.78577,0.9720
pooled,ip,hicp,0,4,0.0321764,2.35244,2.26994,0.9980
pooled,ip,hicp,0,5,0.0294689,3.11161,2.96140,1.0000
pooled,ip,hicp,0,6,0.0301947,3.90575,3.79011,1.0000
pooled,ip,hicp,0,7,0.0295498,4.77246,4.56656,1.0000
pooled,ip,hicp,0,8,0.0293302,5.91590,5.73022,1.0000
pooled,ip,hicp,0,9,0.028381,7.13750,6.85002,1.0000
pooled,ip,hicp,0,10,0.0241941,9.10662,8.86467,1.0000
pooled,ip,hicp,0,11,0.0207737,11.48294,11.00646,1.0000
pooled,ip,hicp,0,12,0.0169583,15.10316,14.50769,1.0000
pooled,ip,hicp,0,13,0.0126178,20.58222,19.82268,1.0000
pooled,ip,hicp,0,14,0.0109015,25.46269,24.79654,1.0000
pooled,ip,hicp,0,15,0.0102145,28.51351,27.84632,1.0000
pooled,ip,hicp,0,16,0.00874402,30.28422,29.47290,1.0000
pooled,ip,hicp,0,17,0.00984459,28.35156,27.54874,1.0000
pooled,ip,hicp,0,18,0.00913892,27.06901,25.76118,1.0000
pooled,ip,hicp,0,19,0.00871374,24.99141,24.13603,1.0000
pooled,ip,hicp,0,20,0.00772001,21.74822,21.12065,1.0000
pooled,ip,hicp,0,21,0.00895702,17.16124,16.48637,1.0000
pooled,ip,hicp,0,22,0.00840242,12.95302,11.78508,1.0000
pooled,ip,hicp,0,23,0.00817244,9.23000,8.51528,1.0000
pooled,ip,hicp,0,24,0.00842244,6.37479,5.42531,1.0000
pooled,ip,hicp,0,25,0.0079032,4.10585,3.42676,0.9960
pooled,ip,hicp,0,26,0.0097378,2.67855,2.30169,0.9140
pooled,ip,hicp,0,27,0.0138085,1.65253,1.42428,0.7360
pooled,ip,hicp,0,28,0.0137481,0.97589,0.86171,0.3927
pooled,ip,hicp,0,29,0.408298,0.55211,0.51017,0.0593
pooled,ip,hicp,0,30,0.420049,0.41356,0.38157,0.0113
pooled,ip,hicp,0,31,0.0100528,0.37024,0.34073,0.0053
pooled,ip,hicp,0,32,0.460005,0.32857,0.30607,0.0013
pooled,ip,hicp,0,33,0.477787,0.30556,0.29179,0.0000
pooled,ip,hicp,0,34,0.463045,0.30615,0.29194,0.0000
pooled,ip,hicp,0,35,0.435411,0.31301,0.29777,0.0000
pooled,ip,hicp,0,36,0.439602,0.32379,0.30636,0.0000
pooled,ip,hicp,0,37,0.429411,0.33929,0.31725,0.0013
pooled,ip,hicp,0,38,0.421835,0.37358,0.34240,0.0040
pooled,ip,hicp,0,39,0.433321,0.40523,0.38881,0.0020
pooled,ip,hicp,0,40,0.427642,0.47153,0.45061,0.0113
pooled,ip,hicp,0,41,0.406245,0.55643,0.53386,0.0307
pooled,ip,hicp,0,42,0.381639,0.66208,0.61509,0.1013
pooled,ip,hicp,0,43,0.368641,0.76775,0.73184,0.1753
pooled,ip,hicp,0,44,0.357738,0.86359,0.83888,0.2887
pooled,ip,hicp,0,45,0.339035,0.93910,0.90094,0.3753
pooled,ip,hicp,0,46,0.299599,1.02139,0.97717,0.4680
pooled,ip,hicp,0,47,0.258179,1.15537,1.09289,0.5933
pooled,ip,hicp,0,48,0.255224,1.24751,1.16622,0.6353
pooled,ip,stoxx,0,1,0.00843167,0.35616,0.30948,0.0193
pooled,ip,stoxx,0,2,0.0213926,0.33690,0.30075,0.0153
pooled,ip,stoxx,0,3,0.0276757,0.31066,0.27847,0.0067
pooled,ip,stoxx,0,4,0.0321764,0.29445,0.26052,0.0007
pooled,ip,stoxx,0,5,0.0294689,0.27892,0.24090,0.0013
pooled,ip,stoxx,0,6,0.0301947,0.26601,0.22926,0.0007
pooled,ip,stoxx,0,7,0.0295498,0.25883,0.22881,0.0000
pooled,ip,stoxx,0,8,0.0293302,0.25191,0.22455,0.0000
pooled,ip,stoxx,0,9,0.028381,0.25022,0.21924,0.0007
pooled,ip,stoxx,0,10,0.0241941,0.24945,0.22592,0.0020
pooled,ip,stoxx,0,11,0.0207737,0.24785,0.23251,0.0013
pooled,ip,stoxx,0,12,0.0169583,0.24978,0.23660,0.0007
pooled,ip,stoxx,0,13,0.0126178,0.25273,0.23626,0.0000
pooled,ip,stoxx,0,14,0.0109015,0.26032,0.23414,0.0000
pooled,ip,stoxx,0,15,0.0102145,0.26511,0.23805,0.0000
pooled,ip,stoxx,0,16,0.00874402,0.26842,0.23595,0.0027
pooled,ip,stoxx,0,17,0.00984459,0.26979,0.23719,0.0033
pooled,ip,stoxx,0,18,0.00913892,0.27287,0.22998,0.0013
pooled,ip,stoxx,0,19,0.00871374,0.27828,0.23763,0.0000
pooled,ip,stoxx,0,20,0.00772001,0.27766,0.24355,0.0000
pooled,ip,stoxx,0,21,0.00895702,0.27716,0.24981,0.0000
pooled,ip,stoxx,0,22,0.00840242,0.28321,0.25361,0.0020
pooled,ip,stoxx,0,23,0.00817244,0.28149,0.24807,0.0000
pooled,ip,stoxx,0,24,0.00842244,0.28001,0.24881,0.0007
pooled,ip,stoxx,0,25,0.0079032,0.27847,0.24573,0.0000
pooled,ip,stoxx,0,26,0.0097378,0.28165,0.24502,0.0000
pooled,ip,stoxx,0,27,0.0138085,0.29203,0.25845,0.0000
pooled,ip,stoxx,0,28,0.0137481,0.30528,0.28050,0.0000
pooled,ip,stoxx,0,29,0.408298,0.32171,0.30758,0.0000
pooled,ip,stoxx,0,30,0.420049,0.32871,0.31185,0.0027
pooled,ip,stoxx,0,31,0.0100528,0.33822,0.31842,0.0033
pooled,ip,stoxx,0,32,0.460005,0.34563,0.32947,0.0000
pooled,ip,stoxx,0,33,0.477787,0.36762,0.35280,0.0013
pooled,ip,stoxx,0,34,0.463045,0.39877,0.38252,0.0007
pooled,ip,stoxx,0,35,0.435411,0.44956,0.44209,0.0013
pooled,ip,stoxx,0,36,0.439602,0.50179,0.49385,0.0027
pooled,ip,stoxx,0,37,0.429411,0.56759,0.56707,0.0140
pooled,ip,stoxx,0,38,0.421835,0.64461,0.62951,0.0413
pooled,ip,stoxx,0,39,0.433321,0.73247,0.71484,0.0913
pooled,ip,stoxx,0,40,0.427642,0.81792,0.79724,0.1740
pooled,ip,stoxx,0,41,0.406245,0.91536,0.88473,0.3140
pooled,ip,stoxx,0,42,0.381639,1.01186,0.98274,0.4747
pooled,ip,stoxx,0,43,0.368641,1.11834,1.09316,0.6400
pooled,ip,stoxx,0,44,0.357738,1.22212,1.19880,0.7727
pooled,ip,stoxx,0,45,0.339035,1.30761,1.28376,0.8447
pooled,ip,stoxx,0,46,0.299599,1.40499,1.35371,0.8887
pooled,ip,stoxx,0,47,0.258179,1.46384,1.41203,0.8900
pooled,ip,stoxx,0,48,0.255224,1.52253,1.44918,0.8900
pooled,hicp,mps,1,1,0.00843167,1.00000,1.00000,0.0000
pooled,hicp,mps,1,2,0.0213926,1.00000,1.00000,0.0000
pooled,hicp,mps,1,3,0.0276757,1.00000,1.00000,0.0000
pooled,hicp,mps,1,4,0.0321764,1.00000,1.00000,0.0000
pooled,hicp,mps,1,5,0.0294689,1.00000,1.00000,0.0000
pooled,hicp,mps,1,6,0.0301947,1.00000,1.00000,0.0000
pooled,hicp,mps,1,7,0.0295498,1.00000,1.00000,0.0000
pooled,hicp,mps,1,8,0.0293302,1.00000,1.00000,0.0000
pooled,hicp,mps,1,9,0.028381,1.00000,1.00000,0.0000
pooled,hicp,mps,1,10,0.0241941,1.00000,1.00000,0.0000
pooled,hicp,mps,1,11,0.0207737,1.00000,1.00000,0.0000
pooled,hicp,mps,1,12,0.0169583,1.00000,1.00000,0.0000
pooled,hicp,mps,1,13,0.0126178,1.00000,1.00000,0.0000
pooled,hicp,mps,1,14,0.0109015,1.00000,1.00000,0.0000
pooled,hicp,mps,1,15,0.0102145,1.00000,1.00000,0.0000
pooled,hicp,mps,1,16,0.00874402,1.00000,1.00000,0.0000
pooled,hicp,mps,1,17,0.00984459,1.00000,1.00000,0.0000
pooled,hicp,mps,1,18,0.00913892,1.00000,1.00000,0.0000
pooled,hicp,mps,1,19,0.00871374,1.00000,1.00000,0.0000
pooled,hicp,mps,1,20,0.00772001,1.00000,1.00000,0.0000
pooled,hicp,mps,1,21,0.00895702,1.00000,1.00000,0.0000
pooled,hicp,mps,1,22,0.00840242,1.00000,1.00000,0.0000
pooled,hicp,mps,1,23,0.00817244,1.00000,1.00000,0.0000
pooled,hicp,mps,1,24,0.00842244,1.00000,1.00000,0.0000
pooled,hicp,mps,1,25,0.0079032,1.00000,1.00000,0.0000
pooled,hicp,mps,1,26,0.0097378,1.00000,1.00000,0.0000
pooled,hicp,mps,1,27,0.0138085,1.00000,1.00000,0.0000
pooled,hicp,mps,1,28,0.0137481,1.00000,1.00000,0.0000
pooled,hicp,mps,1,29,0.408298,1.00000,1.00000,0.0000
pooled,hicp,mps,1,30,0.420049,1.00000,1.00000,0.0000
pooled,hicp,mps,1,31,0.0100528,1.00000,1.00000,0.0000
pooled,hicp,mps,1,32,0.460005,1.00000,1.00000,0.0000
pooled,hicp,mps,1,33,0.477787,1.00000,1.00000,0.0000
pooled,hicp,mps,1,34,0.463045,1.00000,1.00000,0.0000
pooled,hicp,mps,1,35,0.435411,1.00000,1.00000,0.0000
pooled,hicp,mps,1,36,0.439602,1.00000,1.00000,0.0000
pooled,hicp,mps,1,37,0.429411,1.00000,1.00000,0.0000
pooled,hicp,mps,1,38,0.421835,1.00000,1.00000,0.0000
pooled,hicp,mps,1,39,0.433321,1.00000,1.00000,0.0000
pooled,hicp,mps,1,40,0.427642,1.00000,1.00000,0.0000
pooled,hicp,mps,1,41,0.406245,1.00000,1.00000,0.0000
pooled,hicp,mps,1,42,0.381639,1.00000,1.00000,0.0000
pooled,hicp,mps,1,43,0.368641,1.00000,1.00000,0.0000
pooled,hicp,mps,1,44,0.357738,1.00000,1.00000,0.0000
pooled,hicp,mps,1,45,0.339035,1.00000,1.00000,0.0000
pooled,hicp,mps,1,46,0.299599,1.00000,1.00000,0.0000
pooled,hicp,mps,1,47,0.258179,1.00000,1.00000,0.0000
pooled,hicp,mps,1,48,0.255224,1.00000,1.00000,0.0000
pooled,hicp,i1y,0,1,0.00843167,0.90229,0.75091,0.3347
pooled,hicp,i1y,0,2,0.0213926,0.92667,0.82460,0.3660
pooled,hicp,i1y,0,3,0.0276757,1.18008,1.07859,0.5567
pooled,hicp,i1y,0,4,0.0321764,1.72708,1.58592,0.8267
pooled,hicp,i1y,0,5,0.0294689,2.61781,2.38411,0.9740
pooled,hicp,i1y,0,6,0.0301947,3.73266,3.39434,1.0000
pooled,hicp,i1y,0,7,0.0295498,5.43531,4.98723,1.0000
pooled,hicp,i1y,0,8,0.0293302,7.84695,7.28251,1.0000
pooled,hicp,i1y,0,9,0.028381,11.47168,10.45610,1.0000
pooled,hicp,i1y,0,10,0.0241941,17.44983,16.43176,1.0000
pooled,hicp,i1y,0,11,0.0207737,27.12316,25.35399,1.0000
pooled,hicp,i1y,0,12,0.0169583,41.00763,38.50547,1.0000
pooled,hicp,i1y,0,13,0.0126178,63.83217,60.04616,1.0000
pooled,hicp,i1y,0,14,0.0109015,88.81202,83.93747,1.0000
pooled,hicp,i1y,0,15,0.0102145,107.53263,103.56194,1.0000
pooled,hicp,i1y,0,16,0.00874402,135.30101,129.52045,1.0000
pooled,hicp,i1y,0,17,0.00984459,143.31345,135.38397,1.0000
pooled,hicp,i1y,0,18,0.00913892,174.40667,167.41377,1.0000
pooled,hicp,i1y,0,19,0.00871374,210.97359,202.68363,1.0000
pooled,hicp,i1y,0,20,0.00772001,244.48680,233.17327,1.0000
pooled,hicp,i1y,0,21,0.00895702,259.64711,244.55330,1.0000
pooled,hicp,i1y,0,22,0.00840242,267.87608,253.94722,1.0000
pooled,hicp,i1y,0,23,0.00817244,271.31078,258.58115,1.0000
pooled,hicp,i1y,0,24,0.00842244,263.36034,248.13985,1.0000
pooled,hicp,i1y,0,25,0.0079032,251.75309,241.87453,1.0000
pooled,hicp,i1y,0,26,0.0097378,213.76696,201.99478,1.0000
pooled,hicp,i1y,0,27,0.0138085,148.13187,141.84849,1.0000
pooled,hicp,i1y,0,28,0.0137481,95.08217,90.87782,1.0000
pooled,hicp,i1y,0,29,0.408298,12.70022,11.91590,1.0000
pooled,hicp,i1y,0,30,0.420049,12.17693,11.61631,1.0000
pooled,hicp,i1y,0,31,0.0100528,66.00594,62.05719,1.0000
pooled,hicp,i1y,0,32,0.460005,8.83861,8.35210,1.0000
pooled,hicp,i1y,0,33,0.477787,4.89022,4.65613,1.0000
pooled,hicp,i1y,0,34,0.463045,3.61244,3.39656,1.0000
pooled,hicp,i1y,0,35,0.435411,3.14984,2.89539,1.0000
pooled,hicp,i1y,0,36,0.439602,3.17595,2.96059,1.0000
pooled,hicp,i1y,0,37,0.429411,3.54283,3.37305,1.0000
pooled,hicp,i1y,0,38,0.421835,4.04292,3.82854,1.0000
pooled,hicp,i1y,0,39,0.433321,4.45290,4.24042,1.0000
pooled,hicp,i1y,0,40,0.427642,4.86861,4.57728,1.0000
pooled,hicp,i1y,0,41,0.406245,4.60771,4.38075,1.0000
pooled,hicp,i1y,0,42,0.381639,4.54460,4.33045,1.0000
pooled,hicp,i1y,0,43,0.368641,4.38693,4.14865,1.0000
pooled,hicp,i1y,0,44,0.357738,4.18956,3.98392,1.0000
pooled,hicp,i1y,0,45,0.339035,4.42228,4.17551,1.0000
pooled,hicp,i1y,0,46,0.299599,5.24348,4.97579,1.0000
pooled,hicp,i1y,0,47,0.258179,6.25556,5.83839,1.0000
pooled,hicp,i1y,0,48,0.255224,7.01691,6.50445,1.0000
pooled,hicp,ip,0,1,0.00843167,0.99539,0.80976,0.4013
pooled,hicp,ip,0,2,0.0213926,0.78114,0.68328,0.2773
pooled,hicp,ip,0,3,0.0276757,0.86729,0.74864,0.3480
pooled,hicp,ip,0,4,0.0321764,1.30340,1.05628,0.5387
pooled,hicp,ip,0,5,0.0294689,1.96593,1.70626,0.7860
pooled,hicp,ip,0,6,0.0301947,2.66844,2.43967,0.9233
pooled,hicp,ip,0,7,0.0295498,3.54192,3.27030,0.9847
pooled,hicp,ip,0,8,0.0293302,5.16046,4.72639,0.9780
pooled,hicp,ip,0,9,0.028381,7.79833,7.18525,0.9987
pooled,hicp,ip,0,10,0.0241941,11.97196,11.31932,1.0000
pooled,hicp,ip,0,11,0.0207737,19.66546,18.43543,1.0000
pooled,hicp,ip,0,12,0.0169583,27.04980,25.90875,1.0000
pooled,hicp,ip,0,13,0.0126178,32.46378,30.69458,1.0000
pooled,hicp,ip,0,14,0.0109015,41.46170,38.13570,1.0000
pooled,hicp,ip,0,15,0.0102145,53.60671,49.69511,1.0000
pooled,hicp,ip,0,16,0.00874402,69.41777,65.14445,1.0000
pooled,hicp,ip,0,17,0.00984459,75.10506,70.61505,1.0000
pooled,hicp,ip,0,18,0.00913892,89.57498,85.38058,1.0000
pooled,hicp,ip,0,19,0.00871374,110.00264,105.09851,1.0000
pooled,hicp,ip,0,20,0.00772001,149.53203,142.72245,1.0000
pooled,hicp,ip,0,21,0.00895702,169.77856,164.35841,1.0000
pooled,hicp,ip,0,22,0.00840242,196.07206,188.61365,1.0000
pooled,hicp,ip,0,23,0.00817244,231.21888,222.70053,1.0000
pooled,hicp,ip,0,24,0.00842244,241.19586,232.17898,1.0000
pooled,hicp,ip,0,25,0.0079032,230.05880,223.89869,1.0000
pooled,hicp,ip,0,26,0.0097378,201.22852,193.66143,1.0000
pooled,hicp,ip,0,27,0.0138085,150.24719,144.60445,1.0000
pooled,hicp,ip,0,28,0.0137481,106.74889,103.02824,1.0000
pooled,hicp,ip,0,29,0.408298,10.27096,9.83874,1.0000
pooled,hicp,ip,0,30,0.420049,10.03159,9.57598,1.0000
pooled,hicp,ip,0,31,0.0100528,95.11479,89.34530,1.0000
pooled,hicp,ip,0,32,0.460005,9.13129,8.68002,1.0000
pooled,hicp,ip,0,33,0.477787,6.56885,6.38263,1.0000
pooled,hicp,ip,0,34,0.463045,6.44421,6.22232,1.0000
pooled,hicp,ip,0,35,0.435411,6.83319,6.66100,1.0000
pooled,hicp,ip,0,36,0.439602,6.63450,6.46431,1.0000
pooled,hicp,ip,0,37,0.429411,5.73205,5.47872,1.0000
pooled,hicp,ip,0,38,0.421835,5.20645,4.98274,1.0000
pooled,hicp,ip,0,39,0.433321,4.61907,4.44733,1.0000
pooled,hicp,ip,0,40,0.427642,4.74495,4.55488,1.0000
pooled,hicp,ip,0,41,0.406245,4.78128,4.61896,1.0000
pooled,hicp,ip,0,42,0.381639,4.96013,4.76866,1.0000
pooled,hicp,ip,0,43,0.368641,5.07739,4.86071,1.0000
pooled,hicp,ip,0,44,0.357738,5.31168,5.06702,1.0000
pooled,hicp,ip,0,45,0.339035,5.73972,5.58272,1.0000
pooled,hicp,ip,0,46,0.299599,6.43927,6.22937,1.0000
pooled,hicp,ip,0,47,0.258179,7.23157,6.93050,1.0000
pooled,hicp,ip,0,48,0.255224,6.86423,6.59583,1.0000
pooled,hicp,hicp,0,1,0.00843167,18.54692,17.61961,1.0000
pooled,hicp,hicp,0,2,0.0213926,21.29760,20.82042,1.0000
pooled,hicp,hicp,0,3,0.0276757,18.58729,18.02393,1.0000
pooled,hicp,hicp,0,4,0.0321764,18.33053,17.91478,1.0000
pooled,hicp,hicp,0,5,0.0294689,18.00428,17.31538,1.0000
pooled,hicp,hicp,0,6,0.0301947,16.61062,15.94785,1.0000
pooled,hicp,hicp,0,7,0.0295498,21.21289,20.66432,1.0000
pooled,hicp,hicp,0,8,0.0293302,22.00225,21.26348,1.0000
pooled,hicp,hicp,0,9,0.028381,21.20616,20.37142,1.0000
pooled,hicp,hicp,0,10,0.0241941,25.71725,24.52113,1.0000
pooled,hicp,hicp,0,11,0.0207737,29.07058,28.33870,1.0000
pooled,hicp,hicp,0,12,0.0169583,34.58573,33.43905,1.0000
pooled,hicp,hicp,0,13,0.0126178,50.08034,47.89198,1.0000
pooled,hicp,hicp,0,14,0.0109015,88.39827,85.73371,1.0000
pooled,hicp,hicp,0,15,0.0102145,101.72975,98.05497,1.0000
pooled,hicp,hicp,0,16,0.00874402,124.92019,121.24966,1.0000
pooled,hicp,hicp,0,17,0.00984459,118.82848,114.82345,1.0000
pooled,hicp,hicp,0,18,0.00913892,132.27991,128.49411,1.0000
pooled,hicp,hicp,0,19,0.00871374,161.01179,155.29599,1.0000
pooled,hicp,hicp,0,20,0.00772001,181.62577,175.70641,1.0000
pooled,hicp,hicp,0,21,0.00895702,162.92183,156.87004,1.0000
pooled,hicp,hicp,0,22,0.00840242,171.78086,165.99439,1.0000
pooled,hicp,hicp,0,23,0.00817244,172.35975,165.71982,1.0000
pooled,hicp,hicp,0,24,0.00842244,147.56235,141.75464,1.0000
pooled,hicp,hicp,0,25,0.0079032,156.04976,150.54510,1.0000
pooled,hicp,hicp,0,26,0.0097378,176.46038,170.67801,1.0000
pooled,hicp,hicp,0,27,0.0138085,126.82996,123.28292,1.0000
pooled,hicp,hicp,0,28,0.0137481,93.69887,90.86127,1.0000
pooled,hicp,hicp,0,29,0.408298,6.61186,6.30083,1.0000
pooled,hicp,hicp,0,30,0.420049,6.32085,6.05965,1.0000
pooled,hicp,hicp,0,31,0.0100528,98.32669,94.84340,1.0000
pooled,hicp,hicp,0,32,0.460005,6.03438,5.71683,1.0000
pooled,hicp,hicp,0,33,0.477787,4.06716,3.92870,1.0000
pooled,hicp,hicp,0,34,0.463045,3.90589,3.78943,1.0000
pooled,hicp,hicp,0,35,0.435411,3.98922,3.82673,1.0000
pooled,hicp,hicp,0,36,0.439602,3.16388,3.06631,1.0000
pooled,hicp,hicp,0,37,0.429411,3.27396,3.16706,1.0000
pooled,hicp,hicp,0,38,0.421835,3.62410,3.51233,1.0000
pooled,hicp,hicp,0,39,0.433321,3.42693,3.31224,1.0000
pooled,hicp,hicp,0,40,0.427642,3.47291,3.36362,1.0000
pooled,hicp,hicp,0,41,0.406245,3.61904,3.49420,1.0000
pooled,hicp,hicp,0,42,0.381639,3.66960,3.55398,1.0000
pooled,hicp,hicp,0,43,0.368641,3.82908,3.71816,1.0000
pooled,hicp,hicp,0,44,0.357738,3.97528,3.81822,1.0000
pooled,hicp,hicp,0,45,0.339035,4.36755,4.22670,1.0000
pooled,hicp,hicp,0,46,0.299599,5.05887,4.86555,1.0000
pooled,hicp,hicp,0,47,0.258179,5.81007,5.57295,1.0000
pooled,hicp,hicp,0,48,0.255224,4.46628,4.25303,1.0000
pooled,hicp,stoxx,0,1,0.00843167,1.78798,1.61778,0.8727
pooled,hicp,stoxx,0,2,0.0213926,1.97630,1.84725,0.9487
pooled,hicp,stoxx,0,3,0.0276757,2.49221,2.33292,0.9893
pooled,hicp,stoxx,0,4,0.0321764,3.13114,3.00185,1.0000
pooled,hicp,stoxx,0,5,0.0294689,3.97793,3.80613,1.0000
pooled,hicp,stoxx,0,6,0.0301947,4.98297,4.74055,1.0000
pooled,hicp,stoxx,0,7,0.0295498,6.19488,5.84414,1.0000
pooled,hicp,stoxx,0,8,0.0293302,7.62180,7.31115,1.0000
pooled,hicp,stoxx,0,9,0.028381,9.69788,9.27283,1.0000
pooled,hicp,stoxx,0,10,0.0241941,12.65823,12.22635,1.0000
pooled,hicp,stoxx,0,11,0.0207737,16.60338,16.05422,1.0000
pooled,hicp,stoxx,0,12,0.0169583,23.43223,22.58988,1.0000
pooled,hicp,stoxx,0,13,0.0126178,34.78439,33.73694,1.0000
pooled,hicp,stoxx,0,14,0.0109015,46.77266,45.31572,1.0000
pooled,hicp,stoxx,0,15,0.0102145,54.81394,53.40155,1.0000
pooled,hicp,stoxx,0,16,0.00874402,62.03503,60.04564,1.0000
pooled,hicp,stoxx,0,17,0.00984459,60.91678,58.40374,1.0000
pooled,hicp,stoxx,0,18,0.00913892,62.26263,60.49217,1.0000
pooled,hicp,stoxx,0,19,0.00871374,62.11811,59.74676,1.0000
pooled,hicp,stoxx,0,20,0.00772001,54.91367,52.31191,1.0000
pooled,hicp,stoxx,0,21,0.00895702,41.94489,39.92383,1.0000
pooled,hicp,stoxx,0,22,0.00840242,28.96867,26.26055,1.0000
pooled,hicp,stoxx,0,23,0.00817244,19.93842,17.75669,1.0000
pooled,hicp,stoxx,0,24,0.00842244,13.92855,12.03448,1.0000
pooled,hicp,stoxx,0,25,0.0079032,9.96582,7.82618,0.9907
pooled,hicp,stoxx,0,26,0.0097378,6.36624,4.77830,0.9780
pooled,hicp,stoxx,0,27,0.0138085,3.70932,3.04070,0.9267
pooled,hicp,stoxx,0,28,0.0137481,2.17596,1.87414,0.8527
pooled,hicp,stoxx,0,29,0.408298,1.31342,1.24589,0.6593
pooled,hicp,stoxx,0,30,0.420049,1.09211,1.01582,0.5147
pooled,hicp,stoxx,0,31,0.0100528,1.08843,0.99007,0.4907
pooled,hicp,stoxx,0,32,0.460005,1.08420,1.02634,0.5300
pooled,hicp,stoxx,0,33,0.477787,1.19061,1.14939,0.6827
pooled,hicp,stoxx,0,34,0.463045,1.32906,1.27104,0.8120
pooled,hicp,stoxx,0,35,0.435411,1.45995,1.38360,0.9120
pooled,hicp,stoxx,0,36,0.439602,1.46104,1.39915,0.9107
pooled,hicp,stoxx,0,37,0.429411,1.26847,1.21289,0.7247
pooled,hicp,stoxx,0,38,0.421835,1.13041,1.08067,0.5807
pooled,hicp,stoxx,0,39,0.433321,1.06244,1.01282,0.5140
pooled,hicp,stoxx,0,40,0.427642,1.05376,1.00169,0.5027
pooled,hicp,stoxx,0,41,0.406245,1.11922,1.07503,0.5847
pooled,hicp,stoxx,0,42,0.381639,1.24523,1.16637,0.7073
pooled,hicp,stoxx,0,43,0.368641,1.44666,1.36055,0.8480
pooled,hicp,stoxx,0,44,0.357738,1.79204,1.69320,0.9560
pooled,hicp,stoxx,0,45,0.339035,2.30878,2.23329,0.9987
pooled,hicp,stoxx,0,46,0.299599,3.10997,3.00193,1.0000
pooled,hicp,stoxx,0,47,0.258179,3.83789,3.73482,1.0000
pooled,hicp,stoxx,0,48,0.255224,4.49100,4.33961,1.0000
pooled,stoxx,mps,1,1,0.00843167,1.00000,1.00000,0.0000
pooled,stoxx,mps,1,2,0.0213926,1.00000,1.00000,0.0000
pooled,stoxx,mps,1,3,0.0276757,1.00000,1.00000,0.0000
pooled,stoxx,mps,1,4,0.0321764,1.00000,1.00000,0.0000
pooled,stoxx,mps,1,5,0.0294689,1.00000,1.00000,0.0000
pooled,stoxx,mps,1,6,0.0301947,1.00000,1.00000,0.0000
pooled,stoxx,mps,1,7,0.0295498,1.00000,1.00000,0.0000
pooled,stoxx,mps,1,8,0.0293302,1.00000,1.00000,0.0000
pooled,stoxx,mps,1,9,0.028381,1.00000,1.00000,0.0000
pooled,stoxx,mps,1,10,0.0241941,1.00000,1.00000,0.0000
pooled,stoxx,mps,1,11,0.0207737,1.00000,1.00000,0.0000
pooled,stoxx,mps,1,12,0.0169583,1.00000,1.00000,0.0000
pooled,stoxx,mps,1,13,0.0126178,1.00000,1.00000,0.0000
pooled,stoxx,mps,1,14,0.0109015,1.00000,1.00000,0.0000
pooled,stoxx,mps,1,15,0.0102145,1.00000,1.00000,0.0000
pooled,stoxx,mps,1,16,0.00874402,1.00000,1.00000,0.0000
pooled,stoxx,mps,1,17,0.00984459,1.00000,1.00000,0.0000
pooled,stoxx,mps,1,18,0.00913892,1.00000,1.00000,0.0000
pooled,stoxx,mps,1,19,0.00871374,1.00000,1.00000,0.0000
pooled,stoxx,mps,1,20,0.00772001,1.00000,1.00000,0.0000
pooled,stoxx,mps,1,21,0.00895702,1.00000,1.00000,0.0000
pooled,stoxx,mps,1,22,0.00840242,1.00000,1.00000,0.0000
pooled,stoxx,mps,1,23,0.00817244,1.00000,1.00000,0.0000
pooled,stoxx,mps,1,24,0.00842244,1.00000,1.00000,0.0000
pooled,stoxx,mps,1,25,0.0079032,1.00000,1.00000,0.0000
pooled,stoxx,mps,1,26,0.0097378,1.00000,1.00000,0.0000
pooled,stoxx,mps,1,27,0.0138085,1.00000,1.00000,0.0000
pooled,stoxx,mps,1,28,0.0137481,1.00000,1.00000,0.0000
pooled,stoxx,mps,1,29,0.408298,1.00000,1.00000,0.0000
pooled,stoxx,mps,1,30,0.420049,1.00000,1.00000,0.0000
pooled,stoxx,mps,1,31,0.0100528,1.00000,1.00000,0.0000
pooled,stoxx,mps,1,32,0.460005,1.00000,1.00000,0.0000
pooled,stoxx,mps,1,33,0.477787,1.00000,1.00000,0.0000
pooled,stoxx,mps,1,34,0.463045,1.00000,1.00000,0.0000
pooled,stoxx,mps,1,35,0.435411,1.00000,1.00000,0.0000
pooled,stoxx,mps,1,36,0.439602,1.00000,1.00000,0.0000
pooled,stoxx,mps,1,37,0.429411,1.00000,1.00000,0.0000
pooled,stoxx,mps,1,38,0.421835,1.00000,1.00000,0.0000
pooled,stoxx,mps,1,39,0.433321,1.00000,1.00000,0.0000
pooled,stoxx,mps,1,40,0.427642,1.00000,1.00000,0.0000
pooled,stoxx,mps,1,41,0.406245,1.00000,1.00000,0.0000
pooled,stoxx,mps,1,42,0.381639,1.00000,1.00000,0.0000
pooled,stoxx,mps,1,43,0.368641,1.00000,1.00000,0.0000
pooled,stoxx,mps,1,44,0.357738,1.00000,1.00000,0.0000
pooled,stoxx,mps,1,45,0.339035,1.00000,1.00000,0.0000
pooled,stoxx,mps,1,46,0.299599,1.00000,1.00000,0.0000
pooled,stoxx,mps,1,47,0.258179,1.00000,1.00000,0.0000
pooled,stoxx,mps,1,48,0.255224,1.00000,1.00000,0.0000
pooled,stoxx,i1y,0,1,0.00843167,0.43391,0.38250,0.0453
pooled,stoxx,i1y,0,2,0.0213926,0.41805,0.37208,0.0340
pooled,stoxx,i1y,0,3,0.0276757,0.47792,0.39297,0.0880
pooled,stoxx,i1y,0,4,0.0321764,0.64220,0.50539,0.1740
pooled,stoxx,i1y,0,5,0.0294689,1.08711,0.87203,0.4260
pooled,stoxx,i1y,0,6,0.0301947,2.22855,1.70936,0.7840
pooled,stoxx,i1y,0,7,0.0295498,4.84584,4.07705,0.9773
pooled,stoxx,i1y,0,8,0.0293302,10.00253,9.05894,0.9987
pooled,stoxx,i1y,0,9,0.028381,17.78703,16.76273,1.0000
pooled,stoxx,i1y,0,10,0.0241941,26.05415,24.81000,1.0000
pooled,stoxx,i1y,0,11,0.0207737,36.35234,34.77345,1.0000
pooled,stoxx,i1y,0,12,0.0169583,50.69227,48.14129,1.0000
pooled,stoxx,i1y,0,13,0.0126178,69.39133,65.45202,1.0000
pooled,stoxx,i1y,0,14,0.0109015,88.93807,85.79110,1.0000
pooled,stoxx,i1y,0,15,0.0102145,106.41337,101.59285,1.0000
pooled,stoxx,i1y,0,16,0.00874402,123.21522,118.55048,1.0000
pooled,stoxx,i1y,0,17,0.00984459,126.96024,121.58514,1.0000
pooled,stoxx,i1y,0,18,0.00913892,129.13843,122.49252,1.0000
pooled,stoxx,i1y,0,19,0.00871374,131.16046,124.48818,1.0000
pooled,stoxx,i1y,0,20,0.00772001,126.78866,122.27216,1.0000
pooled,stoxx,i1y,0,21,0.00895702,115.08987,110.31013,1.0000
pooled,stoxx,i1y,0,22,0.00840242,118.53845,112.22176,1.0000
pooled,stoxx,i1y,0,23,0.00817244,116.40904,110.17887,1.0000
pooled,stoxx,i1y,0,24,0.00842244,115.42129,109.26434,1.0000
pooled,stoxx,i1y,0,25,0.0079032,115.41436,108.42123,1.0000
pooled,stoxx,i1y,0,26,0.0097378,95.78843,90.24294,1.0000
pooled,stoxx,i1y,0,27,0.0138085,70.28895,66.35769,1.0000
pooled,stoxx,i1y,0,28,0.0137481,44.03566,41.43028,1.0000
pooled,stoxx,i1y,0,29,0.408298,8.12597,7.65823,1.0000
pooled,stoxx,i1y,0,30,0.420049,5.96764,5.62121,1.0000
pooled,stoxx,i1y,0,31,0.0100528,12.14557,10.04832,0.9960
pooled,stoxx,i1y,0,32,0.460005,3.87582,3.59306,0.9973
pooled,stoxx,i1y,0,33,0.477787,2.62745,2.46253,0.9940
pooled,stoxx,i1y,0,34,0.463045,2.28280,2.13361,0.9873
pooled,stoxx,i1y,0,35,0.435411,2.13223,2.01426,0.9560
pooled,stoxx,i1y,0,36,0.439602,2.04510,1.86594,0.9367
pooled,stoxx,i1y,0,37,0.429411,2.01230,1.84360,0.9493
pooled,stoxx,i1y,0,38,0.421835,1.88589,1.69338,0.9333
pooled,stoxx,i1y,0,39,0.433321,1.65672,1.53365,0.8593
pooled,stoxx,i1y,0,40,0.427642,1.61811,1.49166,0.8367
pooled,stoxx,i1y,0,41,0.406245,1.58896,1.50606,0.8607
pooled,stoxx,i1y,0,42,0.381639,1.71025,1.61238,0.8980
pooled,stoxx,i1y,0,43,0.368641,1.86757,1.71765,0.9160
pooled,stoxx,i1y,0,44,0.357738,1.90285,1.73874,0.9053
pooled,stoxx,i1y,0,45,0.339035,1.98709,1.84444,0.9280
pooled,stoxx,i1y,0,46,0.299599,2.01342,1.87197,0.9073
pooled,stoxx,i1y,0,47,0.258179,1.94408,1.80936,0.9233
pooled,stoxx,i1y,0,48,0.255224,1.83462,1.66600,0.8707
pooled,stoxx,ip,0,1,0.00843167,0.54063,0.46021,0.1087
pooled,stoxx,ip,0,2,0.0213926,0.44513,0.39269,0.0427
pooled,stoxx,ip,0,3,0.0276757,0.47788,0.42880,0.0567
pooled,stoxx,ip,0,4,0.0321764,0.61093,0.52218,0.1367
pooled,stoxx,ip,0,5,0.0294689,0.90031,0.75994,0.3407
pooled,stoxx,ip,0,6,0.0301947,1.48071,1.15964,0.5627
pooled,stoxx,ip,0,7,0.0295498,2.69619,2.16856,0.8520
pooled,stoxx,ip,0,8,0.0293302,5.48037,5.01987,0.9887
pooled,stoxx,ip,0,9,0.028381,10.82802,10.63141,1.0000
pooled,stoxx,ip,0,10,0.0241941,18.80000,17.95288,1.0000
pooled,stoxx,ip,0,11,0.0207737,28.38045,27.41162,1.0000
pooled,stoxx,ip,0,12,0.0169583,40.27964,38.47864,1.0000
pooled,stoxx,ip,0,13,0.0126178,59.46314,56.77101,1.0000
pooled,stoxx,ip,0,14,0.0109015,76.71702,74.03350,1.0000
pooled,stoxx,ip,0,15,0.0102145,92.97764,90.81475,1.0000
pooled,stoxx,ip,0,16,0.00874402,116.97291,113.67948,1.0000
pooled,stoxx,ip,0,17,0.00984459,122.43659,116.27585,1.0000
pooled,stoxx,ip,0,18,0.00913892,135.71933,130.88582,1.0000
pooled,stoxx,ip,0,19,0.00871374,149.95945,145.34344,1.0000
pooled,stoxx,ip,0,20,0.00772001,156.55549,152.11121,1.0000
pooled,stoxx,ip,0,21,0.00895702,146.78618,140.26346,1.0000
pooled,stoxx,ip,0,22,0.00840242,146.96637,142.03099,1.0000
pooled,stoxx,ip,0,23,0.00817244,150.78157,145.14046,1.0000
pooled,stoxx,ip,0,24,0.00842244,142.33767,136.87958,1.0000
pooled,stoxx,ip,0,25,0.0079032,141.08205,135.74030,1.0000
pooled,stoxx,ip,0,26,0.0097378,116.12328,111.68872,1.0000
pooled,stoxx,ip,0,27,0.0138085,81.73192,77.62170,1.0000
pooled,stoxx,ip,0,28,0.0137481,49.18073,47.02026,1.0000
pooled,stoxx,ip,0,29,0.408298,5.83943,5.54142,1.0000
pooled,stoxx,ip,0,30,0.420049,4.11012,3.90992,1.0000
pooled,stoxx,ip,0,31,0.0100528,8.81018,6.16159,0.9967
pooled,stoxx,ip,0,32,0.460005,3.34219,3.13515,1.0000
pooled,stoxx,ip,0,33,0.477787,2.78814,2.68983,1.0000
pooled,stoxx,ip,0,34,0.463045,2.72065,2.63818,0.9987
pooled,stoxx,ip,0,35,0.435411,2.83677,2.71826,1.0000
pooled,stoxx,ip,0,36,0.439602,2.76146,2.67658,1.0000
pooled,stoxx,ip,0,37,0.429411,2.73897,2.62567,1.0000
pooled,stoxx,ip,0,38,0.421835,2.65814,2.56431,1.0000
pooled,stoxx,ip,0,39,0.433321,2.45758,2.36397,0.9993
pooled,stoxx,ip,0,40,0.427642,2.37540,2.27429,0.9933
pooled,stoxx,ip,0,41,0.406245,2.10701,2.01399,0.9733
pooled,stoxx,ip,0,42,0.381639,1.91020,1.80107,0.9327
pooled,stoxx,ip,0,43,0.368641,1.65019,1.55991,0.8240
pooled,stoxx,ip,0,44,0.357738,1.58075,1.47520,0.7973
pooled,stoxx,ip,0,45,0.339035,1.48970,1.45075,0.7727
pooled,stoxx,ip,0,46,0.299599,1.56602,1.47337,0.7800
pooled,stoxx,ip,0,47,0.258179,1.55336,1.43106,0.7027
pooled,stoxx,ip,0,48,0.255224,1.60633,1.50134,0.6773
pooled,stoxx,hicp,0,1,0.00843167,0.47397,0.39627,0.0573
pooled,stoxx,hicp,0,2,0.0213926,0.36136,0.31275,0.0200
pooled,stoxx,hicp,0,3,0.0276757,0.34692,0.31001,0.0280
pooled,stoxx,hicp,0,4,0.0321764,0.34349,0.27488,0.0293
pooled,stoxx,hicp,0,5,0.0294689,0.36840,0.30356,0.0400
pooled,stoxx,hicp,0,6,0.0301947,0.38351,0.31765,0.0487
pooled,stoxx,hicp,0,7,0.0295498,0.45933,0.33203,0.1027
pooled,stoxx,hicp,0,8,0.0293302,0.51460,0.31648,0.1333
pooled,stoxx,hicp,0,9,0.028381,0.59163,0.37857,0.1707
pooled,stoxx,hicp,0,10,0.0241941,0.69184,0.46501,0.2013
pooled,stoxx,hicp,0,11,0.0207737,0.85481,0.60131,0.2880
pooled,stoxx,hicp,0,12,0.0169583,1.07727,0.75574,0.3507
pooled,stoxx,hicp,0,13,0.0126178,1.38338,0.95375,0.4680
pooled,stoxx,hicp,0,14,0.0109015,2.23791,1.49495,0.6967
pooled,stoxx,hicp,0,15,0.0102145,3.79273,2.59152,0.8473
pooled,stoxx,hicp,0,16,0.00874402,6.07529,4.31035,0.9420
pooled,stoxx,hicp,0,17,0.00984459,9.84409,9.13199,0.9613
pooled,stoxx,hicp,0,18,0.00913892,15.97808,14.88196,0.9560
pooled,stoxx,hicp,0,19,0.00871374,21.62261,21.26648,0.9547
pooled,stoxx,hicp,0,20,0.00772001,28.52704,28.03529,0.9547
pooled,stoxx,hicp,0,21,0.00895702,30.13403,30.20377,0.9453
pooled,stoxx,hicp,0,22,0.00840242,34.57795,34.66807,0.9567
pooled,stoxx,hicp,0,23,0.00817244,35.96740,36.43807,0.9493
pooled,stoxx,hicp,0,24,0.00842244,35.05938,35.67264,0.9493
pooled,stoxx,hicp,0,25,0.0079032,35.76783,37.23101,0.9473
pooled,stoxx,hicp,0,26,0.0097378,26.52725,26.93463,0.9340
pooled,stoxx,hicp,0,27,0.0138085,18.73132,17.87432,0.9280
pooled,stoxx,hicp,0,28,0.0137481,11.56512,10.48513,0.9067
pooled,stoxx,hicp,0,29,0.408298,1.16963,1.05905,0.5540
pooled,stoxx,hicp,0,30,0.420049,0.63723,0.59719,0.1107
pooled,stoxx,hicp,0,31,0.0100528,0.46786,0.35576,0.0873
pooled,stoxx,hicp,0,32,0.460005,0.27892,0.24356,0.0033
pooled,stoxx,hicp,0,33,0.477787,0.20050,0.17942,0.0000
pooled,stoxx,hicp,0,34,0.463045,0.15266,0.11540,0.0000
pooled,stoxx,hicp,0,35,0.435411,0.12280,0.09284,0.0000
pooled,stoxx,hicp,0,36,0.439602,0.09596,0.07335,0.0000
pooled,stoxx,hicp,0,37,0.429411,0.08730,0.06327,0.0000
pooled,stoxx,hicp,0,38,0.421835,0.07351,0.05488,0.0000
pooled,stoxx,hicp,0,39,0.433321,0.06812,0.05376,0.0000
pooled,stoxx,hicp,0,40,0.427642,0.05351,0.03830,0.0000
pooled,stoxx,hicp,0,41,0.406245,0.04710,0.03315,0.0000
pooled,stoxx,hicp,0,42,0.381639,0.04071,0.02786,0.0000
pooled,stoxx,hicp,0,43,0.368641,0.03470,0.02171,0.0000
pooled,stoxx,hicp,0,44,0.357738,0.03365,0.02003,0.0000
pooled,stoxx,hicp,0,45,0.339035,0.03178,0.02113,0.0000
pooled,stoxx,hicp,0,46,0.299599,0.03886,0.02389,0.0000
pooled,stoxx,hicp,0,47,0.258179,0.05057,0.02897,0.0000
pooled,stoxx,hicp,0,48,0.255224,0.06418,0.03005,0.0000
pooled,stoxx,stoxx,0,1,0.00843167,0.39556,0.34030,0.0320
pooled,stoxx,stoxx,0,2,0.0213926,0.35035,0.30220,0.0140
pooled,stoxx,stoxx,0,3,0.0276757,0.33557,0.30502,0.0033
pooled,stoxx,stoxx,0,4,0.0321764,0.34139,0.30739,0.0027
pooled,stoxx,stoxx,0,5,0.0294689,0.36820,0.32355,0.0153
pooled,stoxx,stoxx,0,6,0.0301947,0.41759,0.33664,0.0573
pooled,stoxx,stoxx,0,7,0.0295498,0.44860,0.37369,0.0420
pooled,stoxx,stoxx,0,8,0.0293302,0.47893,0.41146,0.0593
pooled,stoxx,stoxx,0,9,0.028381,0.53921,0.45239,0.0940
pooled,stoxx,stoxx,0,10,0.0241941,0.62385,0.49643,0.1487
pooled,stoxx,stoxx,0,11,0.0207737,0.78975,0.56440,0.2547
pooled,stoxx,stoxx,0,12,0.0169583,1.05148,0.66961,0.3440
pooled,stoxx,stoxx,0,13,0.0126178,1.37790,0.83331,0.4367
pooled,stoxx,stoxx,0,14,0.0109015,1.53953,0.90864,0.4647
pooled,stoxx,stoxx,0,15,0.0102145,1.64130,1.04840,0.5140
pooled,stoxx,stoxx,0,16,0.00874402,1.94573,1.17294,0.5633
pooled,stoxx,stoxx,0,17,0.00984459,2.55636,1.34017,0.6040
pooled,stoxx,stoxx,0,18,0.00913892,3.43976,1.32435,0.6287
pooled,stoxx,stoxx,0,19,0.00871374,4.83043,1.35525,0.6373
pooled,stoxx,stoxx,0,20,0.00772001,6.23876,1.65488,0.6847
pooled,stoxx,stoxx,0,21,0.00895702,7.91307,2.42945,0.7247
pooled,stoxx,stoxx,0,22,0.00840242,9.69284,3.38985,0.7620
pooled,stoxx,stoxx,0,23,0.00817244,11.72180,3.97981,0.7920
pooled,stoxx,stoxx,0,24,0.00842244,16.18891,4.76164,0.8213
pooled,stoxx,stoxx,0,25,0.0079032,20.61458,6.65572,0.8587
pooled,stoxx,stoxx,0,26,0.0097378,21.47666,11.64393,0.8980
pooled,stoxx,stoxx,0,27,0.0138085,17.83612,16.99502,0.9067
pooled,stoxx,stoxx,0,28,0.0137481,12.13214,12.08700,0.9367
pooled,stoxx,stoxx,0,29,0.408298,2.64007,2.26371,0.9620
pooled,stoxx,stoxx,0,30,0.420049,1.86258,1.70078,0.9653
pooled,stoxx,stoxx,0,31,0.0100528,1.87177,1.66863,0.9320
pooled,stoxx,stoxx,0,32,0.460005,1.66914,1.59167,0.9747
pooled,stoxx,stoxx,0,33,0.477787,1.55094,1.49160,0.9380
pooled,stoxx,stoxx,0,34,0.463045,1.57325,1.54329,0.9580
pooled,stoxx,stoxx,0,35,0.435411,1.64912,1.61360,0.9800
pooled,stoxx,stoxx,0,36,0.439602,1.67109,1.61060,0.9800
pooled,stoxx,stoxx,0,37,0.429411,1.65158,1.60275,0.9767
pooled,stoxx,stoxx,0,38,0.421835,1.63431,1.58713,0.9687
pooled,stoxx,stoxx,0,39,0.433321,1.63876,1.58666,0.9753
pooled,stoxx,stoxx,0,40,0.427642,1.70425,1.64228,0.9860
pooled,stoxx,stoxx,0,41,0.406245,1.69515,1.64760,0.9780
pooled,stoxx,stoxx,0,42,0.381639,1.72737,1.67980,0.9767
pooled,stoxx,stoxx,0,43,0.368641,1.71365,1.67549,0.9760
pooled,stoxx,stoxx,0,44,0.357738,1.76187,1.70962,0.9833
pooled,stoxx,stoxx,0,45,0.339035,1.83217,1.79110,0.9773
pooled,stoxx,stoxx,0,46,0.299599,1.93436,1.87822,0.9833
pooled,stoxx,stoxx,0,47,0.258179,2.04853,2.00156,0.9727
pooled,stoxx,stoxx,0,48,0.255224,2.08668,2.02216,0.9747
