instrument,F_eff,variable,h,theta,se,lo,hi,ar_lo,ar_hi,ar_unbounded,theta_la,lo_la,hi_la
z_gcs_1y_kilianfix,14.287,i1y,0,1.000000,0.000000,1.000000,1.000000,1.000000,1.000000,0,1.000000,1.000000,1.000000
z_gcs_1y_kilianfix,14.287,i1y,1,0.951560,0.351729,0.373017,1.530104,0.072237,1.426395,0,0.951264,0.295477,1.607050
z_gcs_1y_kilianfix,14.287,i1y,2,0.435437,0.656542,-0.644479,1.515352,-1.304400,1.288942,0,0.385514,-0.963994,1.735022
z_gcs_1y_kilianfix,14.287,i1y,3,0.491586,0.755307,-0.750784,1.733956,-1.434448,1.511250,0,0.480283,-1.258837,2.219403
z_gcs_1y_kilianfix,14.287,i1y,4,0.719253,0.891670,-0.747414,2.185920,-1.420756,2.012175,0,0.605685,-1.446306,2.657675
z_gcs_1y_kilianfix,14.287,i1y,5,0.515149,1.147705,-1.372657,2.402956,-2.124572,2.294092,0,0.110594,-2.283941,2.505129
z_gcs_1y_kilianfix,14.287,i1y,6,0.156618,1.297601,-1.977746,2.290982,-2.827865,2.103020,0,-0.438247,-3.240147,2.363653
z_gcs_1y_kilianfix,14.287,i1y,7,-0.389848,1.529403,-2.905492,2.125795,-3.907475,1.904256,0,-1.265226,-4.467342,1.936890
z_gcs_1y_kilianfix,14.287,i1y,8,-0.213037,1.798157,-3.170742,2.744669,-4.168982,2.574107,0,-1.244283,-4.576529,2.087964
z_gcs_1y_kilianfix,14.287,i1y,9,0.067532,1.849914,-2.975306,3.110370,-3.909784,3.027394,0,-1.019066,-4.281442,2.243309
z_gcs_1y_kilianfix,14.287,i1y,10,0.176279,1.884352,-2.923204,3.275762,-3.969295,3.097024,0,-0.928297,-4.319818,2.463224
z_gcs_1y_kilianfix,14.287,i1y,11,0.177936,1.940360,-3.013672,3.369544,-4.187873,3.088476,0,-0.907623,-4.559115,2.743869
z_gcs_1y_kilianfix,14.287,i1y,12,0.086981,1.887696,-3.018003,3.191964,-4.065950,2.918525,0,-0.919369,-4.753692,2.914954
z_gcs_1y_kilianfix,14.287,i1y,13,-0.096194,1.928983,-3.269088,3.076701,-4.436405,2.797281,0,-1.121703,-5.163080,2.919674
z_gcs_1y_kilianfix,14.287,i1y,14,-0.199282,2.050815,-3.572573,3.174008,-4.813616,2.876940,0,-0.930531,-5.123581,3.262520
z_gcs_1y_kilianfix,14.287,i1y,15,0.007643,2.133458,-3.501583,3.516870,-4.685964,3.207830,0,-0.691245,-5.132432,3.749941
z_gcs_1y_kilianfix,14.287,i1y,16,0.392323,2.046053,-2.973135,3.757781,-3.802086,3.666008,0,-0.088148,-4.695094,4.518797
z_gcs_1y_kilianfix,14.287,i1y,17,0.411902,2.025401,-2.919586,3.743391,-3.638900,3.652544,0,-0.087793,-4.846043,4.670456
z_gcs_1y_kilianfix,14.287,i1y,18,0.840005,1.930192,-2.334878,4.014889,-2.827360,4.121332,0,0.328806,-4.575933,5.233544
z_gcs_1y_kilianfix,14.287,i1y,19,0.738249,1.940887,-2.454226,3.930725,-2.949436,4.037758,0,0.186340,-4.735929,5.108608
z_gcs_1y_kilianfix,14.287,i1y,20,0.702980,1.977323,-2.549427,3.955387,-3.152800,3.965563,0,0.079418,-4.836093,4.994930
z_gcs_1y_kilianfix,14.287,i1y,21,1.274123,2.022020,-2.051805,4.600050,-2.567716,4.711557,0,0.773195,-4.177394,5.723784
z_gcs_1y_kilianfix,14.287,i1y,22,1.626349,2.059501,-1.761229,5.013926,-2.080753,5.230475,0,1.123606,-3.983300,6.230511
z_gcs_1y_kilianfix,14.287,i1y,23,2.118837,1.995495,-1.163460,5.401134,-1.273504,5.810502,0,1.725461,-3.490398,6.941319
z_gcs_1y_kilianfix,14.287,i1y,24,2.956954,1.932790,-0.222202,6.136110,-0.232149,6.629255,0,2.637014,-3.001642,8.275671
z_gcs_1y_kilianfix,14.287,i1y,25,3.233920,1.749918,0.355561,6.112279,0.346555,6.558764,0,2.789313,-3.028747,8.607374
z_gcs_1y_kilianfix,14.287,i1y,26,2.938934,1.593329,0.318141,5.559727,0.389607,6.045925,0,2.362935,-3.645355,8.371226
z_gcs_1y_kilianfix,14.287,i1y,27,2.970924,1.496460,0.509466,5.432381,0.651411,5.963844,0,2.415952,-3.701253,8.533156
z_gcs_1y_kilianfix,14.287,i1y,28,3.096573,1.418221,0.763808,5.429338,0.898331,5.862103,0,2.539305,-3.482378,8.560988
z_gcs_1y_kilianfix,14.287,i1y,29,3.079250,1.492103,0.624958,5.533541,0.766490,5.988851,0,2.338305,-4.026730,8.703341
z_gcs_1y_kilianfix,14.287,i1y,30,2.823479,1.555404,0.265067,5.381891,0.412603,5.934287,0,2.028194,-4.373415,8.429804
z_gcs_1y_kilianfix,14.287,i1y,31,2.690250,1.522730,0.185582,5.194919,0.330019,5.659574,0,1.955091,-4.310376,8.220558
z_gcs_1y_kilianfix,14.287,i1y,32,2.607153,1.592826,-0.012814,5.227119,0.138272,5.713164,0,1.877069,-4.355667,8.109805
z_gcs_1y_kilianfix,14.287,i1y,33,2.770178,1.684265,-0.000191,5.540547,0.159568,6.138707,0,2.075319,-4.220387,8.371024
z_gcs_1y_kilianfix,14.287,i1y,34,3.022023,1.723132,0.187723,5.856323,0.437325,6.554444,0,2.463032,-3.765043,8.691107
z_gcs_1y_kilianfix,14.287,i1y,35,3.142803,1.854527,0.092377,6.193228,0.453739,6.944583,0,2.419162,-3.820944,8.659268
z_gcs_1y_kilianfix,14.287,i1y,36,3.168278,1.962494,-0.059738,6.396293,0.224536,7.191391,0,2.298295,-3.814152,8.410743
z_gcs_1y_kilianfix,14.287,i1y,37,3.242592,2.013056,-0.068590,6.553775,0.223008,7.268705,0,2.482904,-3.645044,8.610851
z_gcs_1y_kilianfix,14.287,i1y,38,3.421945,2.020112,0.099157,6.744733,0.391777,7.462168,0,2.698631,-3.456664,8.853925
z_gcs_1y_kilianfix,14.287,i1y,39,3.136105,2.066861,-0.263579,6.535789,0.035813,7.166484,0,2.437516,-3.756012,8.631045
z_gcs_1y_kilianfix,14.287,i1y,40,2.381679,1.911097,-0.761796,5.525153,-0.676076,5.917208,0,1.483412,-4.649064,7.615888
z_gcs_1y_kilianfix,14.287,i1y,41,1.982434,1.848951,-1.058820,5.023687,-1.068335,5.310545,0,0.751256,-5.308497,6.811009
z_gcs_1y_kilianfix,14.287,i1y,42,1.423373,1.778424,-1.501874,4.348620,-1.688869,4.446694,0,-0.014028,-5.952121,5.924066
z_gcs_1y_kilianfix,14.287,i1y,43,0.853761,1.791330,-2.092714,3.800236,-2.460199,3.719889,0,-0.816722,-6.651621,5.018177
z_gcs_1y_kilianfix,14.287,i1y,44,0.906703,1.838775,-2.117812,3.931219,-2.495030,3.848743,0,-0.672950,-6.388652,5.042753
z_gcs_1y_kilianfix,14.287,i1y,45,0.835270,1.795300,-2.117735,3.788275,-2.396270,3.707750,0,-0.697085,-6.282325,4.888155
z_gcs_1y_kilianfix,14.287,i1y,46,0.775106,1.936262,-2.409761,3.959973,-2.710165,3.969937,0,-0.655295,-6.266914,4.956324
z_gcs_1y_kilianfix,14.287,i1y,47,1.277842,2.317507,-2.534118,5.089801,-2.777795,5.217603,0,0.190533,-5.509134,5.890200
z_gcs_1y_kilianfix,14.287,i1y,48,1.795687,2.656258,-2.573468,6.164842,-2.719951,6.311325,0,0.679401,-5.141093,6.499895
z_gcs_1y_kilianfix,14.287,ip,0,-3.193753,2.516226,-7.332576,0.945070,-8.855261,0.454775,0,-2.944980,-7.902566,2.012606
z_gcs_1y_kilianfix,14.287,ip,1,-2.135071,4.365774,-9.316131,5.045988,-12.176352,4.195301,0,-2.221175,-9.762606,5.320256
z_gcs_1y_kilianfix,14.287,ip,2,-4.955684,4.476444,-12.318780,2.407411,-17.042084,0.639871,0,-4.780550,-13.258858,3.697759
z_gcs_1y_kilianfix,14.287,ip,3,-8.555487,5.561952,-17.704083,0.593110,-24.128952,-1.603047,0,-9.501848,-20.904205,1.900510
z_gcs_1y_kilianfix,14.287,ip,4,-5.699597,6.265032,-16.004657,4.605463,-22.301931,2.444944,0,-7.039981,-18.961466,4.881504
z_gcs_1y_kilianfix,14.287,ip,5,-3.878694,6.649261,-14.815755,7.058367,-20.834310,5.097808,0,-4.612525,-17.225980,8.000929
z_gcs_1y_kilianfix,14.287,ip,6,-6.566187,7.062296,-18.182631,5.050257,-24.221928,3.321028,0,-9.125732,-23.636753,5.385289
z_gcs_1y_kilianfix,14.287,ip,7,-10.186384,8.094149,-23.500075,3.127307,-30.421757,1.145425,0,-12.245596,-28.610498,4.119307
z_gcs_1y_kilianfix,14.287,ip,8,-8.081567,9.024619,-22.925743,6.762610,-29.740651,5.004130,0,-10.864055,-28.703295,6.975184
z_gcs_1y_kilianfix,14.287,ip,9,-8.665202,9.002028,-23.472220,6.141816,-29.819967,4.387739,0,-12.701011,-30.307433,4.905411
z_gcs_1y_kilianfix,14.287,ip,10,-7.999853,9.737409,-24.016465,8.016759,-30.882764,6.119389,0,-10.511133,-29.268172,8.245906
z_gcs_1y_kilianfix,14.287,ip,11,-4.338088,8.496384,-18.313396,9.637220,-24.729410,7.556850,0,-6.793667,-24.919054,11.331720
z_gcs_1y_kilianfix,14.287,ip,12,-5.316780,7.665116,-17.924774,7.291214,-23.713058,5.414383,0,-7.307222,-24.110314,9.495870
z_gcs_1y_kilianfix,14.287,ip,13,-4.025334,8.102861,-17.353353,9.302686,-23.067056,7.318671,0,-4.173410,-21.535402,13.188581
z_gcs_1y_kilianfix,14.287,ip,14,3.381168,7.156118,-8.389598,15.151934,-11.288873,15.188762,0,4.805197,-13.090705,22.701099
z_gcs_1y_kilianfix,14.287,ip,15,3.001128,8.097960,-10.318830,16.321087,-13.194791,16.767660,0,3.865660,-12.981420,20.712740
z_gcs_1y_kilianfix,14.287,ip,16,8.186375,8.585045,-5.934768,22.307518,-5.978950,25.356466,0,10.435228,-9.191090,30.061546
z_gcs_1y_kilianfix,14.287,ip,17,13.113379,8.483752,-0.841152,27.067909,0.387750,31.353446,0,15.258877,-5.811303,36.329057
z_gcs_1y_kilianfix,14.287,ip,18,11.571118,7.505906,-0.774999,23.917236,-0.063037,27.333522,0,12.891400,-8.010151,33.792952
z_gcs_1y_kilianfix,14.287,ip,19,9.770755,7.184407,-2.046543,21.588053,-1.365076,24.858010,0,10.068183,-9.575769,29.712135
z_gcs_1y_kilianfix,14.287,ip,20,9.841465,7.410395,-2.347550,22.030480,-0.903607,26.144334,0,10.958083,-9.511553,31.427720
z_gcs_1y_kilianfix,14.287,ip,21,7.486882,6.898969,-3.860913,18.834676,-2.861572,22.319665,0,7.703749,-11.439287,26.846785
z_gcs_1y_kilianfix,14.287,ip,22,6.367930,7.825346,-6.503618,19.239478,-5.370088,22.801156,0,7.180474,-12.137923,26.498872
z_gcs_1y_kilianfix,14.287,ip,23,15.896460,8.470020,1.964518,29.828403,4.461934,35.801006,0,17.546161,-4.460879,39.553202
z_gcs_1y_kilianfix,14.287,ip,24,10.783304,6.593460,-0.061974,21.628581,1.222786,24.629571,0,11.857214,-9.001962,32.716390
z_gcs_1y_kilianfix,14.287,ip,25,13.178027,8.038610,-0.044310,26.400364,2.325903,32.068761,0,14.147926,-7.466634,35.762486
z_gcs_1y_kilianfix,14.287,ip,26,10.655675,7.681508,-1.979281,23.290631,0.285639,27.939067,0,10.757617,-11.038190,32.553425
z_gcs_1y_kilianfix,14.287,ip,27,6.940276,5.931128,-2.815562,16.696114,-1.659860,19.395645,0,5.689762,-14.619731,25.999254
z_gcs_1y_kilianfix,14.287,ip,28,6.102454,6.438125,-4.487320,16.692228,-2.910922,19.944424,0,4.750600,-15.996643,25.497844
z_gcs_1y_kilianfix,14.287,ip,29,1.715536,7.239343,-10.192124,13.623195,-9.143479,16.556189,0,-1.207499,-22.442445,20.027446
z_gcs_1y_kilianfix,14.287,ip,30,2.598227,7.147980,-9.159154,14.355607,-8.123743,17.251586,0,1.046494,-18.887244,20.980231
z_gcs_1y_kilianfix,14.287,ip,31,2.131254,7.026342,-9.426050,13.688559,-9.110893,15.481304,0,1.891555,-17.501897,21.285007
z_gcs_1y_kilianfix,14.287,ip,32,3.688735,7.798632,-9.138873,16.516343,-8.009213,19.675930,0,2.553351,-17.080815,22.187517
z_gcs_1y_kilianfix,14.287,ip,33,2.323198,8.210785,-11.182342,15.828738,-9.992980,19.155307,0,3.008525,-16.985618,23.002668
z_gcs_1y_kilianfix,14.287,ip,34,1.636833,7.924038,-11.397049,14.670715,-11.041627,16.692505,0,2.032173,-19.554315,23.618661
z_gcs_1y_kilianfix,14.287,ip,35,-0.986561,7.479851,-13.289821,11.316698,-12.954323,13.225155,0,-2.113490,-22.709218,18.482239
z_gcs_1y_kilianfix,14.287,ip,36,-0.113844,7.213007,-11.978185,11.750496,-11.654655,13.590869,0,-1.088817,-22.544269,20.366635
z_gcs_1y_kilianfix,14.287,ip,37,3.006603,7.961884,-10.089531,16.102738,-9.334317,18.532278,0,3.204769,-18.072638,24.482177
z_gcs_1y_kilianfix,14.287,ip,38,3.577329,7.968379,-9.529489,16.684146,-9.172078,18.318830,0,3.767907,-16.892770,24.428584
z_gcs_1y_kilianfix,14.287,ip,39,4.586295,9.877354,-11.660507,20.833097,-11.217472,22.859401,0,4.757975,-16.181585,25.697535
z_gcs_1y_kilianfix,14.287,ip,40,3.483381,10.055265,-13.056059,20.022821,-12.605044,22.085622,0,4.185006,-15.808564,24.178576
z_gcs_1y_kilianfix,14.287,ip,41,3.521558,8.718146,-10.818517,17.861633,-10.427476,19.650129,0,5.196766,-15.599411,25.992942
z_gcs_1y_kilianfix,14.287,ip,42,0.399384,9.903761,-15.890854,16.689621,-16.437010,17.730966,0,0.423191,-20.373133,21.219516
z_gcs_1y_kilianfix,14.287,ip,43,0.735151,9.591652,-15.041713,16.512015,-15.570658,17.520543,0,1.229452,-19.584426,22.043330
z_gcs_1y_kilianfix,14.287,ip,44,0.191667,10.566217,-17.188214,17.571548,-18.299214,18.154236,0,1.833662,-19.229517,22.896841
z_gcs_1y_kilianfix,14.287,ip,45,1.033576,12.863599,-20.125161,22.192313,-20.191361,23.544874,0,2.780295,-17.894779,23.455369
z_gcs_1y_kilianfix,14.287,ip,46,2.119229,15.243186,-22.953580,27.192039,-23.032027,29.556963,0,4.552769,-16.104431,25.209969
z_gcs_1y_kilianfix,14.287,ip,47,5.722288,15.560605,-19.872630,31.317206,-19.952711,33.731377,0,8.609696,-11.884156,29.103549
z_gcs_1y_kilianfix,14.287,ip,48,8.582310,15.970043,-17.686073,34.850692,-16.969759,38.126889,0,11.795670,-8.139361,31.730701
z_gcs_1y_kilianfix,14.287,hicp_yoy,0,-0.411846,0.527016,-1.278711,0.455019,-1.623984,0.325977,0,-0.354309,-1.356034,0.647415
z_gcs_1y_kilianfix,14.287,hicp_yoy,1,-0.451477,0.937541,-1.993595,1.090641,-2.654699,0.861081,0,-0.138940,-1.825388,1.547509
z_gcs_1y_kilianfix,14.287,hicp_yoy,2,-0.607245,1.217795,-2.610341,1.395850,-3.651734,1.036778,0,0.069221,-1.801261,1.939704
z_gcs_1y_kilianfix,14.287,hicp_yoy,3,-1.241594,1.368670,-3.492856,1.009667,-4.800136,0.537677,0,-0.637718,-2.853792,1.578357
z_gcs_1y_kilianfix,14.287,hicp_yoy,4,-2.327892,1.716246,-5.150865,0.495081,-6.961756,-0.096772,0,-2.016096,-4.873054,0.840862
z_gcs_1y_kilianfix,14.287,hicp_yoy,5,-2.266202,1.825133,-5.268279,0.735875,-7.102805,0.197727,0,-1.951982,-4.926566,1.022602
z_gcs_1y_kilianfix,14.287,hicp_yoy,6,-1.545190,1.979095,-4.800512,1.710131,-6.591882,1.126588,0,-1.590026,-5.077742,1.897689
z_gcs_1y_kilianfix,14.287,hicp_yoy,7,-2.342309,2.054756,-5.722081,1.037464,-7.581936,0.431612,0,-2.743902,-6.575949,1.088145
z_gcs_1y_kilianfix,14.287,hicp_yoy,8,-2.459057,2.086024,-5.890261,0.972147,-7.674117,0.357075,0,-3.078993,-7.092863,0.934877
z_gcs_1y_kilianfix,14.287,hicp_yoy,9,-2.277156,2.172561,-5.850701,1.296390,-7.599931,0.764430,0,-2.835090,-6.870140,1.199960
z_gcs_1y_kilianfix,14.287,hicp_yoy,10,-1.888001,2.070830,-5.294214,1.518212,-6.961535,1.011161,0,-2.622327,-6.753152,1.508497
z_gcs_1y_kilianfix,14.287,hicp_yoy,11,-1.876681,1.883175,-4.974228,1.220866,-6.678777,0.665605,0,-2.554648,-6.948986,1.839690
z_gcs_1y_kilianfix,14.287,hicp_yoy,12,-0.883567,1.652267,-3.601305,1.834170,-4.683782,1.512220,0,-1.024746,-5.128630,3.079137
z_gcs_1y_kilianfix,14.287,hicp_yoy,13,-1.073928,1.796099,-4.028249,1.880392,-5.294761,1.530415,0,-1.413946,-5.921565,3.093672
z_gcs_1y_kilianfix,14.287,hicp_yoy,14,-1.203735,1.767118,-4.110385,1.702915,-5.268105,1.358586,0,-1.789359,-6.091610,2.512892
z_gcs_1y_kilianfix,14.287,hicp_yoy,15,-0.883172,1.784694,-3.818733,2.052388,-4.898734,1.704634,0,-1.222196,-5.482209,3.037817
z_gcs_1y_kilianfix,14.287,hicp_yoy,16,-0.130702,1.718891,-2.958026,2.696622,-3.654429,2.619524,0,-0.342460,-4.457777,3.772856
z_gcs_1y_kilianfix,14.287,hicp_yoy,17,0.827431,1.458202,-1.571099,3.225961,-1.797333,3.452195,0,0.714138,-3.249325,4.677600
z_gcs_1y_kilianfix,14.287,hicp_yoy,18,1.632428,1.542929,-0.905464,4.170321,-0.836258,4.795433,0,1.771529,-1.843512,5.386569
z_gcs_1y_kilianfix,14.287,hicp_yoy,19,2.507461,1.631263,-0.175728,5.190650,0.060566,5.933113,0,2.683086,-1.070531,6.436703
z_gcs_1y_kilianfix,14.287,hicp_yoy,20,2.914860,1.707687,0.105966,5.723755,0.353330,6.501002,0,3.137756,-0.667225,6.942738
z_gcs_1y_kilianfix,14.287,hicp_yoy,21,2.674505,1.908705,-0.465035,5.814046,-0.188552,6.778221,0,2.825376,-0.578298,6.229051
z_gcs_1y_kilianfix,14.287,hicp_yoy,22,2.443638,1.914940,-0.706158,5.593433,-0.333025,6.656505,0,2.511352,-0.764374,5.787078
z_gcs_1y_kilianfix,14.287,hicp_yoy,23,3.416636,1.754835,0.530189,6.303083,1.047609,7.452757,0,3.724845,0.362717,7.086973
z_gcs_1y_kilianfix,14.287,hicp_yoy,24,2.718532,1.628787,0.039416,5.397649,0.356791,6.220425,0,2.643397,-0.502825,5.789619
z_gcs_1y_kilianfix,14.287,hicp_yoy,25,2.016175,1.406399,-0.297145,4.329496,0.047217,5.110253,0,1.855938,-1.449321,5.161197
z_gcs_1y_kilianfix,14.287,hicp_yoy,26,2.385784,1.092050,0.589522,4.182046,0.911516,4.897499,0,2.344580,-1.083935,5.773095
z_gcs_1y_kilianfix,14.287,hicp_yoy,27,2.644076,1.223502,0.631595,4.656558,1.053524,5.519306,0,2.270069,-1.162436,5.702574
z_gcs_1y_kilianfix,14.287,hicp_yoy,28,2.759427,1.235088,0.727888,4.790966,1.092058,5.600130,0,2.105344,-1.243488,5.454177
z_gcs_1y_kilianfix,14.287,hicp_yoy,29,2.181076,1.144184,0.299061,4.063091,0.636428,4.812699,0,1.323686,-2.307129,4.954500
z_gcs_1y_kilianfix,14.287,hicp_yoy,30,1.141893,1.018377,-0.533189,2.816974,-0.334754,3.331404,0,0.203747,-3.087413,3.494908
z_gcs_1y_kilianfix,14.287,hicp_yoy,31,0.318064,1.046298,-1.402943,2.039070,-1.251383,2.462974,0,-0.684892,-4.147715,2.777931
z_gcs_1y_kilianfix,14.287,hicp_yoy,32,0.597546,1.255755,-1.467987,2.663079,-1.160511,3.297419,0,-0.217674,-3.591019,3.155672
z_gcs_1y_kilianfix,14.287,hicp_yoy,33,1.096850,1.323734,-1.080499,3.274198,-0.888751,3.810504,0,0.585763,-2.829024,4.000551
z_gcs_1y_kilianfix,14.287,hicp_yoy,34,0.908694,1.289059,-1.211620,3.029007,-1.024895,3.551265,0,0.447650,-2.937124,3.832424
z_gcs_1y_kilianfix,14.287,hicp_yoy,35,0.383245,1.176167,-1.551377,2.317868,-1.381005,2.735580,0,-0.333432,-3.810162,3.143299
z_gcs_1y_kilianfix,14.287,hicp_yoy,36,-0.082818,0.979868,-1.694557,1.528922,-1.699600,1.680945,0,-0.555896,-4.078737,2.966945
z_gcs_1y_kilianfix,14.287,hicp_yoy,37,-0.057947,0.988817,-1.684407,1.568513,-1.738937,1.721924,0,-0.768803,-4.239990,2.702383
z_gcs_1y_kilianfix,14.287,hicp_yoy,38,-0.182517,1.066832,-1.937299,1.572265,-1.889448,1.791122,0,-0.724020,-4.433554,2.985515
z_gcs_1y_kilianfix,14.287,hicp_yoy,39,0.263196,0.844927,-1.126585,1.652977,-1.004194,1.910804,0,-0.081776,-4.081603,3.918052
z_gcs_1y_kilianfix,14.287,hicp_yoy,40,0.956686,1.036667,-0.748479,2.661851,-0.650148,2.926353,0,0.617531,-3.583206,4.818268
z_gcs_1y_kilianfix,14.287,hicp_yoy,41,1.325370,1.191951,-0.635214,3.285954,-0.581751,3.530479,0,0.727331,-3.553959,5.008620
z_gcs_1y_kilianfix,14.287,hicp_yoy,42,1.431940,1.113646,-0.399844,3.263725,-0.349893,3.492185,0,0.622206,-3.483767,4.728180
z_gcs_1y_kilianfix,14.287,hicp_yoy,43,2.593467,1.245167,0.545350,4.641584,0.538942,4.834767,0,2.046578,-2.113640,6.206796
z_gcs_1y_kilianfix,14.287,hicp_yoy,44,3.135929,1.306816,0.986408,5.285450,1.110364,5.553539,0,2.620415,-1.905572,7.146403
z_gcs_1y_kilianfix,14.287,hicp_yoy,45,1.650342,1.378493,-0.617077,3.917762,-0.417397,4.269479,0,0.866930,-3.327545,5.061405
z_gcs_1y_kilianfix,14.287,hicp_yoy,46,0.968735,1.744682,-1.901012,3.838481,-1.735523,4.283631,0,0.063165,-4.571123,4.697452
z_gcs_1y_kilianfix,14.287,hicp_yoy,47,1.010779,2.012270,-2.299111,4.320668,-2.208853,4.733478,0,-0.056409,-4.346065,4.233248
z_gcs_1y_kilianfix,14.287,hicp_yoy,48,1.674076,2.171176,-1.897191,5.245344,-1.799806,5.690753,0,0.301639,-3.791397,4.394674
z_gcs_1y_kilianfix,14.287,stoxx,0,14.580042,15.995017,-11.729420,40.889505,-8.612733,49.769080,0,19.302269,-9.533235,48.137772
z_gcs_1y_kilianfix,14.287,stoxx,1,17.051348,22.729827,-20.335891,54.438586,-18.179885,65.920476,0,23.295321,-16.641281,63.231923
z_gcs_1y_kilianfix,14.287,stoxx,2,2.196002,24.741155,-38.499576,42.891580,-41.101019,50.441254,0,5.483079,-32.669880,43.636039
z_gcs_1y_kilianfix,14.287,stoxx,3,34.548286,36.168097,-24.942940,94.039511,-21.512265,115.926504,0,41.163233,-20.106459,102.432925
z_gcs_1y_kilianfix,14.287,stoxx,4,43.803238,41.250913,-24.048476,111.654952,-20.135677,136.617793,0,54.639279,-22.616215,131.894773
z_gcs_1y_kilianfix,14.287,stoxx,5,1.497340,38.792887,-62.311281,65.305961,-70.269501,75.203825,0,6.947366,-71.994360,85.889091
z_gcs_1y_kilianfix,14.287,stoxx,6,-21.635150,39.247623,-86.191746,42.921445,-100.130397,47.048191,0,-24.553020,-110.316891,61.210851
z_gcs_1y_kilianfix,14.287,stoxx,7,-15.941074,35.040697,-73.577891,41.695742,-84.270433,45.380145,0,-19.465006,-99.479219,60.549207
z_gcs_1y_kilianfix,14.287,stoxx,8,10.433213,36.837312,-50.158773,71.025199,-59.557680,76.740375,0,8.153017,-81.508251,97.814284
z_gcs_1y_kilianfix,14.287,stoxx,9,12.551474,39.710113,-52.765849,77.868798,-60.912235,86.015183,0,19.702724,-77.391094,116.796542
z_gcs_1y_kilianfix,14.287,stoxx,10,10.859433,39.562410,-54.214940,75.933806,-60.352905,84.049891,0,20.802029,-74.893488,116.497545
z_gcs_1y_kilianfix,14.287,stoxx,11,28.913377,45.086852,-45.247896,103.074649,-47.734272,119.087081,0,43.479468,-57.860978,144.819915
z_gcs_1y_kilianfix,14.287,stoxx,12,40.775566,48.183101,-38.478583,120.029714,-36.317396,141.960078,0,58.586455,-51.725883,168.898792
z_gcs_1y_kilianfix,14.287,stoxx,13,36.317790,43.177765,-34.703314,107.338894,-37.084411,122.673321,0,53.598385,-61.839519,169.036289
z_gcs_1y_kilianfix,14.287,stoxx,14,12.201019,39.270756,-52.393626,76.795664,-54.559266,88.778992,0,31.549363,-73.839633,136.938360
z_gcs_1y_kilianfix,14.287,stoxx,15,11.867481,37.816940,-50.335850,74.070811,-48.639623,91.283055,0,33.661958,-67.494930,134.818845
z_gcs_1y_kilianfix,14.287,stoxx,16,29.842263,36.631229,-30.410746,90.095273,-26.936141,108.599405,0,57.734214,-38.947328,154.415756
z_gcs_1y_kilianfix,14.287,stoxx,17,34.788760,35.013653,-22.803574,92.381095,-15.981037,113.569480,0,56.143718,-37.014339,149.301774
z_gcs_1y_kilianfix,14.287,stoxx,18,26.294610,30.650656,-24.121233,76.710453,-18.148841,95.258586,0,38.253127,-50.993836,127.500090
z_gcs_1y_kilianfix,14.287,stoxx,19,19.731693,28.099776,-26.488325,65.951710,-21.012982,81.551199,0,27.854345,-58.814978,114.523669
z_gcs_1y_kilianfix,14.287,stoxx,20,16.958890,25.758778,-25.410529,59.328309,-22.967215,69.764385,0,16.832747,-69.253506,102.918999
z_gcs_1y_kilianfix,14.287,stoxx,21,38.600252,24.457974,-1.629536,78.830040,1.913290,91.184897,0,41.112483,-46.211650,128.436616
z_gcs_1y_kilianfix,14.287,stoxx,22,43.343887,27.546983,-1.966867,88.654642,6.155461,108.079297,0,44.760940,-42.074847,131.596728
z_gcs_1y_kilianfix,14.287,stoxx,23,25.284581,26.997799,-19.122847,69.692008,-13.862228,83.329848,0,23.740402,-59.943294,107.424098
z_gcs_1y_kilianfix,14.287,stoxx,24,20.143074,26.036483,-22.683130,62.969277,-18.911651,73.517863,0,19.411218,-62.059438,100.881874
z_gcs_1y_kilianfix,14.287,stoxx,25,21.270532,25.481134,-20.642204,63.183267,-18.225226,72.232799,0,14.272264,-68.781511,97.326039
z_gcs_1y_kilianfix,14.287,stoxx,26,-0.876652,23.515635,-39.556430,37.803126,-44.380577,37.924146,0,-18.252473,-95.448012,58.943066
z_gcs_1y_kilianfix,14.287,stoxx,27,-11.741698,22.176722,-48.219159,24.735763,-50.550961,27.067565,0,-25.394309,-105.050406,54.261788
z_gcs_1y_kilianfix,14.287,stoxx,28,-9.724954,24.009990,-49.217874,29.767966,-51.742437,32.292529,0,-25.404788,-101.462917,50.653341
z_gcs_1y_kilianfix,14.287,stoxx,29,-19.104137,29.010899,-66.822819,28.614546,-71.323755,30.214391,0,-32.794909,-107.418748,41.828930
z_gcs_1y_kilianfix,14.287,stoxx,30,-6.494732,29.191026,-54.509696,41.520232,-56.119475,46.049114,0,-9.907294,-81.900148,62.085560
z_gcs_1y_kilianfix,14.287,stoxx,31,-6.993340,29.613199,-55.702717,41.716037,-57.335777,46.310417,0,-5.219581,-79.439079,68.999916
z_gcs_1y_kilianfix,14.287,stoxx,32,-11.560942,28.642583,-58.673798,35.551915,-58.821203,41.427837,0,-6.946840,-79.841571,65.947890
z_gcs_1y_kilianfix,14.287,stoxx,33,-9.537655,29.784259,-58.528401,39.453092,-63.149321,41.095586,0,-1.926257,-77.010830,73.158317
z_gcs_1y_kilianfix,14.287,stoxx,34,-15.452415,31.357441,-67.030815,36.125986,-73.463681,36.287363,0,-5.702921,-80.342286,68.936444
z_gcs_1y_kilianfix,14.287,stoxx,35,-3.376513,34.470189,-60.074928,53.321902,-65.422853,55.222808,0,7.002605,-66.907069,80.912279
z_gcs_1y_kilianfix,14.287,stoxx,36,-5.949647,43.381097,-77.305201,65.405908,-81.866566,67.798218,0,2.183144,-66.447146,70.813434
z_gcs_1y_kilianfix,14.287,stoxx,37,6.371877,49.488995,-75.030276,87.774031,-75.284965,97.926519,0,11.175204,-54.618834,76.969241
z_gcs_1y_kilianfix,14.287,stoxx,38,26.875233,49.176223,-54.012455,107.762921,-51.806723,117.851245,0,30.190139,-37.581193,97.961471
z_gcs_1y_kilianfix,14.287,stoxx,39,19.734716,47.008198,-57.586889,97.056321,-60.179221,99.648652,0,24.653042,-41.568792,90.874877
z_gcs_1y_kilianfix,14.287,stoxx,40,9.609434,41.544609,-58.725367,77.944235,-63.093632,80.235270,0,12.192801,-51.164195,75.549798
z_gcs_1y_kilianfix,14.287,stoxx,41,9.111905,44.292656,-63.743031,81.966841,-70.614876,82.194788,0,12.019236,-52.917375,76.955847
z_gcs_1y_kilianfix,14.287,stoxx,42,19.970668,41.801912,-48.787359,88.728695,-53.182679,88.943823,0,24.000368,-36.512091,84.512827
z_gcs_1y_kilianfix,14.287,stoxx,43,21.455697,44.988554,-52.543890,95.455284,-59.523701,95.686812,0,26.780212,-38.016877,91.577302
z_gcs_1y_kilianfix,14.287,stoxx,44,9.715029,47.370496,-68.202504,87.632561,-75.551865,85.507823,0,14.067927,-49.234314,77.370168
z_gcs_1y_kilianfix,14.287,stoxx,45,14.313406,47.480049,-63.784324,92.411136,-64.028674,97.403491,0,18.258011,-41.943316,78.459339
z_gcs_1y_kilianfix,14.287,stoxx,46,9.691102,51.934731,-75.733929,95.116133,-73.404468,103.173618,0,12.638232,-49.216871,74.493336
z_gcs_1y_kilianfix,14.287,stoxx,47,6.441360,49.240454,-74.551979,87.434700,-77.267411,92.612155,0,9.382466,-52.999566,71.764497
z_gcs_1y_kilianfix,14.287,stoxx,48,1.877506,43.086087,-68.992800,72.747811,-71.368842,75.123853,0,3.858708,-56.720478,64.437894
z_gc_1y_kilianfix,4.204,i1y,0,1.000000,0.000000,1.000000,1.000000,1.000000,1.000000,0,1.000000,1.000000,1.000000
z_gc_1y_kilianfix,4.204,i1y,1,0.457414,0.866241,-0.967426,1.882255,-6.775702,1.323656,0,0.473307,-0.916431,1.863044
z_gc_1y_kilianfix,4.204,i1y,2,-0.880026,1.912218,-4.025346,2.265293,-20.002211,0.840970,1,-0.897583,-4.082381,2.287216
z_gc_1y_kilianfix,4.204,i1y,3,-0.712865,2.053045,-4.089824,2.664094,-21.243316,1.237528,1,-0.654772,-4.257914,2.948371
z_gc_1y_kilianfix,4.204,i1y,4,-0.041809,1.894308,-3.157669,3.074051,-18.984892,1.947215,1,-0.028758,-3.733832,3.676316
z_gc_1y_kilianfix,4.204,i1y,5,-0.104519,1.982891,-3.366084,3.157046,-19.933425,2.175805,1,-0.392218,-4.675658,3.891223
z_gc_1y_kilianfix,4.204,i1y,6,-0.404952,2.055325,-3.785661,2.975756,-20.958199,2.061437,1,-0.898128,-5.930015,4.133760
z_gc_1y_kilianfix,4.204,i1y,7,-1.141937,2.305660,-4.934410,2.650536,-24.198536,1.394289,1,-2.032961,-7.841067,3.775146
z_gc_1y_kilianfix,4.204,i1y,8,-1.225144,2.472762,-5.292476,2.842189,-25.952768,1.494895,1,-2.322062,-8.351500,3.707376
z_gc_1y_kilianfix,4.204,i1y,9,-0.809879,2.285603,-4.569362,2.949604,-23.665913,1.818564,1,-1.924482,-7.699001,3.850037
z_gc_1y_kilianfix,4.204,i1y,10,-0.816380,2.240710,-4.502020,2.869260,-23.223481,1.872472,1,-1.937371,-7.684868,3.810125
z_gc_1y_kilianfix,4.204,i1y,11,-1.097022,2.464062,-5.150044,2.956000,-25.737647,1.983056,1,-2.311082,-8.246153,3.623990
z_gc_1y_kilianfix,4.204,i1y,12,-1.618581,2.684545,-6.034265,2.797103,-28.329806,1.737101,0,-2.812590,-8.980895,3.355715
z_gc_1y_kilianfix,4.204,i1y,13,-2.257791,3.049475,-7.273731,2.758149,-32.752542,1.401579,1,-3.617597,-10.276279,3.041084
z_gc_1y_kilianfix,4.204,i1y,14,-2.434185,3.303448,-7.867873,2.999503,-35.468664,1.529953,1,-3.549159,-10.341032,3.242714
z_gc_1y_kilianfix,4.204,i1y,15,-1.984263,3.219499,-7.279868,3.311341,-31.603653,2.040110,0,-3.141043,-10.094471,3.812384
z_gc_1y_kilianfix,4.204,i1y,16,-1.277030,2.855384,-5.973719,3.419658,-20.408103,2.863276,0,-2.161621,-9.070596,4.747353
z_gc_1y_kilianfix,4.204,i1y,17,-1.158827,2.653150,-5.522871,3.205217,-14.291921,2.820899,0,-2.043131,-8.984330,4.898067
z_gc_1y_kilianfix,4.204,i1y,18,-0.503270,2.327437,-4.331563,3.325024,-9.347531,3.686117,0,-1.321759,-8.298246,5.654727
z_gc_1y_kilianfix,4.204,i1y,19,-0.444845,2.402981,-4.397398,3.507707,-8.975429,4.000670,0,-1.332966,-8.406906,5.740974
z_gc_1y_kilianfix,4.204,i1y,20,-0.000688,2.434972,-4.005861,4.004485,-7.914348,4.747508,0,-1.009276,-8.186809,6.168258
z_gc_1y_kilianfix,4.204,i1y,21,0.925728,2.460072,-3.120731,4.972187,-5.839471,6.583894,0,0.108682,-7.146324,7.363688
z_gc_1y_kilianfix,4.204,i1y,22,1.360997,2.633645,-2.970964,5.692957,-4.696387,8.340156,0,0.386100,-7.060044,7.832244
z_gc_1y_kilianfix,4.204,i1y,23,2.075520,2.597167,-2.196439,6.347479,-2.729238,10.126736,0,1.286700,-6.185502,8.758903
z_gc_1y_kilianfix,4.204,i1y,24,3.141355,2.511163,-0.989140,7.271851,-0.876506,12.307100,0,2.481791,-5.574754,10.538335
z_gc_1y_kilianfix,4.204,i1y,25,3.077389,2.287014,-0.684415,6.839193,-0.810535,10.967588,0,2.101613,-6.147474,10.350700
z_gc_1y_kilianfix,4.204,i1y,26,2.425048,2.293310,-1.347111,6.197207,-1.702910,9.763639,0,1.153885,-7.446254,9.754024
z_gc_1y_kilianfix,4.204,i1y,27,2.310156,2.401727,-1.640333,6.260646,-1.892866,10.115769,0,1.041550,-7.633308,9.716408
z_gc_1y_kilianfix,4.204,i1y,28,2.264832,2.331893,-1.570792,6.100455,-1.932576,8.910727,0,0.984489,-7.291327,9.260306
z_gc_1y_kilianfix,4.204,i1y,29,2.015948,2.653946,-2.349405,6.381302,-2.893852,9.314301,0,0.502342,-8.188004,9.192689
z_gc_1y_kilianfix,4.204,i1y,30,1.786367,2.842667,-2.889404,6.462137,-3.614700,9.319434,0,0.260634,-8.444277,8.965546
z_gc_1y_kilianfix,4.204,i1y,31,2.058072,2.626858,-2.262725,6.378868,-2.932958,9.019245,0,0.714382,-7.689897,9.118661
z_gc_1y_kilianfix,4.204,i1y,32,2.409759,2.528651,-1.749502,6.569019,-2.141813,9.363549,0,1.276611,-6.996819,9.550041
z_gc_1y_kilianfix,4.204,i1y,33,2.913688,2.575049,-1.321891,7.149266,-1.335143,10.381330,0,1.979186,-6.349332,10.307705
z_gc_1y_kilianfix,4.204,i1y,34,3.683034,2.511759,-0.448442,7.814510,0.040983,11.720663,0,3.004269,-5.251004,11.259543
z_gc_1y_kilianfix,4.204,i1y,35,4.199473,2.722404,-0.278483,8.677430,0.524227,13.591768,0,3.380956,-5.003369,11.765280
z_gc_1y_kilianfix,4.204,i1y,36,4.644439,2.925937,-0.168300,9.457177,0.548126,14.153735,0,3.737475,-4.643946,12.118896
z_gc_1y_kilianfix,4.204,i1y,37,5.226038,3.084925,0.151788,10.300288,0.907143,14.943551,0,4.559772,-4.082249,13.201793
z_gc_1y_kilianfix,4.204,i1y,38,5.717456,3.175917,0.493537,10.941375,1.271172,15.086412,0,5.146858,-3.630396,13.924111
z_gc_1y_kilianfix,4.204,i1y,39,5.601764,3.256217,0.245763,10.957765,0.880249,14.881983,0,5.157249,-3.643896,13.958394
z_gc_1y_kilianfix,4.204,i1y,40,4.673136,2.911002,-0.115036,9.461308,0.161083,12.241740,0,4.022617,-4.470257,12.515490
z_gc_1y_kilianfix,4.204,i1y,41,4.293074,2.592105,0.029440,8.556708,-0.113505,10.514127,0,3.327197,-5.024646,11.679041
z_gc_1y_kilianfix,4.204,i1y,42,3.898970,2.370683,-0.000457,7.798398,-0.368260,9.233008,0,2.822752,-5.304944,10.950448
z_gc_1y_kilianfix,4.204,i1y,43,3.441453,2.197826,-0.173649,7.056555,-0.954199,7.946996,0,2.242496,-5.711580,10.196572
z_gc_1y_kilianfix,4.204,i1y,44,3.471850,2.252435,-0.233076,7.176776,-1.258264,7.864099,0,2.604803,-5.267436,10.477042
z_gc_1y_kilianfix,4.204,i1y,45,3.397329,2.294168,-0.376243,7.170900,-1.535134,7.641540,0,2.699594,-5.020194,10.419382
z_gc_1y_kilianfix,4.204,i1y,46,3.352393,2.546406,-0.836072,7.540859,-2.631662,7.935925,0,2.886319,-4.872471,10.645110
z_gc_1y_kilianfix,4.204,i1y,47,4.323576,3.027717,-0.656574,9.303727,-2.640172,9.924852,0,4.480941,-3.735079,12.696960
z_gc_1y_kilianfix,4.204,i1y,48,4.801508,3.313820,-0.649241,10.252256,-2.820278,11.097766,0,4.758670,-3.745663,13.263003
z_gc_1y_kilianfix,4.204,ip,0,-2.513807,3.801962,-8.767478,3.739864,-26.466169,1.858449,0,-1.432533,-7.858156,4.993089
z_gc_1y_kilianfix,4.204,ip,1,-5.270261,7.886575,-18.242522,7.702000,-67.179873,3.010642,0,-4.749068,-16.983454,7.485319
z_gc_1y_kilianfix,4.204,ip,2,-8.203344,10.266317,-25.089933,8.683245,-110.866516,1.036341,1,-6.732884,-23.145596,9.679828
z_gc_1y_kilianfix,4.204,ip,3,-14.664083,13.640380,-37.100511,7.772345,-151.067881,-2.387741,1,-15.196388,-39.732806,9.340030
z_gc_1y_kilianfix,4.204,ip,4,-10.346910,13.422589,-32.425104,11.731285,-144.572802,2.404550,1,-11.222852,-35.095410,12.649705
z_gc_1y_kilianfix,4.204,ip,5,-10.247851,13.586277,-32.595288,12.099587,-146.110624,2.659113,1,-10.237523,-35.562345,15.087298
z_gc_1y_kilianfix,4.204,ip,6,-10.093828,11.937356,-29.729032,9.541376,-129.467393,2.440396,1,-12.245087,-39.566265,15.076091
z_gc_1y_kilianfix,4.204,ip,7,-15.505255,13.687987,-38.019990,7.009479,-152.385121,-1.817269,1,-17.352519,-47.507481,12.802442
z_gc_1y_kilianfix,4.204,ip,8,-12.859188,13.457223,-34.994351,9.275974,-147.431421,1.270896,1,-15.758232,-46.354285,14.837821
z_gc_1y_kilianfix,4.204,ip,9,-9.961655,10.788055,-27.706427,7.783117,-117.842207,2.444608,1,-14.188568,-43.138999,14.761863
z_gc_1y_kilianfix,4.204,ip,10,-8.721812,10.692409,-26.309260,8.865636,-115.645903,4.643700,1,-10.851205,-39.199158,17.496748
z_gc_1y_kilianfix,4.204,ip,11,-8.845534,10.504098,-26.123239,8.432170,-113.886518,3.234179,1,-11.713416,-38.840593,15.413760
z_gc_1y_kilianfix,4.204,ip,12,-13.295379,11.623085,-32.413653,5.822894,-129.526230,-1.091140,1,-17.301371,-43.938824,9.336082
z_gc_1y_kilianfix,4.204,ip,13,-10.350355,11.271913,-28.891003,8.190293,-123.069489,3.175941,1,-11.787398,-37.874088,14.299293
z_gc_1y_kilianfix,4.204,ip,14,-3.174955,9.537000,-18.861924,12.512015,-68.980257,13.514796,0,-3.329668,-28.523451,21.864115
z_gc_1y_kilianfix,4.204,ip,15,-5.247215,10.924438,-23.216317,12.721887,-76.802286,14.416774,0,-6.899564,-32.010430,18.211303
z_gc_1y_kilianfix,4.204,ip,16,0.949934,10.207764,-15.840343,17.740210,-25.590252,39.229047,0,0.565639,-25.701177,26.832454
z_gc_1y_kilianfix,4.204,ip,17,9.590657,11.196508,-8.825960,28.007274,-8.323756,62.214245,0,9.011078,-18.853989,36.876145
z_gc_1y_kilianfix,4.204,ip,18,7.910448,10.559977,-9.459169,25.280064,-8.457517,53.318349,0,6.386784,-21.726662,34.500229
z_gc_1y_kilianfix,4.204,ip,19,8.999066,10.278606,-7.907736,25.905867,-5.904913,54.224930,0,6.042051,-20.733674,32.817775
z_gc_1y_kilianfix,4.204,ip,20,11.065567,11.529835,-7.899324,30.030457,-4.499710,66.408774,0,9.725739,-19.265360,38.716837
z_gc_1y_kilianfix,4.204,ip,21,6.397476,10.624344,-11.078015,23.872968,-10.070257,49.957288,0,3.731304,-22.694636,30.157244
z_gc_1y_kilianfix,4.204,ip,22,7.998472,11.452759,-10.839639,26.836584,-8.608028,56.672697,0,6.930951,-21.050865,34.912766
z_gc_1y_kilianfix,4.204,ip,23,20.557716,14.160934,-2.734949,43.850380,4.980688,93.486528,0,22.076773,-11.483447,55.636993
z_gc_1y_kilianfix,4.204,ip,24,11.835331,10.272884,-5.062061,28.732722,-2.033063,57.036022,0,11.765673,-19.010691,42.542036
z_gc_1y_kilianfix,4.204,ip,25,14.601004,13.240974,-7.178460,36.380469,-0.626116,80.805875,0,13.860948,-17.686178,45.408073
z_gc_1y_kilianfix,4.204,ip,26,10.746518,12.063301,-9.095847,30.588883,-6.142104,59.602889,0,9.265536,-21.479667,40.010739
z_gc_1y_kilianfix,4.204,ip,27,6.526177,9.825011,-9.634529,22.686882,-10.176343,39.931216,0,3.470278,-25.617535,32.558091
z_gc_1y_kilianfix,4.204,ip,28,5.065055,10.805949,-12.709149,22.839259,-12.764760,39.103793,0,1.982026,-26.829605,30.793656
z_gc_1y_kilianfix,4.204,ip,29,1.716981,11.489589,-17.181710,20.615673,-17.240840,37.334706,0,-2.652569,-32.019487,26.714348
z_gc_1y_kilianfix,4.204,ip,30,4.121311,11.131088,-14.187699,22.430321,-14.244983,38.071128,0,2.065730,-25.921452,30.052911
z_gc_1y_kilianfix,4.204,ip,31,3.051031,10.480236,-14.187423,20.289484,-18.433452,28.203596,0,3.260512,-24.101768,30.622792
z_gc_1y_kilianfix,4.204,ip,32,8.260566,11.389329,-10.473214,26.994346,-8.823428,45.845353,0,8.030860,-19.949059,36.010779
z_gc_1y_kilianfix,4.204,ip,33,10.227927,12.270407,-9.955097,30.410951,-7.564163,51.333792,0,12.968156,-17.531202,43.467515
z_gc_1y_kilianfix,4.204,ip,34,11.649191,11.458551,-7.198448,30.496830,-6.684491,45.451917,0,14.356838,-18.001935,46.715612
z_gc_1y_kilianfix,4.204,ip,35,10.946466,12.438770,-9.513490,31.406422,-8.333627,48.884715,0,12.954998,-19.272473,45.182469
z_gc_1y_kilianfix,4.204,ip,36,12.474952,12.474766,-8.044211,32.994115,-6.860935,49.275510,0,14.999428,-18.943474,48.942329
z_gc_1y_kilianfix,4.204,ip,37,18.900378,13.870394,-3.914389,41.715146,-1.211692,61.898598,0,23.504140,-12.572492,59.580773
z_gc_1y_kilianfix,4.204,ip,38,18.950288,14.164252,-4.347834,42.248409,-3.004304,57.193769,0,23.743927,-12.152046,59.639899
z_gc_1y_kilianfix,4.204,ip,39,18.596099,16.304354,-8.222177,45.414375,-9.121303,58.541767,0,23.643530,-11.735792,59.022851
z_gc_1y_kilianfix,4.204,ip,40,18.346305,16.628365,-9.004922,45.697532,-9.921916,58.254382,0,24.246724,-11.199364,59.692813
z_gc_1y_kilianfix,4.204,ip,41,16.913020,13.380066,-5.095229,38.921269,-5.164088,50.363184,0,23.580670,-11.785591,58.946932
z_gc_1y_kilianfix,4.204,ip,42,9.738300,14.211209,-13.637059,33.113658,-20.105239,37.450157,0,14.082835,-18.332899,46.498569
z_gc_1y_kilianfix,4.204,ip,43,10.715249,12.948086,-10.582458,32.012955,-15.828328,36.611421,0,16.676234,-17.041948,50.394415
z_gc_1y_kilianfix,4.204,ip,44,7.997881,12.130388,-11.954832,27.950593,-18.688973,31.045618,0,15.306819,-17.646684,48.260323
z_gc_1y_kilianfix,4.204,ip,45,9.424866,14.625358,-14.631708,33.481439,-21.288386,37.213047,0,17.292991,-16.643717,51.229699
z_gc_1y_kilianfix,4.204,ip,46,11.279934,17.558995,-17.602043,40.161911,-27.349855,45.519974,0,19.566814,-15.746864,54.880492
z_gc_1y_kilianfix,4.204,ip,47,12.216086,17.018018,-15.776062,40.208234,-26.074453,44.550320,0,19.956613,-13.663608,53.576835
z_gc_1y_kilianfix,4.204,ip,48,14.031950,17.675425,-15.041537,43.105437,-25.737756,47.615257,0,21.790281,-11.143962,54.724524
z_gc_1y_kilianfix,4.204,hicp_yoy,0,-1.255728,1.273080,-3.349758,0.838301,-10.421901,0.081005,0,-0.802518,-2.651057,1.046021
z_gc_1y_kilianfix,4.204,hicp_yoy,1,-1.506283,2.065528,-4.903774,1.891208,-16.997742,0.765798,0,-0.884105,-3.997852,2.229641
z_gc_1y_kilianfix,4.204,hicp_yoy,2,-2.134749,2.734395,-6.632429,2.362931,-28.521664,0.736366,0,-1.169819,-5.060219,2.720580
z_gc_1y_kilianfix,4.204,hicp_yoy,3,-2.800234,2.923925,-7.609662,2.009194,-32.039483,0.123691,1,-1.899482,-6.368393,2.569430
z_gc_1y_kilianfix,4.204,hicp_yoy,4,-3.485070,3.203770,-8.754803,1.784663,-35.522772,-0.281300,1,-2.847063,-8.102197,2.408072
z_gc_1y_kilianfix,4.204,hicp_yoy,5,-3.081155,3.225379,-8.386431,2.224122,-35.334945,0.305493,1,-2.448299,-7.733754,2.837157
z_gc_1y_kilianfix,4.204,hicp_yoy,6,-2.354129,3.214522,-7.641548,2.933290,-34.499353,1.021119,1,-2.220989,-8.197702,3.755725
z_gc_1y_kilianfix,4.204,hicp_yoy,7,-3.852114,3.734074,-9.994120,2.289891,-41.192855,-0.304744,1,-4.188756,-11.353818,2.976305
z_gc_1y_kilianfix,4.204,hicp_yoy,8,-3.932403,3.855680,-10.274433,2.409627,-42.489205,-0.076723,1,-4.657036,-12.382144,3.068073
z_gc_1y_kilianfix,4.204,hicp_yoy,9,-3.029414,3.485695,-8.762872,2.704044,-37.886363,0.804851,1,-3.907050,-11.112196,3.298097
z_gc_1y_kilianfix,4.204,hicp_yoy,10,-2.650261,3.296335,-8.072250,2.771728,-35.613614,0.975708,1,-3.823803,-11.050131,3.402524
z_gc_1y_kilianfix,4.204,hicp_yoy,11,-2.842430,3.191368,-8.091764,2.406903,-34.756111,0.508506,1,-4.034618,-11.661787,3.592551
z_gc_1y_kilianfix,4.204,hicp_yoy,12,-1.396342,2.586190,-5.650247,2.857562,-24.542745,2.224324,0,-1.975078,-8.793266,4.843110
z_gc_1y_kilianfix,4.204,hicp_yoy,13,-2.019886,2.704999,-6.469214,2.429441,-29.069876,1.226113,1,-3.028123,-10.434488,4.378242
z_gc_1y_kilianfix,4.204,hicp_yoy,14,-1.751017,2.401553,-5.701221,2.199186,-23.605150,1.371002,0,-3.170548,-10.187201,3.846104
z_gc_1y_kilianfix,4.204,hicp_yoy,15,-1.027435,2.139370,-4.546386,2.491516,-17.928459,2.074652,0,-2.182646,-8.692620,4.327328
z_gc_1y_kilianfix,4.204,hicp_yoy,16,-0.336202,1.944169,-3.534076,2.861672,-10.251465,3.454928,0,-1.365599,-7.397995,4.666798
z_gc_1y_kilianfix,4.204,hicp_yoy,17,0.327936,1.541469,-2.207555,2.863427,-3.911103,4.566975,0,-0.685098,-6.302653,4.932456
z_gc_1y_kilianfix,4.204,hicp_yoy,18,1.127853,1.773735,-1.789680,4.045387,-2.330929,7.158551,0,0.411950,-4.729275,5.553176
z_gc_1y_kilianfix,4.204,hicp_yoy,19,1.937991,1.869732,-1.137444,5.013426,-1.147066,9.416917,0,1.061816,-4.313731,6.437364
z_gc_1y_kilianfix,4.204,hicp_yoy,20,2.657037,2.041773,-0.701382,6.015455,-0.303535,11.742928,0,1.765863,-3.621907,7.153632
z_gc_1y_kilianfix,4.204,hicp_yoy,21,2.032733,2.269637,-1.700489,5.765954,-1.371723,11.565210,0,1.060075,-4.070202,6.190352
z_gc_1y_kilianfix,4.204,hicp_yoy,22,1.711826,2.317602,-2.100291,5.523942,-1.880458,10.982235,0,0.248775,-4.828198,5.325749
z_gc_1y_kilianfix,4.204,hicp_yoy,23,3.143319,2.038824,-0.210249,6.496887,0.798671,13.235500,0,2.145453,-2.724146,7.015051
z_gc_1y_kilianfix,4.204,hicp_yoy,24,2.825579,2.055494,-0.555407,6.206565,0.256212,12.486399,0,1.350368,-3.391415,6.092151
z_gc_1y_kilianfix,4.204,hicp_yoy,25,2.319192,2.087558,-1.114536,5.752920,-0.290256,12.130717,0,0.858361,-4.442519,6.159241
z_gc_1y_kilianfix,4.204,hicp_yoy,26,2.732905,2.202321,-0.889590,6.355400,-0.130112,12.423116,0,1.566801,-3.969992,7.103595
z_gc_1y_kilianfix,4.204,hicp_yoy,27,2.608733,2.379652,-1.305446,6.522912,-0.365831,13.555131,0,1.098374,-4.250863,6.447610
z_gc_1y_kilianfix,4.204,hicp_yoy,28,2.389387,2.102388,-1.068733,5.847507,-0.238598,10.798937,0,0.785764,-4.402713,5.974241
z_gc_1y_kilianfix,4.204,hicp_yoy,29,1.883573,1.919147,-1.273143,5.040288,-0.803233,8.888458,0,0.227839,-5.365156,5.820834
z_gc_1y_kilianfix,4.204,hicp_yoy,30,1.101639,2.097242,-2.348017,4.551295,-2.253948,7.707952,0,-0.640538,-6.134668,4.853591
z_gc_1y_kilianfix,4.204,hicp_yoy,31,0.316740,1.790937,-2.629090,3.262570,-3.086041,4.973178,0,-1.647400,-7.338078,4.043278
z_gc_1y_kilianfix,4.204,hicp_yoy,32,1.005364,1.972374,-2.238903,4.249630,-2.051816,7.218341,0,-0.463534,-5.537169,4.610100
z_gc_1y_kilianfix,4.204,hicp_yoy,33,1.700675,2.155905,-1.845472,5.246823,-1.640977,8.383980,0,0.777861,-4.187801,5.743523
z_gc_1y_kilianfix,4.204,hicp_yoy,34,1.502935,1.862413,-1.560462,4.566332,-1.011322,7.928259,0,0.787676,-4.159276,5.734629
z_gc_1y_kilianfix,4.204,hicp_yoy,35,1.537382,1.813375,-1.445355,4.520120,-0.457331,9.244228,0,0.509408,-4.649148,5.667964
z_gc_1y_kilianfix,4.204,hicp_yoy,36,1.595332,1.406557,-0.718247,3.908912,-0.022208,7.151230,0,1.290809,-3.915746,6.497363
z_gc_1y_kilianfix,4.204,hicp_yoy,37,1.362139,1.313382,-0.798182,3.522459,-0.345258,5.893306,0,0.834620,-4.176631,5.845871
z_gc_1y_kilianfix,4.204,hicp_yoy,38,1.516995,1.462846,-0.889172,3.923162,-0.530989,5.905532,0,1.400826,-3.966896,6.768547
z_gc_1y_kilianfix,4.204,hicp_yoy,39,3.053387,2.161868,-0.502570,6.609344,0.351051,10.187553,0,3.504745,-2.887394,9.896884
z_gc_1y_kilianfix,4.204,hicp_yoy,40,4.691441,2.230796,1.022108,8.360775,2.237566,12.833847,0,5.292043,-2.329378,12.913465
z_gc_1y_kilianfix,4.204,hicp_yoy,41,4.297282,2.404762,0.341800,8.252764,1.531805,12.954426,0,4.605892,-2.893703,12.105488
z_gc_1y_kilianfix,4.204,hicp_yoy,42,3.731747,1.887844,0.626519,6.836974,1.277549,9.772848,0,3.531820,-3.160262,10.223902
z_gc_1y_kilianfix,4.204,hicp_yoy,43,4.775613,1.946136,1.574504,7.976723,2.051022,10.419409,0,5.100784,-1.776181,11.977750
z_gc_1y_kilianfix,4.204,hicp_yoy,44,4.970668,2.002467,1.676903,8.264434,2.067091,10.677700,0,5.220744,-1.506617,11.948104
z_gc_1y_kilianfix,4.204,hicp_yoy,45,3.898811,2.545731,-0.288543,8.086165,0.080215,10.899570,0,3.972425,-2.466493,10.411343
z_gc_1y_kilianfix,4.204,hicp_yoy,46,3.579300,2.712875,-0.882982,8.041582,-0.625656,11.039705,0,3.584582,-3.352541,10.521706
z_gc_1y_kilianfix,4.204,hicp_yoy,47,3.239131,2.247475,-0.457637,6.935898,-0.918698,8.408323,0,3.137248,-3.446865,9.721361
z_gc_1y_kilianfix,4.204,hicp_yoy,48,3.209107,1.999110,-0.079136,6.497350,-0.289335,8.006971,0,2.575966,-3.510757,8.662690
z_gc_1y_kilianfix,4.204,stoxx,0,23.031481,28.956831,-24.598268,70.661230,-14.612400,186.637578,0,29.698730,-21.827477,81.224937
z_gc_1y_kilianfix,4.204,stoxx,1,14.874596,34.739100,-42.266139,72.015331,-47.655785,174.674457,0,22.567048,-43.417517,88.551613
z_gc_1y_kilianfix,4.204,stoxx,2,-6.112518,32.111509,-58.931250,46.706215,-134.558555,75.771831,0,-2.135623,-58.624427,54.353180
z_gc_1y_kilianfix,4.204,stoxx,3,12.655182,43.186559,-58.380386,83.690750,-129.860462,155.170826,0,18.611937,-55.497523,92.721396
z_gc_1y_kilianfix,4.204,stoxx,4,20.413627,50.490964,-62.636619,103.463873,-146.206555,217.328389,0,33.095199,-61.168724,127.359122
z_gc_1y_kilianfix,4.204,stoxx,5,-25.497134,47.103985,-102.976295,51.982027,-272.793057,96.973227,0,-18.557902,-120.072795,82.956991
z_gc_1y_kilianfix,4.204,stoxx,6,-59.698789,48.913711,-140.154685,20.757106,-502.367878,16.117463,0,-65.335130,-177.806645,47.136384
z_gc_1y_kilianfix,4.204,stoxx,7,-41.344444,41.371267,-109.394122,26.705235,-328.874749,41.398090,0,-45.763073,-149.288630,57.762484
z_gc_1y_kilianfix,4.204,stoxx,8,-7.138512,44.660402,-80.598337,66.321313,-154.517840,180.435178,0,-7.529191,-127.348237,112.289854
z_gc_1y_kilianfix,4.204,stoxx,9,-7.484881,54.780250,-97.590374,82.620611,-188.259707,222.592169,0,4.390026,-130.270285,139.050338
z_gc_1y_kilianfix,4.204,stoxx,10,-18.080650,61.157520,-118.675819,82.514519,-244.363474,211.260050,0,-2.515706,-137.145667,132.114255
z_gc_1y_kilianfix,4.204,stoxx,11,2.635724,63.084533,-101.129099,106.400546,-167.692516,324.366842,0,23.389390,-109.781339,156.560119
z_gc_1y_kilianfix,4.204,stoxx,12,12.486479,64.132060,-93.001372,117.974331,-135.017258,365.212809,0,36.846766,-102.512916,176.206449
z_gc_1y_kilianfix,4.204,stoxx,13,-0.661858,55.663948,-92.220904,90.897188,-198.268872,196.945156,0,20.998267,-116.745707,158.742241
z_gc_1y_kilianfix,4.204,stoxx,14,-23.421155,53.995550,-112.235931,65.393622,-279.900018,114.267498,0,-0.695585,-130.501830,129.110660
z_gc_1y_kilianfix,4.204,stoxx,15,-13.352292,53.660017,-101.615166,74.910581,-198.479350,169.091765,0,12.879536,-117.397577,143.156650
z_gc_1y_kilianfix,4.204,stoxx,16,21.014557,47.736497,-57.504993,99.534108,-64.911138,283.565291,0,55.755313,-72.584916,184.095543
z_gc_1y_kilianfix,4.204,stoxx,17,31.952840,51.031386,-51.986321,115.892001,-49.697378,271.800356,0,58.675788,-65.973528,183.325104
z_gc_1y_kilianfix,4.204,stoxx,18,15.904065,47.433304,-62.116777,93.924908,-74.219212,184.292295,0,32.992629,-83.509975,149.495232
z_gc_1y_kilianfix,4.204,stoxx,19,11.511454,41.283322,-56.393568,79.416476,-75.183522,139.489752,0,25.343122,-86.857075,137.543320
z_gc_1y_kilianfix,4.204,stoxx,20,22.460567,38.537964,-40.928743,85.849876,-62.322953,136.147560,0,28.037772,-86.583700,142.659245
z_gc_1y_kilianfix,4.204,stoxx,21,58.854287,37.437717,-2.725278,120.433852,6.441483,229.195899,0,68.531333,-51.687896,188.750562
z_gc_1y_kilianfix,4.204,stoxx,22,71.717387,44.374936,-1.272888,144.707662,18.467463,300.248308,0,79.894743,-46.908716,206.698201
z_gc_1y_kilianfix,4.204,stoxx,23,32.397240,39.832749,-33.121801,97.916281,-35.318433,167.828585,0,33.167237,-82.266334,148.600809
z_gc_1y_kilianfix,4.204,stoxx,24,35.135680,37.982177,-27.339441,97.610802,-21.837585,187.064388,0,35.354400,-78.248443,148.957244
z_gc_1y_kilianfix,4.204,stoxx,25,42.015628,36.152317,-17.449642,101.480899,-10.405232,188.432513,0,34.691713,-77.484671,146.868096
z_gc_1y_kilianfix,4.204,stoxx,26,12.163204,29.585632,-36.500830,60.827238,-61.800875,80.210157,0,-7.761864,-108.827830,93.304102
z_gc_1y_kilianfix,4.204,stoxx,27,-10.776822,34.192756,-67.018901,45.465258,-104.806902,61.027967,0,-24.259451,-132.306461,83.787558
z_gc_1y_kilianfix,4.204,stoxx,28,-8.132992,34.768533,-65.322139,49.056156,-93.315897,63.142501,0,-22.109531,-121.385565,77.166503
z_gc_1y_kilianfix,4.204,stoxx,29,-3.428286,38.195810,-66.254803,59.398231,-97.008021,74.873125,0,-12.693362,-107.631478,82.244755
z_gc_1y_kilianfix,4.204,stoxx,30,16.853525,40.623982,-49.966980,83.674029,-64.394440,120.444680,0,23.178412,-74.794512,121.151336
z_gc_1y_kilianfix,4.204,stoxx,31,16.318841,44.613213,-57.063365,89.701047,-77.368907,121.159893,0,29.717017,-73.724926,133.158960
z_gc_1y_kilianfix,4.204,stoxx,32,8.224864,42.827134,-62.219502,78.669230,-81.712117,106.727271,0,25.266847,-75.421424,125.955118
z_gc_1y_kilianfix,4.204,stoxx,33,10.046245,45.101671,-64.139402,84.231893,-109.473184,93.484337,0,31.390397,-69.670605,132.451398
z_gc_1y_kilianfix,4.204,stoxx,34,22.175957,52.213443,-63.707513,108.059427,-110.968321,118.770826,0,51.335563,-52.654758,155.325884
z_gc_1y_kilianfix,4.204,stoxx,35,32.443659,51.456040,-52.193996,117.081314,-96.196442,130.210136,0,57.974512,-50.772016,166.721041
z_gc_1y_kilianfix,4.204,stoxx,36,28.493937,61.276274,-72.296565,129.284440,-124.696748,138.791231,0,51.956348,-49.079636,152.992332
z_gc_1y_kilianfix,4.204,stoxx,37,58.380530,73.901351,-63.176375,179.937435,-78.336969,239.438840,0,79.790125,-30.092775,189.673025
z_gc_1y_kilianfix,4.204,stoxx,38,84.456658,67.107865,-25.925958,194.839274,-32.982106,245.515535,0,103.892615,-19.433986,227.219217
z_gc_1y_kilianfix,4.204,stoxx,39,66.883840,59.431203,-30.871791,164.639470,-57.921688,185.746247,0,87.038260,-28.866240,202.942759
z_gc_1y_kilianfix,4.204,stoxx,40,39.849974,49.352504,-41.327671,121.027618,-68.725534,131.152105,0,53.597364,-44.943148,152.137875
z_gc_1y_kilianfix,4.204,stoxx,41,16.516522,53.136304,-70.884920,103.917965,-129.608314,96.220978,0,28.936188,-60.854030,118.726407
z_gc_1y_kilianfix,4.204,stoxx,42,25.209144,52.124369,-60.527813,110.946102,-118.132871,103.395698,0,37.752988,-51.338425,126.844401
z_gc_1y_kilianfix,4.204,stoxx,43,18.453866,57.622220,-76.326251,113.233984,-148.650572,99.124974,0,29.239584,-63.633229,122.112397
z_gc_1y_kilianfix,4.204,stoxx,44,8.641358,60.160433,-90.313749,107.596465,-171.839942,89.857943,0,19.664340,-72.808055,112.136735
z_gc_1y_kilianfix,4.204,stoxx,45,21.904482,54.336533,-67.471162,111.280126,-111.220025,111.559762,0,31.388993,-57.874187,120.652173
z_gc_1y_kilianfix,4.204,stoxx,46,14.760442,53.960500,-73.996681,103.517566,-117.442782,109.191317,0,19.797144,-69.151815,108.746104
z_gc_1y_kilianfix,4.204,stoxx,47,5.737180,53.807888,-82.768920,94.243279,-147.615301,86.449012,0,8.444614,-80.041115,96.930342
z_gc_1y_kilianfix,4.204,stoxx,48,3.370111,45.877646,-72.091901,78.832123,-134.262826,67.598815,0,2.951308,-85.941414,91.844029
z_gcs_1y_sum,14.634,i1y,0,1.000000,0.000000,1.000000,1.000000,1.000000,1.000000,0,1.000000,1.000000,1.000000
z_gcs_1y_sum,14.634,i1y,1,1.088970,0.435691,0.372322,1.805618,0.239372,1.807860,0,1.185164,0.393026,1.977301
z_gcs_1y_sum,14.634,i1y,2,0.511393,0.707631,-0.652556,1.675343,-1.116158,1.502077,0,0.669651,-0.803248,2.142551
z_gcs_1y_sum,14.634,i1y,3,0.714946,0.815807,-0.626937,2.056829,-1.202200,1.857075,0,1.013064,-0.810660,2.836787
z_gcs_1y_sum,14.634,i1y,4,0.922515,0.914975,-0.582486,2.427515,-1.136180,2.294978,0,1.200198,-1.127277,3.527674
z_gcs_1y_sum,14.634,i1y,5,0.697434,1.065455,-1.055083,2.449952,-1.433476,2.508708,0,0.688396,-2.266192,3.642985
z_gcs_1y_sum,14.634,i1y,6,0.416267,1.111640,-1.412218,2.244752,-1.695848,2.361637,0,0.234974,-3.236659,3.706606
z_gcs_1y_sum,14.634,i1y,7,-0.314336,1.262496,-2.390958,1.762286,-2.649955,1.958157,0,-0.793531,-4.670518,3.083456
z_gcs_1y_sum,14.634,i1y,8,-0.465120,1.572066,-3.050938,2.120699,-3.137632,2.600410,0,-1.145726,-5.076839,2.785387
z_gcs_1y_sum,14.634,i1y,9,-0.230178,1.761713,-3.127938,2.667583,-3.137004,3.293249,0,-1.000029,-4.803775,2.803717
z_gcs_1y_sum,14.634,i1y,10,-0.221391,1.781451,-3.151617,2.708835,-3.160785,3.252438,0,-1.060793,-4.923004,2.801418
z_gcs_1y_sum,14.634,i1y,11,-0.213139,1.866589,-3.283406,2.857127,-3.386341,3.333380,0,-1.080997,-5.167183,3.005188
z_gcs_1y_sum,14.634,i1y,12,-0.267752,1.811033,-3.246637,2.711133,-3.437060,2.992108,0,-0.947360,-5.179193,3.284472
z_gcs_1y_sum,14.634,i1y,13,-0.411854,1.788977,-3.354460,2.530751,-3.721462,2.629406,0,-1.058802,-5.473643,3.356040
z_gcs_1y_sum,14.634,i1y,14,-0.429856,1.887288,-3.534168,2.674455,-4.110067,2.589804,0,-0.943134,-5.486832,3.600564
z_gcs_1y_sum,14.634,i1y,15,-0.301683,2.065814,-3.699644,3.096278,-4.330019,2.900328,0,-0.877593,-5.681678,3.926492
z_gcs_1y_sum,14.634,i1y,16,0.239157,1.974286,-3.008254,3.486568,-3.610700,3.299299,0,-0.073865,-5.043170,4.895439
z_gcs_1y_sum,14.634,i1y,17,0.223773,1.930876,-2.952236,3.399782,-3.444892,3.216631,0,-0.191052,-5.317184,4.935081
z_gcs_1y_sum,14.634,i1y,18,0.632393,1.912580,-2.513520,3.778307,-2.905879,3.596892,0,0.071605,-5.298075,5.441284
z_gcs_1y_sum,14.634,i1y,19,0.973508,1.911026,-2.169850,4.116866,-2.466339,4.031150,0,0.247784,-5.158713,5.654282
z_gcs_1y_sum,14.634,i1y,20,0.971853,1.928576,-2.200371,4.144078,-2.499583,4.057575,0,0.036022,-5.422525,5.494568
z_gcs_1y_sum,14.634,i1y,21,1.252027,2.026270,-2.080890,4.584944,-2.395258,4.494058,0,0.299030,-5.123918,5.721977
z_gcs_1y_sum,14.634,i1y,22,1.860883,2.150037,-1.675613,5.397380,-2.009184,5.300943,0,0.854481,-4.751940,6.460902
z_gcs_1y_sum,14.634,i1y,23,2.166675,2.049966,-1.205219,5.538569,-1.523264,5.446621,0,1.230586,-4.339179,6.800352
z_gcs_1y_sum,14.634,i1y,24,2.896696,2.046029,-0.468722,6.262114,-0.683855,6.170342,0,2.082493,-3.859863,8.024849
z_gcs_1y_sum,14.634,i1y,25,3.329139,1.952755,0.117142,6.541135,0.009455,6.551185,0,2.449689,-3.745238,8.644615
z_gcs_1y_sum,14.634,i1y,26,3.274325,1.750818,0.394486,6.154164,0.297935,6.163174,0,2.343789,-4.062554,8.750132
z_gcs_1y_sum,14.634,i1y,27,3.058451,1.564596,0.484920,5.631983,0.320408,5.561805,0,2.208045,-4.195557,8.611647
z_gcs_1y_sum,14.634,i1y,28,3.148347,1.454593,0.755755,5.540940,0.675539,5.548425,0,2.323976,-3.800102,8.448055
z_gcs_1y_sum,14.634,i1y,29,3.104465,1.490889,0.652171,5.556759,0.569954,5.638976,0,2.214851,-4.305815,8.735517
z_gcs_1y_sum,14.634,i1y,30,2.897802,1.496283,0.436636,5.358968,0.279307,5.366668,0,2.119674,-4.573349,8.812697
z_gcs_1y_sum,14.634,i1y,31,2.709511,1.504460,0.234895,5.184127,0.076707,5.116647,0,2.101559,-4.571389,8.774507
z_gcs_1y_sum,14.634,i1y,32,2.507048,1.537251,-0.021505,5.035602,-0.106279,5.043513,0,1.996683,-4.732867,8.726232
z_gcs_1y_sum,14.634,i1y,33,2.459378,1.621609,-0.207931,5.126688,-0.297357,5.135033,0,2.091303,-4.696005,8.878612
z_gcs_1y_sum,14.634,i1y,34,2.628059,1.633836,-0.059363,5.315481,-0.067771,5.405581,0,2.490461,-4.284577,9.265499
z_gcs_1y_sum,14.634,i1y,35,2.581725,1.695052,-0.206387,5.369838,-0.215111,5.548067,0,2.354548,-4.385262,9.094357
z_gcs_1y_sum,14.634,i1y,36,2.809396,1.748426,-0.066509,5.685301,0.011914,5.869141,0,2.456903,-4.121651,9.035457
z_gcs_1y_sum,14.634,i1y,37,2.742453,1.823893,-0.257584,5.742490,-0.175776,5.934266,0,2.490273,-4.008961,8.989507
z_gcs_1y_sum,14.634,i1y,38,2.760801,1.838223,-0.262806,5.784408,-0.088444,6.069601,0,2.570915,-3.915258,9.057088
z_gcs_1y_sum,14.634,i1y,39,2.721957,1.941524,-0.471565,5.915479,-0.287405,6.313775,0,2.701903,-3.861950,9.265756
z_gcs_1y_sum,14.634,i1y,40,2.022847,1.907544,-1.114784,5.160478,-0.933846,5.551804,0,1.811453,-4.893815,8.516720
z_gcs_1y_sum,14.634,i1y,41,1.561213,1.828314,-1.446097,4.568522,-1.181259,5.035010,0,1.129982,-5.531547,7.791511
z_gcs_1y_sum,14.634,i1y,42,1.114108,1.769170,-1.795918,4.024134,-1.539647,4.475531,0,0.501078,-5.991052,6.993208
z_gcs_1y_sum,14.634,i1y,43,0.488602,1.719326,-2.339438,3.316642,-2.090387,3.669355,0,-0.353978,-6.681488,5.973531
z_gcs_1y_sum,14.634,i1y,44,0.376544,1.746828,-2.496732,3.249820,-2.243697,3.608175,0,-0.169194,-6.385760,6.047371
z_gcs_1y_sum,14.634,i1y,45,0.293256,1.675565,-2.462803,3.049315,-2.220091,3.476829,0,0.058040,-5.944850,6.060931
z_gcs_1y_sum,14.634,i1y,46,-0.229256,1.677589,-2.988644,2.530132,-2.745640,2.958162,0,-0.247381,-6.324767,5.830005
z_gcs_1y_sum,14.634,i1y,47,0.138327,1.922567,-3.024015,3.300669,-2.649396,3.983462,0,0.567790,-5.642556,6.778136
z_gcs_1y_sum,14.634,i1y,48,0.634280,2.185068,-2.959837,4.228398,-2.534068,5.004417,0,1.032975,-5.345830,7.411780
z_gcs_1y_sum,14.634,ip,0,-1.874047,2.250608,-5.575967,1.827873,-6.262732,1.839456,0,-1.467133,-6.099677,3.165411
z_gcs_1y_sum,14.634,ip,1,-3.447798,4.689651,-11.161588,4.265992,-13.296066,3.821161,0,-3.226930,-12.078142,5.624283
z_gcs_1y_sum,14.634,ip,2,-3.978278,4.524251,-11.420009,3.463453,-13.252992,3.260523,0,-2.867821,-12.659165,6.923523
z_gcs_1y_sum,14.634,ip,3,-7.517261,5.350714,-16.318403,1.283880,-20.894046,-0.293797,0,-7.993014,-19.870801,3.884773
z_gcs_1y_sum,14.634,ip,4,-6.128336,6.389593,-16.638282,4.381609,-21.143880,3.136574,0,-7.550135,-21.787341,6.687070
z_gcs_1y_sum,14.634,ip,5,-4.506321,5.916307,-14.237780,5.225139,-16.634750,5.255586,0,-4.903197,-20.295717,10.489324
z_gcs_1y_sum,14.634,ip,6,-4.503353,5.906434,-14.218572,5.211866,-16.020899,5.832906,0,-6.268280,-23.295653,10.759092
z_gcs_1y_sum,14.634,ip,7,-9.975009,6.853590,-21.248162,1.298144,-24.024870,1.333415,0,-11.346229,-30.383700,7.691241
z_gcs_1y_sum,14.634,ip,8,-9.256254,7.976029,-22.375655,3.863147,-24.410710,4.701797,0,-11.500628,-31.805598,8.804342
z_gcs_1y_sum,14.634,ip,9,-7.399924,7.746316,-20.141479,5.341632,-20.955976,6.930760,0,-10.669238,-30.624010,9.285534
z_gcs_1y_sum,14.634,ip,10,-10.940337,8.634721,-25.143190,3.262515,-26.914572,4.170425,0,-13.444158,-34.446942,7.558626
z_gcs_1y_sum,14.634,ip,11,-6.378904,7.864771,-19.315302,6.557493,-20.142254,7.777684,0,-8.084475,-28.539879,12.370929
z_gcs_1y_sum,14.634,ip,12,-5.904198,6.746653,-17.001454,5.193059,-18.722838,5.227779,0,-8.161346,-27.095878,10.773186
z_gcs_1y_sum,14.634,ip,13,-5.408208,7.586661,-17.887155,7.070738,-20.202197,6.730448,0,-6.753796,-26.130267,12.622675
z_gcs_1y_sum,14.634,ip,14,1.256659,7.247902,-10.665080,13.178397,-12.514356,13.215698,0,1.827820,-17.521332,21.176971
z_gcs_1y_sum,14.634,ip,15,2.349807,7.785884,-10.456832,15.156446,-12.832666,14.417927,0,1.896119,-16.320901,20.113138
z_gcs_1y_sum,14.634,ip,16,6.561927,8.367883,-7.202016,20.325870,-8.918656,20.368934,0,7.146842,-13.269442,27.563127
z_gcs_1y_sum,14.634,ip,17,12.677766,7.727975,-0.033623,25.389154,-0.846191,25.815324,0,12.995319,-8.419030,34.409669
z_gcs_1y_sum,14.634,ip,18,12.786603,7.424428,0.574505,24.998701,0.165075,25.408131,0,11.448081,-10.214967,33.111128
z_gcs_1y_sum,14.634,ip,19,11.814065,7.145663,0.060496,23.567634,0.023722,24.676258,0,9.619806,-11.042069,30.281681
z_gcs_1y_sum,14.634,ip,20,11.512082,7.317198,-0.523636,23.547801,-0.561293,24.317178,0,9.683831,-11.642532,31.010195
z_gcs_1y_sum,14.634,ip,21,10.490335,6.439391,-0.101521,21.082190,-0.456630,21.437299,0,7.973710,-11.842208,27.789628
z_gcs_1y_sum,14.634,ip,22,7.565549,7.297672,-4.438053,19.569152,-5.205377,19.241825,0,5.753324,-13.566723,25.073370
z_gcs_1y_sum,14.634,ip,23,14.976287,7.257748,3.038354,26.914219,3.001003,27.314458,0,13.853473,-6.928876,34.635823
z_gcs_1y_sum,14.634,ip,24,12.802493,6.508315,2.097268,23.507718,2.063774,24.192044,0,11.876312,-9.266553,33.019177
z_gcs_1y_sum,14.634,ip,25,13.478661,6.117189,3.416781,23.540541,3.385299,23.877882,0,12.674602,-9.561275,34.910479
z_gcs_1y_sum,14.634,ip,26,13.475778,5.747254,4.022387,22.929169,3.705447,22.958746,0,12.770138,-10.351584,35.891859
z_gcs_1y_sum,14.634,ip,27,6.882854,5.203362,-1.675915,15.441624,-1.962862,15.468402,0,4.842404,-16.753825,26.438633
z_gcs_1y_sum,14.634,ip,28,7.196208,5.532757,-1.904367,16.296783,-1.656203,16.878532,0,6.140370,-16.139199,28.419938
z_gcs_1y_sum,14.634,ip,29,3.696794,6.183838,-6.474714,13.868301,-7.434114,13.281742,0,1.292305,-21.136814,23.721423
z_gcs_1y_sum,14.634,ip,30,1.291588,6.174298,-8.864229,11.447405,-9.513434,11.170465,0,0.029036,-21.058769,21.116842
z_gcs_1y_sum,14.634,ip,31,0.889036,5.963027,-8.919272,10.697343,-8.949959,11.026182,0,1.480455,-19.639197,22.600106
z_gcs_1y_sum,14.634,ip,32,3.663417,6.531575,-7.080067,14.406902,-6.787102,15.093673,0,4.117090,-17.492748,25.726927
z_gcs_1y_sum,14.634,ip,33,-0.010587,6.727545,-11.076414,11.055241,-11.447414,11.089863,0,2.289253,-18.391393,22.969899
z_gcs_1y_sum,14.634,ip,34,1.148871,7.403913,-11.029482,13.327223,-10.697390,14.105718,0,3.665759,-19.088036,26.419553
z_gcs_1y_sum,14.634,ip,35,-2.535130,6.485165,-13.202277,8.132016,-13.235652,8.489650,0,-0.917563,-21.914868,20.079742
z_gcs_1y_sum,14.634,ip,36,-4.391206,6.164167,-14.530359,5.747946,-14.562082,6.087878,0,-2.937635,-24.547882,18.672612
z_gcs_1y_sum,14.634,ip,37,1.367153,6.873268,-9.938367,12.672673,-9.286413,14.082699,0,4.569506,-17.512008,26.651019
z_gcs_1y_sum,14.634,ip,38,-1.468168,6.625832,-12.366692,9.430356,-11.738208,10.458329,0,1.628156,-20.071461,23.327774
z_gcs_1y_sum,14.634,ip,39,0.807713,8.434775,-13.066258,14.681683,-11.422711,16.833786,0,3.933630,-18.735911,26.603170
z_gcs_1y_sum,14.634,ip,40,0.603217,9.327223,-14.738699,15.945133,-12.921256,19.257662,0,5.333569,-17.146944,27.814081
z_gcs_1y_sum,14.634,ip,41,-0.345920,7.459474,-12.615662,11.923822,-11.162157,14.200054,0,4.728080,-18.571920,28.028080
z_gcs_1y_sum,14.634,ip,42,-3.330678,8.823913,-17.844724,11.183368,-15.684157,14.317148,0,0.755231,-21.920191,23.430652
z_gcs_1y_sum,14.634,ip,43,-1.506299,8.559845,-15.585991,12.573393,-13.490082,15.613390,0,4.084638,-19.405946,27.575223
z_gcs_1y_sum,14.634,ip,44,-4.343168,8.266602,-17.940519,9.254183,-16.329742,11.776707,0,2.602382,-20.927284,26.132049
z_gcs_1y_sum,14.634,ip,45,-3.590972,10.495696,-20.854855,13.672912,-17.760161,18.449990,0,4.790442,-18.201117,27.782001
z_gcs_1y_sum,14.634,ip,46,-2.398172,12.718198,-23.317746,18.521402,-19.567740,24.945954,0,4.928604,-18.733616,28.590823
z_gcs_1y_sum,14.634,ip,47,-0.363399,12.733729,-21.308520,20.581722,-17.553933,26.377432,0,8.176878,-14.398966,30.752722
z_gcs_1y_sum,14.634,ip,48,4.854187,14.592398,-19.148172,28.856545,-14.845551,36.227842,0,14.096596,-9.150744,37.343937
z_gcs_1y_sum,14.634,hicp_yoy,0,-0.337053,0.528699,-1.206684,0.532579,-1.526624,0.429560,0,-0.004786,-0.988481,0.978909
z_gcs_1y_sum,14.634,hicp_yoy,1,-0.940906,0.985085,-2.561227,0.679415,-3.108094,0.487468,0,-0.467940,-2.326106,1.390226
z_gcs_1y_sum,14.634,hicp_yoy,2,-0.940133,1.067550,-2.696097,0.815831,-3.235366,0.661193,0,-0.152655,-2.131231,1.825922
z_gcs_1y_sum,14.634,hicp_yoy,3,-0.903253,1.075564,-2.672398,0.865892,-3.269493,0.710092,0,-0.027916,-2.100504,2.044671
z_gcs_1y_sum,14.634,hicp_yoy,4,-1.794346,1.447465,-4.175213,0.586521,-5.268261,0.232104,0,-1.102355,-3.850569,1.645859
z_gcs_1y_sum,14.634,hicp_yoy,5,-2.536697,1.460407,-4.938852,-0.134542,-5.895632,-0.419107,0,-1.974257,-5.123706,1.175191
z_gcs_1y_sum,14.634,hicp_yoy,6,-1.676851,1.508593,-4.158265,0.804564,-4.694037,0.887757,0,-1.368843,-5.101355,2.363668
z_gcs_1y_sum,14.634,hicp_yoy,7,-2.315657,1.749070,-5.192622,0.561307,-5.813797,0.657761,0,-2.232948,-6.308922,1.843027
z_gcs_1y_sum,14.634,hicp_yoy,8,-2.426894,1.715495,-5.248632,0.394845,-5.857884,0.489448,0,-2.594190,-6.670249,1.481869
z_gcs_1y_sum,14.634,hicp_yoy,9,-2.643304,1.842734,-5.674331,0.387723,-6.236635,0.489343,0,-3.117631,-7.415099,1.179836
z_gcs_1y_sum,14.634,hicp_yoy,10,-1.627460,1.832293,-4.641314,1.386395,-4.925588,1.670668,0,-2.259762,-6.708489,2.188966
z_gcs_1y_sum,14.634,hicp_yoy,11,-1.967124,1.664557,-4.705076,0.770829,-5.129782,0.779395,0,-2.589299,-7.442949,2.264350
z_gcs_1y_sum,14.634,hicp_yoy,12,-1.251264,1.527452,-3.763698,1.261171,-4.077049,1.345404,0,-1.258737,-5.875207,3.357733
z_gcs_1y_sum,14.634,hicp_yoy,13,-0.673654,1.653575,-3.393543,2.046236,-3.567411,2.220103,0,-0.856072,-5.788747,4.076603
z_gcs_1y_sum,14.634,hicp_yoy,14,-0.945752,1.615952,-3.603756,1.712252,-3.935263,1.720568,0,-1.406922,-6.130909,3.317065
z_gcs_1y_sum,14.634,hicp_yoy,15,-0.939123,1.658383,-3.666919,1.788674,-4.007131,1.797208,0,-1.370477,-6.031779,3.290825
z_gcs_1y_sum,14.634,hicp_yoy,16,-0.587610,1.622068,-3.255674,2.080454,-3.345125,2.251008,0,-1.010817,-5.590838,3.569203
z_gcs_1y_sum,14.634,hicp_yoy,17,0.869310,1.515136,-1.622868,3.361487,-1.706422,3.520798,0,0.449922,-3.956001,4.855846
z_gcs_1y_sum,14.634,hicp_yoy,18,1.469836,1.487873,-0.977498,3.917170,-1.059549,4.073614,0,1.234956,-2.859139,5.329050
z_gcs_1y_sum,14.634,hicp_yoy,19,2.381206,1.496317,-0.080016,4.842428,-0.237348,4.924944,0,1.936281,-2.213263,6.085826
z_gcs_1y_sum,14.634,hicp_yoy,20,3.050829,1.554545,0.493831,5.607828,0.485831,5.771283,0,2.634516,-1.497655,6.766687
z_gcs_1y_sum,14.634,hicp_yoy,21,3.483535,1.706349,0.676840,6.290230,0.582741,6.384329,0,3.203824,-0.603791,7.011438
z_gcs_1y_sum,14.634,hicp_yoy,22,2.629074,1.770273,-0.282767,5.540915,-0.468904,5.461512,0,1.917275,-1.631710,5.466260
z_gcs_1y_sum,14.634,hicp_yoy,23,3.960207,1.441886,1.588516,6.331898,1.653190,6.483507,0,3.439001,-0.140349,7.018351
z_gcs_1y_sum,14.634,hicp_yoy,24,4.072948,1.701240,1.274658,6.871238,1.436027,7.135179,0,3.233620,-0.392646,6.859885
z_gcs_1y_sum,14.634,hicp_yoy,25,2.529153,1.471123,0.109371,4.948936,0.175357,5.103619,0,1.555423,-1.980943,5.091790
z_gcs_1y_sum,14.634,hicp_yoy,26,3.327448,1.080724,1.549815,5.105081,1.706362,5.326788,0,2.682662,-0.821467,6.186792
z_gcs_1y_sum,14.634,hicp_yoy,27,3.040726,0.963807,1.455405,4.626047,1.595016,4.871958,0,2.185335,-1.191245,5.561914
z_gcs_1y_sum,14.634,hicp_yoy,28,3.296522,0.938563,1.752723,4.840321,1.841749,4.985936,0,2.294787,-0.919705,5.509279
z_gcs_1y_sum,14.634,hicp_yoy,29,2.598730,0.817872,1.253451,3.944009,1.331029,4.111792,0,1.596499,-2.077334,5.270332
z_gcs_1y_sum,14.634,hicp_yoy,30,2.051795,0.824794,0.695129,3.408461,0.649645,3.412706,0,0.920675,-2.535793,4.377143
z_gcs_1y_sum,14.634,hicp_yoy,31,1.034241,0.813750,-0.304259,2.372742,-0.430509,2.336242,0,-0.222232,-3.965368,3.520904
z_gcs_1y_sum,14.634,hicp_yoy,32,1.232193,0.902095,-0.251621,2.716007,-0.436682,2.585335,0,0.270733,-3.308254,3.849721
z_gcs_1y_sum,14.634,hicp_yoy,33,1.246846,0.960159,-0.332475,2.826167,-0.529448,2.735093,0,0.653337,-3.104709,4.411383
z_gcs_1y_sum,14.634,hicp_yoy,34,1.164169,1.025262,-0.522237,2.850576,-0.732566,2.753326,0,0.787178,-2.960056,4.534413
z_gcs_1y_sum,14.634,hicp_yoy,35,0.724763,1.075872,-1.044889,2.494415,-1.265600,2.338571,0,0.076591,-3.678318,3.831500
z_gcs_1y_sum,14.634,hicp_yoy,36,0.177469,1.053655,-1.555639,1.910578,-1.824475,1.757952,0,-0.111673,-3.817141,3.593795
z_gcs_1y_sum,14.634,hicp_yoy,37,0.069384,0.904253,-1.417979,1.556748,-1.648696,1.380551,0,-0.499252,-4.039350,3.040845
z_gcs_1y_sum,14.634,hicp_yoy,38,-0.574533,0.980913,-2.187991,1.038926,-2.536358,0.798746,0,-1.015826,-4.841387,2.809735
z_gcs_1y_sum,14.634,hicp_yoy,39,0.280980,0.840259,-1.101122,1.663083,-1.273498,1.541368,0,0.029801,-3.998206,4.057808
z_gcs_1y_sum,14.634,hicp_yoy,40,0.629442,0.875055,-0.809895,2.068779,-1.033162,1.942025,0,0.334584,-4.027801,4.696970
z_gcs_1y_sum,14.634,hicp_yoy,41,0.825913,1.061362,-0.919872,2.571699,-1.137607,2.417956,0,0.290000,-3.986425,4.566424
z_gcs_1y_sum,14.634,hicp_yoy,42,1.045923,0.964492,-0.540525,2.632371,-0.641938,2.637334,0,0.284807,-3.925902,4.495516
z_gcs_1y_sum,14.634,hicp_yoy,43,1.744104,1.140801,-0.132347,3.620555,-0.138218,3.683466,0,1.211084,-3.105389,5.527557
z_gcs_1y_sum,14.634,hicp_yoy,44,2.572712,1.369600,0.319920,4.825504,0.518312,5.174953,0,2.374596,-2.601354,7.350546
z_gcs_1y_sum,14.634,hicp_yoy,45,1.659099,1.057733,-0.080717,3.398915,0.125386,3.774565,0,1.387075,-3.302465,6.076614
z_gcs_1y_sum,14.634,hicp_yoy,46,0.747444,1.311587,-1.409924,2.904813,-1.154357,3.370619,0,0.300919,-4.827555,5.429392
z_gcs_1y_sum,14.634,hicp_yoy,47,0.342728,1.344475,-1.868737,2.554193,-1.539537,3.098902,0,0.017108,-4.741110,4.775326
z_gcs_1y_sum,14.634,hicp_yoy,48,0.900864,1.700658,-1.896470,3.698198,-1.395025,4.557279,0,0.109006,-4.295122,4.513133
z_gcs_1y_sum,14.634,stoxx,0,-1.119752,14.861583,-25.564881,23.325377,-28.613680,24.888019,0,0.767860,-25.690829,27.226549
z_gcs_1y_sum,14.634,stoxx,1,12.661136,19.815917,-19.933146,45.255418,-20.035126,51.302173,0,19.398875,-19.231206,58.028957
z_gcs_1y_sum,14.634,stoxx,2,5.335306,19.303098,-26.415465,37.086077,-30.375425,40.080883,0,9.075240,-27.360403,45.510882
z_gcs_1y_sum,14.634,stoxx,3,13.077758,33.140627,-41.433723,67.589239,-46.575371,74.387919,0,20.119103,-40.427289,80.665494
z_gcs_1y_sum,14.634,stoxx,4,35.429446,41.358111,-32.598593,103.457486,-28.675626,126.417291,0,50.956679,-31.251052,133.164410
z_gcs_1y_sum,14.634,stoxx,5,-4.376435,35.383177,-62.576582,53.823711,-68.066153,62.851600,0,5.117058,-78.843797,89.077913
z_gcs_1y_sum,14.634,stoxx,6,-20.240711,34.240864,-76.561919,36.080498,-81.874265,43.104887,0,-21.289707,-111.068855,68.489441
z_gcs_1y_sum,14.634,stoxx,7,-19.885669,31.976309,-72.482017,32.710679,-74.245394,44.066949,0,-24.521136,-105.389080,56.346807
z_gcs_1y_sum,14.634,stoxx,8,-9.299033,33.324604,-64.113130,45.515063,-64.284630,57.350176,0,-16.120816,-103.998662,71.757030
z_gcs_1y_sum,14.634,stoxx,9,-2.998549,37.404065,-64.522760,58.525663,-64.715255,71.809581,0,1.433143,-90.888781,93.755067
z_gcs_1y_sum,14.634,stoxx,10,-0.695909,36.330615,-60.454453,59.062635,-62.457955,68.332259,0,7.979030,-84.527889,100.485949
z_gcs_1y_sum,14.634,stoxx,11,15.939270,39.987753,-49.834730,81.713271,-56.038685,87.917226,0,30.220630,-73.753244,134.194505
z_gcs_1y_sum,14.634,stoxx,12,22.748813,45.383432,-51.900291,97.397916,-58.941366,102.169819,0,39.628440,-74.378870,153.635749
z_gcs_1y_sum,14.634,stoxx,13,27.335089,43.634385,-44.437087,99.107266,-55.570242,99.331824,0,43.491054,-76.898513,163.880622
z_gcs_1y_sum,14.634,stoxx,14,20.872214,39.513681,-44.122008,85.866435,-56.179464,84.094103,0,38.234278,-71.708153,148.176710
z_gcs_1y_sum,14.634,stoxx,15,11.105739,37.002321,-49.757663,71.969141,-59.198671,70.309453,0,28.462407,-74.568535,131.493349
z_gcs_1y_sum,14.634,stoxx,16,23.251464,34.088935,-32.819844,79.322772,-38.108619,79.498206,0,46.695545,-49.680010,143.071101
z_gcs_1y_sum,14.634,stoxx,17,37.852274,32.513961,-15.628432,91.332980,-19.047157,93.126007,0,56.067899,-38.924734,151.060531
z_gcs_1y_sum,14.634,stoxx,18,29.173933,29.673884,-19.635262,77.983129,-24.239058,78.135842,0,40.062385,-51.614775,131.739546
z_gcs_1y_sum,14.634,stoxx,19,21.467037,25.994468,-21.290057,64.224132,-22.723558,65.657632,0,31.275955,-56.949063,119.500973
z_gcs_1y_sum,14.634,stoxx,20,16.956334,26.369371,-26.417421,60.330089,-26.553127,63.102733,0,18.493000,-68.712894,105.698895
z_gcs_1y_sum,14.634,stoxx,21,33.014690,24.597639,-7.444826,73.474206,-6.341533,77.290440,0,36.975281,-52.690324,126.640885
z_gcs_1y_sum,14.634,stoxx,22,42.240753,22.563541,5.127030,79.354475,7.267263,83.983304,0,46.391356,-43.800099,136.582812
z_gcs_1y_sum,14.634,stoxx,23,19.852272,25.430944,-21.977908,61.682453,-22.108786,64.356424,0,17.629289,-69.026231,104.284810
z_gcs_1y_sum,14.634,stoxx,24,16.337427,24.483818,-23.934870,56.609724,-24.060873,59.184108,0,17.288063,-68.492055,103.068182
z_gcs_1y_sum,14.634,stoxx,25,24.118891,22.930672,-13.598707,61.836489,-12.570183,64.247566,0,19.185450,-71.166327,109.537227
z_gcs_1y_sum,14.634,stoxx,26,2.452639,21.645623,-33.151242,38.056520,-33.262638,39.250197,0,-13.114850,-97.310980,71.081280
z_gcs_1y_sum,14.634,stoxx,27,-24.987423,23.769250,-64.084359,14.109513,-66.583610,13.043376,0,-33.845282,-122.630435,54.939871
z_gcs_1y_sum,14.634,stoxx,28,-12.229571,21.540379,-47.660342,23.201200,-48.848216,23.312055,0,-18.284598,-99.333464,62.764268
z_gcs_1y_sum,14.634,stoxx,29,-26.633527,25.227115,-68.128439,14.861384,-69.519623,14.991213,0,-30.507525,-110.199715,49.184664
z_gcs_1y_sum,14.634,stoxx,30,-20.570057,27.425529,-65.681038,24.540925,-67.193456,26.053343,0,-12.663708,-90.782905,65.455489
z_gcs_1y_sum,14.634,stoxx,31,-15.650411,28.228434,-62.082054,30.781231,-63.638750,30.926505,0,-1.055735,-79.859629,77.748160
z_gcs_1y_sum,14.634,stoxx,32,-28.721193,26.880413,-72.935538,15.493153,-77.105936,14.287469,0,-12.071843,-87.730898,63.587211
z_gcs_1y_sum,14.634,stoxx,33,-17.818311,26.687896,-61.715993,26.079371,-61.853339,27.551112,0,4.851526,-73.120476,82.823528
z_gcs_1y_sum,14.634,stoxx,34,-19.168667,27.927753,-65.105733,26.768398,-63.853072,31.101287,0,7.183921,-69.099906,83.467749
z_gcs_1y_sum,14.634,stoxx,35,-28.137083,26.943160,-72.454637,16.180471,-71.246138,19.013446,0,-4.643389,-81.581261,72.294482
z_gcs_1y_sum,14.634,stoxx,36,-14.889357,35.488305,-73.262424,43.483710,-68.121814,50.764007,0,9.043742,-64.771420,82.858905
z_gcs_1y_sum,14.634,stoxx,37,-3.456008,42.959404,-74.117940,67.205924,-67.895115,76.018890,0,16.342491,-55.846869,88.531851
z_gcs_1y_sum,14.634,stoxx,38,8.062723,44.590055,-65.281390,81.406836,-56.592856,92.783827,0,25.545914,-46.528008,97.619836
z_gcs_1y_sum,14.634,stoxx,39,8.577167,47.556025,-69.645533,86.799866,-58.001268,103.689216,0,28.159294,-43.990927,100.309516
z_gcs_1y_sum,14.634,stoxx,40,-7.583792,36.687082,-67.928671,52.761087,-58.945706,67.624725,0,11.366212,-58.756481,81.488906
z_gcs_1y_sum,14.634,stoxx,41,-6.883490,40.939983,-74.223770,60.456789,-64.199466,74.996476,0,15.083710,-57.096269,87.263689
z_gcs_1y_sum,14.634,stoxx,42,4.472254,43.084941,-66.396167,75.340674,-55.846663,90.642135,0,26.228251,-42.430106,94.886609
z_gcs_1y_sum,14.634,stoxx,43,7.414999,41.558551,-60.942735,75.772732,-50.766973,90.532101,0,33.708392,-37.307827,104.724611
z_gcs_1y_sum,14.634,stoxx,44,4.411372,41.664811,-64.121144,72.943887,-53.919364,87.740994,0,30.824615,-35.606280,97.255511
z_gcs_1y_sum,14.634,stoxx,45,13.150018,42.714399,-57.108916,83.408952,-44.514421,102.850256,0,38.331091,-31.146930,107.809112
z_gcs_1y_sum,14.634,stoxx,46,0.538825,43.959473,-71.768073,72.845723,-58.806463,92.853717,0,23.391243,-43.887903,90.670389
z_gcs_1y_sum,14.634,stoxx,47,-2.305728,45.242865,-76.723619,72.112163,-63.383596,94.966432,0,22.039404,-42.886284,86.965092
z_gcs_1y_sum,14.634,stoxx,48,-3.805141,38.765992,-67.569524,59.959242,-56.139230,79.541742,0,17.778987,-43.661371,79.219346
z_gc_1y_jk_kilianfix,5.730,i1y,0,1.000000,0.000000,1.000000,1.000000,1.000000,1.000000,0,1.000000,1.000000,1.000000
z_gc_1y_jk_kilianfix,5.730,i1y,1,1.008047,0.626974,-0.023234,2.039327,-1.531199,1.760416,0,1.107784,0.108372,2.107195
z_gc_1y_jk_kilianfix,5.730,i1y,2,-0.011853,1.340913,-2.217458,2.193752,-6.582325,1.396105,0,0.217519,-1.860974,2.296013
z_gc_1y_jk_kilianfix,5.730,i1y,3,-0.249036,1.683860,-3.018739,2.520667,-8.584143,1.519017,0,0.062490,-2.626081,2.751062
z_gc_1y_jk_kilianfix,5.730,i1y,4,0.358094,1.631772,-2.325933,3.042120,-7.229647,2.234632,0,0.612236,-2.272935,3.497406
z_gc_1y_jk_kilianfix,5.730,i1y,5,-0.192931,1.956398,-3.410920,3.025058,-9.192363,2.154747,0,-0.170635,-4.032821,3.691551
z_gc_1y_jk_kilianfix,5.730,i1y,6,-0.725158,2.128508,-4.226242,2.775926,-10.941997,1.829052,0,-0.915518,-5.621421,3.790385
z_gc_1y_jk_kilianfix,5.730,i1y,7,-1.919546,2.454479,-5.956805,2.117714,-14.437390,0.780382,0,-2.456698,-8.035826,3.122430
z_gc_1y_jk_kilianfix,5.730,i1y,8,-2.953557,2.873645,-7.680281,1.773168,-18.183873,0.207452,0,-3.693436,-9.800069,2.413197
z_gc_1y_jk_kilianfix,5.730,i1y,9,-3.445951,3.023579,-8.419296,1.527395,-19.924459,-0.271192,0,-4.204241,-10.400443,1.991962
z_gc_1y_jk_kilianfix,5.730,i1y,10,-3.909566,3.110477,-9.025845,1.206713,-20.861665,-0.643565,0,-4.698717,-10.965445,1.568011
z_gc_1y_jk_kilianfix,5.730,i1y,11,-4.603020,3.424315,-10.235517,1.029476,-23.265535,-1.007490,0,-5.583384,-12.214651,1.047882
z_gc_1y_jk_kilianfix,5.730,i1y,12,-5.256955,3.469001,-10.962954,0.449045,-22.948861,-1.614503,0,-6.206205,-12.775701,0.363291
z_gc_1y_jk_kilianfix,5.730,i1y,13,-5.954740,3.711007,-12.058803,0.149323,-24.880874,-2.058183,0,-7.097306,-14.160187,-0.034424
z_gc_1y_jk_kilianfix,5.730,i1y,14,-6.172036,3.954779,-12.677068,0.332997,-26.341408,-2.019518,0,-7.223225,-14.531932,0.085481
z_gc_1y_jk_kilianfix,5.730,i1y,15,-5.716054,3.863692,-12.071261,0.639153,-24.648142,-1.659177,0,-6.876103,-14.254953,0.502747
z_gc_1y_jk_kilianfix,5.730,i1y,16,-5.021215,3.634160,-10.998876,0.956447,-21.556644,-1.023639,0,-6.044076,-13.314699,1.226548
z_gc_1y_jk_kilianfix,5.730,i1y,17,-4.777049,3.422466,-10.406506,0.852407,-17.953545,-0.841213,0,-5.867637,-13.021549,1.286275
z_gc_1y_jk_kilianfix,5.730,i1y,18,-4.320951,3.042098,-9.324757,0.682855,-14.968294,-0.670433,0,-5.486615,-12.514309,1.541079
z_gc_1y_jk_kilianfix,5.730,i1y,19,-4.125679,2.951902,-8.981126,0.729768,-14.162146,-0.583397,0,-5.296476,-12.291649,1.698698
z_gc_1y_jk_kilianfix,5.730,i1y,20,-3.715128,2.917721,-8.514353,1.084096,-13.489495,-0.067977,0,-4.944137,-11.941487,2.053213
z_gc_1y_jk_kilianfix,5.730,i1y,21,-2.907204,2.601567,-7.186401,1.371994,-11.492376,0.474834,0,-4.000386,-10.805870,2.805099
z_gc_1y_jk_kilianfix,5.730,i1y,22,-2.442860,2.496071,-6.548531,1.662811,-10.180679,0.926836,0,-3.691722,-10.487157,3.103713
z_gc_1y_jk_kilianfix,5.730,i1y,23,-1.941419,2.438216,-5.951927,2.069089,-8.768423,1.715905,0,-3.106622,-9.829814,3.616570
z_gc_1y_jk_kilianfix,5.730,i1y,24,-1.121007,2.320056,-4.937160,2.695146,-7.501162,2.475081,0,-2.260239,-9.377016,4.856537
z_gc_1y_jk_kilianfix,5.730,i1y,25,-1.008602,2.219683,-4.659655,2.642451,-7.445681,2.209938,0,-2.351310,-9.859492,5.156872
z_gc_1y_jk_kilianfix,5.730,i1y,26,-1.732938,2.421666,-5.716225,2.250348,-8.876854,1.657394,0,-3.314760,-11.338957,4.709437
z_gc_1y_jk_kilianfix,5.730,i1y,27,-2.351631,2.656931,-6.721893,2.018631,-10.056730,1.368072,0,-4.035208,-12.148346,4.077931
z_gc_1y_jk_kilianfix,5.730,i1y,28,-2.606945,2.836540,-7.272638,2.058747,-10.691083,1.506037,0,-4.299263,-12.248101,3.649576
z_gc_1y_jk_kilianfix,5.730,i1y,29,-2.985599,3.133180,-8.139222,2.168023,-11.445185,1.557512,0,-4.892448,-13.072739,3.287843
z_gc_1y_jk_kilianfix,5.730,i1y,30,-3.217195,3.231337,-8.532271,2.097880,-11.941804,1.468243,0,-5.205300,-13.485746,3.075146
z_gc_1y_jk_kilianfix,5.730,i1y,31,-2.833512,2.863589,-7.543697,1.876672,-10.708381,1.318691,0,-4.781572,-12.649560,3.086417
z_gc_1y_jk_kilianfix,5.730,i1y,32,-2.267010,2.677243,-6.670683,2.136662,-9.629428,1.614992,0,-4.051331,-11.596767,3.494106
z_gc_1y_jk_kilianfix,5.730,i1y,33,-1.671220,2.578196,-5.911976,2.569536,-8.761260,2.067165,0,-3.358260,-10.678017,3.961498
z_gc_1y_jk_kilianfix,5.730,i1y,34,-0.969313,2.162125,-4.525692,2.587066,-6.698945,2.165768,0,-2.527024,-9.529814,4.475766
z_gc_1y_jk_kilianfix,5.730,i1y,35,-0.549039,1.826010,-3.552558,2.454480,-5.387965,2.189976,0,-2.234946,-9.001796,4.531904
z_gc_1y_jk_kilianfix,5.730,i1y,36,0.061464,1.667946,-2.682062,2.804991,-4.025002,2.730177,0,-1.700486,-8.298908,4.897935
z_gc_1y_jk_kilianfix,5.730,i1y,37,0.515115,1.688796,-2.262707,3.292936,-3.453555,3.301627,0,-1.061378,-7.642699,5.519944
z_gc_1y_jk_kilianfix,5.730,i1y,38,1.104112,1.672083,-1.646219,3.854444,-2.323658,4.030257,0,-0.313018,-6.876549,6.250513
z_gc_1y_jk_kilianfix,5.730,i1y,39,1.372211,1.762460,-1.526777,4.271200,-2.152708,4.544639,0,0.106626,-6.636234,6.849486
z_gc_1y_jk_kilianfix,5.730,i1y,40,1.092244,1.775521,-1.828228,4.012716,-2.547574,4.110629,0,-0.324220,-7.260072,6.611632
z_gc_1y_jk_kilianfix,5.730,i1y,41,0.973724,1.854913,-2.077337,4.024785,-3.107085,3.941585,0,-0.694140,-7.826378,6.438097
z_gc_1y_jk_kilianfix,5.730,i1y,42,0.793417,1.907320,-2.343846,3.930680,-3.593420,3.749764,0,-0.911293,-8.005807,6.183222
z_gc_1y_jk_kilianfix,5.730,i1y,43,0.390871,1.943452,-2.805823,3.587566,-4.370587,3.208878,0,-1.428845,-8.438601,5.580912
z_gc_1y_jk_kilianfix,5.730,i1y,44,0.406543,1.974732,-2.841602,3.654689,-4.530287,3.171168,0,-1.155974,-8.051409,5.739462
z_gc_1y_jk_kilianfix,5.730,i1y,45,0.614380,1.839753,-2.411744,3.640505,-3.801027,3.282022,0,-0.589423,-6.959447,5.780601
z_gc_1y_jk_kilianfix,5.730,i1y,46,1.120282,2.118077,-2.363644,4.604208,-3.751294,4.191493,0,0.460540,-5.775950,6.697030
z_gc_1y_jk_kilianfix,5.730,i1y,47,2.390679,2.778599,-2.179709,6.961067,-3.722238,6.558577,0,2.189786,-4.358922,8.738495
z_gc_1y_jk_kilianfix,5.730,i1y,48,3.031773,3.216189,-2.258387,8.321932,-3.883033,8.016865,0,2.646787,-4.257659,9.551233
z_gc_1y_jk_kilianfix,5.730,ip,0,0.983251,2.733003,-3.512140,5.478641,-6.942459,5.766007,0,2.882333,-2.515872,8.280537
z_gc_1y_jk_kilianfix,5.730,ip,1,-0.285518,5.221996,-8.874937,8.303901,-18.823603,7.025276,0,1.337128,-7.193273,9.867529
z_gc_1y_jk_kilianfix,5.730,ip,2,-4.600320,8.072654,-17.878655,8.678015,-42.945429,4.279600,0,-1.533878,-14.680228,11.612471
z_gc_1y_jk_kilianfix,5.730,ip,3,-12.694351,10.915240,-30.648323,5.259621,-69.453597,-1.779111,0,-11.113746,-29.705321,7.477829
z_gc_1y_jk_kilianfix,5.730,ip,4,-9.905338,11.381351,-28.625995,8.815319,-67.381162,2.614149,0,-8.784657,-28.366284,10.796971
z_gc_1y_jk_kilianfix,5.730,ip,5,-14.151091,13.858086,-36.945614,8.643431,-88.291849,0.399898,0,-12.399707,-36.776489,11.977074
z_gc_1y_jk_kilianfix,5.730,ip,6,-13.364762,12.232866,-33.486036,6.756511,-78.810593,-0.520253,0,-12.539006,-37.962576,12.884563
z_gc_1y_jk_kilianfix,5.730,ip,7,-21.003560,14.551236,-44.938214,2.931093,-101.035359,-5.724762,0,-20.273348,-49.748627,9.201930
z_gc_1y_jk_kilianfix,5.730,ip,8,-23.586736,16.364865,-50.504544,3.331072,-114.411739,-6.403628,0,-24.482315,-56.935246,7.970616
z_gc_1y_jk_kilianfix,5.730,ip,9,-19.777534,13.469300,-41.932561,2.377492,-93.185218,-5.634769,0,-21.251254,-51.729033,9.226525
z_gc_1y_jk_kilianfix,5.730,ip,10,-22.298055,14.642358,-46.382591,1.786481,-99.902554,-6.191461,0,-21.818132,-51.961388,8.325125
z_gc_1y_jk_kilianfix,5.730,ip,11,-22.023222,14.604220,-46.045027,1.998583,-101.616223,-6.688790,0,-23.117277,-52.045902,5.811347
z_gc_1y_jk_kilianfix,5.730,ip,12,-26.134019,15.283208,-51.272659,-0.995379,-107.135021,-10.850811,0,-27.971563,-55.765406,-0.177719
z_gc_1y_jk_kilianfix,5.730,ip,13,-29.260410,15.267648,-54.373457,-4.147364,-110.178946,-13.992762,0,-29.988432,-58.678293,-1.298570
z_gc_1y_jk_kilianfix,5.730,ip,14,-22.258474,13.044436,-43.714662,-0.802286,-88.132876,-8.561816,0,-22.872072,-48.604386,2.860242
z_gc_1y_jk_kilianfix,5.730,ip,15,-21.880905,11.923456,-41.493246,-2.268565,-79.113497,-8.765103,0,-22.912001,-48.064362,2.240360
z_gc_1y_jk_kilianfix,5.730,ip,16,-16.803448,10.708352,-34.417120,0.810223,-59.101439,-2.882591,0,-17.864004,-42.094448,6.366440
z_gc_1y_jk_kilianfix,5.730,ip,17,-8.205295,9.205003,-23.346177,6.935588,-33.058802,6.982960,0,-10.670144,-33.152228,11.811940
z_gc_1y_jk_kilianfix,5.730,ip,18,-8.401797,9.257166,-23.628480,6.824887,-31.544712,7.335386,0,-11.494857,-35.230106,12.240393
z_gc_1y_jk_kilianfix,5.730,ip,19,-3.516302,8.453957,-17.421823,10.389219,-22.537705,12.123518,0,-7.450319,-31.298513,16.397875
z_gc_1y_jk_kilianfix,5.730,ip,20,-6.753535,8.540431,-20.801293,7.294223,-26.396525,9.046262,0,-10.454492,-34.396325,13.487341
z_gc_1y_jk_kilianfix,5.730,ip,21,-10.036896,9.473367,-25.619198,5.545406,-35.141319,5.120491,0,-14.468919,-38.989182,10.051345
z_gc_1y_jk_kilianfix,5.730,ip,22,-6.610542,9.316171,-21.934280,8.713196,-28.037736,10.624375,0,-9.721137,-33.950050,14.507776
z_gc_1y_jk_kilianfix,5.730,ip,23,3.693694,9.518509,-11.962860,19.350249,-12.487771,27.014042,0,2.092147,-22.700523,26.884816
z_gc_1y_jk_kilianfix,5.730,ip,24,0.404112,9.347247,-14.970741,15.778965,-18.290382,20.033331,0,-1.869930,-27.962749,24.222889
z_gc_1y_jk_kilianfix,5.730,ip,25,2.482367,8.941830,-12.225635,17.190369,-13.165836,23.942760,0,-0.751100,-25.910622,24.408422
z_gc_1y_jk_kilianfix,5.730,ip,26,-1.481823,9.520192,-17.141145,14.177498,-21.474226,17.558560,0,-5.376751,-31.094101,20.340599
z_gc_1y_jk_kilianfix,5.730,ip,27,-3.192507,9.448053,-18.733172,12.348157,-24.450627,14.286391,0,-7.929948,-33.470419,17.610524
z_gc_1y_jk_kilianfix,5.730,ip,28,-5.437930,10.823438,-23.240902,12.365041,-29.790666,14.585430,0,-9.921213,-36.184056,16.341631
z_gc_1y_jk_kilianfix,5.730,ip,29,-8.735297,10.705982,-26.345070,8.874476,-31.753158,11.070769,0,-15.036458,-41.231969,11.159054
z_gc_1y_jk_kilianfix,5.730,ip,30,-6.768836,10.239328,-23.611032,10.073360,-29.807325,11.661955,0,-11.530395,-35.672782,12.611992
z_gc_1y_jk_kilianfix,5.730,ip,31,-5.510452,9.510649,-21.154078,10.133174,-29.287075,9.706587,0,-7.756560,-30.675320,15.162200
z_gc_1y_jk_kilianfix,5.730,ip,32,2.107710,7.977623,-11.014311,15.229732,-11.853130,20.057362,0,-0.346743,-23.539629,22.846143
z_gc_1y_jk_kilianfix,5.730,ip,33,2.283927,6.794122,-8.891409,13.459263,-9.945493,17.230996,0,1.782252,-23.025782,26.590285
z_gc_1y_jk_kilianfix,5.730,ip,34,4.872659,7.991179,-8.271662,18.016979,-10.710141,20.855018,0,4.327492,-23.612139,32.267123
z_gc_1y_jk_kilianfix,5.730,ip,35,6.287866,9.093772,-8.670058,21.245790,-10.535612,25.839476,0,5.784034,-22.963368,34.531436
z_gc_1y_jk_kilianfix,5.730,ip,36,5.243836,10.389597,-11.845531,22.333202,-13.457439,27.581469,0,4.969015,-25.007229,34.945260
z_gc_1y_jk_kilianfix,5.730,ip,37,13.446500,10.929284,-4.530573,31.423573,-4.040355,40.223247,0,14.849507,-16.167583,45.866597
z_gc_1y_jk_kilianfix,5.730,ip,38,11.299818,11.211708,-7.141801,29.741436,-8.320671,34.283819,0,12.962856,-17.055794,42.981506
z_gc_1y_jk_kilianfix,5.730,ip,39,11.951716,13.664017,-10.523593,34.427025,-12.643515,38.596550,0,13.558203,-16.502478,43.618883
z_gc_1y_jk_kilianfix,5.730,ip,40,13.936017,13.382876,-8.076855,35.948889,-9.484016,41.370913,0,16.473899,-13.547426,46.495224
z_gc_1y_jk_kilianfix,5.730,ip,41,11.179606,11.978972,-8.524049,30.883261,-9.184645,35.736498,0,14.155469,-14.837689,43.148626
z_gc_1y_jk_kilianfix,5.730,ip,42,10.646045,13.720848,-11.922742,33.214832,-14.737524,36.715657,0,12.925899,-16.021496,41.873294
z_gc_1y_jk_kilianfix,5.730,ip,43,10.439119,13.132051,-11.161184,32.039421,-13.855177,35.390017,0,14.061799,-14.823772,42.947371
z_gc_1y_jk_kilianfix,5.730,ip,44,9.334742,12.255476,-10.823721,29.493206,-12.725114,33.232919,0,14.368293,-14.577171,43.313758
z_gc_1y_jk_kilianfix,5.730,ip,45,9.712480,13.875232,-13.110246,32.535205,-15.956700,35.381659,0,14.717559,-12.493997,41.929114
z_gc_1y_jk_kilianfix,5.730,ip,46,9.188498,16.217637,-17.487141,35.864137,-21.625013,37.569362,0,14.978568,-12.024510,41.981645
z_gc_1y_jk_kilianfix,5.730,ip,47,10.640169,14.835391,-13.761878,35.042217,-18.288844,35.860335,0,15.649699,-9.615930,40.915327
z_gc_1y_jk_kilianfix,5.730,ip,48,10.948614,16.288580,-15.843717,37.740944,-22.442976,37.824771,0,15.244583,-8.978479,39.467644
z_gc_1y_jk_kilianfix,5.730,hicp_yoy,0,-1.031811,0.997445,-2.672462,0.608841,-5.669932,0.065379,0,-0.172688,-1.544101,1.198724
z_gc_1y_jk_kilianfix,5.730,hicp_yoy,1,-0.383745,1.224491,-2.397853,1.630364,-5.404158,1.085645,0,0.911642,-0.897894,2.721177
z_gc_1y_jk_kilianfix,5.730,hicp_yoy,2,-1.528135,2.023163,-4.855942,1.799672,-11.037002,0.697344,0,0.097832,-2.514531,2.710195
z_gc_1y_jk_kilianfix,5.730,hicp_yoy,3,-1.880078,2.074670,-5.292607,1.532451,-11.631029,0.402059,0,-0.489637,-3.433941,2.454666
z_gc_1y_jk_kilianfix,5.730,hicp_yoy,4,-2.175150,2.191794,-5.780330,1.430030,-12.586171,0.345413,0,-1.124441,-4.691185,2.442303
z_gc_1y_jk_kilianfix,5.730,hicp_yoy,5,-2.176577,2.370184,-6.075184,1.722029,-13.316443,0.667644,0,-1.140900,-5.204768,2.922968
z_gc_1y_jk_kilianfix,5.730,hicp_yoy,6,-0.831576,2.187099,-4.429035,2.765882,-10.564169,2.011653,0,-0.146016,-4.864956,4.572925
z_gc_1y_jk_kilianfix,5.730,hicp_yoy,7,-2.206811,2.666057,-6.592084,2.178462,-15.537094,0.859154,0,-1.804630,-7.258891,3.649630
z_gc_1y_jk_kilianfix,5.730,hicp_yoy,8,-3.233480,3.094607,-8.323656,1.856696,-19.480168,0.170588,0,-3.395934,-9.606107,2.814240
z_gc_1y_jk_kilianfix,5.730,hicp_yoy,9,-4.457474,3.600596,-10.379928,1.464980,-24.080724,-0.676848,0,-5.020684,-12.135764,2.094396
z_gc_1y_jk_kilianfix,5.730,hicp_yoy,10,-4.353241,3.679065,-10.404765,1.698283,-24.404148,-0.490222,0,-5.174520,-12.542416,2.193377
z_gc_1y_jk_kilianfix,5.730,hicp_yoy,11,-4.131924,3.711771,-10.237243,1.973395,-24.175485,-0.234565,0,-4.962835,-12.568518,2.642848
z_gc_1y_jk_kilianfix,5.730,hicp_yoy,12,-2.137642,2.601798,-6.417218,2.141934,-13.325371,1.114605,0,-2.451278,-8.976045,4.073489
z_gc_1y_jk_kilianfix,5.730,hicp_yoy,13,-2.560410,2.724891,-7.042457,1.921636,-14.413685,0.845703,0,-3.292282,-10.335988,3.751423
z_gc_1y_jk_kilianfix,5.730,hicp_yoy,14,-2.148085,2.145113,-5.676482,1.380311,-11.479325,0.533306,0,-3.248633,-9.819020,3.321754
z_gc_1y_jk_kilianfix,5.730,hicp_yoy,15,-2.487994,2.274397,-6.229043,1.253056,-12.836498,0.127562,0,-3.402351,-9.710981,2.906279
z_gc_1y_jk_kilianfix,5.730,hicp_yoy,16,-1.961867,1.966614,-5.196659,1.272925,-9.631662,0.594731,0,-2.759253,-8.649445,3.130939
z_gc_1y_jk_kilianfix,5.730,hicp_yoy,17,-1.438179,1.620716,-4.104020,1.227662,-6.462400,0.911859,0,-2.298983,-7.475236,2.877270
z_gc_1y_jk_kilianfix,5.730,hicp_yoy,18,-1.087121,1.390980,-3.375080,1.200838,-5.051415,0.999350,0,-1.819128,-6.374194,2.735938
z_gc_1y_jk_kilianfix,5.730,hicp_yoy,19,0.033421,1.161149,-1.876499,1.943341,-2.346935,2.413776,0,-0.958817,-5.662465,3.744831
z_gc_1y_jk_kilianfix,5.730,hicp_yoy,20,0.727693,1.204785,-1.254002,2.709389,-1.380681,3.619178,0,-0.227877,-4.937578,4.481824
z_gc_1y_jk_kilianfix,5.730,hicp_yoy,21,1.570009,1.783181,-1.363062,4.503080,-1.104762,6.652073,0,0.667216,-4.050827,5.385260
z_gc_1y_jk_kilianfix,5.730,hicp_yoy,22,1.490466,2.063530,-1.903739,4.884670,-1.604829,7.268349,0,0.153076,-4.403499,4.709652
z_gc_1y_jk_kilianfix,5.730,hicp_yoy,23,2.245703,1.773209,-0.670967,5.162373,-0.236790,7.476671,0,1.095955,-3.692982,5.884892
z_gc_1y_jk_kilianfix,5.730,hicp_yoy,24,2.243853,1.628272,-0.434415,4.922122,-0.198554,6.803015,0,0.752373,-3.936142,5.440888
z_gc_1y_jk_kilianfix,5.730,hicp_yoy,25,1.036736,1.775942,-1.884428,3.957900,-1.982365,5.476590,0,-0.497255,-5.536630,4.542120
z_gc_1y_jk_kilianfix,5.730,hicp_yoy,26,0.634696,1.879059,-2.456081,3.725472,-3.123421,4.486766,0,-0.879305,-6.085648,4.327037
z_gc_1y_jk_kilianfix,5.730,hicp_yoy,27,0.582932,2.064083,-2.812182,3.978046,-3.442029,5.020710,0,-1.154934,-6.178258,3.868390
z_gc_1y_jk_kilianfix,5.730,hicp_yoy,28,0.422248,2.177265,-3.159034,4.003530,-3.932282,4.885641,0,-1.401772,-6.350249,3.546705
z_gc_1y_jk_kilianfix,5.730,hicp_yoy,29,-0.264385,2.087407,-3.697864,3.169093,-4.752310,3.701688,0,-2.216717,-7.375945,2.942510
z_gc_1y_jk_kilianfix,5.730,hicp_yoy,30,-0.518067,2.149320,-4.053383,3.017249,-5.031639,3.565640,0,-2.475133,-7.423341,2.473076
z_gc_1y_jk_kilianfix,5.730,hicp_yoy,31,-0.773540,1.664125,-3.510782,1.963701,-4.767440,1.972266,0,-2.799440,-7.499752,1.900871
z_gc_1y_jk_kilianfix,5.730,hicp_yoy,32,-0.083843,1.898925,-3.207297,3.039611,-3.881693,3.619061,0,-1.790051,-6.014085,2.433983
z_gc_1y_jk_kilianfix,5.730,hicp_yoy,33,1.023407,2.089895,-2.414165,4.460978,-2.842899,5.516681,0,-0.083936,-4.166617,3.998745
z_gc_1y_jk_kilianfix,5.730,hicp_yoy,34,1.179417,2.012066,-2.130137,4.488972,-2.241096,5.706567,0,0.303324,-3.700610,4.307258
z_gc_1y_jk_kilianfix,5.730,hicp_yoy,35,0.855035,1.470108,-1.563077,3.273147,-1.570642,4.456799,0,-0.308023,-4.330540,3.714494
z_gc_1y_jk_kilianfix,5.730,hicp_yoy,36,0.070588,1.260825,-2.003285,2.144461,-2.388021,2.592239,0,-0.492007,-4.447988,3.463975
z_gc_1y_jk_kilianfix,5.730,hicp_yoy,37,0.808225,1.035577,-0.895148,2.511597,-0.848698,3.345388,0,0.258754,-3.776450,4.293958
z_gc_1y_jk_kilianfix,5.730,hicp_yoy,38,0.567337,0.820583,-0.782402,1.917076,-0.786625,2.372620,0,0.367835,-4.070594,4.806264
z_gc_1y_jk_kilianfix,5.730,hicp_yoy,39,2.110887,1.451526,-0.276660,4.498435,0.078751,5.739702,0,2.250341,-3.161861,7.662542
z_gc_1y_jk_kilianfix,5.730,hicp_yoy,40,3.205315,1.576200,0.612696,5.797933,1.235064,7.618675,0,3.244792,-2.677570,9.167154
z_gc_1y_jk_kilianfix,5.730,hicp_yoy,41,3.082252,1.756286,0.193419,5.971085,0.799081,7.824223,0,2.834773,-2.955964,8.625510
z_gc_1y_jk_kilianfix,5.730,hicp_yoy,42,3.297936,1.670881,0.549581,6.046290,0.958703,7.475138,0,2.794931,-2.821440,8.411303
z_gc_1y_jk_kilianfix,5.730,hicp_yoy,43,3.739299,1.467656,1.325220,6.153377,1.684581,7.481821,0,3.491467,-1.895992,8.878927
z_gc_1y_jk_kilianfix,5.730,hicp_yoy,44,4.194327,1.502405,1.723092,6.665563,2.015841,7.800098,0,3.947782,-1.514047,9.409611
z_gc_1y_jk_kilianfix,5.730,hicp_yoy,45,3.098244,2.037881,-0.253772,6.450260,-0.264260,7.377794,0,2.685084,-2.529062,7.899229
z_gc_1y_jk_kilianfix,5.730,hicp_yoy,46,2.639138,2.495312,-1.465285,6.743562,-1.602892,7.504997,0,2.147536,-3.358020,7.653092
z_gc_1y_jk_kilianfix,5.730,hicp_yoy,47,1.619535,2.099728,-1.834210,5.073281,-2.474935,5.189073,0,0.826282,-3.980349,5.632914
z_gc_1y_jk_kilianfix,5.730,hicp_yoy,48,2.060500,2.120259,-1.427015,5.548016,-1.861979,5.876967,0,0.936711,-3.435258,5.308681
z_gc_1y_jk_kilianfix,5.730,stoxx,0,-20.899250,18.498428,-51.326457,9.527956,-78.244377,8.698235,0,-20.192822,-53.173614,12.787971
z_gc_1y_jk_kilianfix,5.730,stoxx,1,-37.760266,27.176076,-82.460932,6.940401,-136.952942,-1.072564,0,-36.331056,-86.396920,13.734808
z_gc_1y_jk_kilianfix,5.730,stoxx,2,-39.092499,32.753600,-92.967376,14.782378,-165.193857,5.124860,0,-37.714760,-96.706335,21.276815
z_gc_1y_jk_kilianfix,5.730,stoxx,3,-28.488691,40.106513,-94.458035,37.480653,-166.856162,33.676405,0,-26.962589,-97.408891,43.483713
z_gc_1y_jk_kilianfix,5.730,stoxx,4,-24.929643,50.443507,-107.901829,58.042543,-191.393217,58.302144,0,-19.920316,-109.570913,69.730280
z_gc_1y_jk_kilianfix,5.730,stoxx,5,-68.883149,50.286951,-151.597823,13.831526,-275.059649,1.518583,0,-65.929982,-166.215453,34.355488
z_gc_1y_jk_kilianfix,5.730,stoxx,6,-104.576170,58.017926,-200.007166,-9.145174,-385.963110,-34.954659,0,-113.765721,-229.771106,2.239664
z_gc_1y_jk_kilianfix,5.730,stoxx,7,-118.040479,58.517236,-214.292767,-21.788191,-410.626660,-50.745657,0,-129.667409,-238.065116,-21.269701
z_gc_1y_jk_kilianfix,5.730,stoxx,8,-116.547621,54.796411,-206.679697,-26.415545,-396.009318,-56.271569,0,-123.277439,-229.649669,-16.905209
z_gc_1y_jk_kilianfix,5.730,stoxx,9,-137.015484,65.290499,-244.408798,-29.622171,-483.055127,-65.195936,0,-135.667013,-243.419962,-27.914065
z_gc_1y_jk_kilianfix,5.730,stoxx,10,-146.464155,71.549838,-264.153166,-28.775145,-511.368329,-64.181842,0,-145.861070,-258.735446,-32.986693
z_gc_1y_jk_kilianfix,5.730,stoxx,11,-108.228876,67.488443,-219.237486,2.779734,-391.680335,-13.745056,0,-102.272362,-208.960363,4.415639
z_gc_1y_jk_kilianfix,5.730,stoxx,12,-91.965203,63.143060,-195.826295,11.895890,-319.280220,5.906541,0,-84.621957,-190.898071,21.654157
z_gc_1y_jk_kilianfix,5.730,stoxx,13,-92.977937,60.893479,-193.138796,7.182923,-342.641200,-13.816414,0,-89.059261,-203.660772,25.542250
z_gc_1y_jk_kilianfix,5.730,stoxx,14,-89.081964,57.349967,-183.414266,5.250338,-327.084329,-14.527006,0,-82.673748,-198.911601,33.564105
z_gc_1y_jk_kilianfix,5.730,stoxx,15,-76.135792,50.370967,-158.988660,6.717076,-259.989822,-3.097890,0,-68.020177,-183.279752,47.239398
z_gc_1y_jk_kilianfix,5.730,stoxx,16,-36.297234,39.656947,-101.527107,28.932640,-145.353838,37.068118,0,-21.024088,-126.078176,84.030001
z_gc_1y_jk_kilianfix,5.730,stoxx,17,-17.866017,42.213523,-87.301082,51.569049,-112.846443,66.561029,0,-7.724661,-110.170408,94.721085
z_gc_1y_jk_kilianfix,5.730,stoxx,18,-48.254919,42.719594,-118.522398,22.012560,-161.461842,20.096431,0,-47.680506,-148.606863,53.245851
z_gc_1y_jk_kilianfix,5.730,stoxx,19,-49.107543,42.803248,-119.512622,21.297535,-168.956639,15.097329,0,-48.669683,-149.050457,51.711092
z_gc_1y_jk_kilianfix,5.730,stoxx,20,-44.305135,43.289609,-115.510205,26.899934,-172.009480,16.300317,0,-49.048851,-150.346803,52.249101
z_gc_1y_jk_kilianfix,5.730,stoxx,21,9.387531,38.655548,-54.195188,72.970249,-79.520230,78.967517,0,10.256314,-93.708573,114.221201
z_gc_1y_jk_kilianfix,5.730,stoxx,22,29.597894,36.641165,-30.671459,89.867247,-41.852377,110.208457,0,27.126842,-73.153807,127.407490
z_gc_1y_jk_kilianfix,5.730,stoxx,23,-14.127969,35.853642,-73.101962,44.846024,-107.347438,43.237858,0,-21.381017,-115.445622,72.683589
z_gc_1y_jk_kilianfix,5.730,stoxx,24,-13.217263,32.746476,-67.080423,40.645896,-91.808806,44.089070,0,-20.726073,-116.571730,75.119583
z_gc_1y_jk_kilianfix,5.730,stoxx,25,-8.513985,29.201262,-56.545786,39.517817,-77.136950,44.048287,0,-20.402280,-117.140217,76.335656
z_gc_1y_jk_kilianfix,5.730,stoxx,26,-30.391450,31.141166,-81.614110,20.831211,-130.043182,10.092067,0,-51.296482,-144.978809,42.385845
z_gc_1y_jk_kilianfix,5.730,stoxx,27,-59.128404,41.211880,-126.915915,8.659107,-195.127609,-7.613554,0,-77.863712,-179.137124,23.409699
z_gc_1y_jk_kilianfix,5.730,stoxx,28,-60.820991,44.206682,-133.534512,11.892530,-204.492707,-5.562638,0,-81.723491,-178.518839,15.071857
z_gc_1y_jk_kilianfix,5.730,stoxx,29,-46.801859,38.695309,-110.449978,16.846260,-160.953020,5.436808,0,-64.166619,-152.138260,23.805022
z_gc_1y_jk_kilianfix,5.730,stoxx,30,-23.227060,33.905518,-78.996674,32.542553,-113.076682,27.631216,0,-24.674919,-109.192686,59.842848
z_gc_1y_jk_kilianfix,5.730,stoxx,31,-17.351427,34.821711,-74.628045,39.925191,-106.146791,36.622225,0,-11.569236,-99.830940,76.692467
z_gc_1y_jk_kilianfix,5.730,stoxx,32,-18.768160,32.479725,-72.192553,34.656234,-101.591459,31.575414,0,-8.586303,-97.038570,79.865964
z_gc_1y_jk_kilianfix,5.730,stoxx,33,-14.738644,38.395609,-77.893800,48.416512,-122.246348,39.015208,0,1.714710,-89.217030,92.646450
z_gc_1y_jk_kilianfix,5.730,stoxx,34,10.155813,43.604372,-61.566996,81.878622,-98.855116,77.742590,0,37.066069,-59.334884,133.467023
z_gc_1y_jk_kilianfix,5.730,stoxx,35,17.657078,42.596873,-52.408543,87.722698,-90.964947,83.682230,0,40.188621,-61.724742,142.101983
z_gc_1y_jk_kilianfix,5.730,stoxx,36,4.708600,55.360191,-86.350810,95.768011,-141.995905,87.748886,0,21.031552,-71.777739,113.840843
z_gc_1y_jk_kilianfix,5.730,stoxx,37,30.614973,61.434390,-70.435606,131.665551,-92.253807,150.412033,0,44.222521,-49.464431,137.909472
z_gc_1y_jk_kilianfix,5.730,stoxx,38,45.341453,60.587502,-54.316119,144.999025,-66.745425,163.487082,0,56.252538,-41.920946,154.426022
z_gc_1y_jk_kilianfix,5.730,stoxx,39,41.006401,55.192577,-49.777310,131.790112,-69.378753,137.593412,0,55.224160,-41.258544,151.706865
z_gc_1y_jk_kilianfix,5.730,stoxx,40,26.504721,47.595813,-51.783426,104.792867,-71.066697,107.417603,0,37.680499,-47.813930,123.174928
z_gc_1y_jk_kilianfix,5.730,stoxx,41,7.627177,48.589388,-72.295254,87.549607,-101.698946,85.370197,0,16.932658,-62.847368,96.712684
z_gc_1y_jk_kilianfix,5.730,stoxx,42,11.964396,46.486991,-64.499899,88.428691,-94.955682,84.019231,0,19.744185,-56.553185,96.041556
z_gc_1y_jk_kilianfix,5.730,stoxx,43,9.440507,47.456840,-68.619048,87.500062,-102.083067,80.625767,0,17.973581,-56.969492,92.916654
z_gc_1y_jk_kilianfix,5.730,stoxx,44,6.679404,45.311974,-67.852161,81.210970,-104.334933,72.381767,0,15.476410,-53.717638,84.670458
z_gc_1y_jk_kilianfix,5.730,stoxx,45,5.251691,43.541817,-66.368224,76.871607,-90.540306,72.741508,0,9.084039,-57.762690,75.930769
z_gc_1y_jk_kilianfix,5.730,stoxx,46,3.381277,44.607273,-69.991158,76.753712,-90.293997,74.752914,0,7.382920,-61.101817,75.867656
z_gc_1y_jk_kilianfix,5.730,stoxx,47,1.682469,50.542399,-81.452379,84.817316,-112.037928,77.496066,0,6.313067,-62.140199,74.766332
z_gc_1y_jk_kilianfix,5.730,stoxx,48,13.243246,45.818552,-62.121565,88.608058,-89.848496,81.971075,0,17.050832,-52.447651,86.549314
z_gcs_1y_kilianfix_bs,13.955,i1y,0,1.000000,0.000000,1.000000,1.000000,1.000000,1.000000,0,1.000000,1.000000,1.000000
z_gcs_1y_kilianfix_bs,13.955,i1y,1,0.938329,0.361057,0.344444,1.532214,0.017635,1.425755,0,0.952183,0.296937,1.607429
z_gcs_1y_kilianfix_bs,13.955,i1y,2,0.390084,0.679834,-0.728143,1.508311,-1.445468,1.273868,0,0.387110,-0.961388,1.735608
z_gcs_1y_kilianfix_bs,13.955,i1y,3,0.436471,0.778694,-0.844367,1.717308,-1.588133,1.487708,0,0.482712,-1.255191,2.220616
z_gcs_1y_kilianfix_bs,13.955,i1y,4,0.638485,0.910172,-0.858615,2.135586,-1.591437,1.958235,0,0.609389,-1.441268,2.660046
z_gcs_1y_kilianfix_bs,13.955,i1y,5,0.396357,1.160240,-1.512069,2.304782,-2.330208,2.136717,0,0.114962,-2.278210,2.508133
z_gcs_1y_kilianfix_bs,13.955,i1y,6,0.015248,1.316326,-2.149916,2.180412,-3.078119,1.989738,0,-0.433395,-3.233793,2.367002
z_gcs_1y_kilianfix_bs,13.955,i1y,7,-0.566920,1.570049,-3.149421,2.015580,-4.178032,1.788153,0,-1.260196,-4.460735,1.940343
z_gcs_1y_kilianfix_bs,13.955,i1y,8,-0.414899,1.854996,-3.466097,2.636298,-4.495891,2.460345,0,-1.240039,-4.570994,2.090915
z_gcs_1y_kilianfix_bs,13.955,i1y,9,-0.141077,1.909636,-3.282148,2.999995,-4.246794,2.914341,0,-1.015301,-4.276730,2.246127
z_gcs_1y_kilianfix_bs,13.955,i1y,10,-0.025553,1.940967,-3.218160,3.167053,-4.295681,2.982945,0,-0.924358,-4.314963,2.466247
z_gcs_1y_kilianfix_bs,13.955,i1y,11,-0.006861,1.993196,-3.285378,3.271655,-4.491554,2.982933,0,-0.903519,-4.554050,2.747013
z_gcs_1y_kilianfix_bs,13.955,i1y,12,-0.103634,1.941789,-3.297593,3.090326,-4.472660,2.809050,0,-0.914287,-4.747400,2.918826
z_gcs_1y_kilianfix_bs,13.955,i1y,13,-0.287806,1.985989,-3.554468,2.978856,-4.855581,2.691178,0,-1.115903,-5.155909,2.924103
z_gcs_1y_kilianfix_bs,13.955,i1y,14,-0.327156,2.104983,-3.789544,3.135232,-5.063367,2.725069,0,-0.925838,-5.117160,3.265485
z_gcs_1y_kilianfix_bs,13.955,i1y,15,-0.099094,2.189008,-3.699692,3.501503,-4.914912,3.184417,0,-0.686094,-5.125449,3.753261
z_gcs_1y_kilianfix_bs,13.955,i1y,16,0.302516,2.098980,-3.150000,3.755031,-4.000394,3.660884,0,-0.083115,-4.688254,4.522023
z_gcs_1y_kilianfix_bs,13.955,i1y,17,0.336218,2.075387,-3.077489,3.749925,-3.814555,3.656837,0,-0.083090,-4.839483,4.673304
z_gcs_1y_kilianfix_bs,13.955,i1y,18,0.786861,1.975206,-2.462064,4.035785,-2.966030,4.144710,0,0.333591,-4.569193,5.236375
z_gcs_1y_kilianfix_bs,13.955,i1y,19,0.720857,1.986034,-2.545879,3.987592,-3.052608,4.097115,0,0.192181,-4.728286,5.112648
z_gcs_1y_kilianfix_bs,13.955,i1y,20,0.705615,2.024957,-2.625144,4.036373,-3.141804,4.046794,0,0.085509,-4.828143,4.999161
z_gcs_1y_kilianfix_bs,13.955,i1y,21,1.299339,2.076276,-2.115832,4.714509,-2.645586,4.829009,0,0.779287,-4.169352,5.727926
z_gcs_1y_kilianfix_bs,13.955,i1y,22,1.662791,2.130074,-1.840869,5.166451,-2.171342,5.390420,0,1.130275,-3.974706,6.235256
z_gcs_1y_kilianfix_bs,13.955,i1y,23,2.153555,2.068312,-1.248514,5.555625,-1.259159,5.979932,0,1.733457,-3.480694,6.947608
z_gcs_1y_kilianfix_bs,13.955,i1y,24,2.981766,2.000191,-0.308256,6.271787,-0.218540,6.882138,0,2.645459,-2.991500,8.282418
z_gcs_1y_kilianfix_bs,13.955,i1y,25,3.242826,1.808536,0.268049,6.217603,0.349168,6.679044,0,2.797851,-3.018331,8.614034
z_gcs_1y_kilianfix_bs,13.955,i1y,26,2.930330,1.641977,0.229519,5.631142,0.303168,6.132185,0,2.372285,-3.634037,8.378607
z_gcs_1y_kilianfix_bs,13.955,i1y,27,2.947633,1.530039,0.430942,5.464323,0.576072,6.007711,0,2.425895,-3.689460,8.541251
z_gcs_1y_kilianfix_bs,13.955,i1y,28,3.067390,1.441431,0.696446,5.438333,0.833171,5.878181,0,2.549931,-3.470691,8.570554
z_gcs_1y_kilianfix_bs,13.955,i1y,29,3.013684,1.511041,0.528243,5.499125,0.671571,5.960214,0,2.349877,-4.014185,8.713939
z_gcs_1y_kilianfix_bs,13.955,i1y,30,2.732421,1.574584,0.142460,5.322382,0.291815,5.802860,0,2.040373,-4.360561,8.441307
z_gcs_1y_kilianfix_bs,13.955,i1y,31,2.591280,1.533282,0.069255,5.113305,0.138029,5.581181,0,1.967141,-4.297869,8.232152
z_gcs_1y_kilianfix_bs,13.955,i1y,32,2.493085,1.592270,-0.125966,5.112136,-0.054547,5.598012,0,1.889372,-4.343168,8.121913
z_gcs_1y_kilianfix_bs,13.955,i1y,33,2.636792,1.675957,-0.119911,5.393495,0.039059,5.988705,0,2.087427,-4.208080,8.382933
z_gcs_1y_kilianfix_bs,13.955,i1y,34,2.887453,1.698547,0.093592,5.681314,0.339633,6.284547,0,2.474013,-3.754161,8.702187
z_gcs_1y_kilianfix_bs,13.955,i1y,35,2.983700,1.819507,-0.009122,5.976522,0.345416,6.713689,0,2.429160,-3.811154,8.669474
z_gcs_1y_kilianfix_bs,13.955,i1y,36,2.998514,1.923706,-0.165700,6.162729,0.112955,6.845926,0,2.308091,-3.804639,8.420822
z_gcs_1y_kilianfix_bs,13.955,i1y,37,3.076611,1.975603,-0.172967,6.326190,0.113206,7.027818,0,2.493026,-3.635296,8.621349
z_gcs_1y_kilianfix_bs,13.955,i1y,38,3.243944,1.984390,-0.020087,6.507976,0.267359,7.113505,0,2.709297,-3.446371,8.864965
z_gcs_1y_kilianfix_bs,13.955,i1y,39,2.945915,2.033958,-0.399648,6.291477,-0.206719,6.912132,0,2.448501,-3.745410,8.642412
z_gcs_1y_kilianfix_bs,13.955,i1y,40,2.181172,1.884648,-0.918799,5.281142,-0.834266,5.667771,0,1.494939,-4.637664,7.627543
z_gcs_1y_kilianfix_bs,13.955,i1y,41,1.748805,1.822610,-1.249121,4.746731,-1.349632,4.938372,0,0.751256,-5.308497,6.811009
z_gcs_1y_kilianfix_bs,13.955,i1y,42,1.175872,1.767952,-1.732150,4.083895,-2.006442,4.092994,0,-0.014028,-5.952121,5.924066
z_gcs_1y_kilianfix_bs,13.955,i1y,43,0.590912,1.798250,-2.366947,3.548771,-2.825764,3.378200,0,-0.816722,-6.651621,5.018177
z_gcs_1y_kilianfix_bs,13.955,i1y,44,0.617208,1.841538,-2.411853,3.646269,-2.789638,3.471592,0,-0.672950,-6.388652,5.042753
z_gcs_1y_kilianfix_bs,13.955,i1y,45,0.512475,1.792028,-2.435148,3.460098,-2.802776,3.379719,0,-0.697085,-6.282325,4.888155
z_gcs_1y_kilianfix_bs,13.955,i1y,46,0.418135,1.918216,-2.737049,3.573319,-3.130564,3.487280,0,-0.655295,-6.266914,4.956324
z_gcs_1y_kilianfix_bs,13.955,i1y,47,0.947032,2.293185,-2.824922,4.718986,-3.180701,4.730788,0,0.190533,-5.509134,5.890200
z_gcs_1y_kilianfix_bs,13.955,i1y,48,1.462600,2.628217,-2.860432,5.785632,-3.136780,5.930568,0,0.679401,-5.141093,6.499895
z_gcs_1y_kilianfix_bs,13.955,ip,0,-3.167498,2.536534,-7.339725,1.004729,-8.874700,0.510476,0,-2.944398,-7.898791,2.009996
z_gcs_1y_kilianfix_bs,13.955,ip,1,-2.265589,4.467335,-9.613701,5.082523,-12.540459,4.212047,0,-2.223119,-9.761766,5.315527
z_gcs_1y_kilianfix_bs,13.955,ip,2,-5.116501,4.620911,-12.717223,2.484221,-17.824006,0.659638,0,-4.774099,-13.246414,3.698217
z_gcs_1y_kilianfix_bs,13.955,ip,3,-8.741408,5.685111,-18.092583,0.609768,-24.659719,-1.919275,0,-9.491461,-20.885681,1.902760
z_gcs_1y_kilianfix_bs,13.955,ip,4,-5.878675,6.395689,-16.398647,4.641297,-23.147035,2.435720,0,-7.028808,-18.943404,4.885789
z_gcs_1y_kilianfix_bs,13.955,ip,5,-4.099870,6.776812,-15.246735,7.046994,-21.380742,5.048826,0,-4.603022,-17.210406,8.004363
z_gcs_1y_kilianfix_bs,13.955,ip,6,-7.020454,7.177902,-18.827052,4.786145,-25.324105,3.028609,0,-9.113460,-23.618007,5.391087
z_gcs_1y_kilianfix_bs,13.955,ip,7,-10.633404,8.288490,-24.266757,2.999949,-30.940205,0.970482,0,-12.235602,-28.594172,4.122968
z_gcs_1y_kilianfix_bs,13.955,ip,8,-8.629123,9.253869,-23.850382,6.592137,-30.838407,4.788987,0,-10.853765,-28.687023,6.979494
z_gcs_1y_kilianfix_bs,13.955,ip,9,-9.326296,9.219756,-24.491446,5.838854,-30.992723,4.042351,0,-12.687513,-30.287671,4.912644
z_gcs_1y_kilianfix_bs,13.955,ip,10,-8.515916,9.921429,-24.835216,7.803383,-31.831276,5.870156,0,-10.501322,-29.252305,8.249662
z_gcs_1y_kilianfix_bs,13.955,ip,11,-4.921023,8.686316,-19.208742,9.366696,-25.768182,7.239820,0,-6.780333,-24.899828,11.339161
z_gcs_1y_kilianfix_bs,13.955,ip,12,-5.601932,7.790502,-18.416167,7.212303,-24.299136,5.304771,0,-7.283099,-24.080810,9.514611
z_gcs_1y_kilianfix_bs,13.955,ip,13,-4.008274,8.203461,-17.501766,9.485218,-23.286406,7.886744,0,-4.162981,-21.516998,13.191036
z_gcs_1y_kilianfix_bs,13.955,ip,14,3.493537,7.363604,-8.618514,15.605588,-11.233672,15.643484,0,4.811890,-13.075335,22.699116
z_gcs_1y_kilianfix_bs,13.955,ip,15,3.179318,8.352373,-10.559112,16.917749,-13.107808,17.378352,0,3.905121,-12.940222,20.750463
z_gcs_1y_kilianfix_bs,13.955,ip,16,8.527807,8.890535,-6.095822,23.151436,-6.141576,26.308878,0,10.461567,-9.159443,30.082577
z_gcs_1y_kilianfix_bs,13.955,ip,17,13.517121,8.736133,-0.852539,27.886780,0.412922,32.299806,0,15.270933,-5.790047,36.331913
z_gcs_1y_kilianfix_bs,13.955,ip,18,12.083696,7.766242,-0.690634,24.858027,0.434334,28.781116,0,12.900131,-7.991073,33.791335
z_gcs_1y_kilianfix_bs,13.955,ip,19,10.247469,7.422914,-1.962139,22.457076,-0.886903,25.835589,0,10.075652,-9.559030,29.710334
z_gcs_1y_kilianfix_bs,13.955,ip,20,10.517020,7.714898,-2.172857,23.206898,-0.669581,27.489795,0,10.967360,-9.491858,31.426578
z_gcs_1y_kilianfix_bs,13.955,ip,21,8.081283,7.197281,-3.757191,19.919758,-2.714639,23.555438,0,7.728038,-11.407051,26.863126
z_gcs_1y_kilianfix_bs,13.955,ip,22,6.912908,8.143574,-6.482079,20.307896,-5.302453,24.014414,0,7.206586,-12.104926,26.518098
z_gcs_1y_kilianfix_bs,13.955,ip,23,16.442064,8.777952,2.003617,30.880511,4.591829,37.070252,0,17.560280,-4.436141,39.556701
z_gcs_1y_kilianfix_bs,13.955,ip,24,11.283165,6.804154,0.091327,22.475003,1.417141,25.912097,0,11.886251,-8.966596,32.739097
z_gcs_1y_kilianfix_bs,13.955,ip,25,13.588088,8.234186,0.044058,27.132118,2.471938,32.938425,0,14.174361,-7.434132,35.782854
z_gcs_1y_kilianfix_bs,13.955,ip,26,10.915725,7.795020,-1.905942,23.737393,0.392448,28.454521,0,10.784749,-11.004617,32.574116
z_gcs_1y_kilianfix_bs,13.955,ip,27,6.992594,5.968062,-2.823994,16.809182,-1.661096,19.525523,0,5.705905,-14.594160,26.005970
z_gcs_1y_kilianfix_bs,13.955,ip,28,5.969534,6.473717,-4.678783,16.617850,-3.417356,19.564339,0,4.770801,-15.969806,25.511407
z_gcs_1y_kilianfix_bs,13.955,ip,29,1.498973,7.312464,-10.528960,13.526906,-9.469723,16.489524,0,-1.179891,-22.407352,20.047570
z_gcs_1y_kilianfix_bs,13.955,ip,30,2.437238,7.154572,-9.330986,14.205462,-8.294620,17.104111,0,1.065881,-18.861148,20.992911
z_gcs_1y_kilianfix_bs,13.955,ip,31,1.960369,7.009144,-9.568647,13.489384,-9.604719,15.277742,0,1.911743,-17.475299,21.298785
z_gcs_1y_kilianfix_bs,13.955,ip,32,3.376882,7.697520,-9.284411,16.038176,-8.169398,19.156799,0,2.569534,-17.057465,22.196532
z_gcs_1y_kilianfix_bs,13.955,ip,33,2.082047,8.089594,-11.224152,15.388246,-10.052345,18.261236,0,3.030265,-16.957037,23.017567
z_gcs_1y_kilianfix_bs,13.955,ip,34,1.364874,7.822502,-11.501997,14.231745,-11.151129,16.227629,0,2.036572,-19.539985,23.613129
z_gcs_1y_kilianfix_bs,13.955,ip,35,-1.536543,7.355742,-13.635661,10.562576,-13.305730,12.439367,0,-2.107848,-22.693843,18.478147
z_gcs_1y_kilianfix_bs,13.955,ip,36,-0.711367,7.091561,-12.375947,10.953212,-12.057865,12.408020,0,-1.081393,-22.528276,20.365490
z_gcs_1y_kilianfix_bs,13.955,ip,37,2.551363,7.794043,-10.268697,15.371422,-9.529403,17.749746,0,3.202034,-18.066452,24.470520
z_gcs_1y_kilianfix_bs,13.955,ip,38,2.941494,7.825705,-9.930645,15.813634,-9.579634,17.419049,0,3.772700,-16.881071,24.426470
z_gcs_1y_kilianfix_bs,13.955,ip,39,4.062543,9.738427,-11.955744,20.080831,-11.518940,22.078634,0,4.742833,-16.187060,25.672726
z_gcs_1y_kilianfix_bs,13.955,ip,40,2.831363,9.898082,-13.449532,19.112259,-13.005567,20.647910,0,4.149349,-15.834566,24.133265
z_gcs_1y_kilianfix_bs,13.955,ip,41,3.049087,8.523388,-10.970639,17.068813,-10.588334,18.817356,0,5.196766,-15.599411,25.992942
z_gcs_1y_kilianfix_bs,13.955,ip,42,-0.250091,9.800587,-16.370623,15.870440,-16.911090,16.410907,0,0.423191,-20.373133,21.219516
z_gcs_1y_kilianfix_bs,13.955,ip,43,0.040644,9.510019,-15.601945,15.683234,-16.126388,16.207677,0,1.229452,-19.584426,22.043330
z_gcs_1y_kilianfix_bs,13.955,ip,44,-0.525606,10.477851,-17.760138,16.708926,-18.861846,16.762849,0,1.833662,-19.229517,22.896841
z_gcs_1y_kilianfix_bs,13.955,ip,45,0.168177,12.768257,-20.833737,21.170091,-21.537860,21.874214,0,2.780295,-17.894779,23.455369
z_gcs_1y_kilianfix_bs,13.955,ip,46,1.526733,15.154693,-23.400519,26.453986,-23.478511,28.047447,0,4.552769,-16.104431,25.209969
z_gcs_1y_kilianfix_bs,13.955,ip,47,5.050033,15.513440,-20.467306,30.567371,-20.547144,32.974225,0,8.609696,-11.884156,29.103549
z_gcs_1y_kilianfix_bs,13.955,ip,48,7.968952,15.928556,-18.231191,34.169094,-17.516737,36.640352,0,11.795670,-8.139361,31.730701
z_gcs_1y_kilianfix_bs,13.955,hicp_yoy,0,-0.469753,0.542672,-1.362368,0.422863,-1.745031,0.289988,0,-0.352646,-1.353555,0.648263
z_gcs_1y_kilianfix_bs,13.955,hicp_yoy,1,-0.477380,0.953233,-2.045308,1.090549,-2.765139,0.857146,0,-0.137645,-1.823045,1.547755
z_gcs_1y_kilianfix_bs,13.955,hicp_yoy,2,-0.579979,1.224872,-2.594713,1.434756,-3.703401,1.073598,0,0.071304,-1.797886,1.940494
z_gcs_1y_kilianfix_bs,13.955,hicp_yoy,3,-1.223702,1.382132,-3.497107,1.049703,-4.817245,0.573070,0,-0.636020,-2.850675,1.578635
z_gcs_1y_kilianfix_bs,13.955,hicp_yoy,4,-2.346537,1.745514,-5.217652,0.524577,-7.059424,-0.077370,0,-2.007548,-4.861692,0.846596
z_gcs_1y_kilianfix_bs,13.955,hicp_yoy,5,-2.288269,1.861067,-5.349452,0.772914,-7.220097,0.224172,0,-1.937993,-4.911019,1.035032
z_gcs_1y_kilianfix_bs,13.955,hicp_yoy,6,-1.625604,2.028072,-4.961486,1.710278,-6.797189,1.112294,0,-1.577010,-5.062756,1.908735
z_gcs_1y_kilianfix_bs,13.955,hicp_yoy,7,-2.486898,2.119764,-5.973599,0.999803,-7.892295,0.374783,0,-2.733145,-6.562755,1.096464
z_gcs_1y_kilianfix_bs,13.955,hicp_yoy,8,-2.617103,2.154561,-6.161041,0.926834,-8.003506,0.291554,0,-3.067985,-7.079136,0.943166
z_gcs_1y_kilianfix_bs,13.955,hicp_yoy,9,-2.379198,2.222811,-6.035397,1.277001,-7.825085,0.732738,0,-2.828102,-6.861153,1.204949
z_gcs_1y_kilianfix_bs,13.955,hicp_yoy,10,-1.992763,2.110591,-5.464377,1.478851,-7.163712,0.962065,0,-2.616525,-6.745562,1.512511
z_gcs_1y_kilianfix_bs,13.955,hicp_yoy,11,-1.976495,1.925779,-5.144120,1.191130,-6.790943,0.623307,0,-2.549014,-6.941651,1.843623
z_gcs_1y_kilianfix_bs,13.955,hicp_yoy,12,-0.946568,1.703472,-3.748530,1.855395,-4.864554,1.523467,0,-1.018342,-5.121289,3.084606
z_gcs_1y_kilianfix_bs,13.955,hicp_yoy,13,-1.127478,1.856471,-4.181101,1.926145,-5.490185,1.564405,0,-1.407807,-5.914165,3.098551
z_gcs_1y_kilianfix_bs,13.955,hicp_yoy,14,-1.281773,1.820641,-4.276461,1.712915,-5.469247,1.358156,0,-1.785192,-6.085972,2.515588
z_gcs_1y_kilianfix_bs,13.955,hicp_yoy,15,-0.921552,1.835031,-3.939909,2.096804,-5.050372,1.830994,0,-1.217297,-5.475793,3.041199
z_gcs_1y_kilianfix_bs,13.955,hicp_yoy,16,-0.157083,1.771962,-3.071701,2.757536,-3.789605,2.678057,0,-0.341086,-4.454749,3.772578
z_gcs_1y_kilianfix_bs,13.955,hicp_yoy,17,0.842633,1.514471,-1.648450,3.333716,-1.883415,3.568680,0,0.714163,-3.247512,4.675839
z_gcs_1y_kilianfix_bs,13.955,hicp_yoy,18,1.673224,1.596377,-0.952582,4.299031,-0.880979,4.945797,0,1.769343,-1.843272,5.381958
z_gcs_1y_kilianfix_bs,13.955,hicp_yoy,19,2.611538,1.709067,-0.199626,5.422703,0.047938,6.286032,0,2.680932,-1.069980,6.431844
z_gcs_1y_kilianfix_bs,13.955,hicp_yoy,20,3.048708,1.789470,0.105293,5.992124,0.364504,6.806594,0,3.135190,-0.666986,6.937367
z_gcs_1y_kilianfix_bs,13.955,hicp_yoy,21,2.797632,1.993098,-0.480723,6.075986,-0.092361,7.082792,0,2.830446,-0.572123,6.233014
z_gcs_1y_kilianfix_bs,13.955,hicp_yoy,22,2.583570,1.998080,-0.702978,5.870119,-0.313645,6.979346,0,2.517735,-0.757290,5.792761
z_gcs_1y_kilianfix_bs,13.955,hicp_yoy,23,3.596232,1.843246,0.564362,6.628102,1.107850,7.835698,0,3.733832,0.371401,7.096264
z_gcs_1y_kilianfix_bs,13.955,hicp_yoy,24,2.876507,1.704462,0.072916,5.680098,0.490260,6.626324,0,2.651487,-0.494470,5.797443
z_gcs_1y_kilianfix_bs,13.955,hicp_yoy,25,2.150782,1.469619,-0.266525,4.568090,0.093316,5.457424,0,1.865729,-1.439359,5.170816
z_gcs_1y_kilianfix_bs,13.955,hicp_yoy,26,2.521199,1.132873,0.657790,4.384609,0.991822,5.126806,0,2.353703,-1.074287,5.781693
z_gcs_1y_kilianfix_bs,13.955,hicp_yoy,27,2.705755,1.242946,0.661291,4.750219,1.089925,5.626677,0,2.277896,-1.153810,5.709602
z_gcs_1y_kilianfix_bs,13.955,hicp_yoy,28,2.781573,1.248032,0.728742,4.834403,1.096729,5.589646,0,2.110442,-1.237190,5.458074
z_gcs_1y_kilianfix_bs,13.955,hicp_yoy,29,2.158249,1.142833,0.278456,4.038043,0.615424,4.786766,0,1.326953,-2.302201,4.956107
z_gcs_1y_kilianfix_bs,13.955,hicp_yoy,30,1.141639,1.030586,-0.553524,2.836802,-0.352711,3.357399,0,0.208870,-3.080766,3.498506
z_gcs_1y_kilianfix_bs,13.955,hicp_yoy,31,0.319762,1.062244,-1.427474,2.066997,-1.273605,2.497362,0,-0.680795,-4.141860,2.780270
z_gcs_1y_kilianfix_bs,13.955,hicp_yoy,32,0.601107,1.260513,-1.472252,2.674467,-1.163611,3.311210,0,-0.210682,-3.582813,3.161449
z_gcs_1y_kilianfix_bs,13.955,hicp_yoy,33,1.087391,1.330445,-1.100997,3.275780,-0.908277,3.814805,0,0.587568,-2.825065,4.000201
z_gcs_1y_kilianfix_bs,13.955,hicp_yoy,34,0.883461,1.293067,-1.243445,3.010368,-1.056140,3.534250,0,0.449459,-2.933533,3.832451
z_gcs_1y_kilianfix_bs,13.955,hicp_yoy,35,0.334538,1.181000,-1.608034,2.277110,-1.436962,2.696538,0,-0.335029,-3.810225,3.140168
z_gcs_1y_kilianfix_bs,13.955,hicp_yoy,36,-0.150678,0.985333,-1.771407,1.470051,-1.776478,1.622921,0,-0.557373,-4.078875,2.964128
z_gcs_1y_kilianfix_bs,13.955,hicp_yoy,37,-0.152403,1.007920,-1.810283,1.505478,-1.865866,1.611457,0,-0.773283,-4.243547,2.696980
z_gcs_1y_kilianfix_bs,13.955,hicp_yoy,38,-0.280801,1.090289,-2.074167,1.512565,-2.025264,1.736234,0,-0.728105,-4.435950,2.979741
z_gcs_1y_kilianfix_bs,13.955,hicp_yoy,39,0.207317,0.872842,-1.228380,1.643013,-1.101946,1.909358,0,-0.086446,-4.084287,3.911395
z_gcs_1y_kilianfix_bs,13.955,hicp_yoy,40,0.912015,1.059849,-0.831281,2.655312,-0.730751,2.925728,0,0.616946,-3.581554,4.815447
z_gcs_1y_kilianfix_bs,13.955,hicp_yoy,41,1.265065,1.226177,-0.751816,3.281946,-0.696818,3.533492,0,0.727331,-3.553959,5.008620
z_gcs_1y_kilianfix_bs,13.955,hicp_yoy,42,1.373879,1.123024,-0.473331,3.221089,-0.422959,3.395322,0,0.622206,-3.483767,4.728180
z_gcs_1y_kilianfix_bs,13.955,hicp_yoy,43,2.541040,1.240249,0.501011,4.581069,0.494629,4.773489,0,2.046578,-2.113640,6.206796
z_gcs_1y_kilianfix_bs,13.955,hicp_yoy,44,3.050605,1.292968,0.923862,5.177347,0.981857,5.442595,0,2.620415,-1.905572,7.146403
z_gcs_1y_kilianfix_bs,13.955,hicp_yoy,45,1.542633,1.336311,-0.655404,3.740669,-0.528650,4.081624,0,0.866930,-3.327545,5.061405
z_gcs_1y_kilianfix_bs,13.955,hicp_yoy,46,0.850562,1.696505,-1.939940,3.641064,-1.779020,3.989095,0,0.063165,-4.571123,4.697452
z_gcs_1y_kilianfix_bs,13.955,hicp_yoy,47,0.848682,1.971946,-2.394881,4.092245,-2.405029,4.398185,0,-0.056409,-4.346065,4.233248
z_gcs_1y_kilianfix_bs,13.955,hicp_yoy,48,1.512114,2.132266,-1.995152,5.019380,-1.899512,5.350193,0,0.301639,-3.791397,4.394674
z_gcs_1y_kilianfix_bs,13.955,stoxx,0,15.072285,16.267145,-11.684787,41.829358,-8.515075,51.673362,0,19.285176,-9.535480,48.105831
z_gcs_1y_kilianfix_bs,13.955,stoxx,1,17.484449,23.057231,-20.441321,55.410219,-18.254259,68.210357,0,23.297972,-16.621363,63.217306
z_gcs_1y_kilianfix_bs,13.955,stoxx,2,2.564553,25.015525,-38.582325,43.711431,-41.212617,51.344827,0,5.519311,-32.617180,43.655803
z_gcs_1y_kilianfix_bs,13.955,stoxx,3,34.437180,36.780389,-26.061176,94.935536,-22.572423,117.193055,0,41.167596,-20.078880,102.414073
z_gcs_1y_kilianfix_bs,13.955,stoxx,4,43.855399,41.942924,-25.134572,112.845369,-21.156133,138.226977,0,54.674285,-22.560122,131.908691
z_gcs_1y_kilianfix_bs,13.955,stoxx,5,1.089183,39.177799,-63.352562,65.530929,-69.430856,77.485892,0,7.014262,-71.906367,85.934891
z_gcs_1y_kilianfix_bs,13.955,stoxx,6,-22.226910,39.744422,-87.600667,43.146847,-101.715754,47.325829,0,-24.461947,-110.196542,61.272648
z_gcs_1y_kilianfix_bs,13.955,stoxx,7,-16.185901,35.513924,-74.601108,42.229305,-85.438053,47.739162,0,-19.336608,-99.332964,60.659747
z_gcs_1y_kilianfix_bs,13.955,stoxx,8,10.168268,37.184976,-50.995575,71.332111,-60.483187,78.960474,0,8.258849,-81.384466,97.902165
z_gcs_1y_kilianfix_bs,13.955,stoxx,9,13.175332,40.264316,-53.053575,79.404238,-61.313653,87.664316,0,19.804216,-77.272792,116.881225
z_gcs_1y_kilianfix_bs,13.955,stoxx,10,11.846421,40.232130,-54.329544,78.022387,-60.571413,88.287469,0,20.883770,-74.781024,116.548565
z_gcs_1y_kilianfix_bs,13.955,stoxx,11,30.125181,45.959404,-45.471311,105.721673,-48.005806,122.043989,0,43.540345,-57.765938,144.846628
z_gcs_1y_kilianfix_bs,13.955,stoxx,12,42.242335,49.353311,-38.936638,123.421308,-36.722963,145.884289,0,58.638335,-51.629387,168.906056
z_gcs_1y_kilianfix_bs,13.955,stoxx,13,37.990933,44.396950,-35.035552,111.017417,-37.483882,126.784833,0,53.649262,-61.741094,169.039617
z_gcs_1y_kilianfix_bs,13.955,stoxx,14,14.998943,40.304050,-51.295320,81.293206,-53.517942,95.607044,0,31.635519,-73.715614,136.986652
z_gcs_1y_kilianfix_bs,13.955,stoxx,15,14.984055,38.706424,-48.682346,78.650457,-46.946223,96.267545,0,33.738623,-67.382618,134.859864
z_gcs_1y_kilianfix_bs,13.955,stoxx,16,33.214254,37.598743,-28.630174,95.058682,-23.183860,114.051550,0,57.788616,-38.855397,154.432630
z_gcs_1y_kilianfix_bs,13.955,stoxx,17,37.646428,35.878899,-21.369109,96.661965,-14.377976,118.373950,0,56.220300,-36.907626,149.348226
z_gcs_1y_kilianfix_bs,13.955,stoxx,18,27.911555,31.292651,-23.560275,79.383386,-17.462789,98.320020,0,38.301159,-50.902005,127.504322
z_gcs_1y_kilianfix_bs,13.955,stoxx,19,20.430576,28.451054,-26.367244,67.228396,-20.823453,83.022896,0,27.925441,-58.706372,114.557255
z_gcs_1y_kilianfix_bs,13.955,stoxx,20,16.685353,26.097637,-26.241440,59.612146,-23.765984,70.185509,0,16.938871,-69.115106,102.992847
z_gcs_1y_kilianfix_bs,13.955,stoxx,21,38.369848,24.557773,-2.024094,78.763790,1.533189,89.941171,0,41.223822,-46.075681,128.523326
z_gcs_1y_kilianfix_bs,13.955,stoxx,22,43.127245,27.346404,-1.853587,88.108076,6.209599,107.391294,0,44.858028,-41.951136,131.667192
z_gcs_1y_kilianfix_bs,13.955,stoxx,23,25.229574,27.139873,-19.411545,69.870692,-14.123242,82.223307,0,23.848628,-59.814202,107.511458
z_gcs_1y_kilianfix_bs,13.955,stoxx,24,19.750868,26.013364,-23.037308,62.539044,-19.269178,73.078264,0,19.516976,-61.937429,100.971381
z_gcs_1y_kilianfix_bs,13.955,stoxx,25,20.205881,25.705953,-22.076650,62.488411,-20.923645,70.332490,0,14.355508,-68.675075,97.386091
z_gcs_1y_kilianfix_bs,13.955,stoxx,26,-2.794341,23.981155,-42.239831,36.651150,-47.159478,36.774566,0,-18.183537,-95.344824,58.977749
z_gcs_1y_kilianfix_bs,13.955,stoxx,27,-14.185401,22.444640,-51.103548,22.732746,-54.585752,23.970487,0,-25.328835,-104.950269,54.292599
z_gcs_1y_kilianfix_bs,13.955,stoxx,28,-12.813032,24.174733,-52.576928,26.950865,-55.118814,28.284013,0,-25.380299,-101.412940,50.652343
z_gcs_1y_kilianfix_bs,13.955,stoxx,29,-22.273550,29.287281,-70.446840,25.899740,-76.455019,26.050463,0,-32.778709,-107.373110,41.815692
z_gcs_1y_kilianfix_bs,13.955,stoxx,30,-9.467122,29.160060,-57.431153,38.496909,-60.497228,41.562984,0,-9.889364,-81.854325,62.075596
z_gcs_1y_kilianfix_bs,13.955,stoxx,31,-9.546759,29.635419,-58.292685,39.199167,-61.408742,43.796995,0,-5.179409,-79.367107,69.008290
z_gcs_1y_kilianfix_bs,13.955,stoxx,32,-13.990967,28.443183,-60.775841,32.793906,-62.344379,38.628922,0,-6.883925,-79.749452,65.981601
z_gcs_1y_kilianfix_bs,13.955,stoxx,33,-12.148288,29.759878,-61.098931,36.802355,-65.716069,38.443504,0,-1.900327,-76.952341,73.151687
z_gcs_1y_kilianfix_bs,13.955,stoxx,34,-17.878577,31.248928,-69.278490,33.521336,-75.689094,32.119709,0,-5.673232,-80.274457,68.927994
z_gcs_1y_kilianfix_bs,13.955,stoxx,35,-5.952026,33.944905,-61.786427,49.882374,-67.052856,50.057067,0,7.027461,-66.852932,80.907855
z_gcs_1y_kilianfix_bs,13.955,stoxx,36,-8.421038,42.820731,-78.854873,62.012797,-83.357318,64.374205,0,2.177233,-66.431870,70.786336
z_gcs_1y_kilianfix_bs,13.955,stoxx,37,3.773684,48.902118,-76.663142,84.210510,-76.914810,91.797496,0,11.215434,-54.568287,76.999154
z_gcs_1y_kilianfix_bs,13.955,stoxx,38,23.879571,48.642635,-56.130445,103.889586,-56.380778,111.436314,0,30.237416,-37.523428,97.998259
z_gcs_1y_kilianfix_bs,13.955,stoxx,39,17.117624,46.741604,-59.765473,94.000722,-64.680184,96.578351,0,24.702691,-41.513001,90.918384
z_gcs_1y_kilianfix_bs,13.955,stoxx,40,6.211496,41.505996,-62.059792,74.482783,-66.423997,74.696389,0,12.238750,-51.109564,75.587064
z_gcs_1y_kilianfix_bs,13.955,stoxx,41,5.646604,44.754793,-67.968479,79.261687,-74.912023,79.492012,0,12.019236,-52.917375,76.955847
z_gcs_1y_kilianfix_bs,13.955,stoxx,42,16.874779,42.026510,-52.252679,86.002236,-58.772939,86.218520,0,24.000368,-36.512091,84.512827
z_gcs_1y_kilianfix_bs,13.955,stoxx,43,18.001779,44.949545,-55.933643,91.937201,-62.907402,89.921051,0,26.780212,-38.016877,91.577302
z_gcs_1y_kilianfix_bs,13.955,stoxx,44,6.594861,47.502520,-71.539832,84.729554,-81.284802,82.598893,0,14.067927,-49.234314,77.370168
z_gcs_1y_kilianfix_bs,13.955,stoxx,45,11.526241,47.337332,-66.336741,89.389222,-66.580357,94.366571,0,18.258011,-41.943316,78.459339
z_gcs_1y_kilianfix_bs,13.955,stoxx,46,6.724679,51.844953,-78.552680,92.002039,-78.819493,100.045595,0,12.638232,-49.216871,74.493336
z_gcs_1y_kilianfix_bs,13.955,stoxx,47,3.440678,49.524040,-78.019119,84.900476,-80.750191,90.107749,0,9.382466,-52.999566,71.764497
z_gcs_1y_kilianfix_bs,13.955,stoxx,48,-0.831054,43.782137,-72.846261,71.184153,-75.260687,73.598579,0,3.858708,-56.720478,64.437894
z_gc_path1y_kilianfix,4.080,i1y,0,1.000000,0.000000,1.000000,1.000000,1.000000,1.000000,0,1.000000,1.000000,1.000000
z_gc_path1y_kilianfix,4.080,i1y,1,0.254991,0.950919,-1.309131,1.819114,-8.921379,1.158365,0,0.332747,-1.087189,1.752683
z_gc_path1y_kilianfix,4.080,i1y,2,-0.942654,2.009465,-4.247930,2.362621,-21.037301,0.865864,1,-0.738430,-3.675907,2.199048
z_gc_path1y_kilianfix,4.080,i1y,3,-0.288205,1.927287,-3.458310,2.881899,-19.561071,1.639081,1,0.070369,-2.951613,3.092350
z_gc_path1y_kilianfix,4.080,i1y,4,0.417638,1.835128,-2.600879,3.436155,-17.933641,2.711548,1,0.742396,-2.409886,3.894678
z_gc_path1y_kilianfix,4.080,i1y,5,-0.053212,2.013737,-3.365515,3.259091,-20.190586,2.665334,1,-0.069520,-3.966165,3.827126
z_gc_path1y_kilianfix,4.080,i1y,6,-0.341599,2.074679,-3.754142,3.070943,-20.984652,2.562951,0,-0.556205,-5.343125,4.230715
z_gc_path1y_kilianfix,4.080,i1y,7,-1.075038,2.192061,-4.680658,2.530582,-22.995652,1.774642,1,-1.653008,-7.379744,4.073728
z_gc_path1y_kilianfix,4.080,i1y,8,-1.404114,2.371697,-5.305208,2.496980,-25.121082,1.560507,1,-2.180350,-8.362204,4.001505
z_gc_path1y_kilianfix,4.080,i1y,9,-1.155787,2.310271,-4.955845,2.644272,-21.255147,2.194107,0,-1.939676,-8.071458,4.192105
z_gc_path1y_kilianfix,4.080,i1y,10,-1.140064,2.346235,-4.999277,2.719148,-19.206072,2.496599,0,-1.888963,-8.096111,4.318185
z_gc_path1y_kilianfix,4.080,i1y,11,-1.732666,2.685276,-6.149552,2.684221,-21.335181,2.429512,0,-2.672827,-9.126913,3.781259
z_gc_path1y_kilianfix,4.080,i1y,12,-2.175686,2.972289,-7.064667,2.713294,-21.049721,2.579976,0,-3.056448,-9.634413,3.521516
z_gc_path1y_kilianfix,4.080,i1y,13,-2.958368,3.320475,-8.420064,2.503328,-24.873505,1.856321,0,-3.988234,-11.071081,3.094614
z_gc_path1y_kilianfix,4.080,i1y,14,-3.337346,3.536870,-9.154979,2.480286,-27.034372,1.614271,0,-4.234159,-11.623671,3.155353
z_gc_path1y_kilianfix,4.080,i1y,15,-3.039952,3.476048,-8.757543,2.677638,-23.548637,2.000318,0,-4.106927,-11.782535,3.568681
z_gc_path1y_kilianfix,4.080,i1y,16,-2.205108,3.025184,-7.181092,2.770876,-15.818434,2.937704,0,-3.085132,-10.690733,4.520469
z_gc_path1y_kilianfix,4.080,i1y,17,-1.742517,2.709780,-6.199708,2.714675,-10.684790,3.135087,0,-2.588410,-10.054872,4.878053
z_gc_path1y_kilianfix,4.080,i1y,18,-1.009304,2.570676,-5.237690,3.219081,-7.693061,4.389115,0,-1.810267,-9.328633,5.708099
z_gc_path1y_kilianfix,4.080,i1y,19,-1.025601,2.679182,-5.432462,3.381261,-7.723555,4.600680,0,-1.942815,-9.432877,5.547247
z_gc_path1y_kilianfix,4.080,i1y,20,-0.687698,2.781668,-5.263135,3.887740,-7.363702,5.292889,0,-1.809772,-9.324497,5.704953
z_gc_path1y_kilianfix,4.080,i1y,21,0.186842,3.009700,-4.763674,5.137358,-6.284012,7.109152,0,-0.806507,-8.337098,6.724083
z_gc_path1y_kilianfix,4.080,i1y,22,0.711284,3.335834,-4.775675,6.198243,-5.793593,9.217661,0,-0.515804,-8.215193,7.183586
z_gc_path1y_kilianfix,4.080,i1y,23,1.463860,3.466923,-4.238721,7.166442,-4.256563,11.171245,0,0.373291,-7.351519,8.098101
z_gc_path1y_kilianfix,4.080,i1y,24,2.051538,3.430933,-3.591844,7.694921,-3.437955,11.829697,0,0.986841,-7.168992,9.142675
z_gc_path1y_kilianfix,4.080,i1y,25,1.897471,3.252509,-3.452431,7.247373,-3.469170,11.004497,0,0.538089,-7.831845,8.908024
z_gc_path1y_kilianfix,4.080,i1y,26,1.333146,3.087595,-3.745495,6.411787,-3.761385,9.978411,0,-0.267969,-9.099795,8.563858
z_gc_path1y_kilianfix,4.080,i1y,27,1.202775,2.950343,-3.650107,6.055657,-3.517773,9.611252,0,-0.377289,-9.390572,8.635993
z_gc_path1y_kilianfix,4.080,i1y,28,0.986013,2.777772,-3.583014,5.555041,-3.458421,8.347108,0,-0.599258,-9.430168,8.231652
z_gc_path1y_kilianfix,4.080,i1y,29,0.308934,2.799954,-4.296581,4.914448,-4.310990,7.448816,0,-1.511784,-10.750194,7.726627
z_gc_path1y_kilianfix,4.080,i1y,30,-0.374719,2.854773,-5.070403,4.320965,-5.513311,6.476737,0,-2.278087,-11.657639,7.101465
z_gc_path1y_kilianfix,4.080,i1y,31,-0.577020,2.744536,-5.091381,3.937340,-5.791640,5.460960,0,-2.464191,-11.617580,6.689197
z_gc_path1y_kilianfix,4.080,i1y,32,-0.687264,2.690073,-5.112041,3.737512,-5.932907,5.096392,0,-2.447935,-11.429627,6.533757
z_gc_path1y_kilianfix,4.080,i1y,33,-0.255690,2.637740,-4.594387,4.083007,-5.267397,5.415451,0,-1.844322,-10.681248,6.992604
z_gc_path1y_kilianfix,4.080,i1y,34,0.577361,2.495655,-3.527626,4.682347,-3.914817,6.192583,0,-0.810872,-9.269932,7.648189
z_gc_path1y_kilianfix,4.080,i1y,35,1.172498,2.522309,-2.976331,5.321326,-3.241543,7.352154,0,-0.204962,-8.752383,8.342459
z_gc_path1y_kilianfix,4.080,i1y,36,1.606183,2.635629,-2.729041,5.941408,-3.006168,7.931693,0,0.102335,-8.358156,8.562827
z_gc_path1y_kilianfix,4.080,i1y,37,2.029124,2.761878,-2.513761,6.572009,-3.080350,8.381443,0,0.675770,-7.796647,9.148186
z_gc_path1y_kilianfix,4.080,i1y,38,2.391216,2.753531,-2.137939,6.920371,-2.702816,8.311307,0,1.105677,-7.317685,9.529040
z_gc_path1y_kilianfix,4.080,i1y,39,2.459289,2.860536,-2.245874,7.164453,-2.975730,8.466415,0,1.354598,-7.102784,9.811979
z_gc_path1y_kilianfix,4.080,i1y,40,1.645357,2.753989,-2.884552,6.175266,-4.000320,6.877937,0,0.359260,-8.125857,8.844377
z_gc_path1y_kilianfix,4.080,i1y,41,1.178065,2.752618,-3.349589,5.705719,-5.290588,5.857516,0,-0.409361,-9.090269,8.271548
z_gc_path1y_kilianfix,4.080,i1y,42,0.854727,2.763150,-3.690250,5.399704,-6.053148,5.137610,0,-0.705458,-9.370310,7.959394
z_gc_path1y_kilianfix,4.080,i1y,43,0.540468,2.823139,-4.103182,5.184118,-6.940849,4.775176,0,-1.025483,-9.755214,7.704247
z_gc_path1y_kilianfix,4.080,i1y,44,0.778361,2.988086,-4.136604,5.693325,-7.438876,5.111086,0,-0.292021,-8.805914,8.221872
z_gc_path1y_kilianfix,4.080,i1y,45,1.131180,3.011754,-3.822714,6.085075,-7.000555,5.498224,0,0.435379,-7.759313,8.630070
z_gc_path1y_kilianfix,4.080,i1y,46,1.467084,3.322529,-3.997990,6.932157,-7.835998,6.284751,0,1.201547,-6.775440,9.178533
z_gc_path1y_kilianfix,4.080,i1y,47,2.431312,3.762615,-3.757639,8.620262,-8.104009,8.075233,0,2.777630,-5.132665,10.687925
z_gc_path1y_kilianfix,4.080,i1y,48,3.023828,4.002400,-3.559534,9.607190,-7.982772,9.027428,0,3.156489,-4.784472,11.097451
z_gc_path1y_kilianfix,4.080,ip,0,-0.693219,3.648721,-6.694832,5.308394,-21.126059,4.414991,0,0.873975,-4.932841,6.680791
z_gc_path1y_kilianfix,4.080,ip,1,-3.151394,7.299543,-15.158073,8.855285,-63.007643,5.243080,0,-1.688759,-13.029344,9.651827
z_gc_path1y_kilianfix,4.080,ip,2,-9.167994,10.771007,-26.884724,8.548736,-116.878067,0.525913,1,-6.541830,-21.994707,8.911047
z_gc_path1y_kilianfix,4.080,ip,3,-10.378522,11.852400,-29.873985,9.116940,-128.902518,0.881257,1,-8.910103,-28.514176,10.693970
z_gc_path1y_kilianfix,4.080,ip,4,-8.329062,12.552389,-28.975904,12.317780,-133.852949,4.223327,1,-7.188725,-28.676630,14.299181
z_gc_path1y_kilianfix,4.080,ip,5,-9.780604,12.716695,-30.697706,11.136498,-136.947556,2.936091,1,-8.044550,-31.551689,15.462590
z_gc_path1y_kilianfix,4.080,ip,6,-5.430826,11.059366,-23.621864,12.760213,-116.024490,9.499319,1,-5.316686,-30.306406,19.673034
z_gc_path1y_kilianfix,4.080,ip,7,-12.746923,12.873185,-33.921428,8.427582,-141.478774,2.057240,1,-12.629457,-41.728493,16.469580
z_gc_path1y_kilianfix,4.080,ip,8,-11.121271,12.998710,-32.502247,10.259705,-141.108375,5.127117,1,-12.110078,-43.994061,19.773905
z_gc_path1y_kilianfix,4.080,ip,9,-9.955614,11.139891,-28.279103,8.367876,-112.442610,5.083239,0,-12.699986,-43.343180,17.943208
z_gc_path1y_kilianfix,4.080,ip,10,-12.687438,11.743582,-32.003911,6.629035,-121.315568,2.579218,0,-13.716050,-44.878812,17.446711
z_gc_path1y_kilianfix,4.080,ip,11,-16.439537,13.561456,-38.746148,5.867073,-150.697953,-0.843863,0,-19.001310,-50.085148,12.082528
z_gc_path1y_kilianfix,4.080,ip,12,-19.122599,14.141945,-42.384028,4.138830,-146.400101,-2.859363,0,-22.569159,-52.364000,7.225683
z_gc_path1y_kilianfix,4.080,ip,13,-16.402033,13.847408,-39.178992,6.374927,-117.488112,1.599598,0,-17.687723,-46.773812,11.398367
z_gc_path1y_kilianfix,4.080,ip,14,-12.708555,12.059827,-32.545205,7.128094,-88.082472,5.381184,0,-14.008836,-42.661294,14.643622
z_gc_path1y_kilianfix,4.080,ip,15,-12.931419,12.409951,-33.343971,7.481133,-76.222167,8.165497,0,-15.297391,-44.159593,13.564810
z_gc_path1y_kilianfix,4.080,ip,16,-3.327668,11.938742,-22.965152,16.309815,-30.786775,36.667117,0,-4.586509,-33.882418,24.709399
z_gc_path1y_kilianfix,4.080,ip,17,5.161536,11.817858,-14.277110,24.600182,-12.565251,51.842073,0,2.760297,-25.818246,31.338839
z_gc_path1y_kilianfix,4.080,ip,18,2.158416,11.749335,-17.167520,21.484353,-17.815453,40.343755,0,-1.273797,-30.291285,27.743691
z_gc_path1y_kilianfix,4.080,ip,19,5.007769,10.983914,-13.059163,23.074700,-13.115690,40.705491,0,-0.076594,-28.178554,28.025366
z_gc_path1y_kilianfix,4.080,ip,20,6.819593,12.371287,-13.529364,27.168550,-11.737338,50.119099,0,2.785240,-26.064379,31.634859
z_gc_path1y_kilianfix,4.080,ip,21,7.059196,12.374764,-13.295480,27.413872,-10.884212,49.133394,0,2.872636,-24.939347,30.684620
z_gc_path1y_kilianfix,4.080,ip,22,6.324910,13.822657,-16.411337,29.061157,-15.100208,49.866279,0,3.457827,-25.795075,32.710730
z_gc_path1y_kilianfix,4.080,ip,23,15.427284,15.061594,-9.346834,40.201401,-4.152788,68.142863,0,14.585803,-16.679290,45.850895
z_gc_path1y_kilianfix,4.080,ip,24,7.419816,12.242101,-12.716649,27.556280,-10.943337,44.758225,0,5.559795,-24.996930,36.116519
z_gc_path1y_kilianfix,4.080,ip,25,9.261285,12.909650,-11.973200,30.495770,-7.521260,53.799578,0,6.424638,-24.304666,37.153942
z_gc_path1y_kilianfix,4.080,ip,26,7.525642,10.866315,-10.347855,25.399139,-7.687199,42.841164,0,4.654754,-26.493529,35.803036
z_gc_path1y_kilianfix,4.080,ip,27,1.029035,8.861109,-13.546193,15.604263,-14.920962,23.181808,0,-3.145210,-33.769040,27.478621
z_gc_path1y_kilianfix,4.080,ip,28,-2.009645,8.863981,-16.589597,12.570307,-19.294409,17.934313,0,-6.503613,-37.618140,24.610913
z_gc_path1y_kilianfix,4.080,ip,29,-2.525977,9.668633,-18.429463,13.377508,-19.446085,21.162173,0,-7.703262,-38.727766,23.321243
z_gc_path1y_kilianfix,4.080,ip,30,-5.386060,9.640678,-21.243565,10.471444,-26.595552,13.413262,0,-9.349464,-38.802511,20.103584
z_gc_path1y_kilianfix,4.080,ip,31,-8.696906,11.092846,-26.943014,9.549201,-39.756875,7.942363,0,-10.932431,-40.632910,18.768048
z_gc_path1y_kilianfix,4.080,ip,32,-1.158556,10.049132,-17.687908,15.370796,-22.261734,18.437253,0,-3.586855,-31.746479,24.572770
z_gc_path1y_kilianfix,4.080,ip,33,0.443734,10.608950,-17.006435,17.893903,-23.956850,19.539843,0,0.375974,-29.422032,30.173980
z_gc_path1y_kilianfix,4.080,ip,34,1.921613,10.697188,-15.673696,19.516922,-24.821358,19.571973,0,1.518246,-29.605449,32.641942
z_gc_path1y_kilianfix,4.080,ip,35,2.691950,10.996443,-15.395590,20.779489,-25.348980,20.836081,0,2.823829,-29.603007,35.250665
z_gc_path1y_kilianfix,4.080,ip,36,3.160552,10.054872,-13.378240,19.699345,-21.473884,20.253834,0,3.854477,-30.026396,37.735350
z_gc_path1y_kilianfix,4.080,ip,37,10.246233,11.134196,-8.067890,28.560356,-15.919128,30.287786,0,12.807386,-20.446021,46.060793
z_gc_path1y_kilianfix,4.080,ip,38,9.941533,12.498578,-10.616799,30.499865,-18.805197,31.189116,0,12.542693,-20.253411,45.338797
z_gc_path1y_kilianfix,4.080,ip,39,11.611716,14.527826,-12.284432,35.507864,-21.075894,37.035412,0,15.372938,-17.096326,47.842202
z_gc_path1y_kilianfix,4.080,ip,40,9.186678,16.829702,-18.495718,36.869074,-30.363122,36.955686,0,12.877825,-19.057169,44.812820
z_gc_path1y_kilianfix,4.080,ip,41,7.759128,13.461398,-14.382901,29.901157,-25.221296,29.970435,0,11.761993,-20.046702,43.570689
z_gc_path1y_kilianfix,4.080,ip,42,0.654285,15.666945,-25.115546,26.424115,-43.213160,22.588007,0,3.625332,-27.826833,35.077496
z_gc_path1y_kilianfix,4.080,ip,43,0.060369,14.635779,-24.013344,24.134082,-41.651600,20.550459,0,4.616555,-26.797901,36.031010
z_gc_path1y_kilianfix,4.080,ip,44,-2.410919,13.800376,-25.110518,20.288681,-43.122029,16.219590,0,3.978043,-26.281376,34.237463
z_gc_path1y_kilianfix,4.080,ip,45,-2.102868,17.164458,-30.335888,26.130153,-51.021572,21.927373,0,5.160374,-24.503633,34.824381
z_gc_path1y_kilianfix,4.080,ip,46,4.228139,19.381802,-27.652089,36.108367,-48.102727,34.269933,0,12.364571,-17.993125,42.722268
z_gc_path1y_kilianfix,4.080,ip,47,7.557109,18.893180,-23.519406,38.633625,-42.509818,36.841538,0,15.778725,-14.041907,45.599357
z_gc_path1y_kilianfix,4.080,ip,48,8.060457,20.181277,-25.134789,41.255704,-45.419927,39.341436,0,15.862614,-13.608858,45.334085
z_gc_path1y_kilianfix,4.080,hicp_yoy,0,-1.094298,1.229828,-3.117185,0.928588,-10.318007,0.197021,0,-0.178998,-1.719408,1.361412
z_gc_path1y_kilianfix,4.080,hicp_yoy,1,-0.681985,1.841387,-3.710796,2.346827,-14.492384,1.619749,0,0.470010,-2.083838,3.023858
z_gc_path1y_kilianfix,4.080,hicp_yoy,2,-1.175262,2.377106,-5.085254,2.734729,-24.946324,1.677265,1,0.312849,-2.917532,3.543229
z_gc_path1y_kilianfix,4.080,hicp_yoy,3,-1.751625,2.565486,-5.971474,2.468223,-27.406482,1.326958,1,-0.338005,-4.043125,3.367115
z_gc_path1y_kilianfix,4.080,hicp_yoy,4,-2.634364,3.020154,-7.602075,2.333347,-32.835900,0.989820,1,-1.504300,-5.926057,2.917456
z_gc_path1y_kilianfix,4.080,hicp_yoy,5,-1.980437,2.914672,-6.774647,2.813772,-31.127161,1.808637,1,-0.962059,-5.779247,3.855130
z_gc_path1y_kilianfix,4.080,hicp_yoy,6,-1.142632,2.874727,-5.871137,3.585873,-29.889900,2.881986,1,-0.641066,-6.313555,5.031424
z_gc_path1y_kilianfix,4.080,hicp_yoy,7,-2.252363,3.237384,-7.577386,3.072660,-34.626204,1.632498,1,-2.042293,-8.567443,4.482857
z_gc_path1y_kilianfix,4.080,hicp_yoy,8,-1.514732,3.257377,-6.872640,3.843176,-31.156860,3.208465,0,-1.644776,-8.299033,5.009481
z_gc_path1y_kilianfix,4.080,hicp_yoy,9,-0.732563,3.021815,-5.703007,4.237881,-20.525454,5.008886,0,-1.127605,-7.739954,5.484743
z_gc_path1y_kilianfix,4.080,hicp_yoy,10,-0.142568,2.976756,-5.038895,4.753760,-15.770535,6.703970,0,-0.838614,-7.520856,5.843628
z_gc_path1y_kilianfix,4.080,hicp_yoy,11,-0.880954,2.959763,-5.749330,3.987422,-19.823434,4.298631,0,-1.701482,-8.888517,5.485553
z_gc_path1y_kilianfix,4.080,hicp_yoy,12,-0.062124,2.992142,-4.983760,4.859513,-13.377157,6.819804,0,-0.504921,-7.647781,6.637939
z_gc_path1y_kilianfix,4.080,hicp_yoy,13,-1.280491,2.922403,-6.087416,3.526434,-17.792066,3.687594,0,-2.200056,-9.962102,5.561989
z_gc_path1y_kilianfix,4.080,hicp_yoy,14,-1.976197,2.883084,-6.718448,2.766054,-19.130547,2.492583,0,-3.502891,-10.862010,3.856229
z_gc_path1y_kilianfix,4.080,hicp_yoy,15,-1.711016,2.725058,-6.193337,2.771305,-17.107592,2.512824,0,-3.115758,-10.201979,3.970462
z_gc_path1y_kilianfix,4.080,hicp_yoy,16,-1.060632,2.481484,-5.142310,3.021047,-11.110643,3.654188,0,-2.374733,-8.891300,4.141834
z_gc_path1y_kilianfix,4.080,hicp_yoy,17,-0.058870,1.953321,-3.271797,3.154057,-4.551508,5.019764,0,-1.338320,-7.145509,4.468870
z_gc_path1y_kilianfix,4.080,hicp_yoy,18,1.648109,2.192853,-1.958813,5.255030,-1.860456,9.213450,0,0.768479,-4.853301,6.390260
z_gc_path1y_kilianfix,4.080,hicp_yoy,19,2.235672,2.418387,-1.742221,6.213564,-1.270989,11.062784,0,0.970100,-4.879919,6.820119
z_gc_path1y_kilianfix,4.080,hicp_yoy,20,2.470855,2.378723,-1.441797,6.383506,-0.978294,11.034258,0,1.010165,-4.591056,6.611386
z_gc_path1y_kilianfix,4.080,hicp_yoy,21,2.156614,2.577915,-2.083679,6.396907,-1.581363,11.050421,0,0.678934,-4.726349,6.084217
z_gc_path1y_kilianfix,4.080,hicp_yoy,22,2.554929,2.488291,-1.537945,6.647804,-0.804264,11.761606,0,0.598573,-4.657651,5.854797
z_gc_path1y_kilianfix,4.080,hicp_yoy,23,4.024963,2.433342,0.022471,8.027455,1.226619,14.001667,0,2.423668,-2.703123,7.550460
z_gc_path1y_kilianfix,4.080,hicp_yoy,24,3.738288,2.394368,-0.200097,7.676674,0.984765,13.196043,0,1.791633,-3.019920,6.603186
z_gc_path1y_kilianfix,4.080,hicp_yoy,25,3.260957,2.432518,-0.740179,7.262093,0.463561,12.991029,0,1.448245,-3.874914,6.771403
z_gc_path1y_kilianfix,4.080,hicp_yoy,26,4.039943,2.601582,-0.239279,8.319165,1.178203,14.836510,0,2.642777,-3.206113,8.491668
z_gc_path1y_kilianfix,4.080,hicp_yoy,27,4.475977,3.216985,-0.815492,9.767446,0.937294,17.665615,0,2.978289,-2.929021,8.885599
z_gc_path1y_kilianfix,4.080,hicp_yoy,28,4.038262,2.791664,-0.553616,8.630141,0.827849,14.507002,0,2.547639,-3.156699,8.251978
z_gc_path1y_kilianfix,4.080,hicp_yoy,29,2.372569,2.202078,-1.249527,5.994664,-0.490133,9.419218,0,0.768474,-5.002890,6.539837
z_gc_path1y_kilianfix,4.080,hicp_yoy,30,0.781072,2.077216,-2.635645,4.197789,-2.334753,6.597278,0,-1.113864,-6.776980,4.549252
z_gc_path1y_kilianfix,4.080,hicp_yoy,31,0.151111,1.686475,-2.622893,2.925115,-2.715896,4.282974,0,-1.977146,-7.640196,3.685904
z_gc_path1y_kilianfix,4.080,hicp_yoy,32,0.485624,1.799253,-2.473884,3.445132,-2.303219,5.253645,0,-1.238497,-6.411716,3.934721
z_gc_path1y_kilianfix,4.080,hicp_yoy,33,0.705241,1.988706,-2.565889,3.976371,-2.874429,5.279264,0,-0.558212,-5.523025,4.406602
z_gc_path1y_kilianfix,4.080,hicp_yoy,34,-0.263118,1.575765,-2.855022,2.328785,-3.414649,2.967201,0,-1.385867,-6.500000,3.728265
z_gc_path1y_kilianfix,4.080,hicp_yoy,35,-0.355985,1.299123,-2.492851,1.780882,-2.824318,2.631997,0,-1.788630,-7.151282,3.574022
z_gc_path1y_kilianfix,4.080,hicp_yoy,36,-0.028381,1.126052,-1.880572,1.823810,-2.561999,2.111118,0,-0.691423,-6.030614,4.647769
z_gc_path1y_kilianfix,4.080,hicp_yoy,37,-0.468120,1.224077,-2.481547,1.545307,-4.140351,1.245588,0,-1.308688,-6.872391,4.255015
z_gc_path1y_kilianfix,4.080,hicp_yoy,38,-0.250399,1.207611,-2.236742,1.735944,-3.631709,1.500637,0,-0.663213,-6.335313,5.008886
z_gc_path1y_kilianfix,4.080,hicp_yoy,39,1.887741,1.396933,-0.410009,4.185492,-0.836278,4.681607,0,2.039447,-4.076154,8.155047
z_gc_path1y_kilianfix,4.080,hicp_yoy,40,2.688538,1.361596,0.448913,4.928164,0.578065,6.160608,0,2.735888,-3.969929,9.441706
z_gc_path1y_kilianfix,4.080,hicp_yoy,41,2.792720,1.725517,-0.045503,5.630942,0.376996,7.624166,0,2.758397,-4.213604,9.730399
z_gc_path1y_kilianfix,4.080,hicp_yoy,42,2.627794,1.540696,0.093575,5.162014,0.162681,6.402499,0,2.326360,-4.381139,9.033859
z_gc_path1y_kilianfix,4.080,hicp_yoy,43,3.288331,1.715837,0.466030,6.110632,0.199825,7.148964,0,3.413521,-3.064942,9.891984
z_gc_path1y_kilianfix,4.080,hicp_yoy,44,3.303508,1.625843,0.629234,5.977782,0.295698,6.799071,0,3.355458,-2.913992,9.624908
z_gc_path1y_kilianfix,4.080,hicp_yoy,45,2.693506,2.030373,-0.646161,6.033173,-1.164203,6.957290,0,2.723140,-3.395957,8.842237
z_gc_path1y_kilianfix,4.080,hicp_yoy,46,2.508393,2.287552,-1.254294,6.271081,-2.066710,7.197875,0,2.507190,-3.969911,8.984291
z_gc_path1y_kilianfix,4.080,hicp_yoy,47,2.129038,2.124086,-1.364772,5.622848,-2.756359,5.952392,0,2.295742,-3.754535,8.346018
z_gc_path1y_kilianfix,4.080,hicp_yoy,48,1.609000,2.025797,-1.723139,4.941139,-3.151622,5.154144,0,1.299878,-4.261778,6.861534
z_gc_path1y_kilianfix,4.080,stoxx,0,1.609051,24.871292,-39.300585,42.518686,-46.889969,103.581350,0,4.740212,-38.659875,48.140298
z_gc_path1y_kilianfix,4.080,stoxx,1,-23.887598,34.970463,-81.408891,33.633696,-170.763544,54.795945,0,-20.514635,-85.264936,44.235666
z_gc_path1y_kilianfix,4.080,stoxx,2,-37.941298,41.731651,-106.583755,30.701160,-363.448174,28.829344,0,-36.358480,-104.689930,31.972970
z_gc_path1y_kilianfix,4.080,stoxx,3,-14.308521,52.492881,-100.651626,72.034584,-310.893296,114.299036,0,-11.655651,-95.064080,71.752779
z_gc_path1y_kilianfix,4.080,stoxx,4,-13.921537,57.986759,-109.301267,81.458194,-367.640766,145.542050,0,-5.360149,-106.141451,95.421153
z_gc_path1y_kilianfix,4.080,stoxx,5,-63.966485,52.569657,-150.435876,22.502905,-487.152221,25.401931,0,-61.187662,-172.332090,49.956767
z_gc_path1y_kilianfix,4.080,stoxx,6,-107.568769,63.393568,-211.841909,-3.295629,-741.504447,-31.496488,1,-117.749540,-253.358453,17.859372
z_gc_path1y_kilianfix,4.080,stoxx,7,-96.551970,62.562286,-199.457773,6.353833,-684.637460,-5.836655,0,-106.566134,-232.853626,19.721359
z_gc_path1y_kilianfix,4.080,stoxx,8,-64.760549,64.611442,-171.036913,41.515816,-475.043205,67.692907,0,-69.941893,-197.096189,57.212403
z_gc_path1y_kilianfix,4.080,stoxx,9,-77.095367,76.707016,-203.267181,49.076448,-560.349570,76.318666,0,-71.734150,-204.445509,60.977210
z_gc_path1y_kilianfix,4.080,stoxx,10,-81.523083,83.233496,-218.430001,55.383834,-551.792335,97.428933,0,-71.812417,-205.726215,62.101380
z_gc_path1y_kilianfix,4.080,stoxx,11,-65.457315,78.831355,-195.123355,64.208725,-459.614089,111.913234,0,-52.484434,-182.359008,77.390140
z_gc_path1y_kilianfix,4.080,stoxx,12,-56.486342,78.654702,-185.861814,72.889130,-410.432502,124.419472,0,-41.341071,-175.929228,93.247086
z_gc_path1y_kilianfix,4.080,stoxx,13,-60.784704,75.559824,-185.069555,63.500146,-438.583824,86.556952,0,-47.305574,-190.545687,95.934539
z_gc_path1y_kilianfix,4.080,stoxx,14,-82.919462,73.275688,-203.447242,37.608319,-489.599528,37.985423,0,-68.256120,-214.589959,78.077720
z_gc_path1y_kilianfix,4.080,stoxx,15,-75.318961,68.600400,-188.156578,37.518657,-404.600882,48.161760,0,-59.624485,-207.934906,88.685935
z_gc_path1y_kilianfix,4.080,stoxx,16,-21.237814,56.637479,-114.398176,71.922548,-179.822754,134.515252,0,2.677114,-126.455811,131.810040
z_gc_path1y_kilianfix,4.080,stoxx,17,-2.617847,55.514256,-93.930673,88.694979,-116.422072,155.597784,0,14.915188,-106.185116,136.015492
z_gc_path1y_kilianfix,4.080,stoxx,18,-2.313400,50.503031,-85.383494,80.756694,-103.319463,136.569936,0,10.922039,-109.647340,131.491418
z_gc_path1y_kilianfix,4.080,stoxx,19,-18.720770,44.173272,-91.379337,53.937797,-129.153950,76.251765,0,-8.787756,-127.041879,109.466368
z_gc_path1y_kilianfix,4.080,stoxx,20,-7.550151,47.012857,-84.879418,69.779117,-129.783578,86.475563,0,-4.890228,-120.236336,110.455880
z_gc_path1y_kilianfix,4.080,stoxx,21,41.224929,46.460653,-35.196045,117.645903,-44.727279,166.668692,0,46.819034,-70.142142,163.780210
z_gc_path1y_kilianfix,4.080,stoxx,22,64.246121,47.959581,-14.640369,143.132612,-2.897292,234.502634,0,68.741012,-53.028198,190.510222
z_gc_path1y_kilianfix,4.080,stoxx,23,30.537589,41.765130,-38.159937,99.235114,-38.374876,147.479953,0,31.441885,-85.336000,148.219771
z_gc_path1y_kilianfix,4.080,stoxx,24,12.468517,39.677006,-52.794350,77.731383,-60.933944,109.677181,0,8.345568,-106.198438,122.889573
z_gc_path1y_kilianfix,4.080,stoxx,25,12.122208,35.884603,-46.902712,71.147128,-63.235459,91.068336,0,-0.875094,-115.087051,113.336863
z_gc_path1y_kilianfix,4.080,stoxx,26,-12.686979,33.261550,-67.397359,42.023401,-104.156240,42.194578,0,-34.379218,-146.315826,77.557390
z_gc_path1y_kilianfix,4.080,stoxx,27,-45.240178,41.497487,-113.497470,23.017114,-169.732639,17.006052,0,-60.487948,-181.929312,60.953416
z_gc_path1y_kilianfix,4.080,stoxx,28,-46.698117,44.835647,-120.446193,27.049959,-178.963274,18.313570,0,-63.398457,-176.736132,49.939217
z_gc_path1y_kilianfix,4.080,stoxx,29,-45.526455,50.691013,-128.905752,37.852841,-197.599494,25.440963,0,-61.235178,-168.043064,45.572707
z_gc_path1y_kilianfix,4.080,stoxx,30,-20.977694,49.724318,-102.766918,60.811531,-160.205784,53.608783,0,-21.620813,-121.121408,77.879782
z_gc_path1y_kilianfix,4.080,stoxx,31,-13.886477,50.706945,-97.291980,69.519026,-143.189188,69.779983,0,-5.600779,-107.715030,96.513472
z_gc_path1y_kilianfix,4.080,stoxx,32,-29.739862,50.959332,-113.560504,54.080780,-174.973958,44.151169,0,-18.500086,-121.635000,84.634827
z_gc_path1y_kilianfix,4.080,stoxx,33,-32.273116,59.274081,-129.770304,65.224071,-221.950177,44.783190,0,-18.213260,-125.556446,89.129927
z_gc_path1y_kilianfix,4.080,stoxx,34,-9.933706,61.003472,-110.275489,90.408077,-195.994296,72.420982,0,13.185703,-92.767583,119.138988
z_gc_path1y_kilianfix,4.080,stoxx,35,1.697261,61.718994,-99.821450,103.215972,-195.803520,85.017903,0,20.623451,-90.746227,131.993130
z_gc_path1y_kilianfix,4.080,stoxx,36,11.435190,68.052201,-100.500720,123.371101,-189.318804,110.110882,0,31.375018,-70.674332,133.424368
z_gc_path1y_kilianfix,4.080,stoxx,37,55.786762,76.245038,-69.625165,181.198689,-119.576825,196.840082,0,74.942366,-33.515415,183.400148
z_gc_path1y_kilianfix,4.080,stoxx,38,66.525630,69.010639,-46.986771,180.038030,-85.297777,190.744781,0,81.037865,-28.228860,190.304590
z_gc_path1y_kilianfix,4.080,stoxx,39,42.335475,63.823825,-62.645375,147.316325,-117.224087,141.262403,0,57.365767,-42.628922,157.360455
z_gc_path1y_kilianfix,4.080,stoxx,40,19.163863,48.978606,-61.398774,99.726500,-108.180511,92.631771,0,29.578984,-60.583194,119.741162
z_gc_path1y_kilianfix,4.080,stoxx,41,-3.746530,53.308879,-91.431833,83.938772,-158.342279,68.220456,0,7.756998,-81.160324,96.674319
z_gc_path1y_kilianfix,4.080,stoxx,42,-0.900117,59.700094,-99.098033,97.297800,-177.015395,79.695010,0,9.785660,-76.474808,96.046128
z_gc_path1y_kilianfix,4.080,stoxx,43,-6.104519,66.890836,-116.130153,103.921114,-213.466110,80.853567,0,3.766054,-86.535665,94.067772
z_gc_path1y_kilianfix,4.080,stoxx,44,-15.354341,68.272725,-127.652980,96.944298,-230.413424,69.986565,0,-4.175262,-93.640026,85.289503
z_gc_path1y_kilianfix,4.080,stoxx,45,2.022826,61.474007,-99.092917,103.138569,-163.956992,91.160136,0,11.028905,-73.936748,95.994558
z_gc_path1y_kilianfix,4.080,stoxx,46,-8.585267,69.393579,-122.727546,105.557013,-206.356966,92.035423,0,-3.062121,-89.262438,83.138195
z_gc_path1y_kilianfix,4.080,stoxx,47,-27.658732,69.315964,-141.673348,86.355883,-252.935617,58.986223,0,-24.056724,-110.408283,62.294834
z_gc_path1y_kilianfix,4.080,stoxx,48,-26.605569,59.140615,-123.883224,70.672085,-227.683659,47.320199,0,-27.292933,-114.923918,60.338052
