instrument,F_eff,variable,h,theta,se,lo,hi,ar_lo,ar_hi,ar_unbounded,theta_la,lo_la,hi_la
z_gcs_1m_adj_sum,19.359,ois1m,0,1.000000,0.000000,1.000000,1.000000,1.000000,1.000000,0,1.000000,1.000000,1.000000
z_gcs_1m_adj_sum,19.359,ois1m,1,0.547550,0.260573,0.118945,0.976155,0.039432,0.938410,0,0.633412,0.170332,1.096491
z_gcs_1m_adj_sum,19.359,ois1m,2,0.517435,0.331332,-0.027558,1.062428,-0.095530,1.030999,0,0.574585,-0.119540,1.268710
z_gcs_1m_adj_sum,19.359,ois1m,3,0.687149,0.362365,0.091112,1.283186,0.016774,1.248814,0,0.680660,-0.088668,1.449989
z_gcs_1m_adj_sum,19.359,ois1m,4,0.840402,0.457845,0.087313,1.593491,-0.006612,1.550062,0,0.813127,-0.269085,1.895340
z_gcs_1m_adj_sum,19.359,ois1m,5,0.726161,0.465641,-0.039751,1.492072,-0.088712,1.494469,0,0.603262,-0.703037,1.909561
z_gcs_1m_adj_sum,19.359,ois1m,6,0.381820,0.590311,-0.589154,1.352795,-0.710254,1.296802,0,0.264171,-1.345209,1.873551
z_gcs_1m_adj_sum,19.359,ois1m,7,-0.049090,0.659246,-1.133454,1.035273,-1.301658,0.972742,0,-0.203241,-1.969215,1.562733
z_gcs_1m_adj_sum,19.359,ois1m,8,-0.189874,0.786629,-1.483764,1.104016,-1.645138,1.068733,0,-0.394684,-2.309620,1.520252
z_gcs_1m_adj_sum,19.359,ois1m,9,-0.382516,0.951840,-1.948154,1.183122,-2.143421,1.140428,0,-0.676819,-2.686787,1.333150
z_gcs_1m_adj_sum,19.359,ois1m,10,-0.614989,0.996800,-2.254579,1.024601,-2.409229,0.979891,0,-1.027758,-3.069964,1.014448
z_gcs_1m_adj_sum,19.359,ois1m,11,-0.369421,0.995292,-2.006531,1.267689,-2.160947,1.272811,0,-0.807306,-2.816804,1.202192
z_gcs_1m_adj_sum,19.359,ois1m,12,-0.454862,0.957839,-2.030366,1.120642,-2.178971,1.125572,0,-0.898330,-2.810037,1.013378
z_gcs_1m_adj_sum,19.359,ois1m,13,-0.213285,0.831155,-1.580413,1.153843,-1.667806,1.199678,0,-0.602541,-2.422403,1.217320
z_gcs_1m_adj_sum,19.359,ois1m,14,0.168804,0.788270,-1.127785,1.465394,-1.131842,1.587691,0,-0.271568,-1.986927,1.443791
z_gcs_1m_adj_sum,19.359,ois1m,15,0.286848,0.749996,-0.946786,1.520481,-0.950646,1.599341,0,-0.127597,-1.792946,1.537753
z_gcs_1m_adj_sum,19.359,ois1m,16,0.717454,0.708077,-0.447229,1.882138,-0.450873,1.991993,0,0.312794,-1.265746,1.891334
z_gcs_1m_adj_sum,19.359,ois1m,17,1.107898,0.800565,-0.208914,2.424709,-0.173006,2.588942,0,0.598819,-0.910155,2.107793
z_gcs_1m_adj_sum,19.359,ois1m,18,1.002355,0.804976,-0.321714,2.326423,-0.285607,2.491561,0,0.369068,-1.159520,1.897656
z_gcs_1m_adj_sum,19.359,ois1m,19,1.056230,0.826245,-0.302823,2.415282,-0.224451,2.584783,0,0.294938,-1.254347,1.844222
z_gcs_1m_adj_sum,19.359,ois1m,20,0.900050,0.823108,-0.453842,2.253942,-0.416923,2.422800,0,0.044833,-1.522161,1.611827
z_gcs_1m_adj_sum,19.359,ois1m,21,0.695357,0.836536,-0.680622,2.071337,-0.643101,2.201122,0,-0.137570,-1.713081,1.437942
z_gcs_1m_adj_sum,19.359,ois1m,22,0.714091,0.777915,-0.565466,1.993648,-0.569469,2.114339,0,-0.135063,-1.652867,1.382741
z_gcs_1m_adj_sum,19.359,ois1m,23,0.622809,0.746013,-0.604273,1.849891,-0.645413,1.928332,0,-0.299815,-1.798637,1.199008
z_gcs_1m_adj_sum,19.359,ois1m,24,0.633808,0.755177,-0.608347,1.875964,-0.687752,1.879850,0,-0.267717,-1.737666,1.202233
z_gcs_1m_adj_sum,19.359,ois1m,25,0.762971,0.717473,-0.417167,1.943108,-0.528480,1.946801,0,-0.128497,-1.571571,1.314577
z_gcs_1m_adj_sum,19.359,ois1m,26,0.366630,0.704068,-0.791458,1.524719,-0.935895,1.493139,0,-0.494435,-1.955322,0.966452
z_gcs_1m_adj_sum,19.359,ois1m,27,-0.004991,0.691816,-1.142926,1.132945,-1.284850,1.101914,0,-0.812363,-2.273001,0.648276
z_gcs_1m_adj_sum,19.359,ois1m,28,0.050975,0.736584,-1.160597,1.262547,-1.274876,1.229509,0,-0.705332,-2.123391,0.712727
z_gcs_1m_adj_sum,19.359,ois1m,29,-0.024305,0.710088,-1.192296,1.143687,-1.337968,1.111837,0,-0.783063,-2.142813,0.576686
z_gcs_1m_adj_sum,19.359,ois1m,30,-0.074965,0.768623,-1.339238,1.189307,-1.535349,1.116400,0,-0.844708,-2.181421,0.492005
z_gcs_1m_adj_sum,19.359,ois1m,31,0.165871,0.782387,-1.121041,1.452783,-1.281545,1.417690,0,-0.505014,-1.851310,0.841282
z_gcs_1m_adj_sum,19.359,ois1m,32,0.195295,0.733379,-1.011005,1.401595,-1.124786,1.405370,0,-0.473746,-1.866513,0.919021
z_gcs_1m_adj_sum,19.359,ois1m,33,0.503605,0.704586,-0.655337,1.662547,-0.729421,1.701402,0,-0.209801,-1.617299,1.197698
z_gcs_1m_adj_sum,19.359,ois1m,34,0.509460,0.667544,-0.588552,1.607472,-0.692119,1.610908,0,-0.163530,-1.625282,1.298221
z_gcs_1m_adj_sum,19.359,ois1m,35,0.436862,0.621931,-0.586123,1.459848,-0.682613,1.463048,0,-0.146131,-1.556746,1.264483
z_gcs_1m_adj_sum,19.359,ois1m,36,0.542920,0.648069,-0.523058,1.608898,-0.623604,1.612233,0,0.018447,-1.378272,1.415166
z_gcs_1m_adj_sum,19.359,ois1m,37,0.644170,0.663646,-0.447430,1.735770,-0.616757,1.672821,0,0.305406,-1.144915,1.755726
z_gcs_1m_adj_sum,19.359,ois1m,38,0.380066,0.607000,-0.618361,1.378493,-0.773235,1.320917,0,0.144464,-1.269118,1.558047
z_gcs_1m_adj_sum,19.359,ois1m,39,0.416595,0.583948,-0.543914,1.377103,-0.692906,1.321713,0,0.223345,-1.187457,1.634146
z_gcs_1m_adj_sum,19.359,ois1m,40,0.432470,0.626241,-0.597606,1.462545,-0.788701,1.403144,0,0.440190,-1.056098,1.936477
z_gcs_1m_adj_sum,19.359,ois1m,41,0.253333,0.513288,-0.590951,1.097617,-0.696250,1.074594,0,0.259780,-1.184053,1.703612
z_gcs_1m_adj_sum,19.359,ois1m,42,0.465846,0.508717,-0.370919,1.302612,-0.424409,1.330665,0,0.385660,-1.089340,1.860660
z_gcs_1m_adj_sum,19.359,ois1m,43,0.203756,0.409184,-0.469292,0.876804,-0.553235,0.878910,0,0.217716,-1.242315,1.677747
z_gcs_1m_adj_sum,19.359,ois1m,44,0.146477,0.373351,-0.467631,0.760584,-0.469552,0.818508,0,0.161260,-1.296502,1.619023
z_gcs_1m_adj_sum,19.359,ois1m,45,0.112502,0.367270,-0.491603,0.716607,-0.548584,0.736861,0,0.159394,-1.300763,1.619551
z_gcs_1m_adj_sum,19.359,ois1m,46,-0.084406,0.366479,-0.687210,0.518399,-0.780716,0.501961,0,0.075997,-1.410995,1.562990
z_gcs_1m_adj_sum,19.359,ois1m,47,-0.159927,0.415211,-0.842888,0.523035,-0.969588,0.483650,0,0.094118,-1.440029,1.628265
z_gcs_1m_adj_sum,19.359,ois1m,48,-0.154498,0.495532,-0.969576,0.660579,-1.170339,0.564023,0,0.129838,-1.425761,1.685437
z_gcs_1m_adj_sum,19.359,ip,0,3.959351,2.102305,0.501367,7.417335,1.016124,8.479306,0,3.543887,0.185826,6.901948
z_gcs_1m_adj_sum,19.359,ip,1,1.554102,2.039083,-1.799891,4.908095,-2.116247,4.816635,0,1.952320,-1.375570,5.280210
z_gcs_1m_adj_sum,19.359,ip,2,3.532449,2.315772,-0.276658,7.341555,-0.404364,7.469261,0,3.297597,-1.061056,7.656250
z_gcs_1m_adj_sum,19.359,ip,3,1.548763,2.929845,-3.270404,6.367929,-3.431974,6.529499,0,0.894365,-4.718132,6.506862
z_gcs_1m_adj_sum,19.359,ip,4,1.823450,3.023769,-3.150207,6.797108,-3.619334,6.661481,0,0.502970,-6.043526,7.049466
z_gcs_1m_adj_sum,19.359,ip,5,1.517070,2.919838,-3.285636,6.319776,-3.592646,6.334803,0,-0.528695,-7.482942,6.425553
z_gcs_1m_adj_sum,19.359,ip,6,-1.194461,3.186029,-6.435012,4.046091,-7.247916,3.743885,0,-2.637258,-11.206554,5.932037
z_gcs_1m_adj_sum,19.359,ip,7,-3.740331,4.171057,-10.601110,3.120448,-11.248234,2.933361,0,-5.589734,-15.486358,4.306890
z_gcs_1m_adj_sum,19.359,ip,8,-3.859142,4.541108,-11.328599,3.610316,-11.806080,3.633686,0,-5.432326,-15.037422,4.172769
z_gcs_1m_adj_sum,19.359,ip,9,-6.589900,4.714081,-14.343874,1.164073,-15.075246,0.952629,0,-8.305432,-18.319120,1.708257
z_gcs_1m_adj_sum,19.359,ip,10,-7.612625,5.833837,-17.208432,1.983183,-18.696915,1.429823,0,-9.336567,-19.775714,1.102579
z_gcs_1m_adj_sum,19.359,ip,11,-4.865355,5.255297,-13.509549,3.778838,-13.799359,4.068649,0,-6.139382,-15.252897,2.974132
z_gcs_1m_adj_sum,19.359,ip,12,-4.802249,4.532315,-12.257244,2.652745,-12.507185,2.902686,0,-6.953422,-15.733285,1.826441
z_gcs_1m_adj_sum,19.359,ip,13,-2.336412,4.403750,-9.579937,4.907112,-9.382413,5.590338,0,-5.178870,-13.098508,2.740768
z_gcs_1m_adj_sum,19.359,ip,14,2.222706,3.774729,-3.986170,8.431583,-3.439387,9.583428,0,0.665705,-6.449605,7.781016
z_gcs_1m_adj_sum,19.359,ip,15,2.791419,3.135190,-2.365510,7.948349,-1.754607,9.218560,0,1.379502,-5.431131,8.190135
z_gcs_1m_adj_sum,19.359,ip,16,1.265084,3.461618,-4.428772,6.958939,-3.927344,8.015240,0,-0.284279,-7.258911,6.690353
z_gcs_1m_adj_sum,19.359,ip,17,5.450835,3.835893,-0.858647,11.760318,-0.494799,12.739032,0,3.643839,-3.154476,10.442155
z_gcs_1m_adj_sum,19.359,ip,18,6.963443,4.506664,-0.449359,14.376246,0.203447,15.751438,0,4.494522,-2.175175,11.164219
z_gcs_1m_adj_sum,19.359,ip,19,5.977703,4.741698,-1.821696,13.777101,-1.609014,14.512758,0,3.347664,-3.859389,10.554716
z_gcs_1m_adj_sum,19.359,ip,20,7.384086,5.244328,-1.242066,16.010239,-0.482406,17.610526,0,3.883864,-3.330968,11.098696
z_gcs_1m_adj_sum,19.359,ip,21,2.952758,4.400278,-4.285055,10.190571,-4.087686,11.093272,0,-0.146020,-7.567313,7.275273
z_gcs_1m_adj_sum,19.359,ip,22,4.895099,3.842359,-1.425019,11.215217,-1.060557,12.195581,0,1.467766,-6.073864,9.009397
z_gcs_1m_adj_sum,19.359,ip,23,7.536683,4.183650,0.655191,14.418176,1.261208,15.694801,0,3.307925,-4.883170,11.499020
z_gcs_1m_adj_sum,19.359,ip,24,2.169771,3.235626,-3.152360,7.491902,-3.330793,7.832116,0,-1.756493,-9.277770,5.764784
z_gcs_1m_adj_sum,19.359,ip,25,2.642304,3.423020,-2.988062,8.272670,-3.005679,8.632588,0,-1.106360,-9.281731,7.069011
z_gcs_1m_adj_sum,19.359,ip,26,2.458633,3.676060,-3.587948,8.505215,-4.158275,8.340330,0,-1.434444,-9.926729,7.057842
z_gcs_1m_adj_sum,19.359,ip,27,2.785956,3.459404,-2.904258,8.476170,-3.440972,8.321003,0,0.056912,-8.282994,8.396818
z_gcs_1m_adj_sum,19.359,ip,28,2.238737,3.575421,-3.642308,8.119781,-4.018251,8.316953,0,-0.470510,-9.344437,8.403418
z_gcs_1m_adj_sum,19.359,ip,29,0.856513,3.723118,-5.267470,6.980497,-6.031254,6.813501,0,-1.856277,-10.950754,7.238199
z_gcs_1m_adj_sum,19.359,ip,30,2.024079,3.303478,-3.409659,7.457817,-4.087356,7.309644,0,-0.205944,-9.729327,9.317439
z_gcs_1m_adj_sum,19.359,ip,31,2.833206,3.121318,-2.300906,7.967317,-2.629101,8.139447,0,0.601281,-9.178948,10.381510
z_gcs_1m_adj_sum,19.359,ip,32,1.711772,4.345498,-5.435935,8.859480,-6.110123,8.664569,0,0.090602,-10.347912,10.529116
z_gcs_1m_adj_sum,19.359,ip,33,-0.796357,3.811988,-7.066519,5.473805,-8.420333,4.921625,0,-2.496051,-12.742588,7.750486
z_gcs_1m_adj_sum,19.359,ip,34,3.109640,3.994332,-3.460451,9.679732,-4.879024,9.101139,0,1.964301,-8.880643,12.809246
z_gcs_1m_adj_sum,19.359,ip,35,0.087930,4.462348,-7.251979,7.427840,-9.283000,6.335218,0,-0.241781,-11.030627,10.547064
z_gcs_1m_adj_sum,19.359,ip,36,-0.189499,3.606492,-6.121649,5.742652,-7.582806,4.859590,0,-0.245905,-10.638917,10.147106
z_gcs_1m_adj_sum,19.359,ip,37,2.584982,3.330176,-2.892670,8.062634,-4.408388,7.247229,0,2.574807,-8.212820,13.362434
z_gcs_1m_adj_sum,19.359,ip,38,-1.793111,4.508940,-9.209657,5.623435,-11.712778,4.293957,0,-1.175289,-11.687326,9.336748
z_gcs_1m_adj_sum,19.359,ip,39,0.234461,3.685907,-5.828317,6.297239,-7.505944,5.394731,0,1.107244,-9.300460,11.514947
z_gcs_1m_adj_sum,19.359,ip,40,0.298563,3.789536,-5.934668,6.531794,-7.469985,5.793389,0,2.016573,-8.373188,12.406333
z_gcs_1m_adj_sum,19.359,ip,41,-0.079958,3.593099,-5.990080,5.830165,-7.805121,4.950381,0,2.951913,-7.922283,13.826109
z_gcs_1m_adj_sum,19.359,ip,42,-1.831832,3.549446,-7.670151,4.006487,-9.463141,3.137392,0,0.508276,-10.201893,11.218445
z_gcs_1m_adj_sum,19.359,ip,43,-0.806102,3.606907,-6.738936,5.126732,-8.380607,4.423913,0,1.383056,-9.925824,12.691935
z_gcs_1m_adj_sum,19.359,ip,44,0.362651,3.877652,-6.015519,6.740822,-7.392653,6.179130,0,3.300440,-8.038568,14.639447
z_gcs_1m_adj_sum,19.359,ip,45,-0.061083,3.573019,-5.938176,5.816011,-6.671168,5.655748,0,3.529659,-7.782739,14.842058
z_gcs_1m_adj_sum,19.359,ip,46,2.021299,3.216158,-3.268810,7.311409,-3.124554,8.132000,0,4.084681,-7.336041,15.505404
z_gcs_1m_adj_sum,19.359,ip,47,-0.640915,3.704242,-6.733851,5.452021,-7.864187,5.100660,0,2.930164,-8.352438,14.212767
z_gcs_1m_adj_sum,19.359,ip,48,0.081423,3.654965,-5.930459,6.093306,-6.863011,5.929368,0,4.506954,-6.755447,15.769354
z_gcs_1m_adj_sum,19.359,hicp_sa,0,-0.266180,0.222646,-0.632400,0.100041,-0.733737,0.056657,0,-0.239640,-0.624798,0.145517
z_gcs_1m_adj_sum,19.359,hicp_sa,1,0.180627,0.402376,-0.481222,0.842477,-0.563768,0.824429,0,0.207726,-0.433276,0.848727
z_gcs_1m_adj_sum,19.359,hicp_sa,2,0.093766,0.512048,-0.748479,0.936010,-0.802319,0.938646,0,0.038753,-0.832280,0.909785
z_gcs_1m_adj_sum,19.359,hicp_sa,3,0.463831,0.625228,-0.564577,1.492239,-0.567795,1.557980,0,0.343367,-0.732787,1.419521
z_gcs_1m_adj_sum,19.359,hicp_sa,4,0.426135,0.637547,-0.622537,1.474807,-0.593940,1.573720,0,0.294476,-0.949591,1.538543
z_gcs_1m_adj_sum,19.359,hicp_sa,5,0.198704,0.742168,-1.022055,1.419462,-1.062983,1.460390,0,0.071580,-1.358402,1.501562
z_gcs_1m_adj_sum,19.359,hicp_sa,6,-0.536011,0.835072,-1.909583,0.837560,-2.080895,0.800104,0,-0.651594,-2.457452,1.154264
z_gcs_1m_adj_sum,19.359,hicp_sa,7,-0.981350,0.986067,-2.603286,0.640587,-2.805575,0.547055,0,-0.999934,-3.059953,1.060085
z_gcs_1m_adj_sum,19.359,hicp_sa,8,-2.106382,1.191201,-4.065734,-0.147031,-4.369664,-0.260021,0,-2.243115,-4.557422,0.071192
z_gcs_1m_adj_sum,19.359,hicp_sa,9,-2.284614,1.409310,-4.602722,0.033495,-4.891837,-0.100184,0,-2.496523,-5.006256,0.013210
z_gcs_1m_adj_sum,19.359,hicp_sa,10,-2.047363,1.510178,-4.531385,0.436659,-4.765683,0.368922,0,-2.275421,-4.786252,0.235411
z_gcs_1m_adj_sum,19.359,hicp_sa,11,-2.217149,1.603595,-4.854828,0.420531,-5.103620,0.348604,0,-2.332332,-5.027737,0.363073
z_gcs_1m_adj_sum,19.359,hicp_sa,12,-2.032142,1.604352,-4.671065,0.606782,-4.919975,0.615038,0,-1.984804,-4.763904,0.794297
z_gcs_1m_adj_sum,19.359,hicp_sa,13,-1.708782,1.720804,-4.539252,1.121688,-4.634148,1.216584,0,-1.746199,-4.678092,1.185694
z_gcs_1m_adj_sum,19.359,hicp_sa,14,-1.583208,1.596198,-4.208720,1.042305,-4.216935,1.210139,0,-1.552779,-4.512799,1.407242
z_gcs_1m_adj_sum,19.359,hicp_sa,15,-1.082094,1.540433,-3.615880,1.451693,-3.546786,1.767707,0,-1.020877,-4.021288,1.979534
z_gcs_1m_adj_sum,19.359,hicp_sa,16,-0.622352,1.560439,-3.189045,1.944342,-3.041032,2.342482,0,-0.591855,-3.621562,2.437852
z_gcs_1m_adj_sum,19.359,hicp_sa,17,-0.490604,1.701766,-3.289760,2.308552,-3.043253,2.827839,0,-0.622583,-3.772148,2.526981
z_gcs_1m_adj_sum,19.359,hicp_sa,18,-0.582109,1.695161,-3.370400,2.206183,-3.124850,2.808213,0,-0.720803,-4.006754,2.565147
z_gcs_1m_adj_sum,19.359,hicp_sa,19,-0.702519,1.814554,-3.687195,2.282157,-3.333623,2.926589,0,-0.925809,-4.323344,2.471727
z_gcs_1m_adj_sum,19.359,hicp_sa,20,-1.403552,1.831638,-4.416328,1.609225,-4.151009,2.168142,0,-1.695662,-5.316568,1.925245
z_gcs_1m_adj_sum,19.359,hicp_sa,21,-1.335367,1.830870,-4.346881,1.676147,-4.081673,2.234830,0,-1.652422,-5.247667,1.942823
z_gcs_1m_adj_sum,19.359,hicp_sa,22,-1.246180,1.778637,-4.171777,1.679418,-4.003067,2.133230,0,-1.576268,-5.219631,2.067095
z_gcs_1m_adj_sum,19.359,hicp_sa,23,-0.891293,1.867911,-3.963733,2.181147,-3.786555,2.657738,0,-1.294947,-4.954198,2.364304
z_gcs_1m_adj_sum,19.359,hicp_sa,24,-1.286962,1.952980,-4.499328,1.925404,-4.314080,2.423700,0,-1.734484,-5.561094,2.092125
z_gcs_1m_adj_sum,19.359,hicp_sa,25,-1.934386,1.949669,-5.141305,1.272534,-4.956372,1.769985,0,-2.372803,-6.259647,1.514041
z_gcs_1m_adj_sum,19.359,hicp_sa,26,-2.346818,1.882080,-5.442564,0.748929,-5.264042,1.229135,0,-2.852216,-6.844792,1.140359
z_gcs_1m_adj_sum,19.359,hicp_sa,27,-2.261206,1.919662,-5.418770,0.896357,-5.236683,1.386152,0,-2.736062,-6.793022,1.320897
z_gcs_1m_adj_sum,19.359,hicp_sa,28,-2.002360,1.994592,-5.283172,1.278453,-4.994248,1.887095,0,-2.589710,-6.662665,1.483246
z_gcs_1m_adj_sum,19.359,hicp_sa,29,-1.180909,2.149694,-4.716840,2.355023,-4.297964,3.118478,0,-1.885673,-5.919355,2.148008
z_gcs_1m_adj_sum,19.359,hicp_sa,30,-0.848021,2.079056,-4.267765,2.571722,-3.862653,3.414045,0,-1.618803,-5.583526,2.345920
z_gcs_1m_adj_sum,19.359,hicp_sa,31,-1.226331,2.213503,-4.867220,2.414558,-4.435911,3.200675,0,-2.048932,-5.970798,1.872934
z_gcs_1m_adj_sum,19.359,hicp_sa,32,-1.412275,2.156882,-4.960029,2.135480,-4.539753,2.901488,0,-2.331221,-6.263847,1.601405
z_gcs_1m_adj_sum,19.359,hicp_sa,33,-1.198121,2.128259,-4.698796,2.302555,-4.284097,3.164811,0,-2.191573,-6.043776,1.660630
z_gcs_1m_adj_sum,19.359,hicp_sa,34,-1.034128,2.157116,-4.582268,2.514012,-4.161946,3.387960,0,-2.005248,-5.810579,1.800082
z_gcs_1m_adj_sum,19.359,hicp_sa,35,-0.752107,2.030228,-4.091534,2.587321,-3.594426,3.409860,0,-1.730076,-5.485210,2.025058
z_gcs_1m_adj_sum,19.359,hicp_sa,36,-1.033755,1.865662,-4.102496,2.034987,-3.738965,2.790853,0,-1.909938,-5.652548,1.832673
z_gcs_1m_adj_sum,19.359,hicp_sa,37,-0.907740,1.928532,-4.079893,2.264414,-3.607685,3.142178,0,-1.804921,-5.648776,2.038933
z_gcs_1m_adj_sum,19.359,hicp_sa,38,-0.798680,1.994906,-4.080009,2.482649,-3.591549,3.390623,0,-1.776438,-5.590097,2.037220
z_gcs_1m_adj_sum,19.359,hicp_sa,39,-0.965581,2.106888,-4.431103,2.499942,-3.915224,3.458884,0,-2.185047,-6.027857,1.657762
z_gcs_1m_adj_sum,19.359,hicp_sa,40,-0.724033,2.274726,-4.465624,3.017559,-3.908649,4.166628,0,-2.060412,-5.924462,1.803639
z_gcs_1m_adj_sum,19.359,hicp_sa,41,-0.834442,2.156498,-4.381566,2.712682,-3.853539,3.694204,0,-2.322616,-6.168566,1.523334
z_gcs_1m_adj_sum,19.359,hicp_sa,42,-1.186253,2.226061,-4.847797,2.475290,-4.414041,3.488474,0,-2.819901,-6.736745,1.096943
z_gcs_1m_adj_sum,19.359,hicp_sa,43,-1.057656,2.277594,-4.803966,2.688653,-4.246288,3.725292,0,-2.759500,-6.675097,1.156096
z_gcs_1m_adj_sum,19.359,hicp_sa,44,-0.612136,2.189685,-4.213848,2.989576,-3.677695,4.095688,0,-2.288569,-6.037645,1.460507
z_gcs_1m_adj_sum,19.359,hicp_sa,45,-0.368016,1.948338,-3.572747,2.836714,-2.998272,3.918326,0,-1.755091,-5.331982,1.821800
z_gcs_1m_adj_sum,19.359,hicp_sa,46,-0.355528,1.912500,-3.501310,2.790254,-3.033027,3.756346,0,-1.614645,-5.112778,1.883488
z_gcs_1m_adj_sum,19.359,hicp_sa,47,-0.346275,2.023825,-3.675170,2.982621,-3.179629,4.004949,0,-1.497672,-4.810711,1.815366
z_gcs_1m_adj_sum,19.359,hicp_sa,48,-0.560563,1.874099,-3.643181,2.522055,-3.184301,3.375044,0,-1.745139,-4.933935,1.443658
z_gcs_1m_adj_sum,19.359,stoxx,0,5.844407,8.546902,-8.213996,19.902810,-6.975946,22.938211,0,5.016965,-10.286489,20.320418
z_gcs_1m_adj_sum,19.359,stoxx,1,11.199699,11.479372,-7.682188,30.081585,-6.593328,33.010505,0,11.287255,-9.670967,32.245476
z_gcs_1m_adj_sum,19.359,stoxx,2,31.313825,13.796932,8.619892,54.007758,11.308274,58.907689,0,28.402045,2.418314,54.385776
z_gcs_1m_adj_sum,19.359,stoxx,3,29.668746,12.955775,8.358393,50.979099,8.939506,52.989140,0,28.049194,1.536787,54.561602
z_gcs_1m_adj_sum,19.359,stoxx,4,32.505234,15.406762,7.163367,57.847102,4.773063,57.156053,0,29.803591,1.353295,58.253887
z_gcs_1m_adj_sum,19.359,stoxx,5,22.183636,21.239058,-12.751506,57.118777,-13.922763,58.290034,0,17.625774,-16.363650,51.615197
z_gcs_1m_adj_sum,19.359,stoxx,6,16.006181,28.548961,-30.952681,62.965044,-32.527053,64.539416,0,9.547257,-31.105545,50.200059
z_gcs_1m_adj_sum,19.359,stoxx,7,20.616910,23.582382,-18.172657,59.406476,-18.294021,61.886078,0,10.586795,-28.014556,49.188147
z_gcs_1m_adj_sum,19.359,stoxx,8,1.287276,20.271751,-32.056787,34.631339,-34.188288,34.735665,0,-10.872446,-50.476207,28.731314
z_gcs_1m_adj_sum,19.359,stoxx,9,2.392862,21.420817,-32.841247,37.626970,-34.022527,38.808251,0,-8.659365,-49.565482,32.246751
z_gcs_1m_adj_sum,19.359,stoxx,10,5.987374,21.328612,-29.095071,41.069819,-28.138405,44.378876,0,-7.551589,-48.624902,33.521723
z_gcs_1m_adj_sum,19.359,stoxx,11,22.981982,20.745790,-11.141807,57.105770,-10.211283,60.324404,0,10.724033,-30.941519,52.389586
z_gcs_1m_adj_sum,19.359,stoxx,12,36.558340,16.093187,10.087404,63.029277,11.613901,66.330736,0,24.790008,-13.997243,63.577259
z_gcs_1m_adj_sum,19.359,stoxx,13,37.077758,15.449009,11.666400,62.489116,13.131794,65.658424,0,23.521904,-12.798038,59.841845
z_gcs_1m_adj_sum,19.359,stoxx,14,49.657421,20.379731,16.135747,83.179095,18.068838,88.378910,0,34.863185,-2.693631,72.420001
z_gcs_1m_adj_sum,19.359,stoxx,15,60.466260,23.961226,21.053551,99.878969,24.524422,107.190650,0,44.526397,6.489345,82.563450
z_gcs_1m_adj_sum,19.359,stoxx,16,54.655872,23.515321,15.976611,93.335134,18.207124,98.159217,0,41.268534,7.343305,75.193764
z_gcs_1m_adj_sum,19.359,stoxx,17,46.250817,21.537969,10.824011,81.677623,12.866965,86.096059,0,32.872975,1.277812,64.468139
z_gcs_1m_adj_sum,19.359,stoxx,18,24.334381,22.845940,-13.243846,61.912609,-13.361420,65.457074,0,8.821617,-22.942495,40.585729
z_gcs_1m_adj_sum,19.359,stoxx,19,35.671849,22.050699,-0.598324,71.942022,0.390730,75.363108,0,24.264339,-9.282461,57.811139
z_gcs_1m_adj_sum,19.359,stoxx,20,43.583743,18.649373,12.908255,74.259231,14.677215,79.017551,0,32.340502,0.066969,64.614034
z_gcs_1m_adj_sum,19.359,stoxx,21,30.807933,15.392679,5.489229,56.126637,5.410013,57.745121,0,20.591396,-9.239387,50.422180
z_gcs_1m_adj_sum,19.359,stoxx,22,27.036591,14.339106,3.450860,50.622323,2.660110,52.130028,0,17.826815,-14.900921,50.554550
z_gcs_1m_adj_sum,19.359,stoxx,23,0.400975,15.589680,-25.241766,26.043716,-26.880965,26.123947,0,-11.676067,-44.721089,21.368955
z_gcs_1m_adj_sum,19.359,stoxx,24,1.111431,13.948224,-21.831356,24.054217,-24.692784,23.428589,0,-8.087909,-40.230126,24.054307
z_gcs_1m_adj_sum,19.359,stoxx,25,0.702605,13.151301,-20.929360,22.334570,-24.284867,21.087121,0,-8.411979,-39.084199,22.260242
z_gcs_1m_adj_sum,19.359,stoxx,26,-7.797727,12.603735,-28.529027,12.933573,-33.005197,10.477690,0,-16.816936,-46.088922,12.455049
z_gcs_1m_adj_sum,19.359,stoxx,27,-13.751052,16.805769,-41.394081,13.891977,-48.202878,10.617312,0,-18.169451,-46.833303,10.494401
z_gcs_1m_adj_sum,19.359,stoxx,28,-9.509357,17.023594,-37.510678,18.491964,-45.258905,14.323675,0,-12.791333,-43.795804,18.213137
z_gcs_1m_adj_sum,19.359,stoxx,29,1.562397,13.338850,-20.378058,23.502853,-25.782245,20.236787,0,-0.519022,-33.558734,32.520691
z_gcs_1m_adj_sum,19.359,stoxx,30,-9.237987,17.145060,-37.439101,18.963127,-46.099866,13.907843,0,-8.681431,-43.849780,26.486919
z_gcs_1m_adj_sum,19.359,stoxx,31,-14.644438,17.902779,-44.091888,14.803013,-53.135412,10.419453,0,-11.052902,-47.142535,25.036732
z_gcs_1m_adj_sum,19.359,stoxx,32,-8.194807,15.147122,-33.109606,16.719991,-38.489051,14.525876,0,-4.657681,-42.359700,33.044338
z_gcs_1m_adj_sum,19.359,stoxx,33,-1.833139,15.169843,-26.785310,23.119032,-32.931317,20.163133,0,-0.201481,-37.139325,36.736364
z_gcs_1m_adj_sum,19.359,stoxx,34,11.802389,15.532181,-13.745776,37.350554,-20.038583,34.324052,0,14.439261,-24.266386,53.144908
z_gcs_1m_adj_sum,19.359,stoxx,35,1.166978,16.079724,-25.281815,27.615770,-33.404429,22.874605,0,7.473612,-28.459559,43.406784
z_gcs_1m_adj_sum,19.359,stoxx,36,-2.053924,13.978818,-25.047034,20.939186,-32.108383,17.516422,0,3.768838,-29.193056,36.730732
z_gcs_1m_adj_sum,19.359,stoxx,37,-8.234362,11.682867,-27.450968,10.982244,-33.352526,8.121651,0,-3.650412,-37.120163,29.819339
z_gcs_1m_adj_sum,19.359,stoxx,38,-12.073762,10.403359,-29.185765,5.038241,-33.920817,2.490941,0,-4.900551,-37.738499,27.937397
z_gcs_1m_adj_sum,19.359,stoxx,39,-12.290089,9.006729,-27.104839,2.524662,-30.753883,0.769668,0,-4.685519,-38.102359,28.731322
z_gcs_1m_adj_sum,19.359,stoxx,40,-30.760236,10.120515,-47.407002,-14.113470,-52.519344,-16.591515,0,-17.589574,-50.991434,15.812286
z_gcs_1m_adj_sum,19.359,stoxx,41,-27.023012,10.014760,-43.495827,-10.550197,-47.052532,-12.000871,0,-14.722026,-49.540401,20.096350
z_gcs_1m_adj_sum,19.359,stoxx,42,-18.807805,10.782453,-36.543362,-1.072248,-39.833588,-2.095003,0,-7.250034,-42.803595,28.303527
z_gcs_1m_adj_sum,19.359,stoxx,43,-26.091226,12.580403,-46.784148,-5.398305,-52.510072,-8.478662,0,-11.921535,-49.167334,25.324264
z_gcs_1m_adj_sum,19.359,stoxx,44,-26.646800,13.453920,-48.776529,-4.517072,-54.227336,-7.138617,0,-14.110328,-51.353739,23.133084
z_gcs_1m_adj_sum,19.359,stoxx,45,-19.412984,14.197750,-42.766204,3.940237,-42.839271,6.142966,0,-4.997518,-40.895094,30.900059
z_gcs_1m_adj_sum,19.359,stoxx,46,-15.150989,12.746024,-36.116333,5.814355,-36.181929,7.791855,0,2.051084,-32.766479,36.868647
z_gcs_1m_adj_sum,19.359,stoxx,47,-20.461482,11.922641,-40.072482,-0.850482,-40.729973,0.403140,0,-0.534409,-35.821303,34.752484
z_gcs_1m_adj_sum,19.359,stoxx,48,-24.150322,15.202456,-49.156137,0.855494,-51.514743,1.693854,0,-5.765492,-40.675038,29.144055
z_gc_1m_adj_sum,11.160,ois1m,0,1.000000,0.000000,1.000000,1.000000,1.000000,1.000000,0,1.000000,1.000000,1.000000
z_gc_1m_adj_sum,11.160,ois1m,1,0.225096,0.416113,-0.459348,0.909541,-0.940020,0.745237,0,0.369900,-0.307294,1.047095
z_gc_1m_adj_sum,11.160,ois1m,2,-0.337005,0.595970,-1.317288,0.643277,-2.065317,0.348360,0,-0.208464,-1.248547,0.831618
z_gc_1m_adj_sum,11.160,ois1m,3,-0.655218,0.784169,-1.945061,0.634626,-2.850891,0.285785,0,-0.455959,-1.831949,0.920032
z_gc_1m_adj_sum,11.160,ois1m,4,-0.382016,0.998167,-2.023855,1.259824,-3.126976,0.815785,0,-0.317385,-2.285442,1.650673
z_gc_1m_adj_sum,11.160,ois1m,5,-0.936837,0.999718,-2.581227,0.707553,-3.586090,0.312811,0,-0.943901,-3.288485,1.400684
z_gc_1m_adj_sum,11.160,ois1m,6,-0.865305,1.099412,-2.673677,0.943067,-3.723776,0.508960,0,-0.881502,-3.511313,1.748308
z_gc_1m_adj_sum,11.160,ois1m,7,-1.270228,1.314605,-3.432561,0.892106,-4.688201,0.373029,0,-1.394434,-4.362472,1.573603
z_gc_1m_adj_sum,11.160,ois1m,8,-0.933511,1.231586,-2.959290,1.092267,-4.012476,0.667550,0,-1.354288,-4.278541,1.569966
z_gc_1m_adj_sum,11.160,ois1m,9,-1.023061,1.328256,-3.207848,1.161725,-4.343701,0.703671,0,-1.529764,-4.521532,1.462004
z_gc_1m_adj_sum,11.160,ois1m,10,-1.136180,1.438142,-3.501713,1.229353,-4.731535,0.733404,0,-1.849718,-4.923096,1.223661
z_gc_1m_adj_sum,11.160,ois1m,11,-0.492243,1.280447,-2.598391,1.613905,-3.693361,1.172338,0,-1.295083,-4.140819,1.550653
z_gc_1m_adj_sum,11.160,ois1m,12,-0.773025,1.329562,-2.959959,1.413909,-4.096929,0.955405,0,-1.581136,-4.449509,1.287236
z_gc_1m_adj_sum,11.160,ois1m,13,-0.550930,1.292760,-2.677331,1.575471,-3.718191,1.194296,0,-1.305370,-4.000278,1.389538
z_gc_1m_adj_sum,11.160,ois1m,14,-0.103318,1.210490,-2.094397,1.887760,-2.887444,1.591367,0,-0.831093,-3.314375,1.652189
z_gc_1m_adj_sum,11.160,ois1m,15,-0.118871,1.175406,-2.052241,1.814500,-2.763533,1.585467,0,-0.845119,-3.349118,1.658881
z_gc_1m_adj_sum,11.160,ois1m,16,-0.077333,1.187481,-2.030566,1.875900,-2.808540,1.585141,0,-0.707852,-3.176233,1.760529
z_gc_1m_adj_sum,11.160,ois1m,17,0.115016,1.126279,-1.737548,1.967579,-2.306484,1.804434,0,-0.528217,-2.812674,1.756241
z_gc_1m_adj_sum,11.160,ois1m,18,0.070337,1.187533,-1.882980,2.023655,-2.542235,1.851637,0,-0.642597,-3.019122,1.733928
z_gc_1m_adj_sum,11.160,ois1m,19,0.036659,1.223761,-1.976250,2.049567,-2.655616,1.811113,0,-0.661179,-3.110451,1.788093
z_gc_1m_adj_sum,11.160,ois1m,20,-0.369948,1.204362,-2.350947,1.611050,-3.019544,1.376376,0,-1.093211,-3.566916,1.380494
z_gc_1m_adj_sum,11.160,ois1m,21,-0.223022,1.156345,-2.125041,1.678996,-2.709165,1.511496,0,-0.901160,-3.241495,1.439174
z_gc_1m_adj_sum,11.160,ois1m,22,-0.468663,1.152567,-2.364467,1.427141,-3.004311,1.202559,0,-1.150661,-3.505868,1.204546
z_gc_1m_adj_sum,11.160,ois1m,23,-0.765392,1.113708,-2.597278,1.066494,-3.215549,0.793799,0,-1.519772,-3.859902,0.820358
z_gc_1m_adj_sum,11.160,ois1m,24,-0.630222,1.141605,-2.507996,1.247551,-3.141754,0.968025,0,-1.306079,-3.613412,1.001253
z_gc_1m_adj_sum,11.160,ois1m,25,-0.768380,1.307331,-2.918749,1.381989,-3.709876,0.996517,0,-1.387953,-3.798955,1.023048
z_gc_1m_adj_sum,11.160,ois1m,26,-1.193996,1.397213,-3.492207,1.104214,-4.267865,0.762102,0,-1.710312,-4.087493,0.666868
z_gc_1m_adj_sum,11.160,ois1m,27,-1.520966,1.432986,-3.878018,0.836086,-4.673535,0.485214,0,-1.861226,-4.157432,0.434981
z_gc_1m_adj_sum,11.160,ois1m,28,-1.166000,1.284226,-3.278363,0.946363,-3.927085,0.631916,0,-1.471124,-3.453724,0.511477
z_gc_1m_adj_sum,11.160,ois1m,29,-0.721591,1.038025,-2.428990,0.985807,-2.849541,0.783544,0,-1.091737,-2.715232,0.531758
z_gc_1m_adj_sum,11.160,ois1m,30,-0.403784,0.858098,-1.815230,1.007662,-2.034171,0.926268,0,-0.789158,-2.291522,0.713205
z_gc_1m_adj_sum,11.160,ois1m,31,-0.032956,0.749564,-1.265879,1.199967,-1.307215,1.278781,0,-0.382532,-1.956802,1.191739
z_gc_1m_adj_sum,11.160,ois1m,32,0.217381,0.705391,-0.942883,1.377646,-0.875975,1.592894,0,-0.154400,-1.929712,1.620913
z_gc_1m_adj_sum,11.160,ois1m,33,0.532374,0.755086,-0.709631,1.774380,-0.600254,2.042546,0,0.151020,-1.756098,2.058139
z_gc_1m_adj_sum,11.160,ois1m,34,0.581240,0.853841,-0.823203,1.985682,-0.699521,2.288921,0,0.253104,-1.760034,2.266242
z_gc_1m_adj_sum,11.160,ois1m,35,0.635379,0.918147,-0.874840,2.145597,-0.650028,2.517581,0,0.385538,-1.632870,2.403946
z_gc_1m_adj_sum,11.160,ois1m,36,0.988863,1.004122,-0.662771,2.640498,-0.366702,3.097520,0,0.788906,-1.357611,2.935423
z_gc_1m_adj_sum,11.160,ois1m,37,1.118907,0.989255,-0.508273,2.746087,-0.266051,3.196343,0,1.069942,-1.205297,3.345181
z_gc_1m_adj_sum,11.160,ois1m,38,0.992996,0.950130,-0.569829,2.555821,-0.289679,3.035776,0,1.037794,-1.229137,3.304726
z_gc_1m_adj_sum,11.160,ois1m,39,1.050414,0.965940,-0.538415,2.639243,-0.253604,3.127184,0,1.153327,-1.173291,3.479946
z_gc_1m_adj_sum,11.160,ois1m,40,0.981674,0.943714,-0.570597,2.533945,-0.339525,2.963473,0,1.189226,-1.171088,3.549541
z_gc_1m_adj_sum,11.160,ois1m,41,0.786200,0.863551,-0.634215,2.206616,-0.422772,2.599658,0,0.990905,-1.247497,3.229308
z_gc_1m_adj_sum,11.160,ois1m,42,0.959833,0.872552,-0.475388,2.395054,-0.218113,2.792193,0,1.112339,-1.192931,3.417609
z_gc_1m_adj_sum,11.160,ois1m,43,0.902321,0.788857,-0.395233,2.199875,-0.202079,2.558921,0,1.105542,-1.170274,3.381358
z_gc_1m_adj_sum,11.160,ois1m,44,1.099989,0.866611,-0.325460,2.525437,-0.069936,3.006533,0,1.319015,-0.983189,3.621218
z_gc_1m_adj_sum,11.160,ois1m,45,1.186134,0.972690,-0.413799,2.786066,-0.175632,3.228782,0,1.448193,-0.901897,3.798283
z_gc_1m_adj_sum,11.160,ois1m,46,1.190748,0.972879,-0.409495,2.790991,-0.171282,3.233793,0,1.492675,-0.851065,3.836416
z_gc_1m_adj_sum,11.160,ois1m,47,1.191205,1.053363,-0.541422,2.923833,-0.283503,3.350600,0,1.515055,-0.835682,3.865793
z_gc_1m_adj_sum,11.160,ois1m,48,1.395610,1.158861,-0.510546,3.301767,-0.284738,3.713332,0,1.750276,-0.716723,4.217275
z_gc_1m_adj_sum,11.160,ip,0,-0.389702,1.782061,-3.320932,2.541528,-4.132030,2.550700,0,-0.892812,-4.257986,2.472361
z_gc_1m_adj_sum,11.160,ip,1,-0.757020,2.458265,-4.800506,3.286465,-6.656856,2.807464,0,-0.282850,-4.999830,4.434129
z_gc_1m_adj_sum,11.160,ip,2,0.211246,3.235606,-5.110852,5.533344,-7.877769,4.579314,0,-0.054344,-6.876286,6.767598
z_gc_1m_adj_sum,11.160,ip,3,-5.196358,3.354901,-10.714679,0.321962,-13.751355,-0.834988,0,-5.886549,-14.641922,2.868825
z_gc_1m_adj_sum,11.160,ip,4,-3.207141,4.233664,-10.170899,3.756617,-14.214668,2.084939,0,-4.691503,-14.235344,4.852338
z_gc_1m_adj_sum,11.160,ip,5,-2.236280,5.097591,-10.621070,6.148511,-14.980256,4.390588,0,-4.665538,-15.687840,6.356764
z_gc_1m_adj_sum,11.160,ip,6,-6.452810,6.467580,-17.091032,4.185412,-23.268518,1.631665,0,-9.330158,-23.531863,4.871547
z_gc_1m_adj_sum,11.160,ip,7,-8.506180,6.374837,-18.991854,1.979493,-24.762015,-0.218892,0,-11.163082,-25.718770,3.392606
z_gc_1m_adj_sum,11.160,ip,8,-7.847318,7.212850,-19.711400,4.016765,-25.518800,1.890030,0,-11.094207,-25.446404,3.257990
z_gc_1m_adj_sum,11.160,ip,9,-8.439196,7.339530,-20.511648,3.633256,-26.054068,1.469169,0,-12.670714,-27.615406,2.273978
z_gc_1m_adj_sum,11.160,ip,10,-5.516492,6.909021,-16.880820,5.847836,-22.098142,3.810686,0,-10.443616,-24.526035,3.638802
z_gc_1m_adj_sum,11.160,ip,11,-2.916390,5.693079,-12.280672,6.447891,-15.725818,5.338574,0,-7.214734,-19.236517,4.807050
z_gc_1m_adj_sum,11.160,ip,12,-1.895222,4.680918,-9.594647,5.804202,-12.661333,4.658063,0,-7.249242,-18.124435,3.625951
z_gc_1m_adj_sum,11.160,ip,13,0.281404,5.141151,-8.175037,8.737845,-10.515013,8.250188,0,-5.623667,-15.779628,4.532294
z_gc_1m_adj_sum,11.160,ip,14,3.388612,4.576279,-4.138697,10.915922,-5.535132,10.939473,0,-1.134582,-10.018565,7.749400
z_gc_1m_adj_sum,11.160,ip,15,2.778119,4.644641,-4.861636,10.417874,-6.046700,10.674009,0,-1.573399,-10.661785,7.514987
z_gc_1m_adj_sum,11.160,ip,16,1.441607,5.241092,-7.179222,10.062437,-7.992359,10.875573,0,-2.078184,-11.454223,7.297854
z_gc_1m_adj_sum,11.160,ip,17,5.450560,5.766971,-4.035264,14.936384,-4.353292,16.407806,0,2.365943,-6.516324,11.248211
z_gc_1m_adj_sum,11.160,ip,18,6.530015,5.367026,-2.297958,15.357988,-2.325578,16.995716,0,2.690878,-5.914915,11.296670
z_gc_1m_adj_sum,11.160,ip,19,5.004393,5.478804,-4.007437,14.016223,-4.857453,14.866240,0,1.601924,-7.925680,11.129528
z_gc_1m_adj_sum,11.160,ip,20,5.227319,5.510238,-3.836216,14.290854,-3.038038,16.798818,0,1.947489,-7.486195,11.381173
z_gc_1m_adj_sum,11.160,ip,21,-0.080435,4.684218,-7.785288,7.624418,-8.746238,7.882735,0,-3.151437,-12.436148,6.133275
z_gc_1m_adj_sum,11.160,ip,22,1.602303,5.004060,-6.628643,9.833250,-7.405005,10.359409,0,-1.512154,-10.876792,7.852484
z_gc_1m_adj_sum,11.160,ip,23,5.393652,5.487945,-3.633214,14.420518,-2.838265,16.918336,0,1.457220,-8.961739,11.876180
z_gc_1m_adj_sum,11.160,ip,24,0.870146,4.539803,-6.597165,8.337456,-7.528489,8.587810,0,-2.141370,-11.039238,6.756498
z_gc_1m_adj_sum,11.160,ip,25,3.591585,5.355046,-5.216682,12.399852,-5.244241,13.766172,0,1.069719,-8.734094,10.873532
z_gc_1m_adj_sum,11.160,ip,26,-1.226090,5.989095,-11.077274,8.625094,-11.707006,9.254826,0,-3.611781,-13.544803,6.321240
z_gc_1m_adj_sum,11.160,ip,27,0.481398,5.707544,-8.906676,9.869472,-9.792181,10.184223,0,-0.421285,-10.421793,9.579224
z_gc_1m_adj_sum,11.160,ip,28,1.852737,6.171507,-8.298490,12.003963,-8.947401,12.652875,0,0.360626,-9.648432,10.369683
z_gc_1m_adj_sum,11.160,ip,29,-1.414326,6.645954,-12.345947,9.517295,-12.712447,10.548391,0,-2.375235,-13.141343,8.390874
z_gc_1m_adj_sum,11.160,ip,30,4.856881,5.964427,-4.953729,14.667492,-4.089760,16.487515,0,4.670637,-8.991926,18.333200
z_gc_1m_adj_sum,11.160,ip,31,6.306438,5.384986,-2.551076,15.163951,-1.771041,17.076410,0,4.991452,-9.086314,19.069219
z_gc_1m_adj_sum,11.160,ip,32,8.288918,6.218151,-1.939030,18.516865,-0.105586,21.968849,0,7.364613,-8.666546,23.395772
z_gc_1m_adj_sum,11.160,ip,33,7.346835,7.724991,-5.359645,20.053315,-3.468153,23.569317,0,6.989139,-10.188111,24.166390
z_gc_1m_adj_sum,11.160,ip,34,9.900816,7.561593,-2.536898,22.338530,-0.685414,25.402082,0,9.752329,-8.433689,27.938348
z_gc_1m_adj_sum,11.160,ip,35,4.832382,7.593807,-7.658319,17.323082,-6.178638,20.019995,0,5.459981,-11.563209,22.483171
z_gc_1m_adj_sum,11.160,ip,36,6.948258,6.753942,-4.160988,18.057503,-2.507261,21.131535,0,7.759227,-9.135602,24.654057
z_gc_1m_adj_sum,11.160,ip,37,7.379726,7.574961,-5.079976,19.839429,-3.225219,22.908397,0,8.870899,-8.262472,26.004270
z_gc_1m_adj_sum,11.160,ip,38,7.074016,7.762820,-5.694688,19.842719,-4.182074,22.987798,0,8.708375,-8.320209,25.736958
z_gc_1m_adj_sum,11.160,ip,39,7.971426,6.859407,-3.311295,19.254147,-1.631745,22.376181,0,10.350586,-5.995280,26.696453
z_gc_1m_adj_sum,11.160,ip,40,7.085067,8.203101,-6.407833,20.577968,-4.809429,23.901424,0,9.752245,-6.856842,26.361332
z_gc_1m_adj_sum,11.160,ip,41,8.711312,8.021802,-4.483379,21.906003,-2.920301,24.754917,0,12.036542,-5.575863,29.648948
z_gc_1m_adj_sum,11.160,ip,42,7.930106,6.303004,-2.437413,18.297624,-0.894100,21.166413,0,11.220753,-5.174710,27.616215
z_gc_1m_adj_sum,11.160,ip,43,9.945047,7.364253,-2.168072,22.058166,-0.364908,25.041766,0,12.500204,-5.158854,30.159262
z_gc_1m_adj_sum,11.160,ip,44,10.938660,7.680480,-1.694605,23.571924,0.185988,27.067667,0,13.802334,-4.681606,32.286274
z_gc_1m_adj_sum,11.160,ip,45,12.204963,7.888536,-0.770525,25.180451,1.555439,29.165316,0,15.535940,-2.998488,34.070368
z_gc_1m_adj_sum,11.160,ip,46,12.122789,8.010213,-1.052838,25.298417,1.309002,29.344747,0,13.839591,-4.160532,31.839714
z_gc_1m_adj_sum,11.160,ip,47,9.946807,8.009991,-3.228456,23.122070,-1.267180,26.767789,0,13.326513,-4.217359,30.870385
z_gc_1m_adj_sum,11.160,ip,48,13.790149,8.000206,0.630980,26.949317,2.589860,30.190571,0,17.694955,-0.382725,35.772636
z_gc_1m_adj_sum,11.160,hicp_sa,0,-0.230809,0.312912,-0.745504,0.283885,-0.997443,0.207267,0,-0.214121,-0.717407,0.289166
z_gc_1m_adj_sum,11.160,hicp_sa,1,-0.668133,0.746309,-1.895702,0.559435,-2.757798,0.264753,0,-0.653185,-1.667642,0.361273
z_gc_1m_adj_sum,11.160,hicp_sa,2,-1.220379,1.020812,-2.899466,0.458708,-4.078653,0.004596,0,-1.246154,-2.698160,0.205851
z_gc_1m_adj_sum,11.160,hicp_sa,3,-1.100160,1.089194,-2.891726,0.691405,-3.932066,0.261333,0,-1.101502,-2.814171,0.611168
z_gc_1m_adj_sum,11.160,hicp_sa,4,-1.380777,1.064039,-3.130965,0.369411,-4.040874,0.002473,0,-1.308099,-3.148159,0.531961
z_gc_1m_adj_sum,11.160,hicp_sa,5,-1.428720,1.272123,-3.521176,0.663736,-4.609027,0.225040,0,-1.357385,-3.522123,0.807354
z_gc_1m_adj_sum,11.160,hicp_sa,6,-1.526602,1.513410,-4.015939,0.962736,-5.385796,0.440831,0,-1.434362,-4.053764,1.185041
z_gc_1m_adj_sum,11.160,hicp_sa,7,-2.005104,1.733690,-4.856770,0.846562,-6.426013,0.162008,0,-1.952290,-4.960248,1.055669
z_gc_1m_adj_sum,11.160,hicp_sa,8,-3.729095,2.107970,-7.196397,-0.261794,-9.209817,-1.094133,0,-3.722781,-7.253523,-0.192040
z_gc_1m_adj_sum,11.160,hicp_sa,9,-3.350232,2.380911,-7.266482,0.566018,-9.540600,-0.374094,0,-3.484222,-7.162459,0.194014
z_gc_1m_adj_sum,11.160,hicp_sa,10,-3.203080,2.378699,-7.115691,0.709531,-9.268762,-0.229707,0,-3.507291,-7.278355,0.263774
z_gc_1m_adj_sum,11.160,hicp_sa,11,-3.023680,2.341939,-6.875828,0.828467,-9.112723,-0.096256,0,-3.266723,-7.133795,0.600349
z_gc_1m_adj_sum,11.160,hicp_sa,12,-2.570611,2.080906,-5.993398,0.852175,-7.772877,0.134567,0,-2.557096,-6.345923,1.231731
z_gc_1m_adj_sum,11.160,hicp_sa,13,-2.835778,2.399492,-6.782592,1.111035,-8.834509,0.283562,0,-2.994582,-7.185782,1.196618
z_gc_1m_adj_sum,11.160,hicp_sa,14,-3.005412,2.441718,-7.021681,1.010858,-8.987622,0.168822,0,-3.200643,-7.498752,1.097467
z_gc_1m_adj_sum,11.160,hicp_sa,15,-2.750215,2.407931,-6.710909,1.210479,-8.529249,0.500492,0,-3.025529,-7.306102,1.255043
z_gc_1m_adj_sum,11.160,hicp_sa,16,-2.576536,2.439297,-6.588823,1.435750,-8.430849,0.716515,0,-2.955439,-7.309091,1.398213
z_gc_1m_adj_sum,11.160,hicp_sa,17,-2.419014,2.489759,-6.514303,1.676274,-8.145460,1.066648,0,-2.897891,-7.380950,1.585169
z_gc_1m_adj_sum,11.160,hicp_sa,18,-2.256642,2.622885,-6.570903,2.057620,-8.289276,1.415397,0,-2.670538,-7.362382,2.021306
z_gc_1m_adj_sum,11.160,hicp_sa,19,-2.746494,2.822689,-7.389404,1.896417,-9.238678,1.205271,0,-3.214212,-8.210261,1.781838
z_gc_1m_adj_sum,11.160,hicp_sa,20,-4.017370,3.045130,-9.026163,0.991423,-11.325682,0.093556,0,-4.542106,-10.010507,0.926294
z_gc_1m_adj_sum,11.160,hicp_sa,21,-4.135296,3.081284,-9.203558,0.932966,-11.530378,0.024438,0,-4.662502,-10.217496,0.892491
z_gc_1m_adj_sum,11.160,hicp_sa,22,-4.208424,3.079447,-9.273664,0.856816,-11.599097,-0.051170,0,-4.807533,-10.398668,0.783602
z_gc_1m_adj_sum,11.160,hicp_sa,23,-3.804509,3.121165,-8.938367,1.329350,-10.983187,0.409064,0,-4.363931,-9.901310,1.173448
z_gc_1m_adj_sum,11.160,hicp_sa,24,-4.505782,3.293589,-9.923253,0.911690,-12.081036,-0.059437,0,-4.912021,-10.870447,1.046405
z_gc_1m_adj_sum,11.160,hicp_sa,25,-5.245075,3.351176,-10.757269,0.267119,-12.785221,-0.720987,0,-5.580448,-11.802598,0.641702
z_gc_1m_adj_sum,11.160,hicp_sa,26,-5.898573,3.346309,-11.402761,-0.394385,-13.595084,-1.381057,0,-6.159961,-12.613630,0.293707
z_gc_1m_adj_sum,11.160,hicp_sa,27,-5.739028,3.234726,-11.059679,-0.418377,-13.017162,-1.372147,0,-6.064363,-12.379962,0.251236
z_gc_1m_adj_sum,11.160,hicp_sa,28,-5.679127,3.124440,-10.818373,-0.539881,-12.396672,-1.304911,0,-6.165120,-12.300655,-0.029586
z_gc_1m_adj_sum,11.160,hicp_sa,29,-4.630875,2.957278,-9.495164,0.233413,-10.841158,-0.342823,0,-5.288512,-11.009925,0.432900
z_gc_1m_adj_sum,11.160,hicp_sa,30,-4.197498,2.825572,-8.845151,0.450154,-9.989921,-0.100419,0,-4.941327,-10.498893,0.616239
z_gc_1m_adj_sum,11.160,hicp_sa,31,-4.667513,3.050964,-9.685903,0.350876,-11.074538,-0.243615,0,-5.486993,-11.158499,0.184513
z_gc_1m_adj_sum,11.160,hicp_sa,32,-5.176403,2.988471,-10.092000,-0.260805,-11.452192,-0.992543,0,-5.950521,-11.675163,-0.225879
z_gc_1m_adj_sum,11.160,hicp_sa,33,-4.419158,2.789706,-9.007816,0.169499,-10.138055,-0.374085,0,-5.243942,-10.649030,0.161147
z_gc_1m_adj_sum,11.160,hicp_sa,34,-4.159968,2.728856,-8.648537,0.328601,-9.617680,-0.203126,0,-5.064120,-10.351380,0.223140
z_gc_1m_adj_sum,11.160,hicp_sa,35,-3.806823,2.536383,-7.978802,0.365156,-8.752770,-0.002249,0,-4.724404,-9.795805,0.346998
z_gc_1m_adj_sum,11.160,hicp_sa,36,-4.217661,2.413669,-8.187793,-0.247528,-9.044999,-0.717841,0,-4.926424,-10.043412,0.190563
z_gc_1m_adj_sum,11.160,hicp_sa,37,-4.483386,2.571290,-8.712782,-0.253989,-9.625966,-0.755014,0,-5.246360,-10.656484,0.163764
z_gc_1m_adj_sum,11.160,hicp_sa,38,-4.668181,2.488115,-8.760766,-0.575596,-9.520005,-0.936009,0,-5.341525,-10.731598,0.048547
z_gc_1m_adj_sum,11.160,hicp_sa,39,-5.218392,2.578972,-9.460423,-0.976360,-10.247388,-1.349933,0,-5.938585,-11.497702,-0.379467
z_gc_1m_adj_sum,11.160,hicp_sa,40,-4.742829,2.485490,-8.831096,-0.654562,-9.465260,-0.890320,0,-5.506496,-10.961850,-0.051142
z_gc_1m_adj_sum,11.160,hicp_sa,41,-4.621093,2.310628,-8.421737,-0.820449,-9.011286,-1.039620,0,-5.555629,-10.924746,-0.186512
z_gc_1m_adj_sum,11.160,hicp_sa,42,-4.500491,2.449145,-8.528976,-0.472005,-9.153867,-0.704315,0,-5.541612,-10.974189,-0.109035
z_gc_1m_adj_sum,11.160,hicp_sa,43,-4.151235,2.330138,-7.983971,-0.318499,-8.578498,-0.539521,0,-5.170870,-10.498405,0.156665
z_gc_1m_adj_sum,11.160,hicp_sa,44,-3.498488,2.290114,-7.265390,0.268414,-7.735198,0.165694,0,-4.520036,-9.484487,0.444415
z_gc_1m_adj_sum,11.160,hicp_sa,45,-3.375740,2.015970,-6.691716,-0.059765,-6.903688,-0.049390,0,-4.187304,-8.799212,0.424605
z_gc_1m_adj_sum,11.160,hicp_sa,46,-3.451438,2.044019,-6.813550,-0.089327,-7.028471,-0.078807,0,-4.283493,-8.773935,0.206949
z_gc_1m_adj_sum,11.160,hicp_sa,47,-3.288309,2.042062,-6.647203,0.070585,-6.861919,0.081094,0,-4.095859,-8.376191,0.184472
z_gc_1m_adj_sum,11.160,hicp_sa,48,-2.733024,1.872872,-5.813624,0.347575,-6.010549,0.357214,0,-3.552125,-7.597012,0.492763
z_gc_1m_adj_sum,11.160,stoxx,0,15.576020,14.641233,-8.506665,39.658704,-3.457583,55.107347,0,14.987165,-9.053336,39.027666
z_gc_1m_adj_sum,11.160,stoxx,1,21.348713,18.547359,-9.158978,51.856404,-3.690222,68.644479,0,20.216714,-11.586362,52.019790
z_gc_1m_adj_sum,11.160,stoxx,2,25.451452,20.796471,-8.755699,59.658603,-2.623784,78.482453,0,19.481047,-11.952694,50.914788
z_gc_1m_adj_sum,11.160,stoxx,3,22.499587,19.697706,-9.900255,54.899430,-7.046971,65.834539,0,19.305966,-13.131835,51.743766
z_gc_1m_adj_sum,11.160,stoxx,4,32.248946,18.244075,2.240113,62.257779,-3.327001,62.351670,0,31.122444,-2.594589,64.839477
z_gc_1m_adj_sum,11.160,stoxx,5,10.608970,22.005718,-25.587215,46.805155,-30.101608,49.118976,0,7.960554,-33.304795,49.225902
z_gc_1m_adj_sum,11.160,stoxx,6,-0.117431,23.595912,-38.929253,38.694391,-43.769868,41.175415,0,-4.999474,-46.497384,36.498436
z_gc_1m_adj_sum,11.160,stoxx,7,12.771602,23.516633,-25.909817,51.453020,-28.382505,56.277372,0,3.467913,-41.879080,48.814907
z_gc_1m_adj_sum,11.160,stoxx,8,11.491259,26.087016,-31.418064,54.400581,-38.074072,55.839186,0,-6.529998,-54.460524,41.400527
z_gc_1m_adj_sum,11.160,stoxx,9,24.466259,23.213877,-13.717170,62.649689,-16.158025,67.411931,0,8.102127,-39.680592,55.884846
z_gc_1m_adj_sum,11.160,stoxx,10,16.007036,23.955693,-23.396574,55.410645,-22.322074,65.116207,0,1.993606,-50.508860,54.496072
z_gc_1m_adj_sum,11.160,stoxx,11,27.299468,26.853167,-16.870061,71.468998,-12.980283,85.033778,0,14.061554,-43.320633,71.443741
z_gc_1m_adj_sum,11.160,stoxx,12,34.501243,25.102921,-6.789388,75.791874,-1.897993,92.237961,0,23.521432,-32.711940,79.754804
z_gc_1m_adj_sum,11.160,stoxx,13,27.247118,22.741826,-10.159857,64.654094,-6.865621,76.142045,0,16.182740,-32.407846,64.773327
z_gc_1m_adj_sum,11.160,stoxx,14,28.999841,23.206415,-9.171315,67.170996,-5.809781,78.893633,0,22.072054,-22.761347,66.905455
z_gc_1m_adj_sum,11.160,stoxx,15,39.570874,29.489482,-8.935008,88.076756,-1.714401,108.871157,0,34.439023,-10.282917,79.160963
z_gc_1m_adj_sum,11.160,stoxx,16,35.091590,24.704819,-5.544220,75.727401,-0.730397,90.677432,0,32.049799,-7.370358,71.469956
z_gc_1m_adj_sum,11.160,stoxx,17,37.860393,27.277664,-7.007371,82.728157,-1.692219,99.235136,0,34.690927,-6.175711,75.557564
z_gc_1m_adj_sum,11.160,stoxx,18,13.514427,27.621783,-31.919363,58.948218,-30.680426,70.139083,0,8.934096,-32.424514,50.292706
z_gc_1m_adj_sum,11.160,stoxx,19,22.796743,28.229947,-23.637388,69.230875,-22.371173,80.668136,0,19.867766,-21.690159,61.425692
z_gc_1m_adj_sum,11.160,stoxx,20,26.994482,24.201991,-12.814250,66.803215,-9.308504,79.028763,0,20.798286,-18.138748,59.735319
z_gc_1m_adj_sum,11.160,stoxx,21,25.585896,16.419481,-1.421747,52.593540,1.777648,61.708755,0,18.999020,-15.186830,53.184870
z_gc_1m_adj_sum,11.160,stoxx,22,24.540384,19.256718,-7.134098,56.214866,-2.419021,67.867998,0,22.717140,-18.095723,63.530004
z_gc_1m_adj_sum,11.160,stoxx,23,-10.000112,19.585940,-42.216116,22.215892,-42.316913,26.233876,0,-12.763355,-52.926605,27.399895
z_gc_1m_adj_sum,11.160,stoxx,24,4.929000,19.153450,-26.575622,36.433622,-25.716521,42.278228,0,1.656641,-34.089998,37.403281
z_gc_1m_adj_sum,11.160,stoxx,25,13.892547,21.829462,-22.013722,49.798816,-21.034592,56.459997,0,5.487686,-30.786036,41.761408
z_gc_1m_adj_sum,11.160,stoxx,26,3.907300,18.632498,-26.740432,34.555033,-31.494446,33.719298,0,-6.479136,-37.040627,24.082356
z_gc_1m_adj_sum,11.160,stoxx,27,5.103381,21.063084,-29.542309,39.749071,-31.757016,41.963778,0,1.152657,-32.084607,34.389922
z_gc_1m_adj_sum,11.160,stoxx,28,11.933384,18.451531,-18.416684,42.283453,-17.589066,46.991294,0,6.869337,-31.610355,45.349030
z_gc_1m_adj_sum,11.160,stoxx,29,31.730828,18.359059,1.532863,61.928793,6.028145,71.202806,0,28.838654,-19.332438,77.009745
z_gc_1m_adj_sum,11.160,stoxx,30,27.744708,23.483534,-10.882268,66.371684,-6.306416,75.885952,0,25.806984,-25.697757,77.311725
z_gc_1m_adj_sum,11.160,stoxx,31,15.454290,22.037527,-20.794216,51.702796,-17.602000,58.427468,0,16.764870,-34.656452,68.186191
z_gc_1m_adj_sum,11.160,stoxx,32,25.358759,26.974043,-19.009595,69.727112,-12.404902,82.004250,0,26.868414,-33.702029,87.438857
z_gc_1m_adj_sum,11.160,stoxx,33,31.738582,25.717047,-10.562196,74.039360,-4.265284,87.030234,0,30.531928,-29.302537,90.366393
z_gc_1m_adj_sum,11.160,stoxx,34,40.640280,24.364451,0.564325,80.716236,7.748272,93.023850,0,41.333376,-16.077167,98.743918
z_gc_1m_adj_sum,11.160,stoxx,35,30.555153,28.117648,-15.694262,76.804569,-8.809554,89.602214,0,36.305631,-18.923247,91.534508
z_gc_1m_adj_sum,11.160,stoxx,36,14.783763,19.142102,-16.702193,46.269719,-12.015180,54.025072,0,23.301103,-24.077539,70.679745
z_gc_1m_adj_sum,11.160,stoxx,37,4.952302,18.477821,-25.441008,35.345613,-21.840538,41.907944,0,13.693487,-32.351265,59.738239
z_gc_1m_adj_sum,11.160,stoxx,38,10.791158,18.097147,-18.975999,40.558316,-15.449705,46.985452,0,19.117460,-27.341496,65.576415
z_gc_1m_adj_sum,11.160,stoxx,39,12.463846,18.547859,-18.044666,42.972359,-14.430549,49.559564,0,20.293725,-27.086795,67.674245
z_gc_1m_adj_sum,11.160,stoxx,40,5.802744,17.137116,-22.385303,33.990792,-18.189218,41.790688,0,14.398224,-34.148028,62.944477
z_gc_1m_adj_sum,11.160,stoxx,41,7.259210,15.346545,-17.983610,32.502029,-14.225953,39.486954,0,15.729950,-32.071713,63.531613
z_gc_1m_adj_sum,11.160,stoxx,42,15.852294,14.895656,-8.648881,40.353468,-5.001626,47.133172,0,24.435540,-25.659827,74.530906
z_gc_1m_adj_sum,11.160,stoxx,43,22.439713,15.106740,-2.408664,47.288090,1.290277,54.163868,0,31.734099,-18.750451,82.218649
z_gc_1m_adj_sum,11.160,stoxx,44,15.848803,16.776631,-11.746300,43.443906,-7.638481,51.079729,0,25.296196,-24.525972,75.118363
z_gc_1m_adj_sum,11.160,stoxx,45,19.653729,21.512801,-15.731680,55.039137,-9.388553,65.906251,0,30.248042,-21.139784,81.635867
z_gc_1m_adj_sum,11.160,stoxx,46,17.921798,20.045833,-15.050662,50.894259,-10.142367,60.018047,0,27.867428,-21.547053,77.281909
z_gc_1m_adj_sum,11.160,stoxx,47,25.712642,19.009228,-5.554756,56.980040,0.050184,65.632021,0,33.466634,-17.553376,84.486644
z_gc_1m_adj_sum,11.160,stoxx,48,32.674635,22.283500,-3.978461,69.327731,1.477735,79.469985,0,38.481049,-13.535487,90.497584
z_gcs_1m_adj_kilian,7.518,ois1m,0,1.000000,0.000000,1.000000,1.000000,1.000000,1.000000,0,1.000000,1.000000,1.000000
z_gcs_1m_adj_kilian,7.518,ois1m,1,-0.015720,0.615532,-1.028180,0.996741,-2.077752,0.722919,0,0.064226,-0.903480,1.031932
z_gcs_1m_adj_kilian,7.518,ois1m,2,0.125494,0.654601,-0.951228,1.202217,-1.838308,1.009206,0,0.165610,-1.060437,1.391656
z_gcs_1m_adj_kilian,7.518,ois1m,3,0.150467,0.804411,-1.172672,1.473605,-2.262767,1.196201,0,0.139142,-1.283425,1.561708
z_gcs_1m_adj_kilian,7.518,ois1m,4,0.321900,0.921045,-1.193084,1.836884,-2.303078,1.611363,0,0.226982,-1.608997,2.062960
z_gcs_1m_adj_kilian,7.518,ois1m,5,-0.475506,1.094944,-2.276529,1.325517,-3.212866,1.112163,0,-0.737382,-3.230279,1.755515
z_gcs_1m_adj_kilian,7.518,ois1m,6,-0.799999,1.321715,-2.974026,1.374028,-4.434714,1.050402,0,-1.086782,-3.887314,1.713749
z_gcs_1m_adj_kilian,7.518,ois1m,7,-1.514304,1.639284,-4.210686,1.182079,-6.104299,0.698730,0,-1.902424,-5.201693,1.396844
z_gcs_1m_adj_kilian,7.518,ois1m,8,-1.721435,1.918992,-4.877896,1.435025,-6.998663,0.869204,0,-2.309354,-5.873338,1.254631
z_gcs_1m_adj_kilian,7.518,ois1m,9,-2.091128,2.232766,-5.763701,1.581445,-8.231234,0.923106,0,-2.847403,-6.584326,0.889520
z_gcs_1m_adj_kilian,7.518,ois1m,10,-2.166780,2.287483,-5.929356,1.595795,-8.342985,0.921322,0,-3.119413,-6.963921,0.725096
z_gcs_1m_adj_kilian,7.518,ois1m,11,-1.512424,2.115053,-4.991375,1.966528,-7.011560,1.448650,0,-2.454143,-5.990976,1.082690
z_gcs_1m_adj_kilian,7.518,ois1m,12,-1.579225,2.034927,-4.926382,1.767933,-6.870035,1.269673,0,-2.493592,-5.913796,0.926611
z_gcs_1m_adj_kilian,7.518,ois1m,13,-0.978444,1.746997,-3.851998,1.895110,-5.258586,1.554701,0,-1.793769,-4.823310,1.235772
z_gcs_1m_adj_kilian,7.518,ois1m,14,-0.267146,1.575420,-2.858481,2.324189,-3.811841,2.253526,0,-1.085601,-3.947126,1.775923
z_gcs_1m_adj_kilian,7.518,ois1m,15,0.198136,1.411976,-2.124358,2.520630,-2.837612,2.527896,0,-0.535965,-3.264836,2.192905
z_gcs_1m_adj_kilian,7.518,ois1m,16,0.911056,1.339902,-1.292887,3.115000,-1.634758,3.456871,0,0.244648,-2.284665,2.773961
z_gcs_1m_adj_kilian,7.518,ois1m,17,1.424162,1.463328,-0.982798,3.831123,-0.990329,4.570318,0,0.689039,-1.795846,3.173923
z_gcs_1m_adj_kilian,7.518,ois1m,18,1.282337,1.461084,-1.120932,3.685606,-1.128451,4.496721,0,0.399837,-2.075767,2.875441
z_gcs_1m_adj_kilian,7.518,ois1m,19,1.109868,1.470521,-1.308924,3.528660,-1.242965,4.345014,0,0.061069,-2.507327,2.629466
z_gcs_1m_adj_kilian,7.518,ois1m,20,0.749264,1.447507,-1.631673,3.130200,-1.711497,3.789028,0,-0.391681,-3.002468,2.219106
z_gcs_1m_adj_kilian,7.518,ois1m,21,0.841146,1.464849,-1.568315,3.250607,-1.649096,3.917328,0,-0.236956,-2.781478,2.307567
z_gcs_1m_adj_kilian,7.518,ois1m,22,0.714480,1.396851,-1.583136,3.012095,-1.590325,3.717710,0,-0.408402,-2.936884,2.120080
z_gcs_1m_adj_kilian,7.518,ois1m,23,0.805382,1.357787,-1.427978,3.038742,-1.502855,3.588845,0,-0.388563,-2.824561,2.047434
z_gcs_1m_adj_kilian,7.518,ois1m,24,1.382302,1.469436,-1.034704,3.799309,-0.968795,4.615061,0,0.270343,-2.075999,2.616686
z_gcs_1m_adj_kilian,7.518,ois1m,25,1.133257,1.411312,-1.188144,3.454659,-1.124842,4.167578,0,0.064595,-2.267082,2.396272
z_gcs_1m_adj_kilian,7.518,ois1m,26,0.603650,1.359236,-1.632094,2.839394,-1.707050,3.390083,0,-0.403734,-2.740181,1.932714
z_gcs_1m_adj_kilian,7.518,ois1m,27,0.544073,1.386805,-1.737018,2.825165,-1.674815,3.595045,0,-0.338240,-2.591807,1.915326
z_gcs_1m_adj_kilian,7.518,ois1m,28,0.580878,1.497751,-1.882703,3.044460,-1.665749,4.025706,0,-0.269203,-2.529986,1.991581
z_gcs_1m_adj_kilian,7.518,ois1m,29,0.489998,1.520871,-2.011612,2.991608,-1.867352,3.988001,0,-0.408860,-2.647506,1.829785
z_gcs_1m_adj_kilian,7.518,ois1m,30,0.618813,1.608508,-2.026947,3.264573,-1.874374,4.318381,0,-0.293319,-2.522894,1.936257
z_gcs_1m_adj_kilian,7.518,ois1m,31,0.975490,1.749627,-1.902391,3.853371,-1.561470,5.262077,0,0.173600,-2.071896,2.419096
z_gcs_1m_adj_kilian,7.518,ois1m,32,1.441121,1.819725,-1.552060,4.434302,-1.015507,6.354378,0,0.627120,-1.760285,3.014525
z_gcs_1m_adj_kilian,7.518,ois1m,33,1.750898,1.855806,-1.301631,4.803426,-0.661650,6.947153,0,0.900232,-1.536537,3.337000
z_gcs_1m_adj_kilian,7.518,ois1m,34,1.830450,1.814448,-1.154051,4.814951,-0.528332,6.910904,0,1.034870,-1.421198,3.490939
z_gcs_1m_adj_kilian,7.518,ois1m,35,1.930220,1.827396,-1.075579,4.936020,-0.354025,7.046930,0,1.247801,-1.149119,3.644721
z_gcs_1m_adj_kilian,7.518,ois1m,36,2.260917,2.012143,-1.048764,5.570598,-0.254262,7.894919,0,1.653463,-0.846281,4.153207
z_gcs_1m_adj_kilian,7.518,ois1m,37,2.288505,1.990844,-0.986142,5.563151,-0.200050,7.962409,0,1.879105,-0.677376,4.435586
z_gcs_1m_adj_kilian,7.518,ois1m,38,1.745195,1.722581,-1.088199,4.578589,-0.494160,6.568423,0,1.463019,-0.932489,3.858527
z_gcs_1m_adj_kilian,7.518,ois1m,39,1.633994,1.626235,-1.040925,4.308912,-0.398800,6.187451,0,1.403109,-0.976338,3.782555
z_gcs_1m_adj_kilian,7.518,ois1m,40,1.597792,1.530218,-0.919194,4.114777,-0.314981,6.111936,0,1.578823,-0.870723,4.028368
z_gcs_1m_adj_kilian,7.518,ois1m,41,1.238620,1.385068,-1.039614,3.516853,-0.492715,5.255316,0,1.230606,-1.118238,3.579451
z_gcs_1m_adj_kilian,7.518,ois1m,42,1.214931,1.224429,-0.799075,3.228938,-0.254384,4.949440,0,1.089147,-1.203780,3.382074
z_gcs_1m_adj_kilian,7.518,ois1m,43,0.630584,0.814904,-0.709815,1.970982,-0.388047,3.116042,0,0.543622,-1.646031,2.733276
z_gcs_1m_adj_kilian,7.518,ois1m,44,0.584193,0.827482,-0.776894,1.945280,-0.450160,3.108014,0,0.494120,-1.684539,2.672779
z_gcs_1m_adj_kilian,7.518,ois1m,45,0.228254,0.616712,-0.786147,1.242655,-0.789321,1.646692,0,0.169449,-1.960085,2.298983
z_gcs_1m_adj_kilian,7.518,ois1m,46,-0.229042,0.664742,-1.322446,0.864362,-1.857661,0.801309,0,-0.163449,-2.366722,2.039823
z_gcs_1m_adj_kilian,7.518,ois1m,47,-0.259631,0.867201,-1.686049,1.166788,-2.470993,1.041171,0,-0.100228,-2.357454,2.156998
z_gcs_1m_adj_kilian,7.518,ois1m,48,-0.212687,0.979902,-1.824482,1.399108,-2.858422,1.159175,0,0.036927,-2.303392,2.377245
z_gcs_1m_adj_kilian,7.518,ip,0,3.708540,3.758494,-2.473633,9.890714,-1.365427,15.171948,0,3.173802,-2.785816,9.133420
z_gcs_1m_adj_kilian,7.518,ip,1,1.859515,3.497969,-3.894131,7.613162,-4.786625,9.380148,0,1.949935,-4.221350,8.121221
z_gcs_1m_adj_kilian,7.518,ip,2,0.741347,4.255614,-6.258515,7.741208,-8.408222,8.827013,0,-0.199672,-8.430458,8.031113
z_gcs_1m_adj_kilian,7.518,ip,3,-2.859805,5.240758,-11.480085,5.760474,-14.127434,7.097634,0,-4.656879,-16.158951,6.845194
z_gcs_1m_adj_kilian,7.518,ip,4,-0.374739,5.694585,-9.741497,8.992019,-14.041742,9.021326,0,-2.785448,-13.819564,8.248668
z_gcs_1m_adj_kilian,7.518,ip,5,-5.781338,6.422746,-16.345815,4.783139,-23.443889,2.889369,0,-9.612748,-23.307312,4.081816
z_gcs_1m_adj_kilian,7.518,ip,6,-10.849253,8.154019,-24.261422,2.562915,-34.903610,-0.249028,0,-14.835631,-32.539589,2.868327
z_gcs_1m_adj_kilian,7.518,ip,7,-12.456055,9.596884,-28.241524,3.329414,-38.367641,0.979582,0,-16.434779,-35.559801,2.690243
z_gcs_1m_adj_kilian,7.518,ip,8,-13.227294,10.570393,-30.614043,4.159456,-41.767355,1.571257,0,-17.292545,-35.781278,1.196189
z_gcs_1m_adj_kilian,7.518,ip,9,-18.576028,12.421544,-39.007650,1.855594,-53.977429,-2.428020,0,-23.534374,-44.279419,-2.789329
z_gcs_1m_adj_kilian,7.518,ip,10,-14.500111,13.313477,-36.398831,7.398610,-51.112172,3.473083,0,-19.080479,-38.804144,0.643186
z_gcs_1m_adj_kilian,7.518,ip,11,-9.951400,11.021419,-28.080022,8.177222,-37.504949,6.029658,0,-13.853774,-30.163309,2.455761
z_gcs_1m_adj_kilian,7.518,ip,12,-10.444922,9.167410,-25.523969,4.634126,-32.905076,2.847823,0,-15.177147,-30.060263,-0.294032
z_gcs_1m_adj_kilian,7.518,ip,13,-4.273441,8.085343,-17.572646,9.025765,-21.252660,9.471642,0,-9.149651,-22.035734,3.736432
z_gcs_1m_adj_kilian,7.518,ip,14,2.529100,6.385442,-7.974017,13.032217,-9.603240,14.661440,0,-0.448246,-11.396550,10.500058
z_gcs_1m_adj_kilian,7.518,ip,15,2.850229,5.613825,-6.383692,12.084151,-6.973965,14.358572,0,0.062346,-11.750195,11.874887
z_gcs_1m_adj_kilian,7.518,ip,16,4.203909,6.282238,-6.129453,14.537271,-5.847672,18.653056,0,1.858130,-9.375800,13.092060
z_gcs_1m_adj_kilian,7.518,ip,17,10.985402,7.921791,-2.044785,24.015590,-0.501195,30.789881,0,8.970119,-3.739175,21.679413
z_gcs_1m_adj_kilian,7.518,ip,18,10.624330,8.685199,-3.661551,24.910211,-1.534948,32.771587,0,7.437897,-5.267895,20.143688
z_gcs_1m_adj_kilian,7.518,ip,19,11.783802,10.420865,-5.356995,28.924600,-2.805408,38.357007,0,8.814861,-5.108314,22.738036
z_gcs_1m_adj_kilian,7.518,ip,20,11.602904,10.841909,-6.230450,29.436258,-3.575769,39.249773,0,7.553383,-6.878618,21.985384
z_gcs_1m_adj_kilian,7.518,ip,21,7.020155,8.751629,-7.374993,21.415303,-5.669706,28.899227,0,3.524951,-9.281637,16.331538
z_gcs_1m_adj_kilian,7.518,ip,22,8.988849,8.195447,-4.491461,22.469159,-2.484777,29.477465,0,4.862626,-9.440454,19.165706
z_gcs_1m_adj_kilian,7.518,ip,23,15.217290,9.937088,-1.127765,31.562346,2.795930,42.544283,0,10.244527,-5.508256,25.997310
z_gcs_1m_adj_kilian,7.518,ip,24,7.260395,7.435863,-4.970510,19.491301,-3.149812,25.850052,0,2.977799,-10.190933,16.146532
z_gcs_1m_adj_kilian,7.518,ip,25,9.075336,8.340595,-4.643723,22.794394,-3.018528,29.092765,0,5.414450,-8.652599,19.481499
z_gcs_1m_adj_kilian,7.518,ip,26,11.233639,9.206058,-3.908979,26.376256,-2.115145,33.788480,0,7.595609,-7.512564,22.703783
z_gcs_1m_adj_kilian,7.518,ip,27,11.365027,8.866545,-3.219142,25.949196,-1.048136,33.531390,0,9.061322,-5.775862,23.898505
z_gcs_1m_adj_kilian,7.518,ip,28,10.329829,9.679870,-5.592141,26.251799,-2.737996,35.497492,0,7.827705,-7.245405,22.900815
z_gcs_1m_adj_kilian,7.518,ip,29,9.911814,9.103520,-5.062144,24.885773,-2.833114,33.125791,0,7.262216,-8.337841,22.862274
z_gcs_1m_adj_kilian,7.518,ip,30,14.353694,9.439121,-1.172279,29.879667,2.082836,40.311278,0,12.531073,-5.028159,30.090305
z_gcs_1m_adj_kilian,7.518,ip,31,10.513267,9.687376,-5.421049,26.447583,-3.049060,34.731707,0,8.052014,-9.007915,25.111942
z_gcs_1m_adj_kilian,7.518,ip,32,9.714530,10.619831,-7.753538,27.182598,-4.622242,38.919066,0,7.227525,-10.008923,24.463972
z_gcs_1m_adj_kilian,7.518,ip,33,7.386501,9.373274,-8.031162,22.804165,-6.204746,30.819686,0,5.528388,-10.679051,21.735827
z_gcs_1m_adj_kilian,7.518,ip,34,12.237662,10.932732,-5.745081,30.220406,-3.614799,39.569492,0,10.845823,-7.153708,28.845353
z_gcs_1m_adj_kilian,7.518,ip,35,4.951644,9.248947,-10.261520,20.164807,-10.309118,24.836879,0,4.100493,-11.782835,19.983821
z_gcs_1m_adj_kilian,7.518,ip,36,7.363096,8.225914,-6.167329,20.893520,-5.387071,26.282697,0,6.900951,-9.511603,23.313504
z_gcs_1m_adj_kilian,7.518,ip,37,9.440886,9.142739,-5.597582,24.479354,-4.273223,31.383460,0,9.138955,-8.470318,26.748229
z_gcs_1m_adj_kilian,7.518,ip,38,5.285286,9.249477,-9.928750,20.499323,-9.513878,26.096610,0,5.828774,-11.039440,22.696988
z_gcs_1m_adj_kilian,7.518,ip,39,5.208564,7.750895,-7.540523,17.957652,-6.805323,23.035623,0,5.926087,-10.641135,22.493309
z_gcs_1m_adj_kilian,7.518,ip,40,4.043472,7.669043,-8.570982,16.657926,-9.377354,20.148463,0,5.904882,-11.076555,22.886320
z_gcs_1m_adj_kilian,7.518,ip,41,4.039038,6.883883,-7.283942,15.362019,-8.351951,18.150999,0,7.516274,-10.034597,25.067145
z_gcs_1m_adj_kilian,7.518,ip,42,-2.317854,6.239642,-12.581152,7.945444,-16.357049,7.977555,0,-0.329824,-17.000733,16.341085
z_gcs_1m_adj_kilian,7.518,ip,43,-0.116290,6.709564,-11.152541,10.919960,-15.212809,11.289969,0,1.600713,-15.845901,19.047326
z_gcs_1m_adj_kilian,7.518,ip,44,1.875265,6.626930,-9.025064,12.775595,-13.366673,13.141046,0,4.741386,-12.927524,22.410296
z_gcs_1m_adj_kilian,7.518,ip,45,0.895319,6.294490,-9.458196,11.248834,-12.637835,12.225401,0,4.008805,-13.842194,21.859804
z_gcs_1m_adj_kilian,7.518,ip,46,2.920484,5.737289,-6.516518,12.357485,-7.406637,14.968791,0,4.380749,-14.059292,22.820789
z_gcs_1m_adj_kilian,7.518,ip,47,-0.799630,6.050076,-10.751119,9.151859,-15.622316,8.577987,0,2.605513,-15.606322,20.817347
z_gcs_1m_adj_kilian,7.518,ip,48,0.877034,7.078338,-10.765796,12.519865,-16.818811,11.494542,0,5.005984,-13.316522,23.328490
z_gcs_1m_adj_kilian,7.518,hicp_sa,0,0.194706,0.386202,-0.440539,0.829951,-0.654937,0.928489,0,0.227704,-0.441828,0.897237
z_gcs_1m_adj_kilian,7.518,hicp_sa,1,0.768514,0.696762,-0.377558,1.914586,-0.555334,2.266552,0,0.833744,-0.335530,2.003018
z_gcs_1m_adj_kilian,7.518,hicp_sa,2,0.421070,0.969272,-1.173240,2.015380,-1.517474,2.408077,0,0.373259,-1.267233,2.013752
z_gcs_1m_adj_kilian,7.518,hicp_sa,3,0.557070,1.152231,-1.338181,2.452322,-1.574557,3.034367,0,0.448300,-1.533476,2.430076
z_gcs_1m_adj_kilian,7.518,hicp_sa,4,0.389278,1.262856,-1.687935,2.466492,-1.883863,3.167562,0,0.251740,-2.060321,2.563800
z_gcs_1m_adj_kilian,7.518,hicp_sa,5,-0.352103,1.494146,-2.809755,2.105548,-3.489811,2.262653,0,-0.534266,-3.186915,2.118382
z_gcs_1m_adj_kilian,7.518,hicp_sa,6,-2.042065,1.872165,-5.121503,1.037373,-7.096912,0.578967,0,-2.294492,-5.907199,1.318214
z_gcs_1m_adj_kilian,7.518,hicp_sa,7,-3.175058,2.282387,-6.929250,0.579135,-9.451622,0.020284,0,-3.447721,-7.741263,0.845821
z_gcs_1m_adj_kilian,7.518,hicp_sa,8,-4.642585,2.682395,-9.054732,-0.230438,-11.885051,-0.887232,0,-5.088421,-10.241479,0.064637
z_gcs_1m_adj_kilian,7.518,hicp_sa,9,-4.927911,3.428035,-10.566528,0.710705,-14.355008,-0.300064,0,-5.501284,-11.434433,0.431866
z_gcs_1m_adj_kilian,7.518,hicp_sa,10,-4.860319,3.619591,-10.814016,1.093378,-14.814194,0.026129,0,-5.515269,-11.490549,0.460011
z_gcs_1m_adj_kilian,7.518,hicp_sa,11,-4.907066,3.751557,-11.077829,1.263696,-14.848693,0.345114,0,-5.457283,-11.393269,0.478702
z_gcs_1m_adj_kilian,7.518,hicp_sa,12,-4.014735,3.473539,-9.728199,1.698729,-12.351229,1.195574,0,-4.189554,-9.721908,1.342801
z_gcs_1m_adj_kilian,7.518,hicp_sa,13,-3.771451,3.483340,-9.501035,1.958134,-11.608966,1.801894,0,-4.024254,-9.562646,1.514137
z_gcs_1m_adj_kilian,7.518,hicp_sa,14,-3.410409,3.233798,-8.729533,1.908715,-10.201385,2.087048,0,-3.493734,-8.950281,1.962812
z_gcs_1m_adj_kilian,7.518,hicp_sa,15,-2.529203,3.107475,-7.640544,2.582139,-8.744153,3.064252,0,-2.514434,-7.927808,2.898940
z_gcs_1m_adj_kilian,7.518,hicp_sa,16,-1.815406,3.197339,-7.074561,3.443748,-7.890350,4.259537,0,-1.816043,-7.233710,3.601624
z_gcs_1m_adj_kilian,7.518,hicp_sa,17,-1.708346,3.352597,-7.222877,3.806185,-7.743020,4.996847,0,-1.935850,-7.472556,3.600856
z_gcs_1m_adj_kilian,7.518,hicp_sa,18,-2.001974,3.391329,-7.580213,3.576266,-8.106366,4.780684,0,-2.220293,-7.892143,3.451557
z_gcs_1m_adj_kilian,7.518,hicp_sa,19,-2.605589,3.554621,-8.452420,3.241242,-9.003907,4.503653,0,-2.910513,-8.857304,3.036278
z_gcs_1m_adj_kilian,7.518,hicp_sa,20,-3.704386,3.706845,-9.801604,2.392831,-10.747392,3.338619,0,-4.080222,-10.568353,2.407909
z_gcs_1m_adj_kilian,7.518,hicp_sa,21,-3.495749,3.728788,-9.629059,2.637560,-10.580446,3.402508,0,-3.874727,-10.435826,2.686371
z_gcs_1m_adj_kilian,7.518,hicp_sa,22,-3.231690,3.593598,-9.142632,2.679252,-10.059526,3.416466,0,-3.642381,-10.281226,2.996464
z_gcs_1m_adj_kilian,7.518,hicp_sa,23,-2.975245,3.704841,-9.069166,3.118677,-9.643958,4.063953,0,-3.446176,-10.175991,3.283639
z_gcs_1m_adj_kilian,7.518,hicp_sa,24,-4.239671,3.683526,-10.298532,1.819190,-11.238371,2.574852,0,-4.680508,-11.780130,2.419115
z_gcs_1m_adj_kilian,7.518,hicp_sa,25,-4.839518,3.599259,-10.759772,1.080736,-11.498147,1.819111,0,-5.212367,-12.314906,1.890173
z_gcs_1m_adj_kilian,7.518,hicp_sa,26,-5.064680,3.563678,-10.926408,0.797048,-11.657484,1.706308,0,-5.444266,-12.675552,1.787021
z_gcs_1m_adj_kilian,7.518,hicp_sa,27,-4.526639,3.551949,-10.369075,1.315796,-10.742549,2.577258,0,-4.854994,-12.028995,2.319008
z_gcs_1m_adj_kilian,7.518,hicp_sa,28,-3.910357,3.701737,-9.999172,2.178459,-9.833136,4.233464,0,-4.400158,-11.406753,2.606436
z_gcs_1m_adj_kilian,7.518,hicp_sa,29,-2.492029,3.997891,-9.067974,4.083915,-8.488865,6.903014,0,-3.101852,-9.983242,3.779538
z_gcs_1m_adj_kilian,7.518,hicp_sa,30,-2.248216,3.877396,-8.625965,4.129533,-8.064310,6.863665,0,-2.914884,-9.661803,3.832035
z_gcs_1m_adj_kilian,7.518,hicp_sa,31,-2.887544,4.053858,-9.555546,3.780459,-9.373716,6.233637,0,-3.626026,-10.410694,3.158642
z_gcs_1m_adj_kilian,7.518,hicp_sa,32,-3.046123,4.121469,-9.825336,3.733090,-9.846547,6.021109,0,-3.951983,-10.939395,3.035430
z_gcs_1m_adj_kilian,7.518,hicp_sa,33,-2.268411,4.062768,-8.951070,4.414248,-8.565701,7.279094,0,-3.256074,-9.934012,3.421864
z_gcs_1m_adj_kilian,7.518,hicp_sa,34,-1.931281,3.938007,-8.408725,4.546164,-7.838291,7.716835,0,-2.944519,-9.453289,3.564251
z_gcs_1m_adj_kilian,7.518,hicp_sa,35,-1.534000,3.721105,-7.654672,4.586673,-6.929601,7.582706,0,-2.520097,-8.744560,3.704366
z_gcs_1m_adj_kilian,7.518,hicp_sa,36,-1.914034,3.412625,-7.527303,3.699235,-6.862341,6.446898,0,-2.723108,-8.911961,3.465745
z_gcs_1m_adj_kilian,7.518,hicp_sa,37,-1.724254,3.524742,-7.521939,4.073431,-6.658893,7.440076,0,-2.629233,-9.037524,3.779057
z_gcs_1m_adj_kilian,7.518,hicp_sa,38,-1.778703,3.663864,-7.805222,4.247817,-6.724919,7.930536,0,-2.710221,-9.031137,3.610695
z_gcs_1m_adj_kilian,7.518,hicp_sa,39,-2.121982,3.860884,-8.472571,4.228607,-7.334176,8.302405,0,-3.277620,-9.663008,3.107769
z_gcs_1m_adj_kilian,7.518,hicp_sa,40,-1.797685,4.032730,-8.430935,4.835566,-7.040234,9.695596,0,-3.069633,-9.552206,3.412940
z_gcs_1m_adj_kilian,7.518,hicp_sa,41,-2.159869,3.722380,-8.282639,3.962902,-6.998963,8.262796,0,-3.655084,-10.016673,2.706505
z_gcs_1m_adj_kilian,7.518,hicp_sa,42,-2.564046,3.906542,-8.989736,3.861643,-7.837878,8.178944,0,-4.259651,-10.884156,2.364855
z_gcs_1m_adj_kilian,7.518,hicp_sa,43,-2.474292,3.827064,-8.769252,3.820669,-7.640828,8.432841,0,-4.239865,-10.814412,2.334681
z_gcs_1m_adj_kilian,7.518,hicp_sa,44,-1.592440,3.705245,-7.687025,4.502145,-6.409258,9.523294,0,-3.350006,-9.460828,2.760816
z_gcs_1m_adj_kilian,7.518,hicp_sa,45,-1.564803,3.326031,-7.035637,3.906031,-5.722342,8.912195,0,-3.000601,-8.750461,2.749258
z_gcs_1m_adj_kilian,7.518,hicp_sa,46,-1.178744,3.505580,-6.944909,4.587422,-5.385440,9.863833,0,-2.487223,-8.063571,3.089125
z_gcs_1m_adj_kilian,7.518,hicp_sa,47,-1.145673,3.685460,-7.207715,4.916369,-5.568225,10.463526,0,-2.402908,-7.645385,2.839569
z_gcs_1m_adj_kilian,7.518,hicp_sa,48,-1.289201,3.385302,-6.857528,4.279126,-5.520829,9.205236,0,-2.621824,-7.686290,2.442643
z_gcs_1m_adj_kilian,7.518,stoxx,0,11.577359,12.751641,-9.397223,32.551942,-11.375594,40.906133,0,11.202273,-12.542262,34.946809
z_gcs_1m_adj_kilian,7.518,stoxx,1,31.531918,19.854690,-1.126141,64.189977,-1.228321,81.168643,0,31.788850,-4.439838,68.017537
z_gcs_1m_adj_kilian,7.518,stoxx,2,53.251846,26.843816,9.097698,97.405994,19.697076,141.836439,0,48.784663,2.837563,94.731762
z_gcs_1m_adj_kilian,7.518,stoxx,3,57.748322,30.418050,7.715082,107.781562,16.683955,147.481570,0,54.674031,1.202990,108.145072
z_gcs_1m_adj_kilian,7.518,stoxx,4,52.487224,33.977284,-3.400434,108.374883,-3.575294,132.333841,0,47.792579,-9.971752,105.556911
z_gcs_1m_adj_kilian,7.518,stoxx,5,24.962341,46.382496,-51.330076,101.254757,-56.207027,122.365582,0,16.075785,-56.177000,88.328570
z_gcs_1m_adj_kilian,7.518,stoxx,6,30.256006,47.879475,-48.498722,109.010734,-53.533075,133.196877,0,18.453337,-48.780546,85.687221
z_gcs_1m_adj_kilian,7.518,stoxx,7,27.419938,38.629611,-36.120117,90.959993,-44.044842,106.610640,0,9.818802,-49.172962,68.810567
z_gcs_1m_adj_kilian,7.518,stoxx,8,3.212327,37.022082,-57.683579,64.108233,-81.938462,62.447659,0,-20.662571,-89.611283,48.286142
z_gcs_1m_adj_kilian,7.518,stoxx,9,5.730215,36.897980,-54.961561,66.421990,-79.135138,64.766982,0,-14.570634,-87.563866,58.422597
z_gcs_1m_adj_kilian,7.518,stoxx,10,11.610931,38.046942,-50.970719,74.192581,-66.385299,81.997773,0,-8.703110,-82.112771,64.706551
z_gcs_1m_adj_kilian,7.518,stoxx,11,57.321583,35.891756,-1.715102,116.358268,-1.899815,136.283446,0,41.804016,-26.768225,110.376258
z_gcs_1m_adj_kilian,7.518,stoxx,12,77.897238,30.274135,28.100717,127.693758,35.513449,156.609988,0,65.084138,-1.721223,131.889498
z_gcs_1m_adj_kilian,7.518,stoxx,13,77.068938,33.520443,21.932716,132.205160,30.140318,164.222089,0,63.257071,-1.300387,127.814529
z_gcs_1m_adj_kilian,7.518,stoxx,14,91.622023,42.747322,21.308936,161.935110,31.775773,200.627693,0,78.923942,8.391495,149.456390
z_gcs_1m_adj_kilian,7.518,stoxx,15,109.851378,54.733105,19.823431,199.879325,33.225030,252.157452,0,98.374513,17.956997,178.792029
z_gcs_1m_adj_kilian,7.518,stoxx,16,92.849102,52.944622,5.762948,179.935256,16.079400,225.210657,0,83.616738,11.178282,156.055195
z_gcs_1m_adj_kilian,7.518,stoxx,17,69.638704,47.993653,-9.303830,148.581238,-2.351775,184.823471,0,58.158282,-8.456441,124.773004
z_gcs_1m_adj_kilian,7.518,stoxx,18,47.718737,48.269139,-31.676931,127.114405,-29.511885,156.324300,0,32.218582,-30.446651,94.883814
z_gcs_1m_adj_kilian,7.518,stoxx,19,74.170118,44.219841,1.434952,146.905284,7.840356,178.086745,0,62.989691,-4.179272,130.158655
z_gcs_1m_adj_kilian,7.518,stoxx,20,75.065529,39.075340,10.792315,139.338743,18.406286,172.753879,0,62.541434,-5.463729,130.546598
z_gcs_1m_adj_kilian,7.518,stoxx,21,61.488429,37.607374,-0.370197,123.347054,6.957737,153.626495,0,50.035749,-11.915949,111.987448
z_gcs_1m_adj_kilian,7.518,stoxx,22,43.792176,36.523944,-16.284366,103.868718,-10.993740,129.623445,0,32.585982,-31.947050,97.119014
z_gcs_1m_adj_kilian,7.518,stoxx,23,8.252911,31.076553,-42.863470,59.369292,-46.131057,70.406017,0,-7.192503,-64.498871,50.113865
z_gcs_1m_adj_kilian,7.518,stoxx,24,21.220256,23.654258,-17.687536,60.128048,-21.357408,68.528772,0,9.322351,-44.490430,63.135132
z_gcs_1m_adj_kilian,7.518,stoxx,25,20.539190,23.839659,-18.673559,59.751939,-22.372196,67.026525,0,7.105634,-44.648901,58.860169
z_gcs_1m_adj_kilian,7.518,stoxx,26,5.357949,22.726668,-32.024094,42.739991,-40.095388,45.129618,0,-9.454722,-52.489435,33.579992
z_gcs_1m_adj_kilian,7.518,stoxx,27,-2.214446,26.207055,-45.321216,40.892324,-58.559615,41.027195,0,-10.174548,-53.550378,33.201281
z_gcs_1m_adj_kilian,7.518,stoxx,28,12.801008,27.983596,-33.227912,58.829928,-41.767005,63.171482,0,6.608250,-42.360216,55.576717
z_gcs_1m_adj_kilian,7.518,stoxx,29,16.411508,28.256642,-30.066533,62.889549,-35.863280,70.099129,0,11.235814,-40.619877,63.091504
z_gcs_1m_adj_kilian,7.518,stoxx,30,3.157433,34.419123,-53.456987,59.771853,-65.680814,65.111855,0,-0.047289,-53.637577,53.542998
z_gcs_1m_adj_kilian,7.518,stoxx,31,2.009899,31.638886,-50.031438,54.051235,-56.522040,62.123782,0,3.051719,-52.880971,58.984409
z_gcs_1m_adj_kilian,7.518,stoxx,32,16.212962,32.515868,-37.270881,69.696805,-35.812427,90.999458,0,17.271528,-42.930665,77.473722
z_gcs_1m_adj_kilian,7.518,stoxx,33,21.288432,33.773682,-34.264332,76.841196,-34.438144,97.279218,0,19.691754,-40.777840,80.161348
z_gcs_1m_adj_kilian,7.518,stoxx,34,29.106122,30.611914,-21.245995,79.458240,-19.872940,99.513524,0,28.379075,-31.761548,88.519697
z_gcs_1m_adj_kilian,7.518,stoxx,35,16.443521,29.944475,-32.810758,65.697800,-38.953758,73.338024,0,21.423536,-35.444799,78.291872
z_gcs_1m_adj_kilian,7.518,stoxx,36,4.491464,25.376773,-37.249614,46.232541,-42.455567,52.707333,0,9.188458,-42.743311,61.120228
z_gcs_1m_adj_kilian,7.518,stoxx,37,-10.914561,21.551993,-46.364434,24.535313,-56.173746,26.801427,0,-8.075013,-59.002505,42.852479
z_gcs_1m_adj_kilian,7.518,stoxx,38,-10.252276,17.456301,-38.965337,18.460784,-55.638660,14.186545,0,-4.788204,-55.215900,45.639492
z_gcs_1m_adj_kilian,7.518,stoxx,39,-24.452470,18.352469,-54.639595,5.734656,-74.004137,0.323364,0,-18.053077,-71.191711,35.085557
z_gcs_1m_adj_kilian,7.518,stoxx,40,-46.858184,19.539309,-78.997487,-14.718881,-101.568249,-21.457083,0,-35.378647,-90.709947,19.952654
z_gcs_1m_adj_kilian,7.518,stoxx,41,-40.867917,21.110874,-75.592214,-6.143620,-99.978364,-13.423782,0,-32.236680,-89.585113,25.111753
z_gcs_1m_adj_kilian,7.518,stoxx,42,-40.115218,26.897851,-84.358245,4.127810,-123.498555,-7.837797,0,-32.822606,-92.293772,26.648560
z_gcs_1m_adj_kilian,7.518,stoxx,43,-48.547671,31.939793,-101.083955,3.988613,-155.545978,-11.816909,0,-39.287475,-103.221379,24.646429
z_gcs_1m_adj_kilian,7.518,stoxx,44,-47.114287,30.070832,-96.576404,2.347830,-143.340949,-11.029289,0,-39.359290,-103.782108,25.063529
z_gcs_1m_adj_kilian,7.518,stoxx,45,-32.560892,26.055504,-75.418382,10.296599,-100.305202,6.522364,0,-21.960655,-80.558259,36.636949
z_gcs_1m_adj_kilian,7.518,stoxx,46,-29.676801,25.180986,-71.095836,11.742235,-98.924512,5.576580,0,-14.657101,-70.898967,41.584764
z_gcs_1m_adj_kilian,7.518,stoxx,47,-38.508517,29.290491,-86.687088,9.670053,-117.592843,2.498170,0,-20.555749,-78.120840,37.009343
z_gcs_1m_adj_kilian,7.518,stoxx,48,-41.245154,34.853597,-98.574220,16.083912,-137.092546,7.549883,0,-22.953308,-80.292820,34.386203
z_gc_1m_adj_jk_sum,7.235,ois1m,0,1.000000,0.000000,1.000000,1.000000,1.000000,1.000000,0,1.000000,1.000000,1.000000
z_gc_1m_adj_jk_sum,7.235,ois1m,1,0.809697,0.386750,0.173550,1.445844,-0.292540,1.351147,0,0.911362,0.246040,1.576683
z_gc_1m_adj_jk_sum,7.235,ois1m,2,0.170564,0.562709,-0.755010,1.096138,-1.658241,0.817680,0,0.249081,-0.881245,1.379408
z_gc_1m_adj_jk_sum,7.235,ois1m,3,-0.029944,0.772443,-1.300500,1.240612,-2.463140,0.858366,0,0.064056,-1.479093,1.607205
z_gc_1m_adj_jk_sum,7.235,ois1m,4,0.764086,0.719645,-0.419625,1.947796,-1.322885,1.627659,0,0.841280,-0.860149,2.542710
z_gc_1m_adj_jk_sum,7.235,ois1m,5,0.972368,0.621756,-0.050329,1.995065,-0.550934,1.842826,0,0.960590,-0.612035,2.533215
z_gc_1m_adj_jk_sum,7.235,ois1m,6,1.238143,0.662987,0.147626,2.328660,-0.286728,2.265773,0,1.278221,-0.514364,3.070806
z_gc_1m_adj_jk_sum,7.235,ois1m,7,1.032497,0.783684,-0.256549,2.321542,-0.730793,2.247207,0,1.004588,-0.950734,2.959910
z_gc_1m_adj_jk_sum,7.235,ois1m,8,1.376374,0.725282,0.183392,2.569356,-0.001661,2.718144,0,1.191351,-0.671807,3.054508
z_gc_1m_adj_jk_sum,7.235,ois1m,9,0.995725,0.832070,-0.372908,2.364359,-0.626812,2.451848,0,0.698749,-1.490917,2.888416
z_gc_1m_adj_jk_sum,7.235,ois1m,10,0.748921,0.923692,-0.770417,2.268258,-1.006094,2.411566,0,0.266963,-2.088181,2.622108
z_gc_1m_adj_jk_sum,7.235,ois1m,11,1.108202,0.839285,-0.272300,2.488703,-0.360548,2.786773,0,0.584798,-1.623348,2.792945
z_gc_1m_adj_jk_sum,7.235,ois1m,12,0.762219,0.827935,-0.599614,2.124051,-0.686668,2.418089,0,0.223687,-2.045986,2.493359
z_gc_1m_adj_jk_sum,7.235,ois1m,13,0.926789,0.929765,-0.602538,2.456117,-0.560835,2.972272,0,0.522823,-1.578490,2.624135
z_gc_1m_adj_jk_sum,7.235,ois1m,14,1.446566,1.093433,-0.351972,3.245104,-0.138913,4.070806,0,1.095633,-0.769454,2.960719
z_gc_1m_adj_jk_sum,7.235,ois1m,15,1.363428,1.101854,-0.448960,3.175816,-0.234260,3.952784,0,1.052131,-0.828444,2.932706
z_gc_1m_adj_jk_sum,7.235,ois1m,16,1.150781,1.192505,-0.810715,3.112278,-0.697602,3.774293,0,0.889709,-1.153831,2.933250
z_gc_1m_adj_jk_sum,7.235,ois1m,17,1.408426,1.185247,-0.541132,3.357984,-0.369445,4.134494,0,1.009395,-0.939831,2.958622
z_gc_1m_adj_jk_sum,7.235,ois1m,18,1.336329,1.156243,-0.565520,3.238179,-0.398035,3.937875,0,0.822574,-1.208935,2.854084
z_gc_1m_adj_jk_sum,7.235,ois1m,19,1.117762,1.205984,-0.865904,3.101429,-0.751512,3.770926,0,0.564002,-1.645300,2.773305
z_gc_1m_adj_jk_sum,7.235,ois1m,20,0.810740,1.116121,-1.025116,2.646596,-0.807635,3.377818,0,0.073021,-2.186294,2.332336
z_gc_1m_adj_jk_sum,7.235,ois1m,21,0.865568,1.112151,-0.963758,2.694894,-0.691444,3.479123,0,0.091940,-2.184527,2.368407
z_gc_1m_adj_jk_sum,7.235,ois1m,22,0.298076,1.042315,-1.416379,2.012531,-1.265396,2.591169,0,-0.515511,-3.049409,2.018387
z_gc_1m_adj_jk_sum,7.235,ois1m,23,0.018332,0.890500,-1.446410,1.483074,-1.317418,1.932907,0,-0.954417,-3.486901,1.578066
z_gc_1m_adj_jk_sum,7.235,ois1m,24,0.016961,0.815139,-1.323823,1.357746,-1.246504,1.687997,0,-0.931392,-3.516500,1.653716
z_gc_1m_adj_jk_sum,7.235,ois1m,25,-0.349778,1.000578,-1.995582,1.296026,-2.150818,1.401233,0,-1.306553,-4.295588,1.682481
z_gc_1m_adj_jk_sum,7.235,ois1m,26,-0.774539,1.122307,-2.620570,1.071493,-2.906923,1.077269,0,-1.666536,-4.612846,1.279775
z_gc_1m_adj_jk_sum,7.235,ois1m,27,-1.429924,1.329888,-3.617395,0.757548,-4.023206,0.697898,0,-2.228337,-5.330028,0.873354
z_gc_1m_adj_jk_sum,7.235,ois1m,28,-1.407543,1.322352,-3.582618,0.767533,-3.986129,0.708221,0,-2.117622,-4.902254,0.667009
z_gc_1m_adj_jk_sum,7.235,ois1m,29,-1.272660,1.235095,-3.304210,0.758890,-3.557585,0.765246,0,-2.056654,-4.430264,0.316957
z_gc_1m_adj_jk_sum,7.235,ois1m,30,-1.396766,1.163430,-3.310439,0.516906,-3.490941,0.581065,0,-2.253103,-4.504843,-0.001363
z_gc_1m_adj_jk_sum,7.235,ois1m,31,-1.181601,0.958770,-2.758637,0.395434,-2.859448,0.496246,0,-1.962339,-3.893042,-0.031636
z_gc_1m_adj_jk_sum,7.235,ois1m,32,-1.235950,0.957040,-2.810141,0.338241,-2.862918,0.486722,0,-2.038970,-3.920589,-0.157351
z_gc_1m_adj_jk_sum,7.235,ois1m,33,-1.108425,0.921725,-2.624527,0.407678,-2.721443,0.504594,0,-1.967902,-3.893052,-0.042752
z_gc_1m_adj_jk_sum,7.235,ois1m,34,-1.159015,0.952442,-2.725643,0.407613,-2.873411,0.412515,0,-2.001309,-3.945572,-0.057045
z_gc_1m_adj_jk_sum,7.235,ois1m,35,-1.034728,0.854826,-2.440792,0.371336,-2.530674,0.418476,0,-1.775036,-3.496158,-0.053913
z_gc_1m_adj_jk_sum,7.235,ois1m,36,-0.684629,0.795297,-1.992775,0.623518,-2.036633,0.707140,0,-1.332311,-3.047726,0.383105
z_gc_1m_adj_jk_sum,7.235,ois1m,37,-0.557985,0.841881,-1.942757,0.826787,-2.031277,0.873213,0,-0.969529,-2.777864,0.838807
z_gc_1m_adj_jk_sum,7.235,ois1m,38,-0.528631,0.730523,-1.730234,0.672971,-1.807046,0.713257,0,-0.834362,-2.693602,1.024878
z_gc_1m_adj_jk_sum,7.235,ois1m,39,-0.305868,0.714076,-1.480419,0.868683,-1.484094,0.979470,0,-0.555869,-2.559397,1.447659
z_gc_1m_adj_jk_sum,7.235,ois1m,40,-0.485756,0.895936,-1.959439,0.987927,-2.053644,0.992537,0,-0.554298,-2.510970,1.402375
z_gc_1m_adj_jk_sum,7.235,ois1m,41,-0.624815,0.895404,-2.097624,0.847995,-2.236543,0.852603,0,-0.773576,-2.598263,1.051111
z_gc_1m_adj_jk_sum,7.235,ois1m,42,-0.419981,0.856333,-1.828523,0.988560,-1.918563,1.035784,0,-0.742108,-2.592406,1.108190
z_gc_1m_adj_jk_sum,7.235,ois1m,43,-0.447744,0.819679,-1.795995,0.900508,-1.923166,0.904726,0,-0.671409,-2.557030,1.214212
z_gc_1m_adj_jk_sum,7.235,ois1m,44,-0.053743,0.699040,-1.203561,1.096075,-1.242111,1.169577,0,-0.266521,-2.221122,1.688080
z_gc_1m_adj_jk_sum,7.235,ois1m,45,0.118989,0.757635,-1.127209,1.365188,-1.131108,1.482732,0,-0.008845,-2.065393,2.047703
z_gc_1m_adj_jk_sum,7.235,ois1m,46,0.178565,0.703894,-0.979238,1.336369,-1.018055,1.410380,0,0.184843,-1.937485,2.307172
z_gc_1m_adj_jk_sum,7.235,ois1m,47,0.545490,0.709303,-0.621209,1.712189,-0.624859,1.822235,0,0.722606,-1.627034,3.072246
z_gc_1m_adj_jk_sum,7.235,ois1m,48,0.946469,0.761065,-0.305372,2.198310,-0.233182,2.392494,0,1.182999,-1.456499,3.822496
z_gc_1m_adj_jk_sum,7.235,ip,0,1.485237,2.148988,-2.049534,5.020008,-2.705290,6.213010,0,0.966206,-2.864789,4.797201
z_gc_1m_adj_jk_sum,7.235,ip,1,3.302948,2.313874,-0.503036,7.108931,-1.209106,8.046389,0,4.174416,-0.249764,8.598596
z_gc_1m_adj_jk_sum,7.235,ip,2,4.989976,2.999336,0.056508,9.923445,-1.758529,10.088847,0,5.273262,-0.746533,11.293057
z_gc_1m_adj_jk_sum,7.235,ip,3,1.353083,3.017183,-3.609741,6.315907,-5.284719,6.331434,0,1.080299,-6.359509,8.520108
z_gc_1m_adj_jk_sum,7.235,ip,4,3.134996,3.634040,-2.842468,9.112460,-4.133084,9.676268,0,2.019221,-7.422460,11.460903
z_gc_1m_adj_jk_sum,7.235,ip,5,6.488370,3.647906,0.488098,12.488642,-0.625048,12.872206,0,4.513946,-4.770956,13.798848
z_gc_1m_adj_jk_sum,7.235,ip,6,3.419851,4.247709,-3.567009,10.406710,-6.349880,10.003800,0,2.224497,-8.769531,13.218524
z_gc_1m_adj_jk_sum,7.235,ip,7,3.828130,4.405655,-3.418528,11.074789,-3.661484,12.859724,0,2.573817,-8.697363,13.844998
z_gc_1m_adj_jk_sum,7.235,ip,8,2.417911,4.913830,-5.664621,10.500443,-5.935601,12.491263,0,0.883606,-10.633952,12.401163
z_gc_1m_adj_jk_sum,7.235,ip,9,0.575695,5.192281,-7.964848,9.116237,-9.289640,9.921801,0,-1.493765,-14.236209,11.248678
z_gc_1m_adj_jk_sum,7.235,ip,10,5.157738,5.770308,-4.333573,14.649050,-3.786239,17.852415,0,2.834167,-8.144174,13.812508
z_gc_1m_adj_jk_sum,7.235,ip,11,6.279042,5.949144,-3.506428,16.064512,-2.049759,21.151901,0,4.165330,-5.650580,13.981239
z_gc_1m_adj_jk_sum,7.235,ip,12,5.909880,5.090104,-2.462596,14.282357,-0.961761,18.889646,0,2.843578,-5.620909,11.308064
z_gc_1m_adj_jk_sum,7.235,ip,13,4.939785,5.809281,-4.615632,14.495202,-3.193208,19.462987,0,0.839650,-8.369516,10.048815
z_gc_1m_adj_jk_sum,7.235,ip,14,8.361507,6.248926,-1.917062,18.640076,0.237903,24.921161,0,5.996726,-2.160660,14.154112
z_gc_1m_adj_jk_sum,7.235,ip,15,6.777468,6.156324,-3.348784,16.903720,-1.533569,22.476094,0,4.905558,-3.443592,13.254709
z_gc_1m_adj_jk_sum,7.235,ip,16,4.590152,7.006768,-6.934956,16.115260,-5.569662,21.406396,0,2.870621,-7.105220,12.846462
z_gc_1m_adj_jk_sum,7.235,ip,17,7.179578,6.889558,-4.152736,18.511892,-2.810281,23.714517,0,5.197565,-4.557149,14.952279
z_gc_1m_adj_jk_sum,7.235,ip,18,9.572411,6.839244,-1.677143,20.821966,0.339433,26.670520,0,7.079141,-3.606654,17.764936
z_gc_1m_adj_jk_sum,7.235,ip,19,8.878360,6.716997,-2.170116,19.926836,-0.525435,25.335001,0,6.073163,-5.696737,17.843063
z_gc_1m_adj_jk_sum,7.235,ip,20,5.875042,5.497443,-3.167446,14.917530,-1.271633,19.893520,0,2.522284,-9.231071,14.275639
z_gc_1m_adj_jk_sum,7.235,ip,21,-3.305174,4.012590,-9.905296,3.294949,-10.126576,4.720005,0,-7.461583,-20.316638,5.393473
z_gc_1m_adj_jk_sum,7.235,ip,22,-1.389865,4.608113,-8.969535,6.189806,-8.302034,8.747983,0,-5.507911,-17.934256,6.918434
z_gc_1m_adj_jk_sum,7.235,ip,23,2.896704,5.288584,-5.802242,11.595651,-3.978455,16.118164,0,-2.805677,-13.923435,8.312081
z_gc_1m_adj_jk_sum,7.235,ip,24,-3.029360,4.852253,-11.010606,4.951885,-11.278190,6.189920,0,-8.496997,-20.830229,3.836236
z_gc_1m_adj_jk_sum,7.235,ip,25,0.138826,5.200973,-8.416014,8.693665,-7.662634,11.320918,0,-4.590230,-15.772885,6.592425
z_gc_1m_adj_jk_sum,7.235,ip,26,-7.254882,6.274799,-17.576008,3.066244,-18.235780,4.039757,0,-12.366891,-24.003249,-0.730534
z_gc_1m_adj_jk_sum,7.235,ip,27,-6.750050,7.075012,-18.387409,4.887310,-20.192573,4.923720,0,-9.686608,-21.207607,1.834392
z_gc_1m_adj_jk_sum,7.235,ip,28,-4.616269,8.614420,-18.785729,9.553191,-20.122225,10.028245,0,-7.711530,-19.229281,3.806221
z_gc_1m_adj_jk_sum,7.235,ip,29,-11.126582,8.876000,-25.726302,3.473139,-27.547182,3.518818,0,-14.318654,-25.830707,-2.806602
z_gc_1m_adj_jk_sum,7.235,ip,30,-8.057043,7.953991,-21.140194,5.026108,-21.976528,5.464742,0,-10.086890,-21.243601,1.069820
z_gc_1m_adj_jk_sum,7.235,ip,31,-3.244561,7.802396,-16.078360,9.589238,-16.508634,10.799751,0,-6.249018,-18.762573,6.264537
z_gc_1m_adj_jk_sum,7.235,ip,32,-2.845525,7.155640,-14.615506,8.924456,-14.294549,10.750192,0,-4.809499,-18.261997,8.643000
z_gc_1m_adj_jk_sum,7.235,ip,33,-3.977557,7.139855,-15.721574,7.766460,-16.115311,8.874182,0,-5.996481,-19.663020,7.670058
z_gc_1m_adj_jk_sum,7.235,ip,34,-2.232090,7.461614,-14.505352,10.041173,-14.916833,10.825735,0,-3.582482,-18.417051,11.252086
z_gc_1m_adj_jk_sum,7.235,ip,35,-6.673680,7.542507,-19.079999,5.732639,-20.250192,5.394330,0,-7.608854,-21.215903,5.998194
z_gc_1m_adj_jk_sum,7.235,ip,36,-4.755436,7.119941,-16.466697,6.955826,-16.859336,7.704462,0,-5.099118,-18.281222,8.082986
z_gc_1m_adj_jk_sum,7.235,ip,37,-3.136639,6.369074,-13.612834,7.339555,-13.964065,7.690786,0,-2.681440,-17.115662,11.752782
z_gc_1m_adj_jk_sum,7.235,ip,38,-2.722388,6.029906,-12.640700,7.195924,-13.576218,7.226957,0,-2.302228,-17.603320,12.998865
z_gc_1m_adj_jk_sum,7.235,ip,39,-2.447546,4.592661,-10.001802,5.106709,-10.255070,5.359977,0,-1.132272,-15.297290,13.032746
z_gc_1m_adj_jk_sum,7.235,ip,40,-0.541932,6.042249,-10.480547,9.396682,-11.115867,9.729891,0,1.032996,-14.242174,16.308165
z_gc_1m_adj_jk_sum,7.235,ip,41,1.192791,6.601583,-9.665847,12.051428,-10.359979,12.415481,0,4.701727,-12.719108,22.122562
z_gc_1m_adj_jk_sum,7.235,ip,42,0.452184,4.439729,-6.850521,7.754889,-7.095355,8.221710,0,3.221578,-12.330745,18.773901
z_gc_1m_adj_jk_sum,7.235,ip,43,2.644105,4.522986,-4.795546,10.083756,-5.044972,10.559331,0,4.891903,-11.803898,21.587704
z_gc_1m_adj_jk_sum,7.235,ip,44,4.432924,4.679799,-3.264660,12.130508,-3.054754,13.090552,0,6.918762,-12.230465,26.067989
z_gc_1m_adj_jk_sum,7.235,ip,45,8.246448,5.265315,-0.414225,16.907121,0.348475,18.777079,0,12.099696,-8.767270,32.966662
z_gc_1m_adj_jk_sum,7.235,ip,46,8.604069,5.138135,0.152589,17.055549,1.410680,19.394152,0,11.075128,-9.407908,31.558165
z_gc_1m_adj_jk_sum,7.235,ip,47,6.280985,5.406100,-2.611258,15.173229,-2.098470,16.552576,0,10.414147,-8.949792,29.778086
z_gc_1m_adj_jk_sum,7.235,ip,48,10.285218,5.312404,1.547091,19.023346,2.316612,20.644406,0,16.315701,-4.556053,37.187455
z_gc_1m_adj_jk_sum,7.235,hicp_sa,0,-0.547462,0.443987,-1.277755,0.182831,-2.034818,0.007521,0,-0.504888,-1.240410,0.230635
z_gc_1m_adj_jk_sum,7.235,hicp_sa,1,-0.653097,0.842047,-2.038141,0.731948,-3.179239,0.441565,0,-0.597923,-1.872584,0.676739
z_gc_1m_adj_jk_sum,7.235,hicp_sa,2,-1.235945,1.112704,-3.066179,0.594290,-4.796597,0.099300,0,-1.206624,-3.093871,0.680622
z_gc_1m_adj_jk_sum,7.235,hicp_sa,3,-0.938203,1.116154,-2.774113,0.897707,-4.230858,0.456990,0,-0.931406,-3.120584,1.257771
z_gc_1m_adj_jk_sum,7.235,hicp_sa,4,-0.829819,1.132064,-2.691897,1.032260,-3.829787,0.698467,0,-0.783211,-3.134695,1.568273
z_gc_1m_adj_jk_sum,7.235,hicp_sa,5,-0.659467,1.221411,-2.668509,1.349576,-3.896206,0.928368,0,-0.578896,-3.200688,2.042896
z_gc_1m_adj_jk_sum,7.235,hicp_sa,6,-0.143235,1.311319,-2.300162,2.013693,-3.749362,1.495914,0,-0.047453,-2.792142,2.697237
z_gc_1m_adj_jk_sum,7.235,hicp_sa,7,-0.358906,1.436632,-2.721956,2.004145,-4.309645,1.436885,0,-0.176978,-3.061853,2.707896
z_gc_1m_adj_jk_sum,7.235,hicp_sa,8,-2.210946,1.754113,-5.096204,0.674313,-7.297873,-0.106010,0,-2.201566,-5.821617,1.418484
z_gc_1m_adj_jk_sum,7.235,hicp_sa,9,-2.676572,2.045702,-6.041451,0.688308,-8.711391,-0.324015,0,-2.794555,-7.193087,1.603977
z_gc_1m_adj_jk_sum,7.235,hicp_sa,10,-2.707961,2.069032,-6.111216,0.695294,-8.708154,-0.225123,0,-2.935248,-7.604042,1.733545
z_gc_1m_adj_jk_sum,7.235,hicp_sa,11,-2.145342,1.907801,-5.283395,0.992711,-7.582574,0.144019,0,-2.138269,-6.535509,2.258971
z_gc_1m_adj_jk_sum,7.235,hicp_sa,12,-1.208118,1.664710,-3.946322,1.530086,-5.702835,0.956005,0,-0.929250,-4.943525,3.085025
z_gc_1m_adj_jk_sum,7.235,hicp_sa,13,-1.038551,1.871917,-4.117581,2.040479,-5.905535,1.488537,0,-0.985341,-5.229565,3.258882
z_gc_1m_adj_jk_sum,7.235,hicp_sa,14,-0.761462,1.876989,-3.848834,2.325910,-5.453934,1.866322,0,-0.799942,-4.948851,3.348967
z_gc_1m_adj_jk_sum,7.235,hicp_sa,15,-0.704978,1.982482,-3.965870,2.555915,-5.462934,2.169621,0,-0.825563,-5.103023,3.451897
z_gc_1m_adj_jk_sum,7.235,hicp_sa,16,-0.576746,2.011719,-3.885728,2.732237,-5.103112,2.440832,0,-0.819762,-5.282995,3.643471
z_gc_1m_adj_jk_sum,7.235,hicp_sa,17,-0.229017,1.989858,-3.502043,3.044009,-4.507212,2.954757,0,-0.539652,-5.073772,3.994469
z_gc_1m_adj_jk_sum,7.235,hicp_sa,18,0.000369,2.123689,-3.492788,3.493526,-4.565561,3.398271,0,-0.319972,-4.944180,4.304235
z_gc_1m_adj_jk_sum,7.235,hicp_sa,19,-0.288493,2.330125,-4.121208,3.544221,-5.414768,3.323200,0,-0.860977,-5.768340,4.046386
z_gc_1m_adj_jk_sum,7.235,hicp_sa,20,-1.612376,2.451689,-5.645045,2.420294,-7.251261,1.942573,0,-2.452898,-7.948833,3.043038
z_gc_1m_adj_jk_sum,7.235,hicp_sa,21,-2.255060,2.389286,-6.185085,1.674965,-7.869881,1.089940,0,-3.203010,-9.063115,2.657095
z_gc_1m_adj_jk_sum,7.235,hicp_sa,22,-2.480812,2.418942,-6.459618,1.497994,-8.044379,1.026655,0,-3.475059,-9.408841,2.458723
z_gc_1m_adj_jk_sum,7.235,hicp_sa,23,-1.974641,2.173335,-5.549459,1.600176,-6.864644,1.176694,0,-2.923397,-8.621340,2.774547
z_gc_1m_adj_jk_sum,7.235,hicp_sa,24,-2.198568,2.317567,-6.010626,1.613490,-7.528971,1.046026,0,-3.121777,-9.080570,2.837016
z_gc_1m_adj_jk_sum,7.235,hicp_sa,25,-3.101148,2.523764,-7.252370,1.050074,-8.779616,0.432122,0,-4.023928,-10.436735,2.388880
z_gc_1m_adj_jk_sum,7.235,hicp_sa,26,-3.933031,2.496226,-8.038957,0.172896,-9.549540,-0.438314,0,-4.922535,-11.801706,1.956636
z_gc_1m_adj_jk_sum,7.235,hicp_sa,27,-4.171280,2.286749,-7.932648,-0.409913,-9.202128,-0.969831,0,-5.327407,-12.296214,1.641400
z_gc_1m_adj_jk_sum,7.235,hicp_sa,28,-4.105759,2.078975,-7.525370,-0.686149,-8.471608,-1.091245,0,-5.543618,-12.285369,1.198133
z_gc_1m_adj_jk_sum,7.235,hicp_sa,29,-3.420467,2.008234,-6.723718,-0.117217,-7.436935,-0.307705,0,-5.101179,-11.448964,1.246606
z_gc_1m_adj_jk_sum,7.235,hicp_sa,30,-3.062212,1.969689,-6.302063,0.177639,-7.001591,-0.107678,0,-4.869839,-11.008034,1.268356
z_gc_1m_adj_jk_sum,7.235,hicp_sa,31,-3.764107,2.148530,-7.298125,-0.230090,-8.168594,-0.648738,0,-5.720503,-12.370334,0.929328
z_gc_1m_adj_jk_sum,7.235,hicp_sa,32,-4.532813,2.082941,-7.958946,-1.106679,-9.011136,-1.616695,0,-6.564297,-13.635517,0.506922
z_gc_1m_adj_jk_sum,7.235,hicp_sa,33,-3.747944,1.825524,-6.750664,-0.745224,-7.581545,-1.100934,0,-5.818144,-12.407142,0.770854
z_gc_1m_adj_jk_sum,7.235,hicp_sa,34,-3.174548,1.745279,-6.045276,-0.303820,-6.752369,-0.643894,0,-5.249207,-11.480049,0.981635
z_gc_1m_adj_jk_sum,7.235,hicp_sa,35,-2.758116,1.563807,-5.330350,-0.185881,-5.885730,-0.412405,0,-4.802578,-10.569292,0.964135
z_gc_1m_adj_jk_sum,7.235,hicp_sa,36,-3.352181,1.504185,-5.826345,-0.878017,-6.435760,-1.171113,0,-5.213933,-11.037379,0.609514
z_gc_1m_adj_jk_sum,7.235,hicp_sa,37,-3.320365,1.609427,-5.967637,-0.673093,-6.539219,-0.906225,0,-5.236205,-11.250013,0.777603
z_gc_1m_adj_jk_sum,7.235,hicp_sa,38,-3.621576,1.656170,-6.345733,-0.897418,-6.851108,-1.137321,0,-5.580295,-11.801303,0.640712
z_gc_1m_adj_jk_sum,7.235,hicp_sa,39,-4.281611,1.951453,-7.491465,-1.071756,-8.086944,-1.354431,0,-6.596877,-13.369637,0.175882
z_gc_1m_adj_jk_sum,7.235,hicp_sa,40,-3.964801,1.949275,-7.171074,-0.758529,-7.765888,-1.040888,0,-6.544069,-13.452338,0.364201
z_gc_1m_adj_jk_sum,7.235,hicp_sa,41,-3.795273,1.945614,-6.995524,-0.595022,-7.589221,-0.876851,0,-6.754937,-13.663713,0.153839
z_gc_1m_adj_jk_sum,7.235,hicp_sa,42,-3.860837,2.042539,-7.220515,-0.501159,-7.843789,-0.797029,0,-7.069930,-14.333466,0.193607
z_gc_1m_adj_jk_sum,7.235,hicp_sa,43,-3.306868,1.990792,-6.581431,-0.032306,-7.188914,-0.221140,0,-6.554834,-13.624911,0.515243
z_gc_1m_adj_jk_sum,7.235,hicp_sa,44,-2.462981,1.897382,-5.583896,0.657934,-5.973137,0.572830,0,-5.682661,-12.111647,0.746326
z_gc_1m_adj_jk_sum,7.235,hicp_sa,45,-2.617927,1.632490,-5.303134,0.067281,-5.719658,-0.005942,0,-5.571366,-11.595213,0.452481
z_gc_1m_adj_jk_sum,7.235,hicp_sa,46,-2.881945,1.625632,-5.555872,-0.208018,-5.970646,-0.362215,0,-5.666244,-11.425740,0.093253
z_gc_1m_adj_jk_sum,7.235,hicp_sa,47,-2.960061,1.716595,-5.783609,-0.136513,-6.135763,-0.213508,0,-5.592014,-11.109633,-0.074396
z_gc_1m_adj_jk_sum,7.235,hicp_sa,48,-2.598561,1.673380,-5.351027,0.153904,-5.610646,0.162516,0,-5.264849,-10.616181,0.086482
z_gc_1m_adj_jk_sum,7.235,stoxx,0,2.980907,13.569289,-19.338587,25.300402,-17.373026,40.974917,0,2.492430,-20.252869,25.237729
z_gc_1m_adj_jk_sum,7.235,stoxx,1,-0.846725,15.917551,-27.028766,25.335317,-27.906561,36.559520,0,0.397156,-24.492152,25.286464
z_gc_1m_adj_jk_sum,7.235,stoxx,2,12.819828,19.266689,-18.871055,44.510712,-14.153537,65.803224,0,10.574783,-17.827485,38.977051
z_gc_1m_adj_jk_sum,7.235,stoxx,3,20.976608,20.256880,-12.342995,54.296210,-8.395868,71.618807,0,22.959903,-13.624575,59.544380
z_gc_1m_adj_jk_sum,7.235,stoxx,4,47.395542,19.759008,14.894865,79.896219,14.793178,89.877410,0,52.118945,14.151108,90.086781
z_gc_1m_adj_jk_sum,7.235,stoxx,5,44.761207,22.505440,7.743053,81.779361,14.378864,102.150079,0,48.730406,1.751464,95.709348
z_gc_1m_adj_jk_sum,7.235,stoxx,6,21.688575,30.988769,-29.283413,72.660564,-21.695701,97.611058,0,22.926913,-32.049932,77.903758
z_gc_1m_adj_jk_sum,7.235,stoxx,7,15.024921,29.732306,-33.880370,63.930212,-26.600307,89.355685,0,11.959735,-47.821448,71.740918
z_gc_1m_adj_jk_sum,7.235,stoxx,8,9.855397,24.669523,-30.722358,50.433152,-24.681936,70.295730,0,1.369127,-58.259752,60.998006
z_gc_1m_adj_jk_sum,7.235,stoxx,9,9.786755,24.026970,-29.734093,49.307603,-23.851003,69.854178,0,2.944580,-49.859878,55.749038
z_gc_1m_adj_jk_sum,7.235,stoxx,10,-9.385566,24.807356,-50.190035,31.418903,-42.875497,52.632823,0,-20.859962,-69.880196,28.160273
z_gc_1m_adj_jk_sum,7.235,stoxx,11,-2.644758,30.456644,-52.741481,47.451964,-45.284061,71.974020,0,-14.242938,-67.540616,39.054740
z_gc_1m_adj_jk_sum,7.235,stoxx,12,8.137157,27.720380,-37.458811,53.733125,-29.285356,78.824127,0,-3.664923,-56.586344,49.256497
z_gc_1m_adj_jk_sum,7.235,stoxx,13,5.883684,24.943072,-35.144018,46.911386,-27.789463,69.488517,0,-9.387089,-59.831160,41.056982
z_gc_1m_adj_jk_sum,7.235,stoxx,14,18.225030,24.515739,-22.099773,58.549832,-13.645431,83.191738,0,8.081096,-40.285797,56.447990
z_gc_1m_adj_jk_sum,7.235,stoxx,15,39.379756,27.985834,-6.652844,85.412356,5.796756,119.139382,0,29.840202,-20.040478,79.720883
z_gc_1m_adj_jk_sum,7.235,stoxx,16,41.991099,23.627165,3.127871,80.854327,12.457142,108.147161,0,35.609294,-12.865400,84.083988
z_gc_1m_adj_jk_sum,7.235,stoxx,17,45.776655,24.885953,4.842906,86.710405,14.669214,114.213025,0,40.450824,-13.199604,94.101252
z_gc_1m_adj_jk_sum,7.235,stoxx,18,5.950053,21.092606,-28.744197,40.644303,-25.688857,53.408417,0,-5.620302,-54.777691,43.537088
z_gc_1m_adj_jk_sum,7.235,stoxx,19,12.073454,24.835971,-28.778082,52.924991,-25.180502,69.196187,0,5.343201,-43.463968,54.150370
z_gc_1m_adj_jk_sum,7.235,stoxx,20,16.158411,23.594442,-22.650992,54.967814,-18.053530,70.425627,0,6.190462,-37.429228,49.810152
z_gc_1m_adj_jk_sum,7.235,stoxx,21,31.146216,20.859470,-3.164559,65.456991,2.985931,82.251918,0,22.080746,-21.473888,65.635381
z_gc_1m_adj_jk_sum,7.235,stoxx,22,32.307171,23.721335,-6.710953,71.325295,-0.902698,89.238375,0,29.451891,-16.451070,75.354853
z_gc_1m_adj_jk_sum,7.235,stoxx,23,-3.690345,21.559406,-39.152412,31.771723,-37.107424,41.584409,0,-8.842721,-48.736587,31.051145
z_gc_1m_adj_jk_sum,7.235,stoxx,24,1.398129,23.143797,-36.670029,39.466288,-33.317566,51.157293,0,-0.904964,-39.361413,37.551485
z_gc_1m_adj_jk_sum,7.235,stoxx,25,-0.738108,25.119561,-42.056109,40.579894,-39.673428,49.501015,0,-5.819269,-42.600063,30.961526
z_gc_1m_adj_jk_sum,7.235,stoxx,26,-14.623919,27.537323,-59.918785,30.670947,-64.191100,33.566397,0,-22.622819,-60.304811,15.059172
z_gc_1m_adj_jk_sum,7.235,stoxx,27,-11.492585,28.611913,-58.554993,35.569824,-61.563432,38.578263,0,-14.386776,-50.938780,22.165228
z_gc_1m_adj_jk_sum,7.235,stoxx,28,-12.691683,23.054772,-50.613409,25.230042,-53.037535,28.806906,0,-18.401798,-56.925939,20.122344
z_gc_1m_adj_jk_sum,7.235,stoxx,29,2.377001,20.422757,-31.215444,35.969447,-31.320547,40.159102,0,1.056180,-44.318659,46.431018
z_gc_1m_adj_jk_sum,7.235,stoxx,30,-4.754675,20.751757,-38.888278,29.378928,-41.070250,31.560900,0,-2.595318,-50.116209,44.925574
z_gc_1m_adj_jk_sum,7.235,stoxx,31,-19.261942,23.944574,-58.647263,20.123378,-61.164948,22.641063,0,-14.337656,-61.027967,32.352655
z_gc_1m_adj_jk_sum,7.235,stoxx,32,-7.805736,23.482156,-46.430445,30.818972,-46.551293,34.462144,0,-2.810371,-58.607145,52.986403
z_gc_1m_adj_jk_sum,7.235,stoxx,33,3.175572,21.890777,-32.831552,39.182697,-31.849671,44.768049,0,7.212635,-50.045925,64.471196
z_gc_1m_adj_jk_sum,7.235,stoxx,34,14.559485,15.823613,-11.468043,40.587013,-10.758296,43.833170,0,21.306101,-32.558768,75.170971
z_gc_1m_adj_jk_sum,7.235,stoxx,35,14.391154,20.018921,-18.537041,47.319349,-19.641012,49.424266,0,24.749239,-31.717132,81.215610
z_gc_1m_adj_jk_sum,7.235,stoxx,36,-2.583521,12.901853,-23.805181,18.638138,-25.161764,19.349628,0,7.057312,-37.861638,51.976262
z_gc_1m_adj_jk_sum,7.235,stoxx,37,-7.628750,13.028831,-29.059270,13.801770,-33.034970,12.565938,0,2.478990,-43.770301,48.728281
z_gc_1m_adj_jk_sum,7.235,stoxx,38,-7.563208,11.608018,-26.656699,11.530283,-28.457641,11.590022,0,4.396686,-43.609592,52.402964
z_gc_1m_adj_jk_sum,7.235,stoxx,39,-1.451744,13.829329,-24.198965,21.295478,-27.036002,20.675183,0,9.898969,-41.710501,61.508438
z_gc_1m_adj_jk_sum,7.235,stoxx,40,-6.219373,15.472355,-31.669132,19.230387,-34.843230,18.536395,0,7.571799,-48.156230,63.299827
z_gc_1m_adj_jk_sum,7.235,stoxx,41,-6.414645,13.747484,-29.027245,16.197954,-29.785368,17.643452,0,7.066114,-50.835540,64.967769
z_gc_1m_adj_jk_sum,7.235,stoxx,42,2.990100,11.802914,-16.423966,22.404166,-17.074854,23.055054,0,17.071691,-43.389428,77.532810
z_gc_1m_adj_jk_sum,7.235,stoxx,43,10.345996,11.653039,-8.821547,29.513538,-9.464170,30.156161,0,28.828955,-29.753720,87.411631
z_gc_1m_adj_jk_sum,7.235,stoxx,44,8.705631,10.419344,-8.432665,25.843926,-6.923385,29.023351,0,28.049217,-28.897722,84.996156
z_gc_1m_adj_jk_sum,7.235,stoxx,45,7.093020,14.804408,-17.258064,31.444104,-15.853812,35.961615,0,28.166573,-30.543107,86.876253
z_gc_1m_adj_jk_sum,7.235,stoxx,46,13.394939,15.640222,-12.330937,39.120815,-10.065394,43.893371,0,35.693098,-24.794437,96.180633
z_gc_1m_adj_jk_sum,7.235,stoxx,47,22.599484,15.147097,-2.315274,47.514242,0.636193,53.651033,0,44.629058,-19.142431,108.400548
z_gc_1m_adj_jk_sum,7.235,stoxx,48,31.944536,19.225538,0.321341,63.567731,4.067507,71.356888,0,50.552825,-14.483364,115.589013
z_gcs_1m_adj_sum_bs,19.175,ois1m,0,1.000000,0.000000,1.000000,1.000000,1.000000,1.000000,0,1.000000,1.000000,1.000000
z_gcs_1m_adj_sum_bs,19.175,ois1m,1,0.536164,0.263365,0.102966,0.969361,0.022601,0.931211,0,0.634239,0.171312,1.097165
z_gcs_1m_adj_sum_bs,19.175,ois1m,2,0.511350,0.332920,-0.036255,1.058954,-0.121198,1.027375,0,0.576848,-0.117087,1.270783
z_gcs_1m_adj_sum_bs,19.175,ois1m,3,0.669207,0.366378,0.066570,1.271845,-0.008591,1.237093,0,0.682922,-0.086132,1.451977
z_gcs_1m_adj_sum_bs,19.175,ois1m,4,0.841375,0.456610,0.090318,1.592431,-0.003354,1.549120,0,0.815619,-0.266300,1.897537
z_gcs_1m_adj_sum_bs,19.175,ois1m,5,0.733189,0.467203,-0.035292,1.501670,-0.061057,1.504074,0,0.606103,-0.700172,1.912378
z_gcs_1m_adj_sum_bs,19.175,ois1m,6,0.390165,0.589921,-0.580170,1.360499,-0.701190,1.334039,0,0.266744,-1.342546,1.876034
z_gcs_1m_adj_sum_bs,19.175,ois1m,7,-0.027873,0.655369,-1.105858,1.050113,-1.273073,0.987949,0,-0.200704,-1.966683,1.565274
z_gcs_1m_adj_sum_bs,19.175,ois1m,8,-0.130110,0.773954,-1.403151,1.142931,-1.561925,1.108216,0,-0.392454,-2.307683,1.522775
z_gcs_1m_adj_sum_bs,19.175,ois1m,9,-0.317062,0.936365,-1.857245,1.223120,-2.049337,1.181121,0,-0.675743,-2.686118,1.334632
z_gcs_1m_adj_sum_bs,19.175,ois1m,10,-0.527939,0.978198,-2.136933,1.081054,-2.288697,1.037178,0,-1.027189,-3.069823,1.015445
z_gcs_1m_adj_sum_bs,19.175,ois1m,11,-0.271587,0.977213,-1.878960,1.335785,-1.981710,1.340814,0,-0.807072,-2.817129,1.202985
z_gcs_1m_adj_sum_bs,19.175,ois1m,12,-0.356927,0.939565,-1.902373,1.188520,-2.001164,1.193355,0,-0.899214,-2.811560,1.013132
z_gcs_1m_adj_sum_bs,19.175,ois1m,13,-0.114844,0.813514,-1.452956,1.223268,-1.497818,1.268130,0,-0.603747,-2.424202,1.216708
z_gcs_1m_adj_sum_bs,19.175,ois1m,14,0.262217,0.779283,-1.019590,1.544023,-0.984636,1.664926,0,-0.273810,-1.989949,1.442328
z_gcs_1m_adj_sum_bs,19.175,ois1m,15,0.379595,0.743151,-0.842781,1.601970,-0.846605,1.717267,0,-0.129488,-1.795740,1.536765
z_gcs_1m_adj_sum_bs,19.175,ois1m,16,0.802115,0.706991,-0.360782,1.965012,-0.329070,2.074699,0,0.311251,-1.267991,1.890493
z_gcs_1m_adj_sum_bs,19.175,ois1m,17,1.189099,0.805941,-0.136555,2.514753,-0.060109,2.680089,0,0.597820,-0.911786,2.107427
z_gcs_1m_adj_sum_bs,19.175,ois1m,18,1.085204,0.814312,-0.254219,2.424628,-0.217694,2.591681,0,0.368319,-1.160948,1.897587
z_gcs_1m_adj_sum_bs,19.175,ois1m,19,1.132676,0.839486,-0.248156,2.513509,-0.168528,2.727701,0,0.293591,-1.256231,1.843412
z_gcs_1m_adj_sum_bs,19.175,ois1m,20,0.970759,0.834961,-0.402630,2.344147,-0.323431,2.515436,0,0.042951,-1.524577,1.610478
z_gcs_1m_adj_sum_bs,19.175,ois1m,21,0.759769,0.846895,-0.633249,2.152787,-0.595263,2.326524,0,-0.139640,-1.715919,1.436639
z_gcs_1m_adj_sum_bs,19.175,ois1m,22,0.781510,0.785087,-0.509844,2.072863,-0.474630,2.194667,0,-0.137173,-1.655671,1.381325
z_gcs_1m_adj_sum_bs,19.175,ois1m,23,0.692184,0.748053,-0.538254,1.922621,-0.579506,2.001276,0,-0.302295,-1.801975,1.197384
z_gcs_1m_adj_sum_bs,19.175,ois1m,24,0.689952,0.753333,-0.549170,1.929074,-0.628380,1.970618,0,-0.270929,-1.742028,1.200169
z_gcs_1m_adj_sum_bs,19.175,ois1m,25,0.814897,0.712480,-0.357029,1.986823,-0.431944,1.990490,0,-0.131912,-1.576022,1.312197
z_gcs_1m_adj_sum_bs,19.175,ois1m,26,0.407638,0.695823,-0.736890,1.552166,-0.879635,1.520956,0,-0.497743,-1.959752,0.964267
z_gcs_1m_adj_sum_bs,19.175,ois1m,27,0.017694,0.683952,-1.107307,1.142695,-1.247617,1.112017,0,-0.815152,-2.277084,0.646780
z_gcs_1m_adj_sum_bs,19.175,ois1m,28,0.074811,0.732061,-1.129321,1.278944,-1.242898,1.282712,0,-0.707206,-2.126333,0.711922
z_gcs_1m_adj_sum_bs,19.175,ois1m,29,0.004620,0.706352,-1.157225,1.166466,-1.302131,1.134784,0,-0.784208,-2.144806,0.576389
z_gcs_1m_adj_sum_bs,19.175,ois1m,30,-0.051986,0.766959,-1.313522,1.209550,-1.470861,1.175149,0,-0.845344,-2.182663,0.491975
z_gcs_1m_adj_sum_bs,19.175,ois1m,31,0.187924,0.782309,-1.098861,1.474708,-1.220233,1.439619,0,-0.505813,-1.852684,0.841059
z_gcs_1m_adj_sum_bs,19.175,ois1m,32,0.217711,0.734554,-0.990522,1.425945,-1.104486,1.429725,0,-0.475391,-1.868665,0.917884
z_gcs_1m_adj_sum_bs,19.175,ois1m,33,0.518414,0.704378,-0.640185,1.677013,-0.679028,1.715857,0,-0.212447,-1.620267,1.195372
z_gcs_1m_adj_sum_bs,19.175,ois1m,34,0.513869,0.664269,-0.578757,1.606494,-0.681816,1.609913,0,-0.167430,-1.629551,1.294691
z_gcs_1m_adj_sum_bs,19.175,ois1m,35,0.430794,0.615129,-0.581003,1.442590,-0.676438,1.445756,0,-0.150212,-1.561099,1.260676
z_gcs_1m_adj_sum_bs,19.175,ois1m,36,0.529108,0.641702,-0.526397,1.584613,-0.625955,1.587915,0,0.013297,-1.383533,1.410127
z_gcs_1m_adj_sum_bs,19.175,ois1m,37,0.623941,0.654677,-0.452907,1.700790,-0.619946,1.638691,0,0.300388,-1.150071,1.750846
z_gcs_1m_adj_sum_bs,19.175,ois1m,38,0.354832,0.596717,-0.626680,1.336345,-0.808767,1.279745,0,0.140440,-1.273730,1.554610
z_gcs_1m_adj_sum_bs,19.175,ois1m,39,0.383572,0.574296,-0.561060,1.328204,-0.707590,1.273730,0,0.219827,-1.191656,1.631311
z_gcs_1m_adj_sum_bs,19.175,ois1m,40,0.396875,0.622285,-0.626693,1.420444,-0.816581,1.330303,0,0.437559,-1.059353,1.934471
z_gcs_1m_adj_sum_bs,19.175,ois1m,41,0.217306,0.510224,-0.621939,1.056550,-0.726609,1.033664,0,0.259780,-1.184053,1.703612
z_gcs_1m_adj_sum_bs,19.175,ois1m,42,0.428961,0.497892,-0.389999,1.247920,-0.442350,1.275377,0,0.385660,-1.089340,1.860660
z_gcs_1m_adj_sum_bs,19.175,ois1m,43,0.164541,0.405184,-0.501927,0.831009,-0.605308,0.812835,0,0.217716,-1.242315,1.677747
z_gcs_1m_adj_sum_bs,19.175,ois1m,44,0.103639,0.360756,-0.489752,0.697030,-0.509647,0.734962,0,0.161260,-1.296502,1.619023
z_gcs_1m_adj_sum_bs,19.175,ois1m,45,0.065680,0.361225,-0.528483,0.659843,-0.602587,0.661702,0,0.159394,-1.300763,1.619551
z_gcs_1m_adj_sum_bs,19.175,ois1m,46,-0.137053,0.378352,-0.759388,0.485281,-0.893758,0.449393,0,0.075997,-1.410995,1.562990
z_gcs_1m_adj_sum_bs,19.175,ois1m,47,-0.209669,0.431890,-0.920064,0.500726,-1.095043,0.438165,0,0.094118,-1.440029,1.628265
z_gcs_1m_adj_sum_bs,19.175,ois1m,48,-0.203190,0.525390,-1.067380,0.661000,-1.332779,0.532356,0,0.129838,-1.425761,1.685437
z_gcs_1m_adj_sum_bs,19.175,ip,0,3.985556,2.117077,0.503275,7.467838,1.021649,8.537271,0,3.543965,0.184588,6.903343
z_gcs_1m_adj_sum_bs,19.175,ip,1,1.541719,2.047944,-1.826850,4.910288,-2.144581,4.818430,0,1.952315,-1.377803,5.282433
z_gcs_1m_adj_sum_bs,19.175,ip,2,3.567660,2.319591,-0.247727,7.383047,-0.375644,7.510964,0,3.300122,-1.060944,7.661189
z_gcs_1m_adj_sum_bs,19.175,ip,3,1.626853,2.949593,-3.224796,6.478503,-3.387456,6.641162,0,0.902181,-4.711945,6.516306
z_gcs_1m_adj_sum_bs,19.175,ip,4,1.952653,3.017703,-3.011027,6.916333,-3.479213,6.780978,0,0.510739,-6.038245,7.059723
z_gcs_1m_adj_sum_bs,19.175,ip,5,1.716944,2.911330,-3.071768,6.505655,-3.377884,6.520638,0,-0.527453,-7.483653,6.428746
z_gcs_1m_adj_sum_bs,19.175,ip,6,-0.851540,3.125276,-5.992161,4.289081,-6.633300,3.992638,0,-2.638223,-11.209844,5.933399
z_gcs_1m_adj_sum_bs,19.175,ip,7,-3.501139,4.125426,-10.286862,3.284583,-10.926907,3.099543,0,-5.601704,-15.504426,4.301017
z_gcs_1m_adj_sum_bs,19.175,ip,8,-3.518755,4.478532,-10.885284,3.847774,-11.356185,3.870823,0,-5.438049,-15.048317,4.172220
z_gcs_1m_adj_sum_bs,19.175,ip,9,-6.114746,4.639642,-13.746279,1.516786,-14.466103,1.308681,0,-8.311596,-18.330207,1.707015
z_gcs_1m_adj_sum_bs,19.175,ip,10,-7.110952,5.746230,-16.562659,2.340756,-17.741478,1.795705,0,-9.348705,-19.794269,1.096858
z_gcs_1m_adj_sum_bs,19.175,ip,11,-4.406704,5.199817,-12.959641,4.146234,-13.246392,4.692975,0,-6.147450,-15.264782,2.969882
z_gcs_1m_adj_sum_bs,19.175,ip,12,-4.261245,4.484267,-11.637208,3.114717,-11.884499,3.362008,0,-6.955571,-15.736845,1.825703
z_gcs_1m_adj_sum_bs,19.175,ip,13,-1.790734,4.375868,-8.988397,5.406929,-8.792123,6.085829,0,-5.193811,-13.117842,2.730219
z_gcs_1m_adj_sum_bs,19.175,ip,14,2.712614,3.795514,-3.530451,8.955680,-2.790882,10.303643,0,0.653000,-6.465905,7.771906
z_gcs_1m_adj_sum_bs,19.175,ip,15,3.311864,3.185744,-1.928219,8.551946,-1.148178,9.842639,0,1.393708,-5.417534,8.204950
z_gcs_1m_adj_sum_bs,19.175,ip,16,1.680718,3.532945,-4.130459,7.491895,-3.618699,8.569960,0,-0.282775,-7.260683,6.695132
z_gcs_1m_adj_sum_bs,19.175,ip,17,5.802433,3.874882,-0.571181,12.176046,-0.203634,13.164708,0,3.638558,-3.162002,10.439119
z_gcs_1m_adj_sum_bs,19.175,ip,18,7.402690,4.580026,-0.130783,14.936162,0.532650,16.562742,0,4.488642,-2.183235,11.160519
z_gcs_1m_adj_sum_bs,19.175,ip,19,6.315902,4.792480,-1.567025,14.198830,-1.352065,15.181989,0,3.337447,-3.874492,10.549386
z_gcs_1m_adj_sum_bs,19.175,ip,20,7.670668,5.291430,-1.032960,16.374297,-0.266478,17.988957,0,3.872491,-3.343431,11.088414
z_gcs_1m_adj_sum_bs,19.175,ip,21,3.233345,4.418965,-4.035205,10.501896,-3.836999,11.408430,0,-0.136542,-7.560334,7.287250
z_gcs_1m_adj_sum_bs,19.175,ip,22,5.166192,3.833918,-1.140042,11.472426,-0.776381,12.450636,0,1.472629,-6.072530,9.017789
z_gcs_1m_adj_sum_bs,19.175,ip,23,7.823727,4.175175,0.956175,14.691279,1.560964,15.965319,0,3.298646,-4.895039,11.492330
z_gcs_1m_adj_sum_bs,19.175,ip,24,2.325949,3.189012,-2.919509,7.571406,-2.935921,7.906719,0,-1.760191,-9.285509,5.765127
z_gcs_1m_adj_sum_bs,19.175,ip,25,2.756511,3.409495,-2.851609,8.364630,-2.869156,8.723126,0,-1.116986,-9.294987,7.061014
z_gcs_1m_adj_sum_bs,19.175,ip,26,2.561656,3.661045,-3.460227,8.583539,-4.028225,8.419328,0,-1.445763,-9.938921,7.047395
z_gcs_1m_adj_sum_bs,19.175,ip,27,2.765543,3.448133,-2.906131,8.437217,-3.441096,8.282556,0,0.025704,-8.314026,8.365433
z_gcs_1m_adj_sum_bs,19.175,ip,28,2.281885,3.578962,-3.604984,8.168754,-3.981299,8.366120,0,-0.496203,-9.370349,8.377943
z_gcs_1m_adj_sum_bs,19.175,ip,29,0.846255,3.717767,-5.268927,6.961438,-6.031613,6.794682,0,-1.865167,-10.959776,7.229442
z_gcs_1m_adj_sum_bs,19.175,ip,30,1.902139,3.329122,-3.573779,7.378058,-4.256737,7.062278,0,-0.217141,-9.740223,9.305940
z_gcs_1m_adj_sum_bs,19.175,ip,31,2.803767,3.110808,-2.313056,7.920591,-2.640146,8.092141,0,0.593227,-9.186905,10.373359
z_gcs_1m_adj_sum_bs,19.175,ip,32,1.699281,4.329204,-5.421626,8.820188,-6.093287,8.842468,0,0.080305,-10.358491,10.519102
z_gcs_1m_adj_sum_bs,19.175,ip,33,-0.967953,3.803698,-7.224479,5.288573,-8.575348,4.547409,0,-2.505281,-12.754194,7.743632
z_gcs_1m_adj_sum_bs,19.175,ip,34,2.980743,3.977035,-3.560898,9.522384,-4.973327,8.946296,0,1.938025,-8.905922,12.781972
z_gcs_1m_adj_sum_bs,19.175,ip,35,-0.099050,4.455649,-7.427940,7.229840,-9.678695,6.138858,0,-0.271833,-11.060984,10.517317
z_gcs_1m_adj_sum_bs,19.175,ip,36,-0.370519,3.613994,-6.315010,5.573972,-7.959906,4.689073,0,-0.271203,-10.667466,10.125060
z_gcs_1m_adj_sum_bs,19.175,ip,37,2.324495,3.366951,-3.213647,7.862636,-4.746103,7.038226,0,2.544046,-8.245414,13.333505
z_gcs_1m_adj_sum_bs,19.175,ip,38,-2.053963,4.556920,-9.549429,5.441503,-12.079187,4.097879,0,-1.185994,-11.707103,9.335115
z_gcs_1m_adj_sum_bs,19.175,ip,39,-0.094912,3.739426,-6.245721,6.055897,-8.134679,5.140285,0,1.086555,-9.329213,11.502323
z_gcs_1m_adj_sum_bs,19.175,ip,40,-0.043481,3.899991,-6.458395,6.371433,-8.233462,5.416506,0,1.986681,-8.407905,12.381267
z_gcs_1m_adj_sum_bs,19.175,ip,41,-0.390060,3.724686,-6.516622,5.736503,-8.584368,4.638266,0,2.951913,-7.922283,13.826109
z_gcs_1m_adj_sum_bs,19.175,ip,42,-2.169418,3.675279,-8.214714,3.875878,-10.255032,2.792208,0,0.508276,-10.201893,11.218445
z_gcs_1m_adj_sum_bs,19.175,ip,43,-1.045550,3.662387,-7.069640,4.978541,-8.919682,4.081792,0,1.383056,-9.925824,12.691935
z_gcs_1m_adj_sum_bs,19.175,ip,44,0.094846,3.917174,-6.348332,6.538023,-7.935360,5.970606,0,3.300440,-8.038568,14.639447
z_gcs_1m_adj_sum_bs,19.175,ip,45,-0.348361,3.551288,-6.189711,5.492989,-7.273373,5.156136,0,3.529659,-7.782739,14.842058
z_gcs_1m_adj_sum_bs,19.175,ip,46,1.852175,3.110028,-3.263365,6.967716,-3.279370,7.605727,0,4.084681,-7.336041,15.505404
z_gcs_1m_adj_sum_bs,19.175,ip,47,-0.922792,3.736240,-7.068359,5.222776,-8.395271,4.681568,0,2.930164,-8.352438,14.212767
z_gcs_1m_adj_sum_bs,19.175,ip,48,-0.179502,3.737952,-6.327885,5.968882,-7.468508,5.614323,0,4.506954,-6.755447,15.769354
z_gcs_1m_adj_sum_bs,19.175,hicp_sa,0,-0.264306,0.222719,-0.630646,0.102035,-0.732016,0.058637,0,-0.239454,-0.624635,0.145726
z_gcs_1m_adj_sum_bs,19.175,hicp_sa,1,0.176594,0.404323,-0.488457,0.841646,-0.571403,0.823511,0,0.208109,-0.433085,0.849303
z_gcs_1m_adj_sum_bs,19.175,hicp_sa,2,0.091335,0.514139,-0.754349,0.937019,-0.808409,0.939665,0,0.040055,-0.831441,0.911551
z_gcs_1m_adj_sum_bs,19.175,hicp_sa,3,0.454839,0.626222,-0.575205,1.484883,-0.578428,1.550728,0,0.346052,-0.730530,1.422633
z_gcs_1m_adj_sum_bs,19.175,hicp_sa,4,0.412680,0.638985,-0.638357,1.463717,-0.609696,1.562854,0,0.300127,-0.944403,1.544658
z_gcs_1m_adj_sum_bs,19.175,hicp_sa,5,0.188998,0.743474,-1.033908,1.411904,-1.074907,1.452904,0,0.079965,-1.349935,1.509864
z_gcs_1m_adj_sum_bs,19.175,hicp_sa,6,-0.547265,0.832874,-1.917221,0.822691,-2.088082,0.785333,0,-0.643129,-2.448284,1.162027
z_gcs_1m_adj_sum_bs,19.175,hicp_sa,7,-0.979744,0.983105,-2.596809,0.637320,-2.798489,0.544069,0,-0.993065,-3.052585,1.066455
z_gcs_1m_adj_sum_bs,19.175,hicp_sa,8,-2.107337,1.186451,-4.058876,-0.155799,-4.361595,-0.268338,0,-2.237537,-4.551247,0.076173
z_gcs_1m_adj_sum_bs,19.175,hicp_sa,9,-2.276255,1.405397,-4.587928,0.035418,-4.876240,-0.097889,0,-2.494318,-5.004129,0.015493
z_gcs_1m_adj_sum_bs,19.175,hicp_sa,10,-2.017993,1.506192,-4.495459,0.459472,-4.729139,0.391914,0,-2.274300,-4.785362,0.236762
z_gcs_1m_adj_sum_bs,19.175,hicp_sa,11,-2.187024,1.602100,-4.822245,0.448196,-5.070805,0.376336,0,-2.332135,-5.027513,0.363243
z_gcs_1m_adj_sum_bs,19.175,hicp_sa,12,-2.033440,1.599319,-4.664085,0.597205,-4.832247,0.605436,0,-1.984713,-4.763739,0.794314
z_gcs_1m_adj_sum_bs,19.175,hicp_sa,13,-1.699870,1.717596,-4.525065,1.125325,-4.619784,1.220044,0,-1.744435,-4.675929,1.187058
z_gcs_1m_adj_sum_bs,19.175,hicp_sa,14,-1.571548,1.594464,-4.194208,1.051113,-4.202414,1.218765,0,-1.550124,-4.509818,1.409570
z_gcs_1m_adj_sum_bs,19.175,hicp_sa,15,-1.064855,1.539919,-3.597797,1.468086,-3.528726,1.783995,0,-1.016399,-4.016966,1.984167
z_gcs_1m_adj_sum_bs,19.175,hicp_sa,16,-0.597615,1.563406,-3.169189,1.973959,-3.020894,2.372857,0,-0.588776,-3.619277,2.441725
z_gcs_1m_adj_sum_bs,19.175,hicp_sa,17,-0.455004,1.708551,-3.265321,2.355313,-3.017831,2.876671,0,-0.619317,-3.769588,2.530953
z_gcs_1m_adj_sum_bs,19.175,hicp_sa,18,-0.554905,1.703495,-3.356905,2.247095,-3.024973,2.852086,0,-0.719072,-4.005707,2.567562
z_gcs_1m_adj_sum_bs,19.175,hicp_sa,19,-0.680892,1.821883,-3.677623,2.315839,-3.322622,2.962874,0,-0.924582,-4.322811,2.473646
z_gcs_1m_adj_sum_bs,19.175,hicp_sa,20,-1.387478,1.836413,-4.408108,1.633152,-4.142097,2.193526,0,-1.694173,-5.315637,1.927292
z_gcs_1m_adj_sum_bs,19.175,hicp_sa,21,-1.318420,1.836101,-4.338537,1.701696,-4.072571,2.261976,0,-1.648032,-5.243918,1.947854
z_gcs_1m_adj_sum_bs,19.175,hicp_sa,22,-1.219467,1.784338,-4.154441,1.715508,-3.985190,2.170775,0,-1.571651,-5.215989,2.072688
z_gcs_1m_adj_sum_bs,19.175,hicp_sa,23,-0.867189,1.874101,-3.949810,2.215432,-3.772045,2.693602,0,-1.290363,-4.950947,2.370222
z_gcs_1m_adj_sum_bs,19.175,hicp_sa,24,-1.287384,1.949033,-4.493258,1.918490,-4.308385,2.415779,0,-1.730499,-5.558327,2.097330
z_gcs_1m_adj_sum_bs,19.175,hicp_sa,25,-1.946490,1.940338,-5.138062,1.245082,-4.954013,1.740152,0,-2.366791,-6.254272,1.520689
z_gcs_1m_adj_sum_bs,19.175,hicp_sa,26,-2.374845,1.864165,-5.441124,0.691433,-5.264301,1.167068,0,-2.846345,-6.839628,1.146938
z_gcs_1m_adj_sum_bs,19.175,hicp_sa,27,-2.282341,1.903961,-5.414078,0.849397,-5.233480,1.430383,0,-2.730178,-6.788296,1.327940
z_gcs_1m_adj_sum_bs,19.175,hicp_sa,28,-2.011463,1.987416,-5.280470,1.257545,-4.992586,1.863998,0,-2.587319,-6.661985,1.487347
z_gcs_1m_adj_sum_bs,19.175,hicp_sa,29,-1.182426,2.145978,-4.712245,2.347393,-4.294094,3.109529,0,-1.884615,-5.920095,2.150865
z_gcs_1m_adj_sum_bs,19.175,hicp_sa,30,-0.849760,2.075122,-4.263032,2.563512,-3.858687,3.404240,0,-1.618720,-5.585191,2.347750
z_gcs_1m_adj_sum_bs,19.175,hicp_sa,31,-1.230337,2.211851,-4.868508,2.407834,-4.437521,3.303957,0,-2.049275,-5.972703,1.874153
z_gcs_1m_adj_sum_bs,19.175,hicp_sa,32,-1.426195,2.152217,-4.966276,2.113887,-4.546909,2.985850,0,-2.331567,-6.265662,1.602528
z_gcs_1m_adj_sum_bs,19.175,hicp_sa,33,-1.215399,2.124208,-4.709410,2.278612,-4.189290,3.245437,0,-2.192527,-6.046435,1.661380
z_gcs_1m_adj_sum_bs,19.175,hicp_sa,34,-1.047230,2.156346,-4.594104,2.499644,-4.173932,3.481097,0,-2.006599,-5.813852,1.800655
z_gcs_1m_adj_sum_bs,19.175,hicp_sa,35,-0.765471,2.031254,-4.106587,2.575645,-3.609227,3.500163,0,-1.733410,-5.490709,2.023889
z_gcs_1m_adj_sum_bs,19.175,hicp_sa,36,-1.063905,1.860458,-4.124086,1.996276,-3.668546,2.843056,0,-1.913148,-5.657962,1.831666
z_gcs_1m_adj_sum_bs,19.175,hicp_sa,37,-0.932069,1.924635,-4.097811,2.233673,-3.626557,3.109664,0,-1.806858,-5.653466,2.039751
z_gcs_1m_adj_sum_bs,19.175,hicp_sa,38,-0.829929,1.986993,-4.098241,2.438383,-3.611719,3.442105,0,-1.778260,-5.595291,2.038772
z_gcs_1m_adj_sum_bs,19.175,hicp_sa,39,-1.006143,2.096301,-4.454251,2.441965,-3.940964,3.500904,0,-2.186999,-6.033142,1.659144
z_gcs_1m_adj_sum_bs,19.175,hicp_sa,40,-0.765499,2.265147,-4.491334,2.960337,-3.936705,4.104568,0,-2.059513,-5.926391,1.807365
z_gcs_1m_adj_sum_bs,19.175,hicp_sa,41,-0.872725,2.145391,-4.401578,2.656129,-3.876272,3.739866,0,-2.322616,-6.168566,1.523334
z_gcs_1m_adj_sum_bs,19.175,hicp_sa,42,-1.221924,2.218538,-4.871094,2.427247,-4.327877,3.437007,0,-2.819901,-6.736745,1.096943
z_gcs_1m_adj_sum_bs,19.175,hicp_sa,43,-1.100499,2.267831,-4.830749,2.629751,-4.275462,3.775337,0,-2.759500,-6.675097,1.156096
z_gcs_1m_adj_sum_bs,19.175,hicp_sa,44,-0.650634,2.181900,-4.239541,2.938273,-3.596199,4.149547,0,-2.288569,-6.037645,1.460507
z_gcs_1m_adj_sum_bs,19.175,hicp_sa,45,-0.414148,1.939123,-3.603722,2.775426,-3.031965,3.948879,0,-1.755091,-5.331982,1.821800
z_gcs_1m_adj_sum_bs,19.175,hicp_sa,46,-0.390236,1.906082,-3.525461,2.744990,-3.058750,3.803144,0,-1.614645,-5.112778,1.883488
z_gcs_1m_adj_sum_bs,19.175,hicp_sa,47,-0.387558,2.018323,-3.707404,2.932287,-3.213210,4.052751,0,-1.497672,-4.810711,1.815366
z_gcs_1m_adj_sum_bs,19.175,hicp_sa,48,-0.600262,1.867388,-3.671842,2.471318,-3.214606,3.414622,0,-1.745139,-4.933935,1.443658
z_gcs_1m_adj_sum_bs,19.175,stoxx,0,5.759910,8.557467,-8.315871,19.835691,-7.076291,22.874844,0,5.010553,-10.294080,20.315185
z_gcs_1m_adj_sum_bs,19.175,stoxx,1,11.356504,11.522521,-7.596356,30.309365,-6.503403,33.249294,0,11.294634,-9.666679,32.255946
z_gcs_1m_adj_sum_bs,19.175,stoxx,2,31.999787,14.044670,8.898361,55.101212,12.337249,60.089126,0,28.439987,2.435652,54.444322
z_gcs_1m_adj_sum_bs,19.175,stoxx,3,30.189731,13.094022,8.651982,51.727479,9.239296,53.758969,0,28.063113,1.537418,54.588808
z_gcs_1m_adj_sum_bs,19.175,stoxx,4,32.706228,15.494964,7.219281,58.193175,4.815294,57.498170,0,29.822965,1.357610,58.288319
z_gcs_1m_adj_sum_bs,19.175,stoxx,5,22.516045,21.380058,-12.651021,57.683111,-13.830054,58.862144,0,17.645495,-16.359423,51.650413
z_gcs_1m_adj_sum_bs,19.175,stoxx,6,16.730244,28.532616,-30.201733,63.662221,-31.775204,65.235691,0,9.573020,-31.095091,50.241130
z_gcs_1m_adj_sum_bs,19.175,stoxx,7,21.786983,23.480339,-16.834737,60.408704,-16.955576,62.877577,0,10.641461,-27.974809,49.257730
z_gcs_1m_adj_sum_bs,19.175,stoxx,8,3.472113,20.125152,-29.630817,36.575043,-31.746903,36.678614,0,-10.840024,-50.453285,28.773237
z_gcs_1m_adj_sum_bs,19.175,stoxx,9,4.246863,21.359584,-30.886526,39.380251,-32.064429,40.558155,0,-8.636992,-49.554988,32.281003
z_gcs_1m_adj_sum_bs,19.175,stoxx,10,7.255187,21.230348,-27.665629,42.176002,-26.713371,45.469814,0,-7.552020,-48.632020,33.527981
z_gcs_1m_adj_sum_bs,19.175,stoxx,11,24.183993,20.581041,-9.668807,58.036792,-8.745672,61.229866,0,10.727661,-30.936410,52.391732
z_gcs_1m_adj_sum_bs,19.175,stoxx,12,37.477371,16.117237,10.966876,63.987866,12.495655,67.294259,0,24.794206,-13.995021,63.583432
z_gcs_1m_adj_sum_bs,19.175,stoxx,13,37.860313,15.624048,12.161041,63.559584,13.643039,67.546003,0,23.513111,-12.811344,59.837566
z_gcs_1m_adj_sum_bs,19.175,stoxx,14,49.995611,20.569439,16.161896,83.829327,18.112981,89.077544,0,34.872066,-2.693742,72.437874
z_gcs_1m_adj_sum_bs,19.175,stoxx,15,60.438644,24.247648,20.554812,100.322477,24.067171,107.721559,0,44.521946,6.484391,82.559501
z_gcs_1m_adj_sum_bs,19.175,stoxx,16,54.459374,23.784322,15.337646,93.581101,17.593675,98.460369,0,41.257100,7.335825,75.178375
z_gcs_1m_adj_sum_bs,19.175,stoxx,17,46.311766,21.771748,10.500428,82.123105,11.476970,86.589500,0,32.893636,1.290669,64.496604
z_gcs_1m_adj_sum_bs,19.175,stoxx,18,24.444759,23.006868,-13.398170,62.287689,-13.516572,65.857121,0,8.791531,-22.980183,40.563244
z_gcs_1m_adj_sum_bs,19.175,stoxx,19,35.900477,22.092267,-0.438069,72.239023,0.552849,75.666558,0,24.253492,-9.295504,57.802488
z_gcs_1m_adj_sum_bs,19.175,stoxx,20,44.280480,18.631592,13.634237,74.926722,15.401512,79.680506,0,32.366506,0.091441,64.641571
z_gcs_1m_adj_sum_bs,19.175,stoxx,21,31.608073,15.411399,6.258577,56.957569,6.179264,58.578021,0,20.643999,-9.189356,50.477354
z_gcs_1m_adj_sum_bs,19.175,stoxx,22,27.352867,14.438038,3.604408,51.101327,2.808202,52.619435,0,17.834354,-14.891158,50.559865
z_gcs_1m_adj_sum_bs,19.175,stoxx,23,0.602641,15.740067,-25.287466,26.492747,-26.942476,26.573751,0,-11.707894,-44.757581,21.341793
z_gcs_1m_adj_sum_bs,19.175,stoxx,24,1.414662,14.089743,-21.760904,24.590227,-24.651363,23.958251,0,-8.126185,-40.273493,24.021122
z_gcs_1m_adj_sum_bs,19.175,stoxx,25,1.693969,13.139273,-19.918212,23.306151,-23.270650,22.059843,0,-8.460549,-39.136335,22.215237
z_gcs_1m_adj_sum_bs,19.175,stoxx,26,-6.565187,12.717771,-27.484059,14.353685,-32.000729,11.875581,0,-16.892169,-46.175282,12.390945
z_gcs_1m_adj_sum_bs,19.175,stoxx,27,-13.251900,17.172131,-41.497541,14.993742,-47.596161,11.647690,0,-18.265130,-46.934089,10.403829
z_gcs_1m_adj_sum_bs,19.175,stoxx,28,-8.963357,17.213906,-37.277713,19.350998,-45.112560,15.136111,0,-12.914346,-43.917911,18.089219
z_gcs_1m_adj_sum_bs,19.175,stoxx,29,1.861030,13.500128,-20.344704,24.066764,-25.814231,20.761209,0,-0.655774,-33.689640,32.378092
z_gcs_1m_adj_sum_bs,19.175,stoxx,30,-8.969937,17.228982,-37.309091,19.369216,-46.012249,14.289188,0,-8.809711,-43.983240,26.363817
z_gcs_1m_adj_sum_bs,19.175,stoxx,31,-14.696919,18.017583,-44.333207,14.939368,-53.434724,10.527697,0,-11.149974,-47.248826,24.948878
z_gcs_1m_adj_sum_bs,19.175,stoxx,32,-8.356920,15.077275,-33.156829,16.442990,-38.511469,13.505129,0,-4.723500,-42.430268,32.983269
z_gcs_1m_adj_sum_bs,19.175,stoxx,33,-1.746260,14.983119,-26.391297,22.898778,-32.461653,19.979262,0,-0.275132,-37.221779,36.671516
z_gcs_1m_adj_sum_bs,19.175,stoxx,34,11.648937,15.428200,-13.728194,37.026069,-19.978873,34.019828,0,14.353685,-24.363933,53.071304
z_gcs_1m_adj_sum_bs,19.175,stoxx,35,0.555496,16.105221,-25.935236,27.046227,-34.875991,22.297545,0,7.396156,-28.558309,43.350621
z_gcs_1m_adj_sum_bs,19.175,stoxx,36,-2.961209,14.064697,-26.095576,20.173159,-33.200307,16.026132,0,3.665402,-29.314556,36.645360
z_gcs_1m_adj_sum_bs,19.175,stoxx,37,-9.018728,11.696724,-28.258127,10.220672,-34.166685,7.356686,0,-3.673312,-37.178614,29.831989
z_gcs_1m_adj_sum_bs,19.175,stoxx,38,-12.690793,10.478041,-29.925637,4.544051,-35.218582,1.978465,0,-4.907393,-37.787398,27.972612
z_gcs_1m_adj_sum_bs,19.175,stoxx,39,-12.931748,9.365291,-28.336281,2.472785,-32.598859,0.647924,0,-4.671948,-38.130747,28.786850
z_gcs_1m_adj_sum_bs,19.175,stoxx,40,-31.250979,10.607491,-48.698749,-13.803210,-54.057084,-16.400493,0,-17.546230,-50.988644,15.896184
z_gcs_1m_adj_sum_bs,19.175,stoxx,41,-27.516062,10.241271,-44.361453,-10.670671,-48.510667,-12.154157,0,-14.722026,-49.540401,20.096350
z_gcs_1m_adj_sum_bs,19.175,stoxx,42,-19.229301,10.885801,-37.134849,-1.323752,-41.000902,-2.900600,0,-7.250034,-42.803595,28.303527
z_gcs_1m_adj_sum_bs,19.175,stoxx,43,-26.435718,13.038396,-47.881971,-4.989466,-54.468269,-8.181964,0,-11.921535,-49.167334,25.324264
z_gcs_1m_adj_sum_bs,19.175,stoxx,44,-26.983888,13.885213,-49.823030,-4.144745,-56.142834,-7.544590,0,-14.110328,-51.353739,23.133084
z_gcs_1m_adj_sum_bs,19.175,stoxx,45,-19.718616,14.250710,-43.158948,3.721716,-43.944823,5.220127,0,-4.997518,-40.895094,30.900059
z_gcs_1m_adj_sum_bs,19.175,stoxx,46,-15.354748,12.741677,-36.312942,5.603446,-37.015599,6.943187,0,2.051084,-32.766479,36.868647
z_gcs_1m_adj_sum_bs,19.175,stoxx,47,-20.432871,12.236709,-40.560466,-0.305276,-41.847112,0.369534,0,-0.534409,-35.821303,34.752484
z_gcs_1m_adj_sum_bs,19.175,stoxx,48,-24.124610,15.579787,-49.751079,1.501860,-52.168227,1.582040,0,-5.765492,-40.675038,29.144055
z_gc_path1y_sum,9.282,ois1m,0,1.000000,0.000000,1.000000,1.000000,1.000000,1.000000,0,1.000000,1.000000,1.000000
z_gc_path1y_sum,9.282,ois1m,1,1.294713,0.316041,0.774872,1.814554,0.804850,2.037409,0,1.217087,0.679268,1.754905
z_gc_path1y_sum,9.282,ois1m,2,1.506683,0.629320,0.471545,2.541822,0.625636,3.142914,0,1.405550,0.479293,2.331807
z_gc_path1y_sum,9.282,ois1m,3,3.585380,1.084555,1.801446,5.369313,2.283914,6.839043,0,3.479922,1.629637,5.330207
z_gc_path1y_sum,9.282,ois1m,4,3.328202,1.094936,1.527192,5.129212,1.959531,6.503517,0,3.256448,0.697780,5.815117
z_gc_path1y_sum,9.282,ois1m,5,2.582591,1.129213,0.725201,4.439980,0.945232,5.518544,0,2.469405,-0.604925,5.543735
z_gc_path1y_sum,9.282,ois1m,6,2.984325,1.293321,0.857002,5.111649,1.173676,6.411626,0,2.942314,-0.859083,6.743711
z_gc_path1y_sum,9.282,ois1m,7,2.292917,1.325407,0.112817,4.473018,-0.026545,5.142543,0,2.259094,-1.924549,6.442737
z_gc_path1y_sum,9.282,ois1m,8,1.467116,1.416838,-0.863375,3.797608,-1.224876,4.300793,0,1.493359,-2.755267,5.741986
z_gc_path1y_sum,9.282,ois1m,9,1.164632,1.421129,-1.172918,3.502182,-1.606570,3.935834,0,1.245273,-2.824749,5.315295
z_gc_path1y_sum,9.282,ois1m,10,0.725299,1.419778,-1.610028,3.060626,-2.256235,3.280900,0,0.821225,-2.740333,4.382784
z_gc_path1y_sum,9.282,ois1m,11,1.451133,1.333497,-0.742275,3.644540,-0.949162,4.318151,0,1.561159,-1.981407,5.103724
z_gc_path1y_sum,9.282,ois1m,12,1.152212,1.329814,-1.035138,3.339562,-1.374436,3.878331,0,1.281397,-2.201223,4.764017
z_gc_path1y_sum,9.282,ois1m,13,0.968136,1.289830,-1.153445,3.089717,-1.547032,3.547796,0,1.053690,-2.309571,4.416951
z_gc_path1y_sum,9.282,ois1m,14,1.251118,1.296406,-0.881280,3.383517,-1.147233,4.038392,0,1.351957,-1.975391,4.679304
z_gc_path1y_sum,9.282,ois1m,15,0.906470,1.303164,-1.237044,3.049984,-1.634699,3.577956,0,1.061174,-2.025355,4.147704
z_gc_path1y_sum,9.282,ois1m,16,1.147554,1.409185,-1.170348,3.465457,-1.107141,4.600057,0,1.228006,-1.843708,4.299721
z_gc_path1y_sum,9.282,ois1m,17,1.277480,1.460376,-1.124625,3.679584,-1.132140,4.855400,0,1.209671,-1.766068,4.185411
z_gc_path1y_sum,9.282,ois1m,18,0.886320,1.362562,-1.354895,3.127534,-1.906932,3.611443,0,0.840191,-2.076281,3.756664
z_gc_path1y_sum,9.282,ois1m,19,1.392758,1.528271,-1.121025,3.906541,-1.205304,4.984196,0,1.399720,-1.616232,4.415672
z_gc_path1y_sum,9.282,ois1m,20,1.325020,1.677237,-1.433789,4.083829,-1.945592,4.847218,0,1.238103,-1.822547,4.298752
z_gc_path1y_sum,9.282,ois1m,21,1.839440,1.740479,-1.023394,4.702274,-1.467471,5.581471,0,1.650248,-1.454835,4.755331
z_gc_path1y_sum,9.282,ois1m,22,2.288416,1.692378,-0.495299,5.072131,-0.419389,6.603981,0,2.058679,-1.071482,5.188839
z_gc_path1y_sum,9.282,ois1m,23,1.524132,1.472654,-0.898168,3.946431,-1.347543,4.690337,0,1.261162,-1.976447,4.498772
z_gc_path1y_sum,9.282,ois1m,24,1.645704,1.335018,-0.550205,3.841613,-0.690577,4.849747,0,1.252328,-2.112899,4.617556
z_gc_path1y_sum,9.282,ois1m,25,1.212122,1.154097,-0.686198,3.110443,-0.865252,3.866546,0,0.802429,-2.582708,4.187567
z_gc_path1y_sum,9.282,ois1m,26,0.024719,1.032349,-1.673345,1.722782,-2.762624,1.573243,0,-0.482105,-3.961602,2.997392
z_gc_path1y_sum,9.282,ois1m,27,-0.402371,1.247702,-2.454658,1.649916,-3.771167,1.531567,0,-0.967274,-4.748980,2.814431
z_gc_path1y_sum,9.282,ois1m,28,-0.512340,1.501370,-2.981874,1.957195,-3.890423,2.340264,0,-1.051525,-4.989730,2.886680
z_gc_path1y_sum,9.282,ois1m,29,-1.447828,1.845020,-4.482616,1.586960,-6.613884,1.319702,0,-2.030285,-5.862290,1.801721
z_gc_path1y_sum,9.282,ois1m,30,-2.031389,2.016540,-5.348301,1.285524,-8.585143,0.590113,0,-2.518640,-6.381420,1.344139
z_gc_path1y_sum,9.282,ois1m,31,-1.789430,1.997421,-5.074895,1.496036,-7.282338,1.206702,0,-2.244828,-6.261005,1.771350
z_gc_path1y_sum,9.282,ois1m,32,-2.788038,2.360914,-6.671395,1.095319,-10.461007,0.163104,0,-3.235615,-7.677189,1.205960
z_gc_path1y_sum,9.282,ois1m,33,-2.258367,1.926287,-5.426827,0.910094,-8.615113,0.149492,0,-2.591056,-7.164297,1.982184
z_gc_path1y_sum,9.282,ois1m,34,-1.415078,1.506526,-3.893092,1.062937,-5.558023,0.769385,0,-1.669400,-6.241098,2.902298
z_gc_path1y_sum,9.282,ois1m,35,-2.175550,1.793637,-5.125820,0.774721,-8.453280,-0.023185,0,-2.295813,-7.079740,2.488114
z_gc_path1y_sum,9.282,ois1m,36,-1.500385,1.441573,-3.871562,0.870792,-6.185498,0.301582,0,-1.507284,-6.289314,3.274747
z_gc_path1y_sum,9.282,ois1m,37,-0.679530,1.027324,-2.369327,1.010267,-3.401938,0.861456,0,-0.618784,-4.939107,3.701539
z_gc_path1y_sum,9.282,ois1m,38,-0.841757,1.112512,-2.671677,0.988162,-4.068042,0.715759,0,-0.850877,-5.068409,3.366655
z_gc_path1y_sum,9.282,ois1m,39,-1.232995,1.013052,-2.899316,0.433327,-4.170845,0.083972,0,-1.239009,-5.368238,2.890219
z_gc_path1y_sum,9.282,ois1m,40,-0.932590,0.853318,-2.336173,0.470994,-3.151216,0.304721,0,-0.888517,-5.027931,3.250897
z_gc_path1y_sum,9.282,ois1m,41,-1.653414,0.985443,-3.274324,-0.032504,-4.412655,-0.372338,0,-1.676670,-5.731305,2.377965
z_gc_path1y_sum,9.282,ois1m,42,-1.717360,1.034225,-3.418508,-0.016211,-4.768323,-0.424578,0,-1.784045,-5.577909,2.009819
z_gc_path1y_sum,9.282,ois1m,43,-1.366173,1.030758,-3.061619,0.329272,-4.509984,-0.129264,0,-1.380041,-4.993009,2.232927
z_gc_path1y_sum,9.282,ois1m,44,-1.543225,1.088758,-3.334072,0.247623,-4.863936,-0.236715,0,-1.564892,-5.070306,1.940522
z_gc_path1y_sum,9.282,ois1m,45,-0.536190,0.998617,-2.178769,1.106390,-3.182525,0.811944,0,-0.523831,-3.602314,2.554651
z_gc_path1y_sum,9.282,ois1m,46,0.179884,0.966395,-1.409694,1.769462,-1.897865,1.774436,0,0.183916,-2.788515,3.156346
z_gc_path1y_sum,9.282,ois1m,47,0.276368,0.989620,-1.351413,1.904149,-1.603911,2.107166,0,0.364023,-2.673629,3.401675
z_gc_path1y_sum,9.282,ois1m,48,0.329365,1.051234,-1.399762,2.058491,-1.773104,2.169024,0,0.333725,-2.770134,3.437583
z_gc_path1y_sum,9.282,ip,0,-2.438053,2.667461,-6.825636,1.949530,-9.240079,1.429766,0,-2.080747,-6.267832,2.106338
z_gc_path1y_sum,9.282,ip,1,1.105718,2.944907,-3.738223,5.949658,-5.667567,5.817568,0,1.555245,-3.531228,6.641719
z_gc_path1y_sum,9.282,ip,2,-1.232902,3.381018,-6.794181,4.328378,-9.854496,3.500523,0,-0.287725,-6.621690,6.046241
z_gc_path1y_sum,9.282,ip,3,-1.647837,4.176040,-8.516811,5.221137,-10.208718,5.869034,0,-0.677687,-8.352860,6.997486
z_gc_path1y_sum,9.282,ip,4,1.629167,4.776950,-6.228217,9.486551,-8.402428,9.988830,0,2.916588,-6.629029,12.462206
z_gc_path1y_sum,9.282,ip,5,-0.382246,5.685325,-9.733774,8.969282,-12.605695,9.282807,0,1.176939,-11.013145,13.367023
z_gc_path1y_sum,9.282,ip,6,0.968073,6.083545,-9.038468,10.974614,-10.590662,13.135163,0,2.811756,-13.397227,19.020740
z_gc_path1y_sum,9.282,ip,7,-4.097500,7.165607,-15.883875,7.688875,-20.936676,7.367471,0,-1.856373,-20.546814,16.834069
z_gc_path1y_sum,9.282,ip,8,-7.218427,7.754011,-19.972641,5.535787,-27.378857,4.024889,0,-4.916970,-24.768894,14.934954
z_gc_path1y_sum,9.282,ip,9,-6.063187,7.006689,-17.588164,5.461790,-22.178571,5.147515,0,-3.440931,-23.375276,16.493415
z_gc_path1y_sum,9.282,ip,10,-9.158904,8.531373,-23.191765,4.873956,-32.620181,2.358450,0,-5.644083,-24.571705,13.283540
z_gc_path1y_sum,9.282,ip,11,-7.542459,7.222417,-19.422277,4.337360,-27.042985,2.930046,0,-4.421836,-20.921016,12.077343
z_gc_path1y_sum,9.282,ip,12,-4.697323,6.336940,-15.120662,5.726017,-18.004897,7.026017,0,-1.127661,-14.699514,12.444192
z_gc_path1y_sum,9.282,ip,13,-7.002052,7.195197,-18.837098,4.832994,-26.429084,3.430983,0,-3.786600,-17.483168,9.909967
z_gc_path1y_sum,9.282,ip,14,-0.571434,6.890415,-11.905158,10.762290,-17.452951,10.797750,0,1.483379,-12.514921,15.481678
z_gc_path1y_sum,9.282,ip,15,-1.238973,7.363385,-13.350664,10.872718,-15.965743,13.487798,0,0.948618,-12.953257,14.850492
z_gc_path1y_sum,9.282,ip,16,3.443413,8.161769,-9.981502,16.868328,-10.839683,22.215482,0,4.648994,-9.805073,19.103061
z_gc_path1y_sum,9.282,ip,17,9.315116,7.636044,-3.245060,21.875291,-2.902556,28.787029,0,9.453476,-4.652910,23.559862
z_gc_path1y_sum,9.282,ip,18,3.784165,7.891697,-9.196522,16.764851,-9.237135,23.118822,0,3.782246,-10.623019,18.187511
z_gc_path1y_sum,9.282,ip,19,2.312303,7.772297,-10.471989,15.096595,-11.677832,19.799972,0,2.053663,-12.757593,16.864920
z_gc_path1y_sum,9.282,ip,20,2.282825,7.920669,-10.745517,15.311166,-12.766447,18.916230,0,2.293905,-13.279954,17.867764
z_gc_path1y_sum,9.282,ip,21,3.332402,7.154248,-8.435289,15.100093,-10.976094,17.640898,0,2.615950,-13.462550,18.694451
z_gc_path1y_sum,9.282,ip,22,-0.376071,8.400563,-14.193767,13.441625,-17.597225,16.005026,0,-0.741714,-18.693988,17.210560
z_gc_path1y_sum,9.282,ip,23,3.804439,7.825689,-9.067674,16.676552,-9.890517,22.586093,0,3.207780,-15.546620,21.962180
z_gc_path1y_sum,9.282,ip,24,-2.082647,6.357822,-12.540333,8.375039,-18.295092,8.407759,0,-3.402868,-22.668077,15.862341
z_gc_path1y_sum,9.282,ip,25,-0.815730,6.127780,-10.895032,9.263572,-14.909625,10.214274,0,-2.355760,-22.276891,17.565372
z_gc_path1y_sum,9.282,ip,26,-6.582248,6.962502,-18.034546,4.870049,-25.032879,4.209630,0,-8.403135,-29.808487,13.002218
z_gc_path1y_sum,9.282,ip,27,-11.801463,8.417002,-25.646200,2.043274,-37.473320,-0.438509,0,-13.498036,-36.556828,9.560756
z_gc_path1y_sum,9.282,ip,28,-19.186495,11.965378,-38.867790,0.494800,-58.672242,-3.631504,0,-20.911368,-48.877010,7.054275
z_gc_path1y_sum,9.282,ip,29,-21.004192,14.072597,-44.151554,2.143171,-65.332873,-2.006185,0,-22.539702,-50.778717,5.699312
z_gc_path1y_sum,9.282,ip,30,-22.190067,13.837691,-44.951044,0.570910,-66.470680,-4.201069,0,-22.563604,-52.673088,7.545880
z_gc_path1y_sum,9.282,ip,31,-26.877721,16.228349,-53.570980,-0.184462,-82.865526,-7.403702,0,-26.429595,-57.937067,5.077878
z_gc_path1y_sum,9.282,ip,32,-19.367741,14.421045,-43.088249,4.352767,-64.072980,0.100670,0,-18.630773,-48.824218,11.562673
z_gc_path1y_sum,9.282,ip,33,-15.998670,12.135737,-35.960182,3.962841,-54.833029,-0.222212,0,-14.292148,-44.472731,15.888435
z_gc_path1y_sum,9.282,ip,34,-15.362053,11.248082,-33.863501,3.139396,-51.918319,-1.301950,0,-14.193240,-45.118049,16.731569
z_gc_path1y_sum,9.282,ip,35,-11.500978,8.875652,-26.100126,3.098171,-39.903065,0.037370,0,-10.487313,-41.216582,20.241957
z_gc_path1y_sum,9.282,ip,36,-13.841793,10.908810,-31.785189,4.101604,-52.568070,-1.296660,0,-12.506992,-43.850351,18.836367
z_gc_path1y_sum,9.282,ip,37,-4.935491,7.895898,-17.923087,8.052105,-29.017979,5.329176,0,-2.735130,-30.815013,25.344753
z_gc_path1y_sum,9.282,ip,38,-0.662299,5.883655,-10.340050,9.015452,-13.606339,10.222462,0,0.718733,-26.540955,27.978421
z_gc_path1y_sum,9.282,ip,39,-0.773594,7.838906,-13.667446,12.120259,-19.978913,11.376710,0,0.532072,-24.931143,25.995287
z_gc_path1y_sum,9.282,ip,40,2.143081,9.089839,-12.808373,17.094535,-17.400072,18.050298,0,2.451858,-22.320799,27.224515
z_gc_path1y_sum,9.282,ip,41,-0.166035,6.468428,-10.805652,10.473582,-13.102890,11.800557,0,0.898827,-22.934772,24.732425
z_gc_path1y_sum,9.282,ip,42,-3.825785,7.000715,-15.340937,7.689366,-18.527287,8.425466,0,-3.163319,-26.814413,20.487775
z_gc_path1y_sum,9.282,ip,43,-3.289962,6.134882,-13.380946,6.801021,-16.173215,7.446081,0,-3.387933,-26.352440,19.576573
z_gc_path1y_sum,9.282,ip,44,-2.134260,5.381776,-10.986494,6.717974,-12.090546,8.360203,0,-2.534391,-25.482926,20.414144
z_gc_path1y_sum,9.282,ip,45,-0.708526,7.929805,-13.751895,12.334843,-15.775156,14.754595,0,-0.166978,-21.645412,21.311457
z_gc_path1y_sum,9.282,ip,46,3.075749,9.522943,-12.588098,18.739596,-12.160960,24.026223,0,4.028720,-17.434452,25.491892
z_gc_path1y_sum,9.282,ip,47,7.942777,8.571578,-6.156215,22.041769,-6.200328,26.371670,0,8.131766,-13.319585,29.583117
z_gc_path1y_sum,9.282,ip,48,9.795292,11.013513,-8.320324,27.910909,-8.377004,32.923670,0,10.752011,-11.493994,32.998015
z_gc_path1y_sum,9.282,hicp_sa,0,0.082875,0.417234,-0.603414,0.769163,-0.689008,0.917342,0,0.120526,-0.543639,0.784692
z_gc_path1y_sum,9.282,hicp_sa,1,0.728771,0.769788,-0.537417,1.994960,-0.579868,2.383815,0,0.929046,-0.255800,2.113891
z_gc_path1y_sum,9.282,hicp_sa,2,0.331576,0.966384,-1.257983,1.921136,-1.552871,2.119386,0,0.585193,-1.045316,2.215703
z_gc_path1y_sum,9.282,hicp_sa,3,0.460049,1.084145,-1.323210,2.243308,-1.545619,2.628338,0,0.697239,-1.279339,2.673818
z_gc_path1y_sum,9.282,hicp_sa,4,0.174204,1.367448,-2.075048,2.423457,-2.423948,2.840728,0,0.404941,-2.167977,2.977858
z_gc_path1y_sum,9.282,hicp_sa,5,-0.096986,1.475018,-2.523176,2.329203,-2.973272,2.705549,0,0.158912,-3.275422,3.593245
z_gc_path1y_sum,9.282,hicp_sa,6,-0.463371,1.597923,-3.091721,2.164979,-4.058699,2.253099,0,-0.282499,-4.499293,3.934295
z_gc_path1y_sum,9.282,hicp_sa,7,-0.927884,1.777940,-3.852335,1.996566,-4.928248,2.005716,0,-0.703405,-5.180742,3.773932
z_gc_path1y_sum,9.282,hicp_sa,8,-1.247046,2.042331,-4.606382,2.112289,-5.842291,2.122800,0,-1.022083,-5.654194,3.610028
z_gc_path1y_sum,9.282,hicp_sa,9,-1.128610,1.932255,-4.306887,2.049666,-5.476184,2.059611,0,-0.810085,-5.629572,4.009402
z_gc_path1y_sum,9.282,hicp_sa,10,-0.671160,1.788622,-3.613182,2.270862,-4.963853,2.101205,0,-0.330768,-5.213410,4.551874
z_gc_path1y_sum,9.282,hicp_sa,11,-0.598773,1.784531,-3.534065,2.336519,-4.881647,2.256476,0,-0.094501,-5.212338,5.023337
z_gc_path1y_sum,9.282,hicp_sa,12,-0.034268,1.801669,-2.997749,2.929213,-4.088023,3.118652,0,0.507956,-4.813482,5.829393
z_gc_path1y_sum,9.282,hicp_sa,13,-0.046490,1.779585,-2.973646,2.880666,-4.139535,2.978804,0,0.558432,-5.141445,6.258309
z_gc_path1y_sum,9.282,hicp_sa,14,-0.550016,1.692197,-3.333432,2.233400,-4.272849,2.495938,0,-0.109016,-5.649797,5.431765
z_gc_path1y_sum,9.282,hicp_sa,15,-0.702010,1.782855,-3.634546,2.230526,-4.713434,2.417986,0,-0.232432,-5.829845,5.364980
z_gc_path1y_sum,9.282,hicp_sa,16,-1.227054,1.886507,-4.330082,1.875974,-5.754671,1.885683,0,-0.785301,-6.530306,4.959704
z_gc_path1y_sum,9.282,hicp_sa,17,-0.809350,1.907954,-3.947655,2.328955,-4.911451,2.720364,0,-0.356329,-6.211864,5.499205
z_gc_path1y_sum,9.282,hicp_sa,18,-0.466308,1.978382,-3.720457,2.787841,-4.818749,3.193699,0,-0.153161,-6.355168,6.048846
z_gc_path1y_sum,9.282,hicp_sa,19,-0.387015,1.956510,-3.605188,2.831158,-4.593512,3.330354,0,-0.179834,-6.575943,6.216274
z_gc_path1y_sum,9.282,hicp_sa,20,-0.605064,2.051918,-3.980168,2.770040,-5.324474,2.985792,0,-0.376296,-6.841301,6.088708
z_gc_path1y_sum,9.282,hicp_sa,21,-0.254552,1.999302,-3.543110,3.034007,-4.453085,3.644086,0,-0.051103,-6.375283,6.273076
z_gc_path1y_sum,9.282,hicp_sa,22,0.628983,2.142332,-2.894840,4.152806,-3.120098,5.449231,0,0.873184,-5.538258,7.284625
z_gc_path1y_sum,9.282,hicp_sa,23,0.266370,2.243554,-3.423948,3.956689,-3.996383,5.202190,0,0.480364,-6.144660,7.105389
z_gc_path1y_sum,9.282,hicp_sa,24,-0.693447,2.200224,-4.312494,2.925599,-5.423929,3.596989,0,-0.645545,-7.211443,5.920352
z_gc_path1y_sum,9.282,hicp_sa,25,-1.124401,2.024167,-4.453859,2.205057,-5.476359,2.822724,0,-1.021273,-7.655141,5.612596
z_gc_path1y_sum,9.282,hicp_sa,26,-1.092239,1.920354,-4.250941,2.066463,-5.413036,2.364399,0,-0.991637,-7.845355,5.862082
z_gc_path1y_sum,9.282,hicp_sa,27,-1.610863,1.883685,-4.709249,1.487522,-6.131707,1.591401,0,-1.621378,-8.592788,5.350031
z_gc_path1y_sum,9.282,hicp_sa,28,-1.965126,2.021930,-5.290905,1.360652,-6.918855,1.573251,0,-2.060272,-9.214244,5.093700
z_gc_path1y_sum,9.282,hicp_sa,29,-3.476248,2.404438,-7.431196,0.478700,-10.689560,-0.110035,0,-3.639772,-10.878007,3.598463
z_gc_path1y_sum,9.282,hicp_sa,30,-4.270588,2.761434,-8.812744,0.271567,-12.969107,-0.542652,0,-4.402452,-11.852166,3.047262
z_gc_path1y_sum,9.282,hicp_sa,31,-4.832172,2.655605,-9.200254,-0.464090,-12.798987,-1.114325,0,-4.797180,-12.013448,2.419089
z_gc_path1y_sum,9.282,hicp_sa,32,-4.573265,2.578740,-8.814915,-0.331615,-12.567360,-1.091965,0,-4.540972,-11.668739,2.586795
z_gc_path1y_sum,9.282,hicp_sa,33,-4.005313,2.594353,-8.272645,0.262018,-11.658655,-0.373219,0,-3.810191,-10.858950,3.238568
z_gc_path1y_sum,9.282,hicp_sa,34,-3.723261,2.488116,-7.815848,0.369326,-10.192363,0.133319,0,-3.332882,-10.305094,3.639329
z_gc_path1y_sum,9.282,hicp_sa,35,-3.483640,2.390315,-7.415359,0.448078,-9.698459,0.340864,0,-3.066196,-10.115064,3.982673
z_gc_path1y_sum,9.282,hicp_sa,36,-3.956161,2.414679,-7.927954,0.015632,-10.837995,-0.454877,0,-3.612233,-10.693044,3.468578
z_gc_path1y_sum,9.282,hicp_sa,37,-3.705959,2.240543,-7.391325,-0.020594,-9.643399,-0.345144,0,-3.403065,-10.294018,3.487887
z_gc_path1y_sum,9.282,hicp_sa,38,-4.075476,2.320480,-7.892326,-0.258627,-10.456796,-0.710780,0,-3.927311,-10.782612,2.927990
z_gc_path1y_sum,9.282,hicp_sa,39,-3.068673,2.169975,-6.637964,0.500618,-8.276613,0.294788,0,-3.147754,-9.718630,3.423123
z_gc_path1y_sum,9.282,hicp_sa,40,-2.885039,2.407253,-6.844617,1.074540,-8.782808,0.846203,0,-3.266269,-9.939061,3.406523
z_gc_path1y_sum,9.282,hicp_sa,41,-2.939097,2.533246,-7.105916,1.227723,-9.398874,0.734110,0,-3.443879,-10.052773,3.165016
z_gc_path1y_sum,9.282,hicp_sa,42,-3.342323,2.459152,-7.387268,0.702622,-9.982033,-0.022468,0,-3.786666,-10.506304,2.932972
z_gc_path1y_sum,9.282,hicp_sa,43,-2.236323,2.140994,-5.757944,1.285298,-7.909956,0.761068,0,-2.655894,-8.837996,3.526208
z_gc_path1y_sum,9.282,hicp_sa,44,-2.010788,1.858579,-5.067878,1.046302,-6.564306,0.777080,0,-2.473963,-8.437027,3.489100
z_gc_path1y_sum,9.282,hicp_sa,45,-2.366673,1.707063,-5.174541,0.441195,-6.207564,0.449980,0,-2.928465,-8.585122,2.728193
z_gc_path1y_sum,9.282,hicp_sa,46,-2.079437,1.573255,-4.667211,0.508338,-4.911295,1.067073,0,-2.690341,-7.984692,2.604010
z_gc_path1y_sum,9.282,hicp_sa,47,-2.496987,1.499848,-4.964018,-0.029956,-5.871646,-0.172222,0,-3.070129,-8.189748,2.049491
z_gc_path1y_sum,9.282,hicp_sa,48,-2.454615,1.505540,-4.931009,0.021778,-5.992635,-0.196305,0,-3.146840,-8.101817,1.808137
z_gc_path1y_sum,9.282,stoxx,0,-0.774330,15.516742,-26.297099,24.748439,-34.911162,25.604131,0,1.964592,-21.847738,25.776923
z_gc_path1y_sum,9.282,stoxx,1,1.493862,22.201405,-35.024199,38.011923,-51.789509,34.795969,0,5.977380,-27.144336,39.099096
z_gc_path1y_sum,9.282,stoxx,2,6.867731,20.933323,-27.564522,41.299984,-36.045582,44.547713,0,12.569021,-17.293818,42.431859
z_gc_path1y_sum,9.282,stoxx,3,23.308978,24.453806,-16.913953,63.531909,-23.153253,69.771209,0,28.483157,-8.009250,64.975564
z_gc_path1y_sum,9.282,stoxx,4,21.861522,27.086022,-22.691020,66.414063,-36.373426,67.907759,0,29.355228,-15.036537,73.746993
z_gc_path1y_sum,9.282,stoxx,5,-7.088254,30.924884,-57.955162,43.778653,-65.845533,53.215269,0,0.930340,-54.929205,56.789884
z_gc_path1y_sum,9.282,stoxx,6,-31.615275,33.052637,-85.982025,22.751475,-105.983709,24.574208,0,-26.160439,-88.173202,35.852324
z_gc_path1y_sum,9.282,stoxx,7,-34.300937,36.009222,-93.530837,24.928962,-118.922609,23.313818,0,-27.383998,-83.358338,28.590341
z_gc_path1y_sum,9.282,stoxx,8,-29.047883,35.347895,-87.189996,29.094230,-112.115436,27.508748,0,-19.303892,-79.249871,40.642086
z_gc_path1y_sum,9.282,stoxx,9,-22.042181,39.883126,-87.644086,43.559723,-115.767528,41.770821,0,-10.647253,-75.792210,54.497705
z_gc_path1y_sum,9.282,stoxx,10,-6.584085,39.667382,-71.831122,58.662952,-89.885587,62.833834,0,1.234002,-63.873434,66.341437
z_gc_path1y_sum,9.282,stoxx,11,7.372960,35.905634,-51.686553,66.432473,-75.209999,68.412538,0,14.179146,-52.940039,81.298331
z_gc_path1y_sum,9.282,stoxx,12,16.107548,33.851307,-39.572898,71.787993,-58.365328,75.347335,0,20.678622,-45.112780,86.470025
z_gc_path1y_sum,9.282,stoxx,13,15.891799,34.475821,-40.815881,72.599478,-56.507426,81.395859,0,17.176286,-56.715121,91.067694
z_gc_path1y_sum,9.282,stoxx,14,13.183155,34.211182,-43.089232,69.455543,-55.239209,81.605520,0,14.582788,-66.979438,96.145014
z_gc_path1y_sum,9.282,stoxx,15,4.591725,30.095022,-44.910181,54.093632,-51.084066,69.296023,0,4.689114,-79.258401,88.636630
z_gc_path1y_sum,9.282,stoxx,16,31.898089,29.640623,-16.856397,80.652575,-9.598783,114.891833,0,33.016416,-38.456348,104.489181
z_gc_path1y_sum,9.282,stoxx,17,39.738773,27.346207,-5.241736,84.719281,0.086772,116.308154,0,38.212657,-23.393672,99.818986
z_gc_path1y_sum,9.282,stoxx,18,32.710797,21.736214,-3.042093,68.463688,-2.067145,87.051332,0,28.069160,-30.843526,86.981847
z_gc_path1y_sum,9.282,stoxx,19,19.837315,19.831175,-12.782065,52.456695,-13.875683,67.432135,0,15.866717,-43.918719,75.652153
z_gc_path1y_sum,9.282,stoxx,20,9.957242,20.220028,-23.301745,43.216229,-34.526820,47.364295,0,3.971785,-56.221514,64.165084
z_gc_path1y_sum,9.282,stoxx,21,35.712024,21.331992,0.624020,70.800027,2.647437,91.175202,0,28.717056,-32.343215,89.777326
z_gc_path1y_sum,9.282,stoxx,22,44.333600,22.624320,7.119906,81.547294,13.790768,111.075343,0,39.187898,-23.045380,101.421177
z_gc_path1y_sum,9.282,stoxx,23,1.641812,23.362776,-36.786536,40.070159,-59.101407,39.022254,0,-1.256106,-59.303384,56.791171
z_gc_path1y_sum,9.282,stoxx,24,-20.808166,25.448642,-62.667457,21.051125,-98.426524,13.547500,0,-21.052679,-81.384058,39.278700
z_gc_path1y_sum,9.282,stoxx,25,-12.951194,24.781867,-53.713739,27.811350,-76.144956,26.699793,0,-11.122859,-72.578917,50.333199
z_gc_path1y_sum,9.282,stoxx,26,-30.585225,31.995646,-83.213378,22.042929,-134.571073,9.409332,0,-31.055622,-99.237606,37.126362
z_gc_path1y_sum,9.282,stoxx,27,-60.807342,39.821210,-126.307403,4.692720,-182.262032,-7.048708,0,-64.158225,-150.387631,22.071181
z_gc_path1y_sum,9.282,stoxx,28,-53.177023,39.677529,-118.440750,12.086705,-162.290227,8.323147,0,-58.815150,-144.330196,26.699897
z_gc_path1y_sum,9.282,stoxx,29,-68.800701,35.316855,-126.891759,-10.709644,-178.282953,-21.122947,0,-71.290941,-160.333865,17.751984
z_gc_path1y_sum,9.282,stoxx,30,-55.981723,32.199482,-108.945157,-3.018289,-163.849986,-14.122397,0,-52.814475,-142.779024,37.150074
z_gc_path1y_sum,9.282,stoxx,31,-50.194623,38.702416,-113.854432,13.465187,-168.236992,2.053639,0,-44.638035,-136.203520,46.927450
z_gc_path1y_sum,9.282,stoxx,32,-53.525270,32.420081,-106.851558,-0.198982,-149.164509,-8.137157,0,-46.590129,-135.260997,42.080740
z_gc_path1y_sum,9.282,stoxx,33,-43.781768,27.481022,-88.984026,1.420491,-131.721038,-8.056439,0,-33.296847,-120.812602,54.218907
z_gc_path1y_sum,9.282,stoxx,34,-19.735966,20.310135,-53.143165,13.671233,-71.526810,12.760250,0,-4.286194,-91.206692,82.634305
z_gc_path1y_sum,9.282,stoxx,35,-6.669292,20.854469,-40.971842,27.633257,-49.420954,35.039646,0,5.059746,-84.324093,94.443584
z_gc_path1y_sum,9.282,stoxx,36,-3.706443,30.687411,-54.182743,46.769857,-68.150007,56.134009,0,3.581058,-74.458813,81.620930
z_gc_path1y_sum,9.282,stoxx,37,34.544400,45.125715,-39.680797,108.769596,-26.375316,169.921545,0,39.627643,-38.994511,118.249797
z_gc_path1y_sum,9.282,stoxx,38,31.307369,42.798030,-39.089126,101.703864,-43.589184,131.882739,0,37.437989,-43.455342,118.331320
z_gc_path1y_sum,9.282,stoxx,39,12.509198,38.940741,-51.542621,76.561017,-65.372284,86.496605,0,18.292869,-56.779867,93.365606
z_gc_path1y_sum,9.282,stoxx,40,10.300648,24.825859,-30.534257,51.135552,-29.420727,68.641417,0,14.955439,-53.189468,83.100346
z_gc_path1y_sum,9.282,stoxx,41,-7.456158,23.137901,-45.514618,30.602302,-57.202644,31.878273,0,-1.568306,-63.559193,60.422580
z_gc_path1y_sum,9.282,stoxx,42,-14.725403,28.187207,-61.089232,31.638426,-71.099816,36.011569,0,-11.429544,-73.605644,50.746556
z_gc_path1y_sum,9.282,stoxx,43,-15.475380,36.270515,-75.135068,44.184309,-77.135256,62.506228,0,-10.324099,-75.836497,55.188299
z_gc_path1y_sum,9.282,stoxx,44,-15.985093,32.395394,-69.270773,37.300588,-71.057262,52.045234,0,-10.570167,-77.125839,55.985505
z_gc_path1y_sum,9.282,stoxx,45,5.185837,35.928603,-53.911455,64.283130,-45.114207,100.396635,0,8.057279,-55.438283,71.552841
z_gc_path1y_sum,9.282,stoxx,46,-1.201794,37.189596,-62.373236,59.969648,-51.407749,99.210116,0,1.259405,-60.939100,63.457910
z_gc_path1y_sum,9.282,stoxx,47,-19.250047,30.167335,-68.870898,30.370803,-62.992683,54.659923,0,-12.059136,-76.971844,52.853571
z_gc_path1y_sum,9.282,stoxx,48,-10.579062,24.875255,-51.495215,30.337090,-50.379469,44.146498,0,-4.072089,-73.163996,65.019817
z_ext_jk_mp_pm,10.820,ois1m,0,1.000000,0.000000,1.000000,1.000000,1.000000,1.000000,0,1.000000,1.000000,1.000000
z_ext_jk_mp_pm,10.820,ois1m,1,0.983157,0.232083,0.601414,1.364901,0.530595,1.377699,0,1.002465,0.539667,1.465263
z_ext_jk_mp_pm,10.820,ois1m,2,0.485447,0.387871,-0.152545,1.123438,-0.329083,1.086647,0,0.500973,-0.343711,1.345657
z_ext_jk_mp_pm,10.820,ois1m,3,1.097040,0.542160,0.205266,1.988813,0.121152,2.045820,0,1.164254,0.281367,2.047141
z_ext_jk_mp_pm,10.820,ois1m,4,1.232345,0.530684,0.359447,2.105243,0.197511,2.054906,0,1.292469,-0.077337,2.662276
z_ext_jk_mp_pm,10.820,ois1m,5,0.981452,0.612518,-0.026051,1.988955,-0.182333,1.961481,0,0.953278,-0.813066,2.719622
z_ext_jk_mp_pm,10.820,ois1m,6,1.277805,0.683931,0.152838,2.402772,0.046729,2.406292,0,1.320767,-0.881094,3.522628
z_ext_jk_mp_pm,10.820,ois1m,7,0.767915,0.863087,-0.651737,2.187567,-0.958259,2.062546,0,0.767780,-1.829369,3.364930
z_ext_jk_mp_pm,10.820,ois1m,8,0.314539,0.958975,-1.262835,1.891912,-1.603411,1.705053,0,0.233979,-2.650425,3.118383
z_ext_jk_mp_pm,10.820,ois1m,9,-0.256238,1.029556,-1.949706,1.437230,-2.366827,1.236617,0,-0.392105,-3.421774,2.637564
z_ext_jk_mp_pm,10.820,ois1m,10,-0.614528,1.063608,-2.364007,1.134951,-2.794924,0.874523,0,-0.847639,-3.844656,2.149378
z_ext_jk_mp_pm,10.820,ois1m,11,-0.230360,0.933163,-1.765277,1.304556,-2.143344,1.122726,0,-0.488871,-3.301577,2.323835
z_ext_jk_mp_pm,10.820,ois1m,12,-0.535794,0.883699,-1.989350,0.917762,-2.347378,0.745570,0,-0.793712,-3.571795,1.984370
z_ext_jk_mp_pm,10.820,ois1m,13,-0.502740,0.875086,-1.942128,0.936648,-2.296666,0.766135,0,-0.674392,-3.396766,2.047982
z_ext_jk_mp_pm,10.820,ois1m,14,0.033020,0.849324,-1.363994,1.430034,-1.580696,1.349473,0,-0.072635,-2.536509,2.391239
z_ext_jk_mp_pm,10.820,ois1m,15,-0.014009,0.871328,-1.447216,1.419198,-1.625965,1.380116,0,-0.066598,-2.438044,2.304848
z_ext_jk_mp_pm,10.820,ois1m,16,-0.096678,0.993100,-1.730182,1.536826,-1.834603,1.591592,0,-0.145964,-2.566900,2.274971
z_ext_jk_mp_pm,10.820,ois1m,17,0.299819,0.932606,-1.234182,1.833820,-1.238981,1.931881,0,0.094006,-2.195383,2.383396
z_ext_jk_mp_pm,10.820,ois1m,18,0.202609,0.900782,-1.279045,1.684262,-1.373759,1.733937,0,-0.063637,-2.441331,2.314057
z_ext_jk_mp_pm,10.820,ois1m,19,0.258606,0.900630,-1.222799,1.740011,-1.272466,1.789677,0,0.017622,-2.402565,2.437809
z_ext_jk_mp_pm,10.820,ois1m,20,0.152287,0.869653,-1.278166,1.582739,-1.369606,1.587214,0,-0.268972,-2.703689,2.165745
z_ext_jk_mp_pm,10.820,ois1m,21,0.409616,0.958267,-1.166593,1.985825,-1.219438,2.038670,0,-0.095714,-2.503871,2.312443
z_ext_jk_mp_pm,10.820,ois1m,22,0.357484,0.900480,-1.123674,1.838643,-1.128308,1.933325,0,-0.165887,-2.530599,2.198824
z_ext_jk_mp_pm,10.820,ois1m,23,0.141781,0.800183,-1.174403,1.457965,-1.218530,1.502092,0,-0.512220,-2.935417,1.910977
z_ext_jk_mp_pm,10.820,ois1m,24,0.234099,0.716122,-0.943816,1.412014,-1.054920,1.415700,0,-0.454890,-2.967027,2.057246
z_ext_jk_mp_pm,10.820,ois1m,25,-0.040223,0.756532,-1.284607,1.204162,-1.553287,1.056749,0,-0.741864,-3.410134,1.926406
z_ext_jk_mp_pm,10.820,ois1m,26,-0.607846,0.989785,-2.235897,1.020205,-2.686394,0.777852,0,-1.316525,-4.097171,1.464120
z_ext_jk_mp_pm,10.820,ois1m,27,-1.242895,1.306616,-3.392087,0.906296,-4.052119,0.521036,0,-1.938804,-4.973197,1.095588
z_ext_jk_mp_pm,10.820,ois1m,28,-1.204264,1.330278,-3.392376,0.983848,-3.931334,0.658125,0,-1.824547,-4.708765,1.059672
z_ext_jk_mp_pm,10.820,ois1m,29,-1.161632,1.251400,-3.220002,0.896737,-3.727002,0.590328,0,-1.848229,-4.381874,0.685416
z_ext_jk_mp_pm,10.820,ois1m,30,-1.355501,1.104524,-3.172281,0.461278,-3.675001,0.190832,0,-2.088960,-4.439675,0.261756
z_ext_jk_mp_pm,10.820,ois1m,31,-0.683828,0.893791,-2.153984,0.786328,-2.382032,0.701549,0,-1.329049,-3.497131,0.839032
z_ext_jk_mp_pm,10.820,ois1m,32,-0.802637,0.834814,-2.175784,0.570509,-2.430525,0.449584,0,-1.453474,-3.664498,0.757550
z_ext_jk_mp_pm,10.820,ois1m,33,-0.468569,0.625521,-1.497459,0.560322,-1.657059,0.469713,0,-1.128321,-3.548672,1.292031
z_ext_jk_mp_pm,10.820,ois1m,34,-0.124907,0.621953,-1.147928,0.898115,-1.182227,0.932414,0,-0.739857,-3.360540,1.880827
z_ext_jk_mp_pm,10.820,ois1m,35,-0.203555,0.616864,-1.218206,0.811097,-1.283067,0.814271,0,-0.737528,-3.315217,1.840161
z_ext_jk_mp_pm,10.820,ois1m,36,0.180138,0.652868,-0.893735,1.254011,-0.864452,1.355301,0,-0.268319,-2.983646,2.447008
z_ext_jk_mp_pm,10.820,ois1m,37,0.466324,0.663510,-0.625053,1.557702,-0.562117,1.726994,0,0.222342,-2.475705,2.920390
z_ext_jk_mp_pm,10.820,ois1m,38,0.531659,0.695287,-0.611986,1.675303,-0.441743,1.956996,0,0.341309,-2.365829,3.048447
z_ext_jk_mp_pm,10.820,ois1m,39,0.514545,0.684691,-0.611671,1.640761,-0.444022,1.918161,0,0.324608,-2.361333,3.010549
z_ext_jk_mp_pm,10.820,ois1m,40,0.538772,0.671995,-0.566561,1.644104,-0.368421,1.949960,0,0.502435,-2.219754,3.224623
z_ext_jk_mp_pm,10.820,ois1m,41,0.231189,0.585268,-0.731492,1.193870,-0.588186,1.460253,0,0.067600,-2.399172,2.534372
z_ext_jk_mp_pm,10.820,ois1m,42,0.091768,0.494829,-0.722154,0.905689,-0.650476,1.056685,0,-0.252081,-2.503106,1.998944
z_ext_jk_mp_pm,10.820,ois1m,43,0.213307,0.473177,-0.565000,0.991614,-0.472799,1.159661,0,-0.047156,-2.275762,2.181450
z_ext_jk_mp_pm,10.820,ois1m,44,0.328934,0.460613,-0.428707,1.086574,-0.338955,1.250159,0,0.043310,-2.129356,2.215977
z_ext_jk_mp_pm,10.820,ois1m,45,0.585485,0.611937,-0.421061,1.592032,-0.301823,1.809359,0,0.383587,-1.784473,2.551646
z_ext_jk_mp_pm,10.820,ois1m,46,0.857856,0.677911,-0.257208,1.972920,-0.091219,2.281469,0,0.757568,-1.487921,3.003058
z_ext_jk_mp_pm,10.820,ois1m,47,1.078911,0.704817,-0.080410,2.238232,0.127408,2.594268,0,1.140310,-1.235365,3.515986
z_ext_jk_mp_pm,10.820,ois1m,48,1.255525,0.741625,0.035660,2.475389,0.217250,2.812937,0,1.325072,-1.155295,3.805439
z_ext_jk_mp_pm,10.820,ip,0,0.340905,1.679689,-2.421938,3.103748,-3.270427,3.112393,0,0.165401,-2.679042,3.009843
z_ext_jk_mp_pm,10.820,ip,1,1.951137,2.160743,-1.602969,5.505244,-2.586423,5.408327,0,2.741021,-1.372916,6.854959
z_ext_jk_mp_pm,10.820,ip,2,1.649864,2.789425,-2.938332,6.238060,-4.905285,5.415588,0,2.266913,-3.525199,8.059025
z_ext_jk_mp_pm,10.820,ip,3,-2.210815,3.050147,-7.227861,2.806231,-8.921139,2.059392,0,-1.917654,-9.678021,5.842712
z_ext_jk_mp_pm,10.820,ip,4,0.259319,3.626585,-5.705882,6.224521,-6.993850,5.880526,0,0.152966,-8.971889,9.277821
z_ext_jk_mp_pm,10.820,ip,5,0.877536,4.039929,-5.767557,7.522628,-7.606316,6.735433,0,0.257207,-10.115906,10.630321
z_ext_jk_mp_pm,10.820,ip,6,-1.376869,3.999278,-7.955096,5.201358,-9.575389,4.622048,0,-1.034439,-13.548797,11.479919
z_ext_jk_mp_pm,10.820,ip,7,-2.902369,4.730196,-10.682849,4.878112,-12.362761,4.192926,0,-2.603371,-16.772268,11.565525
z_ext_jk_mp_pm,10.820,ip,8,-6.989050,5.795162,-16.521243,2.543143,-19.158890,1.124176,0,-6.956475,-23.128808,9.215858
z_ext_jk_mp_pm,10.820,ip,9,-7.364947,5.543129,-16.482583,1.752688,-18.728362,0.672590,0,-7.359092,-23.312777,8.594593
z_ext_jk_mp_pm,10.820,ip,10,-5.752495,6.630809,-16.659205,5.154216,-19.345653,3.862178,0,-5.738743,-21.084190,9.606704
z_ext_jk_mp_pm,10.820,ip,11,-5.035387,5.783205,-14.547912,4.477138,-17.180116,3.061100,0,-5.252741,-18.783140,8.277657
z_ext_jk_mp_pm,10.820,ip,12,-3.016827,4.071952,-9.714593,3.680938,-10.753536,3.294698,0,-3.440507,-14.055847,7.174833
z_ext_jk_mp_pm,10.820,ip,13,-4.897315,4.464234,-12.240326,2.445696,-14.048994,1.575824,0,-6.263804,-18.203656,5.676048
z_ext_jk_mp_pm,10.820,ip,14,-0.134843,4.246407,-7.119561,6.849875,-7.990696,6.447088,0,-0.741201,-10.432965,8.950563
z_ext_jk_mp_pm,10.820,ip,15,-0.765583,4.275427,-7.798035,6.266869,-8.033809,6.716415,0,-0.829414,-10.373324,8.714495
z_ext_jk_mp_pm,10.820,ip,16,0.479251,6.044826,-9.463602,10.422104,-9.192470,11.359937,0,0.181816,-10.145941,10.509573
z_ext_jk_mp_pm,10.820,ip,17,5.312759,5.978859,-4.521588,15.147106,-3.954472,16.672591,0,4.448099,-5.391226,14.287424
z_ext_jk_mp_pm,10.820,ip,18,4.936004,5.813324,-4.626062,14.498070,-4.074648,15.981319,0,3.744665,-6.909576,14.398905
z_ext_jk_mp_pm,10.820,ip,19,5.152336,5.313353,-3.587352,13.892024,-3.083362,15.247707,0,3.509272,-7.690473,14.709016
z_ext_jk_mp_pm,10.820,ip,20,2.589518,4.401650,-4.650552,9.829587,-4.233039,10.732569,0,0.730143,-11.020865,12.481150
z_ext_jk_mp_pm,10.820,ip,21,-2.342932,3.920752,-8.791996,4.106131,-9.008211,4.322346,0,-5.162602,-17.486040,7.160835
z_ext_jk_mp_pm,10.820,ip,22,-2.440301,3.776906,-8.652759,3.772157,-9.238732,3.602749,0,-5.115556,-18.092825,7.861714
z_ext_jk_mp_pm,10.820,ip,23,2.297010,3.982266,-4.253235,8.847255,-3.875502,9.863316,0,-1.723184,-14.598931,11.152562
z_ext_jk_mp_pm,10.820,ip,24,-1.765548,4.395899,-8.996158,5.465062,-10.117755,5.048095,0,-6.012413,-19.732692,7.707866
z_ext_jk_mp_pm,10.820,ip,25,1.209780,3.142911,-3.959849,6.379409,-4.447460,6.238438,0,-2.525830,-15.848587,10.796927
z_ext_jk_mp_pm,10.820,ip,26,-5.768499,5.558340,-14.911154,3.374157,-17.163095,2.291094,0,-9.918986,-24.130627,4.292655
z_ext_jk_mp_pm,10.820,ip,27,-5.666728,5.913063,-15.392852,4.059395,-17.788508,2.611560,0,-8.155764,-21.868994,5.557467
z_ext_jk_mp_pm,10.820,ip,28,-6.210851,7.828941,-19.088313,6.666610,-22.260179,4.749665,0,-8.849813,-23.740000,6.040373
z_ext_jk_mp_pm,10.820,ip,29,-11.049637,8.584346,-25.169630,3.070356,-29.076764,0.968448,0,-13.784496,-28.627671,1.058679
z_ext_jk_mp_pm,10.820,ip,30,-8.829518,7.426277,-21.044657,3.385621,-23.682073,1.938583,0,-10.394855,-25.062366,4.272656
z_ext_jk_mp_pm,10.820,ip,31,-6.429005,7.038350,-18.006060,5.148050,-21.209540,3.424684,0,-8.560034,-23.457928,6.337859
z_ext_jk_mp_pm,10.820,ip,32,-2.759348,5.874552,-12.422126,6.903431,-13.920997,6.346208,0,-3.699930,-19.812136,12.412275
z_ext_jk_mp_pm,10.820,ip,33,-0.107549,5.443828,-9.061850,8.846751,-9.089866,9.419150,0,-0.920630,-19.220433,17.379172
z_ext_jk_mp_pm,10.820,ip,34,0.680339,4.904067,-7.386134,8.746811,-7.411372,9.262456,0,0.311843,-18.860237,19.483922
z_ext_jk_mp_pm,10.820,ip,35,-0.634573,4.710243,-8.382234,7.113087,-7.935450,8.314889,0,-0.926059,-20.611489,18.759370
z_ext_jk_mp_pm,10.820,ip,36,-0.380923,4.884557,-8.415305,7.653459,-8.196215,8.411280,0,-0.244799,-19.176212,18.686614
z_ext_jk_mp_pm,10.820,ip,37,3.344208,4.604812,-4.230033,10.918450,-3.332769,12.553832,0,4.545588,-15.006239,24.097415
z_ext_jk_mp_pm,10.820,ip,38,4.408176,4.689729,-3.305741,12.122093,-2.157444,14.491092,0,5.162359,-14.525155,24.849873
z_ext_jk_mp_pm,10.820,ip,39,3.964293,5.060935,-4.360204,12.288791,-3.121016,14.592258,0,5.311331,-12.398369,23.021032
z_ext_jk_mp_pm,10.820,ip,40,5.882742,5.383053,-2.971592,14.737076,-1.384380,17.187153,0,6.874451,-11.419321,25.168223
z_ext_jk_mp_pm,10.820,ip,41,4.800711,4.486932,-2.579635,12.181058,-1.256647,14.671962,0,7.351522,-10.171206,24.874249
z_ext_jk_mp_pm,10.820,ip,42,4.618319,5.166065,-3.879102,13.115740,-2.097566,15.983662,0,6.544785,-9.820693,22.910264
z_ext_jk_mp_pm,10.820,ip,43,4.881243,4.470085,-2.471393,12.233878,-1.153372,14.715429,0,6.069315,-10.050579,22.189209
z_ext_jk_mp_pm,10.820,ip,44,6.222050,5.680971,-3.122317,15.566416,-1.163213,19.004235,0,7.184274,-10.299766,24.668315
z_ext_jk_mp_pm,10.820,ip,45,7.460053,6.031780,-2.461342,17.381449,-0.682850,20.729970,0,9.705722,-7.766214,27.177657
z_ext_jk_mp_pm,10.820,ip,46,7.149187,6.780138,-4.003149,18.301522,-2.004000,22.065491,0,8.885934,-8.322242,26.094110
z_ext_jk_mp_pm,10.820,ip,47,8.008371,5.956672,-1.789483,17.806224,-0.033137,21.113049,0,10.677312,-6.216311,27.570935
z_ext_jk_mp_pm,10.820,ip,48,9.623710,6.198626,-0.572123,19.819544,0.945634,22.640826,0,14.064109,-3.582172,31.710390
z_ext_jk_mp_pm,10.820,hicp_sa,0,-0.477562,0.375240,-1.094776,0.139653,-1.434423,0.029012,0,-0.422252,-1.084607,0.240103
z_ext_jk_mp_pm,10.820,hicp_sa,1,-0.404946,0.714409,-1.580044,0.770152,-2.012366,0.630947,0,-0.270010,-1.412318,0.872299
z_ext_jk_mp_pm,10.820,hicp_sa,2,-1.117685,0.930571,-2.648339,0.412968,-3.351057,0.092057,0,-0.960762,-2.595745,0.674222
z_ext_jk_mp_pm,10.820,hicp_sa,3,-0.830209,0.888729,-2.292039,0.631620,-2.829850,0.414012,0,-0.694041,-2.494605,1.106523
z_ext_jk_mp_pm,10.820,hicp_sa,4,-0.702007,0.856284,-2.110469,0.706454,-2.457389,0.582418,0,-0.548325,-2.538012,1.441362
z_ext_jk_mp_pm,10.820,hicp_sa,5,-0.556838,0.845797,-1.948050,0.834373,-2.248432,0.711857,0,-0.364871,-2.701235,1.971492
z_ext_jk_mp_pm,10.820,hicp_sa,6,-0.324715,1.008486,-1.983527,1.334097,-2.392111,1.137590,0,-0.177031,-2.984389,2.630327
z_ext_jk_mp_pm,10.820,hicp_sa,7,-0.772573,1.051756,-2.502558,0.957413,-2.981261,0.699886,0,-0.540374,-3.520698,2.439951
z_ext_jk_mp_pm,10.820,hicp_sa,8,-2.221538,1.196292,-4.189264,-0.253813,-4.793566,-0.546730,0,-2.099209,-5.445347,1.246928
z_ext_jk_mp_pm,10.820,hicp_sa,9,-2.710136,1.369399,-4.962597,-0.457674,-5.585874,-0.792976,0,-2.627475,-6.442001,1.187050
z_ext_jk_mp_pm,10.820,hicp_sa,10,-2.559141,1.471218,-4.979079,-0.139203,-5.648699,-0.499436,0,-2.512055,-6.417952,1.393841
z_ext_jk_mp_pm,10.820,hicp_sa,11,-2.067183,1.367436,-4.316415,0.182050,-4.938799,-0.152772,0,-1.781782,-5.605255,2.041691
z_ext_jk_mp_pm,10.820,hicp_sa,12,-1.080023,1.217191,-3.082123,0.922078,-3.514404,0.684904,0,-0.625147,-4.250393,3.000100
z_ext_jk_mp_pm,10.820,hicp_sa,13,-1.009812,1.349851,-3.230119,1.210495,-3.709514,0.947472,0,-0.704435,-4.551495,3.142626
z_ext_jk_mp_pm,10.820,hicp_sa,14,-1.101346,1.189815,-3.058417,0.855725,-3.361994,0.742867,0,-0.985962,-4.812492,2.840567
z_ext_jk_mp_pm,10.820,hicp_sa,15,-1.331131,1.228230,-3.351390,0.689128,-3.664769,0.572626,0,-1.300935,-5.331952,2.730082
z_ext_jk_mp_pm,10.820,hicp_sa,16,-1.367441,1.323514,-3.544428,0.809546,-3.882117,0.684006,0,-1.442792,-5.702360,2.816776
z_ext_jk_mp_pm,10.820,hicp_sa,17,-0.842328,1.304523,-2.988078,1.303421,-3.190470,1.244908,0,-0.897566,-5.181685,3.386553
z_ext_jk_mp_pm,10.820,hicp_sa,18,-0.575207,1.452052,-2.963620,1.813206,-3.261503,1.675473,0,-0.709534,-5.136995,3.717927
z_ext_jk_mp_pm,10.820,hicp_sa,19,-0.882061,1.492011,-3.336201,1.572079,-3.642281,1.430556,0,-1.288680,-5.905266,3.327906
z_ext_jk_mp_pm,10.820,hicp_sa,20,-1.919940,1.543432,-4.458660,0.618781,-4.852461,0.472381,0,-2.545297,-7.403749,2.313155
z_ext_jk_mp_pm,10.820,hicp_sa,21,-2.169326,1.467658,-4.583409,0.244756,-4.957877,0.032160,0,-2.879996,-7.754355,1.994363
z_ext_jk_mp_pm,10.820,hicp_sa,22,-1.619417,1.482035,-4.057149,0.818314,-4.287081,0.751839,0,-2.287300,-6.896146,2.321546
z_ext_jk_mp_pm,10.820,hicp_sa,23,-1.144665,1.463073,-3.551207,1.261877,-3.851351,1.123099,0,-1.782137,-6.438462,2.874188
z_ext_jk_mp_pm,10.820,hicp_sa,24,-1.387082,1.599370,-4.017812,1.243647,-4.505853,1.011972,0,-2.096324,-6.897327,2.704679
z_ext_jk_mp_pm,10.820,hicp_sa,25,-2.249504,1.728022,-5.091847,0.592839,-5.705548,0.256128,0,-2.971813,-8.044826,2.101200
z_ext_jk_mp_pm,10.820,hicp_sa,26,-2.948805,1.717881,-5.774468,-0.123142,-6.470462,-0.543771,0,-3.753549,-9.161360,1.654263
z_ext_jk_mp_pm,10.820,hicp_sa,27,-3.403766,1.719528,-6.232137,-0.575394,-7.014774,-0.996427,0,-4.440512,-10.050458,1.169434
z_ext_jk_mp_pm,10.820,hicp_sa,28,-3.321126,1.707964,-6.130476,-0.511776,-6.907850,-0.929977,0,-4.623870,-10.065344,0.817603
z_ext_jk_mp_pm,10.820,hicp_sa,29,-3.041027,1.810250,-6.018622,-0.063431,-6.842551,-0.597190,0,-4.545669,-9.871007,0.779670
z_ext_jk_mp_pm,10.820,hicp_sa,30,-2.814031,1.895757,-5.932274,0.304213,-6.889909,-0.254758,0,-4.433555,-9.750282,0.883172
z_ext_jk_mp_pm,10.820,hicp_sa,31,-3.302012,1.871566,-6.380464,-0.223560,-7.232301,-0.775398,0,-4.981147,-10.382390,0.420095
z_ext_jk_mp_pm,10.820,hicp_sa,32,-3.586422,1.765315,-6.490108,-0.682737,-7.381850,-1.203247,0,-5.304063,-10.740857,0.132731
z_ext_jk_mp_pm,10.820,hicp_sa,33,-2.816960,1.594157,-5.439115,-0.194804,-6.244398,-0.664847,0,-4.515104,-9.644064,0.613856
z_ext_jk_mp_pm,10.820,hicp_sa,34,-2.255715,1.570753,-4.839375,0.327944,-5.475760,-0.056661,0,-3.862766,-8.776527,1.050995
z_ext_jk_mp_pm,10.820,hicp_sa,35,-1.605659,1.354639,-3.833843,0.622525,-4.314938,0.358568,0,-3.190295,-7.762529,1.381939
z_ext_jk_mp_pm,10.820,hicp_sa,36,-2.161965,1.361302,-4.401108,0.077177,-5.020700,-0.256142,0,-3.679525,-8.226826,0.867777
z_ext_jk_mp_pm,10.820,hicp_sa,37,-2.000190,1.240361,-4.040402,0.040023,-4.604948,-0.263684,0,-3.513151,-8.078879,1.052577
z_ext_jk_mp_pm,10.820,hicp_sa,38,-2.454906,1.334428,-4.649844,-0.259968,-5.257204,-0.586707,0,-4.071065,-8.835700,0.693569
z_ext_jk_mp_pm,10.820,hicp_sa,39,-2.363130,1.267326,-4.447696,-0.278565,-4.771049,-0.398776,0,-4.317601,-9.101162,0.465959
z_ext_jk_mp_pm,10.820,hicp_sa,40,-2.001727,1.368252,-4.252301,0.248848,-4.601405,0.050651,0,-4.286777,-9.135519,0.561966
z_ext_jk_mp_pm,10.820,hicp_sa,41,-1.613180,1.419695,-3.948371,0.722010,-4.310601,0.516362,0,-4.225586,-8.980242,0.529070
z_ext_jk_mp_pm,10.820,hicp_sa,42,-1.682061,1.414778,-4.009164,0.645041,-4.511617,0.369367,0,-4.433931,-9.261429,0.393568
z_ext_jk_mp_pm,10.820,hicp_sa,43,-0.878929,1.274631,-2.975511,1.217653,-3.428192,0.969286,0,-3.651155,-8.059741,0.757430
z_ext_jk_mp_pm,10.820,hicp_sa,44,-0.273699,1.077019,-2.045238,1.497841,-2.320036,1.395681,0,-3.054609,-7.112441,1.003223
z_ext_jk_mp_pm,10.820,hicp_sa,45,-0.661721,0.930806,-2.192761,0.869319,-2.290632,0.874109,0,-3.338327,-7.239787,0.563133
z_ext_jk_mp_pm,10.820,hicp_sa,46,-0.630292,1.056667,-2.368354,1.107771,-2.268126,1.324543,0,-3.149330,-6.736093,0.437434
z_ext_jk_mp_pm,10.820,hicp_sa,47,-0.819420,1.029541,-2.512865,0.874025,-2.569640,0.982278,0,-3.270992,-6.794323,0.252340
z_ext_jk_mp_pm,10.820,hicp_sa,48,-0.868783,1.042615,-2.583731,0.846166,-2.745489,0.851531,0,-3.404340,-6.990142,0.181463
z_ext_jk_mp_pm,10.820,stoxx,0,-7.864395,10.553605,-25.223530,9.494740,-30.554645,9.549053,0,-7.628297,-24.936787,9.680194
z_ext_jk_mp_pm,10.820,stoxx,1,-10.517327,14.855381,-34.952254,13.917599,-43.199165,11.765743,0,-7.635598,-30.728196,15.457001
z_ext_jk_mp_pm,10.820,stoxx,2,6.507653,15.273807,-18.615523,31.630830,-18.694127,36.291576,0,8.757648,-16.103996,33.619291
z_ext_jk_mp_pm,10.820,stoxx,3,23.262159,19.177391,-8.281843,54.806161,-7.421667,60.658072,0,29.003940,-6.034430,64.042310
z_ext_jk_mp_pm,10.820,stoxx,4,30.067537,19.843343,-2.571859,62.706932,-7.634816,61.816886,0,37.529240,1.178548,73.879932
z_ext_jk_mp_pm,10.820,stoxx,5,8.575772,20.237304,-24.711630,41.863174,-26.839510,42.979188,0,15.383699,-26.044493,56.811890
z_ext_jk_mp_pm,10.820,stoxx,6,-14.692298,28.054405,-60.837688,31.453093,-63.787507,33.000191,0,-10.101931,-62.851225,42.647363
z_ext_jk_mp_pm,10.820,stoxx,7,-19.875614,25.054909,-61.087272,21.336044,-64.974450,21.464985,0,-16.737133,-65.499276,32.025010
z_ext_jk_mp_pm,10.820,stoxx,8,-27.732983,19.395223,-59.635286,4.169320,-65.553668,1.359852,0,-26.387496,-73.504124,20.729132
z_ext_jk_mp_pm,10.820,stoxx,9,-29.061812,19.014250,-60.337471,2.213846,-67.090313,-1.491149,0,-26.581699,-71.012540,17.849142
z_ext_jk_mp_pm,10.820,stoxx,10,-30.620364,20.474167,-64.297372,3.056644,-68.497573,2.138303,0,-33.206779,-75.406236,8.992679
z_ext_jk_mp_pm,10.820,stoxx,11,-11.362405,27.062858,-55.876845,33.152034,-58.722406,33.291310,0,-14.442218,-62.506095,33.621659
z_ext_jk_mp_pm,10.820,stoxx,12,0.547988,23.493477,-38.095342,39.191319,-40.565596,39.312225,0,-4.299835,-54.399581,45.799911
z_ext_jk_mp_pm,10.820,stoxx,13,-0.998874,21.123415,-35.743800,33.746053,-39.021021,32.798591,0,-10.126283,-63.894233,43.641667
z_ext_jk_mp_pm,10.820,stoxx,14,10.732098,21.321363,-24.338424,45.802619,-24.448151,48.044483,0,6.074117,-48.964245,61.112479
z_ext_jk_mp_pm,10.820,stoxx,15,19.218664,18.854868,-11.794834,50.232162,-10.949125,53.157426,0,13.561909,-39.853272,66.977091
z_ext_jk_mp_pm,10.820,stoxx,16,32.531688,18.113824,2.737100,62.326277,6.266644,68.759336,0,29.640978,-19.319915,78.601871
z_ext_jk_mp_pm,10.820,stoxx,17,41.843772,17.337241,13.326549,70.360996,16.704773,76.518254,0,39.621871,-10.467566,89.711308
z_ext_jk_mp_pm,10.820,stoxx,18,11.297492,18.059969,-18.408514,41.003498,-18.501457,42.902438,0,3.222626,-43.216613,49.661866
z_ext_jk_mp_pm,10.820,stoxx,19,8.982651,18.637300,-21.672980,39.638282,-21.768894,41.597927,0,4.402494,-41.140463,49.945451
z_ext_jk_mp_pm,10.820,stoxx,20,4.476950,16.608775,-22.842054,31.795954,-24.588407,32.711867,0,-3.714145,-47.661753,40.233464
z_ext_jk_mp_pm,10.820,stoxx,21,30.896758,12.568905,10.222749,51.570767,12.043400,54.777677,0,23.560933,-19.602462,66.724329
z_ext_jk_mp_pm,10.820,stoxx,22,36.797019,15.084068,11.985936,61.608103,14.925121,66.965154,0,35.197152,-9.374768,79.769072
z_ext_jk_mp_pm,10.820,stoxx,23,-3.364774,13.175796,-25.037030,18.307482,-27.081207,17.716500,0,-5.642582,-43.974808,32.689644
z_ext_jk_mp_pm,10.820,stoxx,24,-11.821828,16.698862,-39.289012,15.645357,-43.549666,14.061409,0,-11.473403,-51.882237,28.935431
z_ext_jk_mp_pm,10.820,stoxx,25,-7.158327,18.926563,-38.289752,23.973099,-44.065124,21.231517,0,-6.752702,-48.492130,34.986726
z_ext_jk_mp_pm,10.820,stoxx,26,-14.380413,19.616630,-46.646899,17.886072,-55.575337,13.082869,0,-16.582785,-60.462400,27.296829
z_ext_jk_mp_pm,10.820,stoxx,27,-24.423307,23.473092,-63.033108,14.186494,-72.543146,8.439023,0,-26.264081,-73.777729,21.249566
z_ext_jk_mp_pm,10.820,stoxx,28,-25.286329,22.013937,-61.496033,10.923375,-68.213506,7.734576,0,-31.002190,-78.282024,16.277644
z_ext_jk_mp_pm,10.820,stoxx,29,-16.828517,16.761799,-44.399223,10.742190,-46.999756,9.990362,0,-17.847765,-62.268867,26.573338
z_ext_jk_mp_pm,10.820,stoxx,30,-12.855594,13.240005,-34.633464,8.922276,-35.363602,9.652414,0,-8.683786,-58.521194,41.153623
z_ext_jk_mp_pm,10.820,stoxx,31,-17.102636,17.498278,-45.884742,11.679471,-48.599537,10.894609,0,-10.460746,-65.711141,44.789650
z_ext_jk_mp_pm,10.820,stoxx,32,-10.579970,16.430790,-37.606214,16.446274,-36.047694,20.638531,0,-3.790798,-61.730709,54.149113
z_ext_jk_mp_pm,10.820,stoxx,33,-3.551642,15.178269,-28.517673,21.414388,-27.077959,25.287069,0,4.259972,-54.418911,62.938855
z_ext_jk_mp_pm,10.820,stoxx,34,16.513140,17.006235,-11.459628,44.485907,-7.295589,52.226233,0,28.489041,-32.196350,89.174432
z_ext_jk_mp_pm,10.820,stoxx,35,25.953357,21.807593,-9.916941,61.823656,-3.486893,73.930062,0,38.424329,-28.321884,105.170541
z_ext_jk_mp_pm,10.820,stoxx,36,8.353351,17.875575,-21.049353,37.756055,-15.778675,46.785836,0,17.820332,-33.753772,69.394437
z_ext_jk_mp_pm,10.820,stoxx,37,13.105971,24.252758,-26.786266,52.998207,-18.422614,67.674675,0,23.390463,-29.525908,76.306834
z_ext_jk_mp_pm,10.820,stoxx,38,11.445656,24.036402,-28.090707,50.982019,-22.205307,61.922101,0,23.701965,-30.399739,77.803669
z_ext_jk_mp_pm,10.820,stoxx,39,9.781881,21.128519,-24.971440,44.535202,-20.854471,53.095345,0,20.331754,-31.539348,72.202856
z_ext_jk_mp_pm,10.820,stoxx,40,5.396185,17.609638,-23.569092,34.361462,-17.496344,45.017870,0,16.464527,-34.202219,67.131274
z_ext_jk_mp_pm,10.820,stoxx,41,0.738492,15.032968,-23.988541,25.465524,-21.059312,31.556076,0,11.882134,-36.822355,60.586622
z_ext_jk_mp_pm,10.820,stoxx,42,-0.274857,15.604742,-25.942373,25.392660,-24.462207,28.593916,0,10.192930,-38.400587,58.786446
z_ext_jk_mp_pm,10.820,stoxx,43,1.175642,19.098155,-30.238027,32.589311,-26.516682,39.371951,0,15.614419,-31.295481,62.524319
z_ext_jk_mp_pm,10.820,stoxx,44,1.679214,17.569477,-27.220005,30.578432,-23.796528,37.696642,0,17.754993,-27.895125,63.405111
z_ext_jk_mp_pm,10.820,stoxx,45,2.444697,18.266336,-27.600753,32.490146,-22.214858,41.717320,0,18.943717,-29.193504,67.080939
z_ext_jk_mp_pm,10.820,stoxx,46,5.282772,18.528290,-25.193552,35.759097,-18.804004,46.971424,0,22.041829,-27.297473,71.381130
z_ext_jk_mp_pm,10.820,stoxx,47,3.778323,19.061239,-27.574625,35.131271,-22.907411,43.806924,0,21.327752,-28.352573,71.008077
z_ext_jk_mp_pm,10.820,stoxx,48,16.286915,19.435570,-15.681753,48.255583,-10.922883,56.129834,0,30.701138,-22.329997,83.732272
z_ext_jk_mp_median,2.799,ois1m,0,1.000000,0.000000,1.000000,1.000000,1.000000,1.000000,0,1.000000,1.000000,1.000000
z_ext_jk_mp_median,2.799,ois1m,1,0.892176,0.360537,0.299145,1.485207,-1.739745,2.081949,0,1.034149,0.327240,1.741059
z_ext_jk_mp_median,2.799,ois1m,2,0.127970,0.729220,-1.071490,1.327429,-7.164227,1.148877,1,0.296172,-1.116090,1.708435
z_ext_jk_mp_median,2.799,ois1m,3,0.803082,0.957639,-0.772094,2.378258,-5.613098,3.101415,0,1.100746,-0.318265,2.519757
z_ext_jk_mp_median,2.799,ois1m,4,1.263507,0.884781,-0.191829,2.718843,-5.018441,3.254266,0,1.490140,-0.605654,3.585935
z_ext_jk_mp_median,2.799,ois1m,5,1.159089,0.995676,-0.478653,2.796830,-2.624480,4.643955,0,1.309405,-1.385030,4.003840
z_ext_jk_mp_median,2.799,ois1m,6,1.640062,1.195307,-0.326043,3.606167,-1.527501,10.066977,0,1.818622,-1.622896,5.260139
z_ext_jk_mp_median,2.799,ois1m,7,0.785391,1.253388,-1.276248,2.847031,-6.734937,3.981531,0,0.844885,-3.060208,4.749978
z_ext_jk_mp_median,2.799,ois1m,8,0.693834,1.342377,-1.514179,2.901848,-6.957714,4.184014,0,0.498198,-3.716845,4.713242
z_ext_jk_mp_median,2.799,ois1m,9,-0.052066,1.529736,-2.568257,2.464126,-13.131308,2.471999,0,-0.378340,-4.855812,4.099132
z_ext_jk_mp_median,2.799,ois1m,10,-0.698896,1.798937,-3.657884,2.260092,-18.688265,1.729669,1,-1.222091,-5.975209,3.531028
z_ext_jk_mp_median,2.799,ois1m,11,0.167504,1.531634,-2.351809,2.686817,-12.698220,2.924445,0,-0.373663,-4.622825,3.875499
z_ext_jk_mp_median,2.799,ois1m,12,-0.408288,1.726335,-3.247856,2.431280,-17.671638,2.094898,1,-0.918575,-5.478064,3.640914
z_ext_jk_mp_median,2.799,ois1m,13,-0.165065,1.742029,-3.030448,2.700318,-17.585355,2.447979,1,-0.472773,-4.892805,3.947258
z_ext_jk_mp_median,2.799,ois1m,14,0.675000,1.611654,-1.975935,3.325936,-12.137652,4.462388,0,0.541373,-3.447311,4.530058
z_ext_jk_mp_median,2.799,ois1m,15,0.350913,1.615401,-2.306184,3.008011,-12.168443,3.420175,0,0.190015,-3.699341,4.079370
z_ext_jk_mp_median,2.799,ois1m,16,-0.057598,1.805980,-3.028171,2.912975,-17.124109,2.831970,0,-0.113481,-4.208670,3.981707
z_ext_jk_mp_median,2.799,ois1m,17,0.477903,1.588837,-2.135502,3.091308,-10.246750,3.973345,0,0.360852,-3.460951,4.182654
z_ext_jk_mp_median,2.799,ois1m,18,0.070842,1.587952,-2.541107,2.682791,-15.252898,2.532168,0,-0.149888,-4.198308,3.898533
z_ext_jk_mp_median,2.799,ois1m,19,-0.135384,1.677979,-2.895413,2.624646,-15.908386,2.213787,0,-0.247412,-4.525592,4.030768
z_ext_jk_mp_median,2.799,ois1m,20,-0.254648,1.782294,-3.186262,2.676965,-12.641594,2.507908,0,-0.509753,-4.805695,3.786188
z_ext_jk_mp_median,2.799,ois1m,21,0.378264,1.728680,-2.465161,3.221689,-7.746530,4.267793,0,0.122901,-3.810026,4.055829
z_ext_jk_mp_median,2.799,ois1m,22,0.220932,1.619788,-2.443382,2.885246,-7.311081,3.784465,0,-0.005153,-3.809858,3.799551
z_ext_jk_mp_median,2.799,ois1m,23,-0.631681,1.636465,-3.323426,2.060065,-10.614117,1.741193,0,-1.054121,-5.101528,2.993286
z_ext_jk_mp_median,2.799,ois1m,24,-0.614845,1.635777,-3.305460,2.075769,-10.756665,1.593454,0,-0.905071,-4.915784,3.105642
z_ext_jk_mp_median,2.799,ois1m,25,-1.042430,1.864467,-4.109205,2.024345,-14.093697,1.194931,0,-1.313626,-5.542546,2.915294
z_ext_jk_mp_median,2.799,ois1m,26,-2.224822,2.468566,-6.285252,1.835608,-19.257929,0.614030,0,-2.447554,-7.407030,2.511922
z_ext_jk_mp_median,2.799,ois1m,27,-3.111475,3.090820,-8.195422,1.972472,-24.747218,0.442969,0,-3.258869,-8.977044,2.459306
z_ext_jk_mp_median,2.799,ois1m,28,-2.921842,2.935489,-7.750291,1.906607,-22.589616,0.600744,0,-2.992120,-8.278900,2.294661
z_ext_jk_mp_median,2.799,ois1m,29,-2.701860,2.613883,-7.001315,1.597595,-18.907934,0.565494,0,-2.900621,-7.791328,1.990087
z_ext_jk_mp_median,2.799,ois1m,30,-2.494421,2.176566,-6.074553,1.085711,-15.336159,0.226286,0,-2.842668,-7.447712,1.762377
z_ext_jk_mp_median,2.799,ois1m,31,-1.687807,1.752600,-4.570577,1.194963,-9.399246,1.291613,0,-1.997529,-6.014248,2.019191
z_ext_jk_mp_median,2.799,ois1m,32,-1.998846,1.926782,-5.168121,1.170429,-11.440080,0.987667,0,-2.404807,-6.660501,1.850888
z_ext_jk_mp_median,2.799,ois1m,33,-1.491291,1.748723,-4.367684,1.385102,-9.710289,1.394102,0,-1.984282,-6.338983,2.370418
z_ext_jk_mp_median,2.799,ois1m,34,-1.234043,1.583770,-3.839112,1.371027,-7.806688,1.695932,0,-1.757683,-6.213730,2.698365
z_ext_jk_mp_median,2.799,ois1m,35,-1.266652,1.444757,-3.643066,1.109762,-7.695821,1.333911,0,-1.808352,-6.135768,2.519064
z_ext_jk_mp_median,2.799,ois1m,36,-0.542892,1.190070,-2.500384,1.414600,-4.589132,2.491788,0,-1.052640,-5.363122,3.257842
z_ext_jk_mp_median,2.799,ois1m,37,0.006278,1.130195,-1.852726,1.865283,-2.932227,5.318193,0,-0.318177,-4.758199,4.121845
z_ext_jk_mp_median,2.799,ois1m,38,0.440425,1.040067,-1.270332,2.151183,-1.015668,9.280993,0,0.259215,-4.285941,4.804371
z_ext_jk_mp_median,2.799,ois1m,39,1.005118,1.333686,-1.188601,3.198836,-0.395253,14.341982,1,0.842312,-4.094046,5.778669
z_ext_jk_mp_median,2.799,ois1m,40,1.470061,1.670121,-1.277044,4.217165,-0.116554,18.171271,1,1.423880,-3.922329,6.770090
z_ext_jk_mp_median,2.799,ois1m,41,1.277524,1.654410,-1.443739,3.998787,-0.294166,17.821628,1,1.092646,-3.884795,6.070087
z_ext_jk_mp_median,2.799,ois1m,42,1.664132,1.831453,-1.348340,4.676603,-0.075748,19.978658,1,1.318311,-3.700878,6.337501
z_ext_jk_mp_median,2.799,ois1m,43,2.319299,2.211952,-1.319039,5.957637,0.217944,24.438822,1,2.041504,-3.460567,7.543574
z_ext_jk_mp_median,2.799,ois1m,44,2.398372,2.280933,-1.353429,6.150173,0.117439,25.207702,1,2.067063,-3.307924,7.442049
z_ext_jk_mp_median,2.799,ois1m,45,2.962090,2.619172,-1.346065,7.270246,0.473876,29.153815,1,2.753698,-3.274693,8.782088
z_ext_jk_mp_median,2.799,ois1m,46,3.176304,2.773614,-1.385884,7.738493,0.541371,30.912442,1,3.059516,-3.205949,9.324980
z_ext_jk_mp_median,2.799,ois1m,47,3.551773,2.978785,-1.347891,8.451438,0.721928,33.339619,1,3.586942,-3.440927,10.614811
z_ext_jk_mp_median,2.799,ois1m,48,4.039736,3.199307,-1.222655,9.302128,1.000395,35.392944,0,4.264360,-3.609886,12.138606
z_ext_jk_mp_median,2.799,ip,0,1.824844,2.959992,-3.043911,6.693598,-16.231110,31.424767,1,1.224572,-3.883537,6.332681
z_ext_jk_mp_median,2.799,ip,1,3.239604,3.882108,-3.145896,9.625103,-8.212616,34.684680,0,4.049705,-2.872776,10.972186
z_ext_jk_mp_median,2.799,ip,2,4.917545,3.670419,-1.119757,10.954848,-9.030048,23.453163,0,4.956539,-3.012586,12.925663
z_ext_jk_mp_median,2.799,ip,3,-5.451812,6.546928,-16.220549,5.316926,-70.921087,2.077155,1,-6.076041,-20.954081,8.801998
z_ext_jk_mp_median,2.799,ip,4,2.916554,5.916921,-6.815915,12.649023,-18.088515,29.542698,0,1.627365,-11.034972,14.289703
z_ext_jk_mp_median,2.799,ip,5,2.444284,5.758470,-7.027556,11.916124,-29.515223,16.264611,0,-0.041732,-15.803790,15.720327
z_ext_jk_mp_median,2.799,ip,6,-1.399434,6.864473,-12.690487,9.891619,-70.044160,11.299840,1,-3.249158,-23.428687,16.930371
z_ext_jk_mp_median,2.799,ip,7,-0.761288,7.147434,-12.517770,10.995195,-32.209996,23.897359,0,-2.732894,-24.173062,18.707274
z_ext_jk_mp_median,2.799,ip,8,-6.876161,8.824033,-21.390404,7.638082,-94.675291,5.918687,0,-9.621220,-34.824237,15.581798
z_ext_jk_mp_median,2.799,ip,9,-6.190373,8.542985,-20.242333,7.861587,-87.348731,6.624104,0,-9.587279,-35.065981,15.891424
z_ext_jk_mp_median,2.799,ip,10,-5.975964,9.734922,-21.988486,10.036557,-97.970974,8.139672,0,-10.685304,-35.952667,14.582058
z_ext_jk_mp_median,2.799,ip,11,-6.443507,9.049320,-21.328314,8.441300,-96.936708,5.320609,1,-10.979412,-35.170447,13.211623
z_ext_jk_mp_median,2.799,ip,12,-4.208725,7.362290,-16.318615,7.901165,-77.831626,6.098481,1,-9.383766,-30.918945,12.151412
z_ext_jk_mp_median,2.799,ip,13,-4.135562,8.276844,-17.749759,9.478635,-86.904001,7.452020,1,-9.943627,-32.538616,12.651362
z_ext_jk_mp_median,2.799,ip,14,1.773602,6.988129,-9.720848,13.268051,-50.637367,18.894518,0,-1.739217,-19.415112,15.936678
z_ext_jk_mp_median,2.799,ip,15,2.874215,6.956515,-8.568234,14.316664,-30.864882,24.091585,0,0.312075,-16.647910,17.272061
z_ext_jk_mp_median,2.799,ip,16,3.717267,8.781272,-10.726640,18.161174,-24.382803,44.989246,0,2.176141,-15.085660,19.437942
z_ext_jk_mp_median,2.799,ip,17,7.623850,9.217176,-7.537055,22.784756,-12.653937,69.839790,0,6.312530,-11.916997,24.542058
z_ext_jk_mp_median,2.799,ip,18,7.130995,7.372785,-4.996157,19.258148,-13.512803,46.206756,0,5.434431,-12.284055,23.152918
z_ext_jk_mp_median,2.799,ip,19,2.733261,7.320047,-9.307145,14.773667,-36.794992,20.667376,0,0.532893,-18.430314,19.496100
z_ext_jk_mp_median,2.799,ip,20,0.007703,7.137112,-11.731803,11.747208,-30.325025,18.207339,0,-2.044826,-20.865624,16.775972
z_ext_jk_mp_median,2.799,ip,21,-6.605949,7.861739,-19.537358,6.325460,-63.603555,4.793572,0,-9.489716,-31.865826,12.886394
z_ext_jk_mp_median,2.799,ip,22,-6.495265,8.850175,-21.052508,8.061977,-64.906420,7.222506,0,-9.493542,-32.219754,13.232669
z_ext_jk_mp_median,2.799,ip,23,8.257678,8.777608,-6.180203,22.695559,-3.592093,67.067653,0,4.278024,-17.054407,25.610454
z_ext_jk_mp_median,2.799,ip,24,-3.046510,8.987616,-17.829823,11.736803,-38.098213,16.726246,0,-7.013922,-28.545707,14.517863
z_ext_jk_mp_median,2.799,ip,25,0.080537,7.217107,-11.790548,11.951622,-22.653350,19.566727,0,-2.815005,-24.577056,18.947045
z_ext_jk_mp_median,2.799,ip,26,-12.468381,11.894000,-32.032270,7.095507,-82.048281,3.588518,0,-15.650648,-40.989798,9.688502
z_ext_jk_mp_median,2.799,ip,27,-13.684081,14.204994,-37.049217,9.681056,-103.885795,4.782412,0,-14.928847,-41.284733,11.427039
z_ext_jk_mp_median,2.799,ip,28,-12.491471,16.797881,-40.121527,15.138585,-109.079289,11.865457,0,-14.308539,-41.043442,12.426363
z_ext_jk_mp_median,2.799,ip,29,-21.268222,17.211530,-49.578670,7.042227,-118.513369,2.827921,0,-23.259281,-53.665153,7.146592
z_ext_jk_mp_median,2.799,ip,30,-12.545037,13.447600,-34.664371,9.574296,-71.714477,10.315882,0,-13.751159,-39.335499,11.833182
z_ext_jk_mp_median,2.799,ip,31,-7.644164,12.894059,-28.853004,13.564676,-66.956835,12.986331,0,-10.974131,-36.884823,14.936560
z_ext_jk_mp_median,2.799,ip,32,-2.179194,10.667929,-19.726376,15.367988,-28.315620,31.424783,0,-4.275453,-29.571431,21.020524
z_ext_jk_mp_median,2.799,ip,33,0.903154,9.646600,-14.964091,16.770399,-15.496066,45.277514,0,-1.881615,-29.389968,25.626739
z_ext_jk_mp_median,2.799,ip,34,2.824796,8.959098,-11.911608,17.561200,-12.853625,42.244826,0,1.170026,-28.282061,30.622113
z_ext_jk_mp_median,2.799,ip,35,1.986816,8.651922,-12.244329,16.217961,-10.558471,49.139790,0,0.784039,-30.177172,31.745251
z_ext_jk_mp_median,2.799,ip,36,3.642216,8.739415,-10.732843,18.017275,-9.029936,56.515679,0,2.448364,-28.839134,33.735862
z_ext_jk_mp_median,2.799,ip,37,10.721614,10.809491,-7.058416,28.501644,-1.709300,118.816522,1,10.715558,-26.883635,48.314752
z_ext_jk_mp_median,2.799,ip,38,15.603649,12.805577,-5.459651,36.666950,2.157793,143.659423,1,15.648912,-25.723047,57.020870
z_ext_jk_mp_median,2.799,ip,39,15.105997,13.353871,-6.859165,37.071160,1.084433,148.644705,1,16.484473,-23.614467,56.583413
z_ext_jk_mp_median,2.799,ip,40,17.105912,15.943423,-9.118686,43.330510,1.162489,176.540145,1,18.558345,-24.073208,61.189898
z_ext_jk_mp_median,2.799,ip,41,20.694723,17.661746,-8.356263,49.745709,3.916065,197.312179,1,23.821253,-23.927787,71.570293
z_ext_jk_mp_median,2.799,ip,42,19.303817,17.151263,-8.907501,47.515134,2.152553,190.816448,1,22.168984,-21.107684,65.445652
z_ext_jk_mp_median,2.799,ip,43,21.121092,18.669082,-9.586815,51.828999,3.385464,207.811912,1,23.774144,-21.821892,69.370181
z_ext_jk_mp_median,2.799,ip,44,28.586032,23.994773,-10.881857,68.053921,5.790998,268.533758,1,31.218593,-23.470584,85.907769
z_ext_jk_mp_median,2.799,ip,45,29.047720,23.580998,-9.739570,67.835010,6.645772,264.857698,1,32.622888,-23.271824,88.517599
z_ext_jk_mp_median,2.799,ip,46,29.492060,24.355152,-10.568600,69.552721,6.354666,273.043581,1,32.333394,-24.071397,88.738186
z_ext_jk_mp_median,2.799,ip,47,24.156240,21.005103,-10.394080,58.706559,3.151137,234.207269,1,29.187369,-22.238448,80.613186
z_ext_jk_mp_median,2.799,ip,48,23.977548,18.676564,-6.742665,54.697762,5.300984,190.198966,0,30.971514,-20.297923,82.240952
z_ext_jk_mp_median,2.799,hicp_sa,0,-1.561494,1.385518,-3.840468,0.717480,-15.416671,-0.314528,1,-1.548821,-3.890119,0.792476
z_ext_jk_mp_median,2.799,hicp_sa,1,-1.880724,2.128675,-5.382083,1.620634,-23.167472,0.247950,1,-1.930796,-5.517850,1.656258
z_ext_jk_mp_median,2.799,hicp_sa,2,-2.752029,2.655565,-7.120046,1.615987,-29.307682,-0.362021,1,-2.820344,-7.391725,1.751037
z_ext_jk_mp_median,2.799,hicp_sa,3,-1.665108,2.017781,-4.984063,1.653847,-21.842923,0.453562,1,-1.686961,-5.545668,2.171745
z_ext_jk_mp_median,2.799,hicp_sa,4,-1.032244,1.734920,-3.885933,1.821445,-18.381443,1.396644,1,-0.932429,-4.711317,2.846458
z_ext_jk_mp_median,2.799,hicp_sa,5,-0.191459,1.600550,-2.824129,2.441211,-11.235253,2.849586,0,-0.046504,-3.953924,3.860916
z_ext_jk_mp_median,2.799,hicp_sa,6,0.071584,1.608373,-2.573954,2.717123,-13.840844,3.529587,0,0.200904,-4.372784,4.774592
z_ext_jk_mp_median,2.799,hicp_sa,7,-0.838057,1.843050,-3.869604,2.193491,-19.176405,1.926518,0,-0.712642,-5.751980,4.326695
z_ext_jk_mp_median,2.799,hicp_sa,8,-3.245539,2.644103,-7.594701,1.103624,-29.686570,-0.204820,1,-3.267813,-9.502901,2.967276
z_ext_jk_mp_median,2.799,hicp_sa,9,-3.836978,3.089686,-8.919060,1.245104,-34.733842,-0.592807,1,-4.018115,-11.051973,3.015743
z_ext_jk_mp_median,2.799,hicp_sa,10,-3.881736,3.201755,-9.148153,1.384682,-35.899282,-0.519893,1,-4.192617,-11.462083,3.076848
z_ext_jk_mp_median,2.799,hicp_sa,11,-3.381986,2.968442,-8.264639,1.500666,-33.066405,-0.265123,1,-3.512596,-10.547719,3.522527
z_ext_jk_mp_median,2.799,hicp_sa,12,-2.251830,2.470234,-6.315004,1.811343,-26.954174,0.835962,1,-2.162442,-8.975472,4.650588
z_ext_jk_mp_median,2.799,hicp_sa,13,-2.114488,2.811035,-6.738230,2.509253,-30.224839,1.820961,1,-2.340310,-9.737219,5.056599
z_ext_jk_mp_median,2.799,hicp_sa,14,-2.053457,2.961406,-6.924537,2.817623,-31.667521,2.832864,1,-2.485871,-10.116300,5.144559
z_ext_jk_mp_median,2.799,hicp_sa,15,-2.418334,3.109562,-7.533107,2.696440,-33.358471,2.090530,0,-3.019932,-10.863418,4.823553
z_ext_jk_mp_median,2.799,hicp_sa,16,-2.782574,3.245622,-8.121147,2.555998,-35.238791,1.599015,1,-3.566618,-11.952992,4.819756
z_ext_jk_mp_median,2.799,hicp_sa,17,-2.510830,3.222264,-7.810984,2.789323,-34.733475,2.000340,1,-3.304782,-11.783805,5.174242
z_ext_jk_mp_median,2.799,hicp_sa,18,-2.296416,3.325679,-7.766672,3.173840,-35.553209,2.026967,1,-3.050639,-11.779511,5.678233
z_ext_jk_mp_median,2.799,hicp_sa,19,-3.010922,3.746400,-9.173201,3.151357,-40.474918,1.859398,1,-4.093158,-13.657019,5.470703
z_ext_jk_mp_median,2.799,hicp_sa,20,-4.104597,4.023928,-10.723369,2.514176,-38.106787,0.925313,0,-5.529685,-15.859036,4.799666
z_ext_jk_mp_median,2.799,hicp_sa,21,-4.817086,4.067860,-11.508120,1.873948,-39.597289,0.064346,0,-6.338006,-17.050480,4.374468
z_ext_jk_mp_median,2.799,hicp_sa,22,-4.062828,3.956378,-10.570491,2.444835,-33.537845,1.278282,0,-5.586430,-15.595143,4.422283
z_ext_jk_mp_median,2.799,hicp_sa,23,-3.203082,3.657192,-9.218627,2.812462,-25.694810,2.099845,0,-4.547749,-13.843046,4.747548
z_ext_jk_mp_median,2.799,hicp_sa,24,-3.864388,3.875091,-10.238346,2.509570,-28.664972,1.366985,0,-5.119232,-14.778301,4.539837
z_ext_jk_mp_median,2.799,hicp_sa,25,-4.905025,4.090145,-11.632715,1.822666,-31.695477,0.412164,0,-6.206212,-16.287648,3.875224
z_ext_jk_mp_median,2.799,hicp_sa,26,-5.877837,4.197281,-12.781751,1.026076,-33.370030,-0.841100,0,-7.212109,-18.033376,3.609158
z_ext_jk_mp_median,2.799,hicp_sa,27,-6.677783,4.365373,-13.858184,0.502617,-38.545009,-1.657604,0,-8.268866,-20.072422,3.534691
z_ext_jk_mp_median,2.799,hicp_sa,28,-6.785361,4.260195,-13.792759,0.222037,-36.819739,-1.886136,0,-8.628528,-20.191298,2.934241
z_ext_jk_mp_median,2.799,hicp_sa,29,-6.839696,4.560197,-14.340552,0.661161,-37.621025,-1.595469,0,-9.004234,-20.794366,2.785897
z_ext_jk_mp_median,2.799,hicp_sa,30,-7.147617,4.996177,-15.365597,1.070364,-40.622004,-1.651822,0,-9.572503,-22.101923,2.956917
z_ext_jk_mp_median,2.799,hicp_sa,31,-7.862459,5.327698,-16.625742,0.900823,-43.025264,-2.001992,0,-10.553577,-24.017114,2.909960
z_ext_jk_mp_median,2.799,hicp_sa,32,-8.965655,5.676035,-18.301901,0.370591,-48.981698,-2.722017,0,-11.789688,-26.492301,2.912925
z_ext_jk_mp_median,2.799,hicp_sa,33,-7.484143,5.035991,-15.767610,0.799325,-41.980679,-1.692753,0,-10.370390,-23.728261,2.987482
z_ext_jk_mp_median,2.799,hicp_sa,34,-6.896409,4.962135,-15.058395,1.265577,-38.902181,-0.941847,0,-9.945719,-22.967206,3.075769
z_ext_jk_mp_median,2.799,hicp_sa,35,-5.968775,4.391201,-13.191658,1.254108,-33.413782,-0.479774,0,-9.024771,-20.951575,2.902034
z_ext_jk_mp_median,2.799,hicp_sa,36,-7.168822,4.863601,-15.168734,0.831090,-45.591272,-1.818861,0,-10.183367,-23.457785,3.091051
z_ext_jk_mp_median,2.799,hicp_sa,37,-6.429158,4.935769,-14.547775,1.689459,-54.799693,-0.259447,0,-9.763010,-23.604280,4.078261
z_ext_jk_mp_median,2.799,hicp_sa,38,-6.728977,4.888325,-14.769557,1.311603,-55.367815,-0.862986,0,-10.039178,-24.248868,4.170512
z_ext_jk_mp_median,2.799,hicp_sa,39,-6.430995,4.638664,-14.060918,1.198927,-45.627704,-0.168799,0,-9.863138,-23.566268,3.839992
z_ext_jk_mp_median,2.799,hicp_sa,40,-5.899564,4.333397,-13.027368,1.228239,-44.466798,-0.049478,0,-9.508452,-22.882332,3.865428
z_ext_jk_mp_median,2.799,hicp_sa,41,-5.254129,4.016431,-11.860570,1.352313,-36.983934,0.569697,0,-9.242593,-22.137418,3.652231
z_ext_jk_mp_median,2.799,hicp_sa,42,-5.788128,4.281963,-12.831330,1.255074,-43.469402,-0.435674,0,-10.089762,-24.077743,3.898219
z_ext_jk_mp_median,2.799,hicp_sa,43,-4.858167,3.920810,-11.307326,1.590991,-37.400891,0.042845,0,-9.213036,-22.439705,4.013633
z_ext_jk_mp_median,2.799,hicp_sa,44,-3.856158,3.662997,-9.881251,2.168935,-32.427532,1.821487,0,-8.150612,-20.323656,4.022433
z_ext_jk_mp_median,2.799,hicp_sa,45,-3.631512,3.554235,-9.477708,2.214684,-22.291245,4.010093,0,-7.752817,-19.081345,3.575710
z_ext_jk_mp_median,2.799,hicp_sa,46,-2.976387,3.407143,-8.580638,2.627865,-14.560673,7.074685,0,-6.742560,-16.493219,3.008099
z_ext_jk_mp_median,2.799,hicp_sa,47,-3.131780,3.335474,-8.618146,2.354586,-17.641091,4.873357,0,-7.224754,-17.248646,2.799138
z_ext_jk_mp_median,2.799,hicp_sa,48,-3.199494,3.502630,-8.960808,2.561819,-18.435934,4.156029,0,-7.261767,-17.138481,2.614947
z_ext_jk_mp_median,2.799,stoxx,0,-28.597566,27.724318,-74.200011,17.004880,-305.840749,1.899184,1,-31.297029,-81.136970,18.542912
z_ext_jk_mp_median,2.799,stoxx,1,-26.332382,37.883387,-88.645008,35.980245,-405.166252,19.127683,1,-27.500787,-92.579250,37.577676
z_ext_jk_mp_median,2.799,stoxx,2,1.387212,31.104468,-49.775084,52.549508,-247.448529,76.037934,0,-2.948213,-56.447881,50.551455
z_ext_jk_mp_median,2.799,stoxx,3,37.103683,32.833141,-16.902028,91.109395,-36.770885,271.860645,0,39.305628,-19.748185,98.359442
z_ext_jk_mp_median,2.799,stoxx,4,55.012788,31.411994,3.344656,106.680921,-25.087796,248.196551,0,60.145935,-4.570085,124.861954
z_ext_jk_mp_median,2.799,stoxx,5,28.767693,35.666871,-29.899088,87.434474,-63.966170,210.668733,0,32.421048,-34.902822,99.744918
z_ext_jk_mp_median,2.799,stoxx,6,1.369224,43.035675,-69.418162,72.156611,-162.166341,212.244032,0,4.456726,-75.420160,84.333611
z_ext_jk_mp_median,2.799,stoxx,7,0.837883,37.483575,-60.817110,62.492877,-177.209096,120.785322,0,0.721977,-77.378137,78.822091
z_ext_jk_mp_median,2.799,stoxx,8,6.095709,33.652030,-49.256955,61.448373,-168.894848,102.003996,0,-1.119504,-81.303680,79.064671
z_ext_jk_mp_median,2.799,stoxx,9,10.276502,36.327199,-49.476423,70.029427,-164.094053,117.441739,0,4.035737,-74.796851,82.868326
z_ext_jk_mp_median,2.799,stoxx,10,-8.841624,43.128407,-79.781542,62.098293,-222.327241,111.917917,0,-17.498643,-98.240334,63.243047
z_ext_jk_mp_median,2.799,stoxx,11,14.808427,49.988990,-67.416144,97.032998,-152.654689,242.258331,0,7.144524,-80.151326,94.440373
z_ext_jk_mp_median,2.799,stoxx,12,36.056024,46.607524,-40.606531,112.718579,-71.141281,397.264335,0,31.339025,-60.689620,123.367669
z_ext_jk_mp_median,2.799,stoxx,13,34.474684,39.106950,-29.850524,98.799892,-73.069427,316.044721,0,27.715067,-62.256322,117.686456
z_ext_jk_mp_median,2.799,stoxx,14,42.979009,37.880903,-19.329531,105.287549,-49.829202,330.873868,0,45.488815,-50.006633,140.984263
z_ext_jk_mp_median,2.799,stoxx,15,48.951530,35.387609,-9.255907,107.158968,-11.207406,355.054351,0,51.600168,-43.644601,146.844936
z_ext_jk_mp_median,2.799,stoxx,16,52.133774,35.136113,-5.659989,109.927536,4.700021,403.494902,1,56.259161,-37.624898,150.143220
z_ext_jk_mp_median,2.799,stoxx,17,65.384396,48.274724,-14.020459,144.789252,5.040991,548.131639,1,72.059715,-34.279489,178.398920
z_ext_jk_mp_median,2.799,stoxx,18,9.334373,39.590407,-55.786052,74.454797,-105.477808,213.224969,0,10.180051,-71.397807,91.757910
z_ext_jk_mp_median,2.799,stoxx,19,-3.307908,38.280165,-66.273176,59.657361,-179.396668,105.790563,0,0.644254,-80.737618,82.026126
z_ext_jk_mp_median,2.799,stoxx,20,-4.661678,33.425998,-59.642553,50.319196,-176.805569,65.532918,0,-5.213562,-84.459073,74.031949
z_ext_jk_mp_median,2.799,stoxx,21,40.879611,25.910800,-1.739862,83.499084,3.308951,226.141830,0,42.180106,-38.201473,122.561684
z_ext_jk_mp_median,2.799,stoxx,22,69.388192,43.937300,-2.882236,141.658620,23.254026,488.989410,0,80.657549,-26.537618,187.852715
z_ext_jk_mp_median,2.799,stoxx,23,-2.325127,35.418290,-60.583029,55.932775,-90.870851,125.180716,0,4.671982,-69.788594,79.132559
z_ext_jk_mp_median,2.799,stoxx,24,-13.808117,39.162540,-78.224762,50.608529,-131.295736,97.805122,0,-7.765282,-85.828527,70.297963
z_ext_jk_mp_median,2.799,stoxx,25,7.553681,40.467652,-59.009684,74.117045,-79.451772,163.354142,0,10.909693,-71.467183,93.286569
z_ext_jk_mp_median,2.799,stoxx,26,-15.974494,32.957915,-70.185440,38.236451,-162.637214,43.349752,0,-16.524707,-92.341651,59.292236
z_ext_jk_mp_median,2.799,stoxx,27,-32.296869,43.837811,-104.403651,39.809913,-251.485924,40.035519,0,-31.356040,-113.228737,50.516656
z_ext_jk_mp_median,2.799,stoxx,28,-27.486878,41.444313,-95.656706,40.682950,-193.264129,57.473963,0,-30.638729,-112.868606,51.591149
z_ext_jk_mp_median,2.799,stoxx,29,-3.867651,30.767737,-54.476076,46.740773,-80.786995,93.050722,0,-3.205113,-82.533570,76.123345
z_ext_jk_mp_median,2.799,stoxx,30,8.518888,28.762531,-38.791265,55.829040,-47.568047,120.692757,0,11.197545,-76.059812,98.454903
z_ext_jk_mp_median,2.799,stoxx,31,5.556245,34.768725,-51.633218,62.745707,-62.242768,139.415834,0,9.373561,-82.794047,101.541169
z_ext_jk_mp_median,2.799,stoxx,32,10.736267,33.535390,-44.424541,65.897074,-42.920357,171.706138,0,12.437942,-84.821968,109.697853
z_ext_jk_mp_median,2.799,stoxx,33,18.625822,28.311581,-27.942585,65.194229,-29.503866,147.443516,0,19.233326,-75.941343,114.407996
z_ext_jk_mp_median,2.799,stoxx,34,38.736093,30.328945,-11.150582,88.622768,-3.724430,208.578183,0,40.870459,-58.051551,139.792470
z_ext_jk_mp_median,2.799,stoxx,35,56.129334,43.512783,-15.442825,127.701493,6.089634,356.367538,0,62.482400,-56.209917,181.174718
z_ext_jk_mp_median,2.799,stoxx,36,46.319513,39.600712,-18.817861,111.456888,2.758730,353.225030,0,53.568161,-55.811055,162.947377
z_ext_jk_mp_median,2.799,stoxx,37,55.515931,55.242523,-35.349934,146.381796,-2.488718,607.941164,1,69.694857,-64.905597,204.295312
z_ext_jk_mp_median,2.799,stoxx,38,69.279354,61.386697,-31.692777,170.251484,7.892657,683.146320,1,86.237351,-70.508513,242.983215
z_ext_jk_mp_median,2.799,stoxx,39,75.701433,64.939835,-31.115090,182.517956,10.761598,725.099782,1,88.912607,-71.250984,249.076197
z_ext_jk_mp_median,2.799,stoxx,40,70.332065,69.372836,-43.776096,184.440227,0.959229,764.060428,1,82.468726,-77.501183,242.438634
z_ext_jk_mp_median,2.799,stoxx,41,50.423041,56.936318,-43.228868,144.074951,-9.360093,619.786222,1,60.290217,-70.148651,190.729085
z_ext_jk_mp_median,2.799,stoxx,42,26.497390,42.082661,-42.722427,95.717207,-30.314202,375.783472,0,37.547836,-71.733447,146.829119
z_ext_jk_mp_median,2.799,stoxx,43,41.595912,54.589478,-48.195789,131.387612,-18.452514,560.195952,0,57.513755,-65.387044,180.414554
z_ext_jk_mp_median,2.799,stoxx,44,28.105299,55.893556,-63.831420,120.042018,-38.966968,587.040862,1,46.847734,-65.456789,159.152256
z_ext_jk_mp_median,2.799,stoxx,45,33.074059,59.155505,-64.228088,130.376206,-23.123671,624.629109,1,56.688991,-73.752193,187.130176
z_ext_jk_mp_median,2.799,stoxx,46,33.858226,58.482101,-62.336269,130.052721,-21.699769,618.679232,1,55.720390,-80.448937,191.889716
z_ext_jk_mp_median,2.799,stoxx,47,35.405751,53.133867,-51.991683,122.803186,-17.728116,566.744425,1,52.416611,-89.043862,193.877084
z_ext_jk_mp_median,2.799,stoxx,48,39.923445,53.751728,-48.490280,128.337170,-19.203456,475.312443,0,50.606094,-86.447931,187.660119
z_ext_jk_mp_pm_bs,10.778,ois1m,0,1.000000,0.000000,1.000000,1.000000,1.000000,1.000000,0,1.000000,1.000000,1.000000
z_ext_jk_mp_pm_bs,10.778,ois1m,1,0.964462,0.234145,0.579328,1.349596,0.507880,1.362508,0,1.000844,0.537885,1.463802
z_ext_jk_mp_pm_bs,10.778,ois1m,2,0.465028,0.390789,-0.177763,1.107819,-0.355629,1.051212,0,0.497322,-0.348779,1.343423
z_ext_jk_mp_pm_bs,10.778,ois1m,3,1.073466,0.544794,0.177359,1.969572,0.092836,2.026855,0,1.160181,0.277196,2.043166
z_ext_jk_mp_pm_bs,10.778,ois1m,4,1.217323,0.534058,0.338876,2.095771,0.175910,2.045114,0,1.288070,-0.082121,2.658261
z_ext_jk_mp_pm_bs,10.778,ois1m,5,0.970590,0.612863,-0.037479,1.978660,-0.193849,1.951171,0,0.948369,-0.817531,2.714269
z_ext_jk_mp_pm_bs,10.778,ois1m,6,1.269789,0.683696,0.145210,2.394369,0.039137,2.397888,0,1.315855,-0.884411,3.516121
z_ext_jk_mp_pm_bs,10.778,ois1m,7,0.766997,0.859821,-0.647284,2.181277,-0.952646,2.056729,0,0.763038,-1.832388,3.358464
z_ext_jk_mp_pm_bs,10.778,ois1m,8,0.332788,0.951346,-1.232037,1.897613,-1.569905,1.759807,0,0.229973,-2.652659,3.112605
z_ext_jk_mp_pm_bs,10.778,ois1m,9,-0.227194,1.019590,-1.904270,1.449883,-2.317353,1.251212,0,-0.394024,-3.421952,2.633904
z_ext_jk_mp_pm_bs,10.778,ois1m,10,-0.570904,1.051408,-2.300316,1.158509,-2.726290,0.953638,0,-0.848675,-3.844279,2.146928
z_ext_jk_mp_pm_bs,10.778,ois1m,11,-0.180679,0.919464,-1.693062,1.331704,-2.019606,1.152544,0,-0.489456,-3.300810,2.321898
z_ext_jk_mp_pm_bs,10.778,ois1m,12,-0.482431,0.870753,-1.914692,0.949831,-2.267475,0.780162,0,-0.792328,-3.568657,1.984002
z_ext_jk_mp_pm_bs,10.778,ois1m,13,-0.454047,0.869949,-1.884986,0.976891,-2.193945,0.807378,0,-0.672366,-3.393383,2.048652
z_ext_jk_mp_pm_bs,10.778,ois1m,14,0.086613,0.847816,-1.307920,1.481146,-1.524237,1.400728,0,-0.069046,-2.531344,2.393252
z_ext_jk_mp_pm_bs,10.778,ois1m,15,0.045909,0.866958,-1.380111,1.471928,-1.514616,1.433042,0,-0.063546,-2.433408,2.306316
z_ext_jk_mp_pm_bs,10.778,ois1m,16,-0.041922,0.986589,-1.664717,1.580872,-1.768454,1.635279,0,-0.143160,-2.562354,2.276035
z_ext_jk_mp_pm_bs,10.778,ois1m,17,0.351790,0.927796,-1.174298,1.877879,-1.179073,2.021823,0,0.095959,-2.191961,2.383879
z_ext_jk_mp_pm_bs,10.778,ois1m,18,0.263115,0.893929,-1.207268,1.733498,-1.301261,1.782795,0,-0.062144,-2.438386,2.314097
z_ext_jk_mp_pm_bs,10.778,ois1m,19,0.326651,0.895845,-1.146883,1.800185,-1.196286,1.849588,0,0.020003,-2.398487,2.438492
z_ext_jk_mp_pm_bs,10.778,ois1m,20,0.218679,0.864208,-1.202817,1.640174,-1.250474,1.687832,0,-0.265694,-2.698553,2.167165
z_ext_jk_mp_pm_bs,10.778,ois1m,21,0.464621,0.954629,-1.105603,2.034846,-1.158247,2.087490,0,-0.092345,-2.498785,2.314095
z_ext_jk_mp_pm_bs,10.778,ois1m,22,0.407779,0.895399,-1.065021,1.880579,-1.069629,1.974727,0,-0.162408,-2.525593,2.200776
z_ext_jk_mp_pm_bs,10.778,ois1m,23,0.194270,0.790903,-1.106650,1.495190,-1.150266,1.538805,0,-0.507943,-2.929073,1.913186
z_ext_jk_mp_pm_bs,10.778,ois1m,24,0.274856,0.702645,-0.880892,1.430604,-0.954773,1.434220,0,-0.449413,-2.958954,2.060128
z_ext_jk_mp_pm_bs,10.778,ois1m,25,-0.001642,0.740225,-1.219204,1.215921,-1.482093,1.071685,0,-0.735712,-3.400754,1.929329
z_ext_jk_mp_pm_bs,10.778,ois1m,26,-0.578242,0.975139,-2.182203,1.025719,-2.626035,0.786953,0,-1.310364,-4.087013,1.466285
z_ext_jk_mp_pm_bs,10.778,ois1m,27,-1.227157,1.297999,-3.362176,0.907862,-4.017855,0.525142,0,-1.933232,-4.962958,1.096494
z_ext_jk_mp_pm_bs,10.778,ois1m,28,-1.192550,1.327042,-3.375340,0.990241,-3.912987,0.665310,0,-1.820562,-4.701442,1.060319
z_ext_jk_mp_pm_bs,10.778,ois1m,29,-1.151909,1.250621,-3.208997,0.905179,-3.715681,0.598960,0,-1.845539,-4.376515,0.685437
z_ext_jk_mp_pm_bs,10.778,ois1m,30,-1.345006,1.102484,-3.158430,0.468419,-3.660222,0.198471,0,-2.086995,-4.434695,0.260706
z_ext_jk_mp_pm_bs,10.778,ois1m,31,-0.675817,0.890233,-2.140120,0.788486,-2.367260,0.704044,0,-1.327132,-3.492039,0.837774
z_ext_jk_mp_pm_bs,10.778,ois1m,32,-0.791520,0.829740,-2.156322,0.573281,-2.409514,0.453090,0,-1.450064,-3.657666,0.757538
z_ext_jk_mp_pm_bs,10.778,ois1m,33,-0.450621,0.619660,-1.469871,0.568629,-1.627975,0.478869,0,-1.123214,-3.540536,1.294108
z_ext_jk_mp_pm_bs,10.778,ois1m,34,-0.109111,0.616622,-1.123363,0.905141,-1.157367,0.939146,0,-0.732838,-3.350796,1.885120
z_ext_jk_mp_pm_bs,10.778,ois1m,35,-0.190746,0.619492,-1.209719,0.828227,-1.274857,0.862390,0,-0.730133,-3.306120,1.845855
z_ext_jk_mp_pm_bs,10.778,ois1m,36,0.193792,0.657674,-0.887985,1.275570,-0.858486,1.377605,0,-0.259348,-2.973298,2.454603
z_ext_jk_mp_pm_bs,10.778,ois1m,37,0.470603,0.667559,-0.627433,1.568639,-0.564113,1.738964,0,0.230861,-2.466145,2.927867
z_ext_jk_mp_pm_bs,10.778,ois1m,38,0.524962,0.697233,-0.621885,1.671809,-0.451165,1.954290,0,0.347868,-2.358257,3.053993
z_ext_jk_mp_pm_bs,10.778,ois1m,39,0.501874,0.681246,-0.618675,1.622423,-0.485932,1.898427,0,0.330329,-2.354332,3.014990
z_ext_jk_mp_pm_bs,10.778,ois1m,40,0.516758,0.665733,-0.578274,1.611791,-0.415267,1.914797,0,0.506715,-2.214138,3.227567
z_ext_jk_mp_pm_bs,10.778,ois1m,41,0.201215,0.576854,-0.747624,1.150055,-0.606380,1.412608,0,0.067600,-2.399172,2.534372
z_ext_jk_mp_pm_bs,10.778,ois1m,42,0.061748,0.492280,-0.747981,0.871476,-0.676673,1.021694,0,-0.252081,-2.503106,1.998944
z_ext_jk_mp_pm_bs,10.778,ois1m,43,0.178404,0.467898,-0.591220,0.948029,-0.523443,1.090806,0,-0.047156,-2.275762,2.181450
z_ext_jk_mp_pm_bs,10.778,ois1m,44,0.291494,0.448906,-0.446891,1.029879,-0.381865,1.166862,0,0.043310,-2.129356,2.215977
z_ext_jk_mp_pm_bs,10.778,ois1m,45,0.547623,0.593181,-0.428073,1.523320,-0.342148,1.704327,0,0.383587,-1.784473,2.551646
z_ext_jk_mp_pm_bs,10.778,ois1m,46,0.812702,0.647853,-0.252922,1.878326,-0.094292,2.173194,0,0.757568,-1.487921,3.003058
z_ext_jk_mp_pm_bs,10.778,ois1m,47,1.035413,0.671158,-0.068544,2.139371,0.129350,2.478404,0,1.140310,-1.235365,3.515986
z_ext_jk_mp_pm_bs,10.778,ois1m,48,1.210970,0.710561,0.042200,2.379740,0.216184,2.703149,0,1.325072,-1.155295,3.805439
z_ext_jk_mp_pm_bs,10.778,ip,0,0.416621,1.671258,-2.332354,3.165597,-3.176584,3.174198,0,0.167626,-2.674214,3.009465
z_ext_jk_mp_pm_bs,10.778,ip,1,1.926168,2.152628,-1.614590,5.466927,-2.594351,5.262743,0,2.740462,-1.369180,6.850105
z_ext_jk_mp_pm_bs,10.778,ip,2,1.721593,2.763684,-2.824262,6.267448,-4.773064,5.452566,0,2.263548,-3.526414,8.053509
z_ext_jk_mp_pm_bs,10.778,ip,3,-2.118027,3.023789,-7.091718,2.855663,-8.770364,2.115277,0,-1.928329,-9.691987,5.835328
z_ext_jk_mp_pm_bs,10.778,ip,4,0.428857,3.595988,-5.486018,6.343731,-6.763120,6.002639,0,0.140625,-8.983723,9.264973
z_ext_jk_mp_pm_bs,10.778,ip,5,1.139503,3.968687,-5.388405,7.667412,-6.996304,6.894099,0,0.254551,-10.112202,10.621304
z_ext_jk_mp_pm_bs,10.778,ip,6,-1.102540,3.942448,-7.587289,5.382210,-8.987435,4.811132,0,-1.034069,-13.539282,11.471144
z_ext_jk_mp_pm_bs,10.778,ip,7,-2.575415,4.663047,-10.245445,5.094615,-11.901509,4.419155,0,-2.586507,-16.737964,11.564949
z_ext_jk_mp_pm_bs,10.778,ip,8,-6.652173,5.702463,-16.031890,2.727544,-18.627346,1.331275,0,-6.946260,-23.102254,9.209734
z_ext_jk_mp_pm_bs,10.778,ip,9,-6.971621,5.465663,-15.961836,2.018594,-18.176230,0.953589,0,-7.349970,-23.287577,8.587638
z_ext_jk_mp_pm_bs,10.778,ip,10,-5.257575,6.527310,-15.994045,5.478896,-18.638561,4.207026,0,-5.722042,-21.049483,9.605399
z_ext_jk_mp_pm_bs,10.778,ip,11,-4.633754,5.693177,-13.998196,4.730689,-16.589425,3.336694,0,-5.240259,-18.757340,8.276822
z_ext_jk_mp_pm_bs,10.778,ip,12,-2.505769,4.021561,-9.120647,4.109110,-10.146734,3.727650,0,-3.439053,-14.047761,7.169655
z_ext_jk_mp_pm_bs,10.778,ip,13,-4.306494,4.389798,-11.527069,2.914080,-13.086090,2.058712,0,-6.238588,-18.162726,5.685549
z_ext_jk_mp_pm_bs,10.778,ip,14,0.283648,4.251991,-6.710255,7.277550,-7.582536,7.086833,0,-0.719489,-10.400839,8.961860
z_ext_jk_mp_pm_bs,10.778,ip,15,-0.381907,4.276754,-7.416541,6.652727,-7.652388,7.102412,0,-0.851264,-10.398255,8.695726
z_ext_jk_mp_pm_bs,10.778,ip,16,0.801552,6.037158,-9.128688,10.731793,-8.857900,11.668436,0,0.179071,-10.142517,10.500659
z_ext_jk_mp_pm_bs,10.778,ip,17,5.596947,5.950186,-4.190239,15.384132,-3.328332,17.199809,0,4.456266,-5.376608,14.289140
z_ext_jk_mp_pm_bs,10.778,ip,18,5.281058,5.783043,-4.231201,14.793318,-3.393507,16.557993,0,3.754761,-6.893579,14.403102
z_ext_jk_mp_pm_bs,10.778,ip,19,5.470343,5.280584,-3.215445,14.156131,-2.450533,15.503453,0,3.525926,-7.663418,14.715270
z_ext_jk_mp_pm_bs,10.778,ip,20,2.942435,4.387721,-4.274723,10.159594,-3.858532,11.059719,0,0.750722,-10.993726,12.495169
z_ext_jk_mp_pm_bs,10.778,ip,21,-2.112073,3.874556,-8.485150,4.261005,-8.698818,4.474672,0,-5.175062,-17.494857,7.144732
z_ext_jk_mp_pm_bs,10.778,ip,22,-2.184316,3.701186,-8.272226,3.903593,-8.846451,3.737582,0,-5.119288,-18.087130,7.848553
z_ext_jk_mp_pm_bs,10.778,ip,23,2.592429,3.924621,-3.862998,9.047857,-3.294503,10.049210,0,-1.704004,-14.570776,11.162769
z_ext_jk_mp_pm_bs,10.778,ip,24,-1.567469,4.335765,-8.699167,5.564229,-9.805422,5.152966,0,-6.002998,-19.713712,7.707715
z_ext_jk_mp_pm_bs,10.778,ip,25,1.396870,3.097579,-3.698195,6.491934,-4.178773,6.352997,0,-2.507072,-15.818349,10.804206
z_ext_jk_mp_pm_bs,10.778,ip,26,-5.592740,5.551630,-14.724358,3.538879,-16.973581,2.457124,0,-9.893437,-24.085615,4.298742
z_ext_jk_mp_pm_bs,10.778,ip,27,-5.548669,5.917094,-15.281422,4.184085,-17.678711,2.735263,0,-8.097108,-21.783683,5.589466
z_ext_jk_mp_pm_bs,10.778,ip,28,-6.064643,7.876448,-19.020248,6.890961,-22.211362,4.962384,0,-8.800801,-23.664285,6.062682
z_ext_jk_mp_pm_bs,10.778,ip,29,-10.985749,8.631557,-25.183396,3.211899,-29.112018,1.098431,0,-13.760806,-28.579559,1.057947
z_ext_jk_mp_pm_bs,10.778,ip,30,-8.754771,7.479166,-21.056904,3.547362,-23.713102,2.090020,0,-10.368958,-25.016131,4.278215
z_ext_jk_mp_pm_bs,10.778,ip,31,-6.304466,7.073272,-17.938963,5.330031,-21.158337,3.598115,0,-8.540069,-23.421576,6.341437
z_ext_jk_mp_pm_bs,10.778,ip,32,-2.689398,5.924533,-12.434387,7.055591,-13.946011,6.493628,0,-3.680276,-19.781561,12.421009
z_ext_jk_mp_pm_bs,10.778,ip,33,-0.016544,5.497237,-9.058695,9.025607,-9.086985,9.603621,0,-0.906329,-19.201781,17.389123
z_ext_jk_mp_pm_bs,10.778,ip,34,0.753989,4.941362,-7.373828,8.881806,-7.399258,9.401372,0,0.357315,-18.819025,19.533655
z_ext_jk_mp_pm_bs,10.778,ip,35,-0.667677,4.722866,-8.436101,7.100746,-7.988120,8.305769,0,-0.874830,-20.565550,18.815890
z_ext_jk_mp_pm_bs,10.778,ip,36,-0.422087,4.904638,-8.489499,7.645325,-8.269508,8.406262,0,-0.202100,-19.135459,18.731258
z_ext_jk_mp_pm_bs,10.778,ip,37,3.314617,4.615041,-4.276449,10.905683,-3.377192,12.544698,0,4.594895,-14.960976,24.150767
z_ext_jk_mp_pm_bs,10.778,ip,38,4.274962,4.657040,-3.385187,11.935112,-2.244894,14.054747,0,5.172296,-14.498461,24.843054
z_ext_jk_mp_pm_bs,10.778,ip,39,3.797012,4.952792,-4.349607,11.943630,-3.136897,14.197876,0,5.340460,-12.359944,23.040864
z_ext_jk_mp_pm_bs,10.778,ip,40,5.661381,5.265959,-3.000351,14.323112,-1.447664,16.719894,0,6.918194,-11.376022,25.212411
z_ext_jk_mp_pm_bs,10.778,ip,41,4.531760,4.351413,-2.625679,11.689198,-1.342649,13.887299,0,7.351522,-10.171206,24.874249
z_ext_jk_mp_pm_bs,10.778,ip,42,4.305891,4.911789,-3.773282,12.385064,-2.079434,15.111826,0,6.544785,-9.820693,22.910264
z_ext_jk_mp_pm_bs,10.778,ip,43,4.579803,4.230030,-2.377978,11.537584,-1.130738,13.885870,0,6.069315,-10.050579,22.189209
z_ext_jk_mp_pm_bs,10.778,ip,44,5.878263,5.399489,-3.003106,14.759632,-1.141072,18.027114,0,7.184274,-10.299766,24.668315
z_ext_jk_mp_pm_bs,10.778,ip,45,7.089727,5.729099,-2.333803,16.513257,-0.644557,19.693745,0,9.705722,-7.766214,27.177657
z_ext_jk_mp_pm_bs,10.778,ip,46,6.938903,6.495230,-3.744799,17.622606,-1.829657,21.228409,0,8.885934,-8.322242,26.094110
z_ext_jk_mp_pm_bs,10.778,ip,47,7.646885,5.678864,-1.694015,16.987785,-0.019582,20.140386,0,10.677312,-6.216311,27.570935
z_ext_jk_mp_pm_bs,10.778,ip,48,9.245930,5.866141,-0.403014,18.894874,1.033332,21.564827,0,14.064109,-3.582172,31.710390
z_ext_jk_mp_pm_bs,10.778,hicp_sa,0,-0.478055,0.374639,-1.094281,0.138171,-1.433384,0.027707,0,-0.422430,-1.084275,0.239415
z_ext_jk_mp_pm_bs,10.778,hicp_sa,1,-0.393982,0.710581,-1.562784,0.774819,-1.992790,0.636360,0,-0.270294,-1.411925,0.871337
z_ext_jk_mp_pm_bs,10.778,hicp_sa,2,-1.097713,0.924301,-2.618054,0.422627,-3.316037,0.103878,0,-0.962147,-2.597072,0.672779
z_ext_jk_mp_pm_bs,10.778,hicp_sa,3,-0.811509,0.882785,-2.263561,0.640543,-2.797775,0.424390,0,-0.697653,-2.499011,1.103704
z_ext_jk_mp_pm_bs,10.778,hicp_sa,4,-0.694069,0.850520,-2.093050,0.704912,-2.437635,0.581711,0,-0.556863,-2.547378,1.433652
z_ext_jk_mp_pm_bs,10.778,hicp_sa,5,-0.552648,0.839258,-1.933105,0.827808,-2.231165,0.706239,0,-0.378170,-2.715200,1.958861
z_ext_jk_mp_pm_bs,10.778,hicp_sa,6,-0.328831,0.999400,-1.972698,1.315035,-2.427571,1.120299,0,-0.190986,-2.997911,2.615939
z_ext_jk_mp_pm_bs,10.778,hicp_sa,7,-0.774924,1.042062,-2.488964,0.939116,-2.963255,0.683963,0,-0.551634,-3.531703,2.428434
z_ext_jk_mp_pm_bs,10.778,hicp_sa,8,-2.217994,1.182097,-4.162371,-0.273617,-4.759503,-0.563057,0,-2.108191,-5.454799,1.238418
z_ext_jk_mp_pm_bs,10.778,hicp_sa,9,-2.686326,1.351562,-4.909448,-0.463204,-5.524606,-0.794138,0,-2.630889,-6.443934,1.182155
z_ext_jk_mp_pm_bs,10.778,hicp_sa,10,-2.523790,1.447493,-4.904704,-0.142876,-5.563525,-0.497300,0,-2.513666,-6.416962,1.389629
z_ext_jk_mp_pm_bs,10.778,hicp_sa,11,-2.032250,1.343571,-4.242227,0.177727,-4.853749,-0.151251,0,-1.782456,-5.603138,2.038226
z_ext_jk_mp_pm_bs,10.778,hicp_sa,12,-1.058629,1.188878,-3.014159,0.896901,-3.436385,0.665244,0,-0.626093,-4.248359,2.996173
z_ext_jk_mp_pm_bs,10.778,hicp_sa,13,-0.973650,1.325377,-3.153701,1.206402,-3.624404,0.948147,0,-0.707903,-4.552815,3.137010
z_ext_jk_mp_pm_bs,10.778,hicp_sa,14,-1.071537,1.177160,-3.007793,0.864720,-3.308142,0.753062,0,-0.990647,-4.815897,2.834603
z_ext_jk_mp_pm_bs,10.778,hicp_sa,15,-1.296926,1.223046,-3.308658,0.714806,-3.620714,0.598796,0,-1.308078,-5.338201,2.722045
z_ext_jk_mp_pm_bs,10.778,hicp_sa,16,-1.323226,1.315076,-3.486333,0.839882,-3.756116,0.715142,0,-1.447300,-5.705035,2.810436
z_ext_jk_mp_pm_bs,10.778,hicp_sa,17,-0.785460,1.298001,-2.920482,1.349562,-3.121862,1.356242,0,-0.902754,-5.184476,3.378967
z_ext_jk_mp_pm_bs,10.778,hicp_sa,18,-0.527658,1.440216,-2.896602,1.841286,-3.192057,1.704677,0,-0.712378,-5.136821,3.712066
z_ext_jk_mp_pm_bs,10.778,hicp_sa,19,-0.837291,1.483500,-3.277432,1.602850,-3.581766,1.462135,0,-1.290466,-5.904237,3.323305
z_ext_jk_mp_pm_bs,10.778,hicp_sa,20,-1.871604,1.533014,-4.393188,0.649979,-4.784331,0.504568,0,-2.547215,-7.403260,2.308830
z_ext_jk_mp_pm_bs,10.778,hicp_sa,21,-2.126805,1.455241,-4.520464,0.266854,-4.891764,0.128819,0,-2.886439,-7.760143,1.987265
z_ext_jk_mp_pm_bs,10.778,hicp_sa,22,-1.572522,1.471283,-3.992567,0.847522,-4.220831,0.781530,0,-2.294410,-6.901852,2.313032
z_ext_jk_mp_pm_bs,10.778,hicp_sa,23,-1.096157,1.447977,-3.477867,1.285553,-3.774914,1.220606,0,-1.789380,-6.443505,2.864745
z_ext_jk_mp_pm_bs,10.778,hicp_sa,24,-1.347433,1.575126,-3.938285,1.243420,-4.418929,1.015257,0,-2.102662,-6.901387,2.696063
z_ext_jk_mp_pm_bs,10.778,hicp_sa,25,-2.212504,1.699977,-5.008717,0.583709,-5.612458,0.252463,0,-2.981340,-8.054186,2.091507
z_ext_jk_mp_pm_bs,10.778,hicp_sa,26,-2.915302,1.683866,-5.685016,-0.145588,-6.367228,-0.557889,0,-3.762627,-9.170471,1.645217
z_ext_jk_mp_pm_bs,10.778,hicp_sa,27,-3.377831,1.686635,-6.152099,-0.603564,-6.919765,-1.016542,0,-4.448836,-10.058514,1.160843
z_ext_jk_mp_pm_bs,10.778,hicp_sa,28,-3.290031,1.672750,-6.041460,-0.538603,-6.802806,-0.948181,0,-4.626158,-10.064585,0.812270
z_ext_jk_mp_pm_bs,10.778,hicp_sa,29,-2.996721,1.773561,-5.913969,-0.079473,-6.721198,-0.513736,0,-4.545359,-9.866794,0.776077
z_ext_jk_mp_pm_bs,10.778,hicp_sa,30,-2.757120,1.855733,-5.809530,0.295289,-6.654160,-0.251881,0,-4.431601,-9.743579,0.880377
z_ext_jk_mp_pm_bs,10.778,hicp_sa,31,-3.236942,1.832825,-6.251671,-0.222214,-7.085875,-0.762629,0,-4.978415,-10.374362,0.417533
z_ext_jk_mp_pm_bs,10.778,hicp_sa,32,-3.523663,1.722333,-6.356649,-0.690677,-7.226679,-1.198513,0,-5.301352,-10.732680,0.129975
z_ext_jk_mp_pm_bs,10.778,hicp_sa,33,-2.745919,1.550144,-5.295679,-0.196159,-6.078728,-0.653224,0,-4.511801,-9.635097,0.611494
z_ext_jk_mp_pm_bs,10.778,hicp_sa,34,-2.175354,1.526235,-4.685787,0.335078,-5.304135,-0.038626,0,-3.858984,-8.766771,1.048803
z_ext_jk_mp_pm_bs,10.778,hicp_sa,35,-1.519535,1.307299,-3.669850,0.630781,-4.068768,0.441414,0,-3.183390,-7.748777,1.381997
z_ext_jk_mp_pm_bs,10.778,hicp_sa,36,-2.089896,1.308987,-4.242988,0.063196,-4.838768,-0.257315,0,-3.672393,-8.212613,0.867828
z_ext_jk_mp_pm_bs,10.778,hicp_sa,37,-1.938399,1.198397,-3.909586,0.032789,-4.455032,-0.260643,0,-3.507893,-8.066417,1.050632
z_ext_jk_mp_pm_bs,10.778,hicp_sa,38,-2.398629,1.293672,-4.526530,-0.270727,-5.050657,-0.587487,0,-4.065018,-8.821254,0.691219
z_ext_jk_mp_pm_bs,10.778,hicp_sa,39,-2.310167,1.231869,-4.336411,-0.283924,-4.650718,-0.400771,0,-4.311684,-9.086992,0.463624
z_ext_jk_mp_pm_bs,10.778,hicp_sa,40,-1.964426,1.329124,-4.150641,0.221789,-4.489762,0.029261,0,-4.285640,-9.128352,0.557073
z_ext_jk_mp_pm_bs,10.778,hicp_sa,41,-1.575374,1.381657,-3.847998,0.697251,-4.200523,0.497113,0,-4.225586,-8.980242,0.529070
z_ext_jk_mp_pm_bs,10.778,hicp_sa,42,-1.635560,1.378492,-3.902978,0.631857,-4.392544,0.363253,0,-4.433931,-9.261429,0.393568
z_ext_jk_mp_pm_bs,10.778,hicp_sa,43,-0.829211,1.240141,-2.869060,1.210639,-3.309492,0.968993,0,-3.651155,-8.059741,0.757430
z_ext_jk_mp_pm_bs,10.778,hicp_sa,44,-0.229007,1.052012,-1.959414,1.501399,-2.227831,1.401612,0,-3.054609,-7.112441,1.003223
z_ext_jk_mp_pm_bs,10.778,hicp_sa,45,-0.639393,0.911634,-2.138897,0.860111,-2.234752,0.864803,0,-3.338327,-7.239787,0.563133
z_ext_jk_mp_pm_bs,10.778,hicp_sa,46,-0.612783,1.039057,-2.321879,1.096314,-2.223321,1.309472,0,-3.149330,-6.736093,0.437434
z_ext_jk_mp_pm_bs,10.778,hicp_sa,47,-0.810136,1.015220,-2.480025,0.859753,-2.536011,0.966500,0,-3.270992,-6.794323,0.252340
z_ext_jk_mp_pm_bs,10.778,hicp_sa,48,-0.866408,1.034257,-2.567611,0.834794,-2.728072,0.840116,0,-3.404340,-6.990142,0.181463
z_ext_jk_mp_pm_bs,10.778,stoxx,0,-7.585449,10.541945,-24.925405,9.754508,-30.250630,9.808760,0,-7.608972,-24.911640,9.693695
z_ext_jk_mp_pm_bs,10.778,stoxx,1,-10.160025,14.785335,-34.479738,14.159688,-42.687763,12.017978,0,-7.634069,-30.716411,15.448273
z_ext_jk_mp_pm_bs,10.778,stoxx,2,7.267237,15.301621,-17.901690,32.436163,-17.980438,37.105398,0,8.710198,-16.127290,33.547686
z_ext_jk_mp_pm_bs,10.778,stoxx,3,23.759891,19.217502,-7.850087,55.369869,-6.988112,61.234021,0,28.980407,-6.022598,63.983413
z_ext_jk_mp_pm_bs,10.778,stoxx,4,30.595138,19.787259,-1.952007,63.142282,-7.000654,62.254752,0,37.492046,1.177896,73.806196
z_ext_jk_mp_pm_bs,10.778,stoxx,5,9.278967,20.164892,-23.889329,42.447264,-26.009595,43.559284,0,15.353403,-26.033211,56.740017
z_ext_jk_mp_pm_bs,10.778,stoxx,6,-13.963941,27.987874,-59.999897,32.072015,-62.942721,33.615444,0,-10.128878,-62.838622,42.580866
z_ext_jk_mp_pm_bs,10.778,stoxx,7,-18.749939,24.899899,-59.706629,22.206751,-63.569758,22.334895,0,-16.804172,-65.540482,31.932138
z_ext_jk_mp_pm_bs,10.778,stoxx,8,-26.007711,19.194853,-57.580435,5.565013,-63.437675,3.744312,0,-26.427801,-73.523101,20.667499
z_ext_jk_mp_pm_bs,10.778,stoxx,9,-27.261498,18.864165,-58.290288,3.767291,-64.989828,1.034749,0,-26.604281,-71.016385,17.807823
z_ext_jk_mp_pm_bs,10.778,stoxx,10,-29.013461,20.290039,-62.387606,4.360683,-66.550034,3.450601,0,-33.187515,-75.359535,8.984505
z_ext_jk_mp_pm_bs,10.778,stoxx,11,-9.903258,26.920137,-54.182943,34.376427,-57.013497,35.860975,0,-14.431811,-62.466429,33.602808
z_ext_jk_mp_pm_bs,10.778,stoxx,12,1.767510,23.395464,-36.714604,40.249623,-39.174552,40.370025,0,-4.289637,-54.360886,45.781611
z_ext_jk_mp_pm_bs,10.778,stoxx,13,0.151387,20.868105,-34.173592,34.476366,-37.411203,33.540355,0,-10.093682,-63.820428,43.633064
z_ext_jk_mp_pm_bs,10.778,stoxx,14,11.851868,20.931096,-22.576721,46.280457,-22.684440,48.481285,0,6.075055,-48.917705,61.067815
z_ext_jk_mp_pm_bs,10.778,stoxx,15,20.359806,18.370723,-9.857344,50.576956,-9.033351,53.427107,0,13.588261,-39.775478,66.951999
z_ext_jk_mp_pm_bs,10.778,stoxx,16,33.538551,17.717320,4.396153,62.680950,7.848437,68.973192,0,29.666831,-19.250193,78.583854
z_ext_jk_mp_pm_bs,10.778,stoxx,17,42.607224,17.133407,14.425278,70.789171,17.763784,76.874038,0,39.583784,-10.452733,89.620300
z_ext_jk_mp_pm_bs,10.778,stoxx,18,11.871076,17.933761,-17.627336,41.369488,-17.719630,44.151846,0,3.275368,-43.119068,49.669804
z_ext_jk_mp_pm_bs,10.778,stoxx,19,9.371494,18.456954,-20.987494,39.730483,-21.082480,41.671164,0,4.432570,-41.072749,49.937888
z_ext_jk_mp_pm_bs,10.778,stoxx,20,4.844621,16.301205,-21.968475,31.657718,-23.682488,31.741610,0,-3.734603,-47.659264,40.190058
z_ext_jk_mp_pm_bs,10.778,stoxx,21,31.092144,12.327018,10.816004,51.368285,12.601617,54.513478,0,23.472855,-19.657402,66.603111
z_ext_jk_mp_pm_bs,10.778,stoxx,22,36.816021,14.884187,12.333712,61.298330,15.233950,66.584395,0,35.173614,-9.374196,79.721423
z_ext_jk_mp_pm_bs,10.778,stoxx,23,-3.083748,13.197542,-24.791773,18.624277,-26.839323,18.692197,0,-5.594286,-43.890955,32.702382
z_ext_jk_mp_pm_bs,10.778,stoxx,24,-11.378280,16.714184,-38.870666,16.114107,-43.135230,14.528706,0,-11.407253,-51.769937,28.955430
z_ext_jk_mp_pm_bs,10.778,stoxx,25,-6.347242,18.832008,-37.323138,24.628655,-42.128056,21.900770,0,-6.673271,-48.377812,35.031270
z_ext_jk_mp_pm_bs,10.778,stoxx,26,-13.607819,19.626516,-45.890564,18.674926,-54.823502,13.869303,0,-16.457555,-60.269648,27.354538
z_ext_jk_mp_pm_bs,10.778,stoxx,27,-24.230386,23.681645,-63.183226,14.722453,-72.777758,8.923917,0,-26.098624,-73.533404,21.336156
z_ext_jk_mp_pm_bs,10.778,stoxx,28,-25.227181,22.164638,-61.684766,11.230403,-68.448224,8.019775,0,-30.785229,-77.976404,16.405946
z_ext_jk_mp_pm_bs,10.778,stoxx,29,-16.660088,16.856758,-44.386988,11.066812,-47.002253,10.310725,0,-17.610830,-61.987665,26.766005
z_ext_jk_mp_pm_bs,10.778,stoxx,30,-12.624440,13.296379,-34.495036,9.246157,-35.228283,9.979404,0,-8.473715,-58.313991,41.366561
z_ext_jk_mp_pm_bs,10.778,stoxx,31,-17.116933,17.697171,-46.226189,11.992322,-48.971840,11.198540,0,-10.302298,-65.544612,44.940016
z_ext_jk_mp_pm_bs,10.778,stoxx,32,-10.562772,16.459334,-37.635967,16.510422,-36.074739,19.886995,0,-3.683233,-61.622389,54.255923
z_ext_jk_mp_pm_bs,10.778,stoxx,33,-3.169108,15.255119,-28.261545,21.923330,-26.814542,25.815619,0,4.380044,-54.302331,63.062419
z_ext_jk_mp_pm_bs,10.778,stoxx,34,17.031418,17.125046,-11.136775,45.199611,-6.943646,52.994014,0,28.621283,-32.088473,89.331038
z_ext_jk_mp_pm_bs,10.778,stoxx,35,25.917891,21.666127,-9.719717,61.555499,-3.331381,72.500065,0,38.527526,-28.244425,105.299477
z_ext_jk_mp_pm_bs,10.778,stoxx,36,8.004667,17.488627,-20.761565,36.770898,-15.604980,45.605215,0,17.981316,-33.596374,69.559006
z_ext_jk_mp_pm_bs,10.778,stoxx,37,12.563426,23.708818,-26.434109,51.560961,-18.258037,65.908266,0,23.397103,-29.463219,76.257424
z_ext_jk_mp_pm_bs,10.778,stoxx,38,10.876300,23.342344,-27.518439,49.271039,-21.802982,59.895222,0,23.676602,-30.341237,77.694440
z_ext_jk_mp_pm_bs,10.778,stoxx,39,9.256464,20.330858,-24.184822,42.697750,-19.206738,50.934724,0,20.277836,-31.490079,72.045750
z_ext_jk_mp_pm_bs,10.778,stoxx,40,4.508898,16.790591,-23.109168,32.126963,-17.318871,42.287728,0,16.352658,-34.185293,66.890609
z_ext_jk_mp_pm_bs,10.778,stoxx,41,-0.120573,14.273934,-23.599105,23.357960,-20.817777,29.140992,0,11.882134,-36.822355,60.586622
z_ext_jk_mp_pm_bs,10.778,stoxx,42,-1.200974,14.813523,-25.567052,23.165103,-24.161935,26.204043,0,10.192930,-38.400587,58.786446
z_ext_jk_mp_pm_bs,10.778,stoxx,43,0.194659,18.182456,-29.712821,30.102138,-27.079026,35.650449,0,15.614419,-31.295481,62.524319
z_ext_jk_mp_pm_bs,10.778,stoxx,44,0.798792,16.643024,-26.576546,28.174130,-23.333592,34.916991,0,17.754993,-27.895125,63.405111
z_ext_jk_mp_pm_bs,10.778,stoxx,45,1.381503,17.464275,-27.344673,30.107680,-22.195268,38.929695,0,18.943717,-29.193504,67.080939
z_ext_jk_mp_pm_bs,10.778,stoxx,46,4.259960,17.734916,-24.911380,33.431300,-18.795431,44.163520,0,22.041829,-27.297473,71.381130
z_ext_jk_mp_pm_bs,10.778,stoxx,47,3.006521,18.525494,-27.465204,33.478247,-22.929170,40.983783,0,21.327752,-28.352573,71.008077
z_ext_jk_mp_pm_bs,10.778,stoxx,48,15.725536,18.856710,-15.290992,46.742064,-10.673858,54.381792,0,30.701138,-22.329997,83.732272
z_ext_jk_mp_median_bs,2.787,ois1m,0,1.000000,0.000000,1.000000,1.000000,1.000000,1.000000,0,1.000000,1.000000,1.000000
z_ext_jk_mp_median_bs,2.787,ois1m,1,0.864459,0.365991,0.262457,1.466461,-2.191569,1.962433,0,1.033705,0.326788,1.740623
z_ext_jk_mp_median_bs,2.787,ois1m,2,0.100449,0.740485,-1.117540,1.318438,-7.304398,1.137128,1,0.295231,-1.117510,1.707973
z_ext_jk_mp_median_bs,2.787,ois1m,3,0.771744,0.965953,-0.817108,2.360595,-5.989930,2.993436,0,1.099658,-0.319362,2.518679
z_ext_jk_mp_median_bs,2.787,ois1m,4,1.242051,0.893413,-0.227483,2.711584,-5.324533,3.207558,0,1.488879,-0.606703,3.584462
z_ext_jk_mp_median_bs,2.787,ois1m,5,1.144310,1.004717,-0.508302,2.796922,-2.774085,4.711054,0,1.307975,-1.385895,4.001845
z_ext_jk_mp_median_bs,2.787,ois1m,6,1.629591,1.203468,-0.349938,3.609120,-1.559599,10.414908,0,1.817147,-1.623324,5.257619
z_ext_jk_mp_median_bs,2.787,ois1m,7,0.785431,1.258438,-1.284516,2.855377,-6.891042,3.994448,0,0.843556,-3.060782,4.747894
z_ext_jk_mp_median_bs,2.787,ois1m,8,0.719151,1.335034,-1.476784,2.915086,-6.957292,4.256990,0,0.497036,-3.717193,4.711265
z_ext_jk_mp_median_bs,2.787,ois1m,9,-0.009441,1.513763,-2.499360,2.480478,-13.254868,2.563956,0,-0.378873,-4.855576,4.097829
z_ext_jk_mp_median_bs,2.787,ois1m,10,-0.635688,1.774209,-3.554002,2.282626,-18.377778,1.759494,1,-1.222303,-5.974656,3.530051
z_ext_jk_mp_median_bs,2.787,ois1m,11,0.236129,1.505232,-2.239757,2.712015,-12.708865,3.096070,0,-0.373844,-4.622317,3.874629
z_ext_jk_mp_median_bs,2.787,ois1m,12,-0.335347,1.700091,-3.131748,2.461054,-17.336256,2.214789,1,-0.918166,-5.476696,3.640364
z_ext_jk_mp_median_bs,2.787,ois1m,13,-0.102747,1.725747,-2.941349,2.735854,-17.360218,2.572161,1,-0.472229,-4.891422,3.946964
z_ext_jk_mp_median_bs,2.787,ois1m,14,0.742638,1.597168,-1.884469,3.369745,-12.354138,4.735558,0,0.542298,-3.445662,4.530259
z_ext_jk_mp_median_bs,2.787,ois1m,15,0.428009,1.588697,-2.185166,3.041183,-12.202134,3.525968,0,0.190815,-3.697696,4.079326
z_ext_jk_mp_median_bs,2.787,ois1m,16,0.011260,1.771581,-2.902731,2.925252,-17.527391,2.845790,0,-0.112712,-4.206931,3.981507
z_ext_jk_mp_median_bs,2.787,ois1m,17,0.542819,1.559406,-2.022176,3.107813,-10.139111,4.207422,0,0.361344,-3.459704,4.182391
z_ext_jk_mp_median_bs,2.787,ois1m,18,0.151460,1.547690,-2.394263,2.697183,-15.325436,2.627764,1,-0.149463,-4.197036,3.898110
z_ext_jk_mp_median_bs,2.787,ois1m,19,-0.040676,1.628139,-2.718726,2.637373,-15.833620,2.238718,0,-0.246711,-4.523859,4.030437
z_ext_jk_mp_median_bs,2.787,ois1m,20,-0.163009,1.738498,-3.022584,2.696565,-12.332494,2.618587,0,-0.508813,-4.803594,3.785968
z_ext_jk_mp_median_bs,2.787,ois1m,21,0.450633,1.704455,-2.352946,3.254212,-7.389860,4.456102,0,0.123788,-3.808224,4.055799
z_ext_jk_mp_median_bs,2.787,ois1m,22,0.284232,1.593206,-2.336359,2.904822,-7.044515,3.948605,0,-0.004226,-3.808030,3.799578
z_ext_jk_mp_median_bs,2.787,ois1m,23,-0.568230,1.601467,-3.202408,2.065948,-10.497323,1.833970,0,-1.052856,-5.098859,2.993147
z_ext_jk_mp_median_bs,2.787,ois1m,24,-0.571132,1.606055,-3.212858,2.070593,-10.689279,1.677345,0,-0.903506,-4.912691,3.105680
z_ext_jk_mp_median_bs,2.787,ois1m,25,-1.001760,1.838423,-4.025696,2.022176,-14.238403,1.204347,0,-1.311864,-5.538977,2.915249
z_ext_jk_mp_median_bs,2.787,ois1m,26,-2.198346,2.452666,-6.232622,1.835930,-19.367007,0.622220,0,-2.445670,-7.402767,2.511426
z_ext_jk_mp_median_bs,2.787,ois1m,27,-3.104340,3.089157,-8.185551,1.976871,-25.346270,0.448191,0,-3.257044,-8.972439,2.458351
z_ext_jk_mp_median_bs,2.787,ois1m,28,-2.920475,2.942245,-7.760036,1.919087,-23.221963,0.610219,0,-2.990786,-8.275476,2.293903
z_ext_jk_mp_median_bs,2.787,ois1m,29,-2.701584,2.619602,-7.010445,1.607278,-19.336056,0.572919,0,-2.899671,-7.788669,1.989326
z_ext_jk_mp_median_bs,2.787,ois1m,30,-2.485691,2.174267,-6.062042,1.090659,-15.531291,0.340856,0,-2.841987,-7.445478,1.761504
z_ext_jk_mp_median_bs,2.787,ois1m,31,-1.683315,1.745664,-4.554676,1.188046,-9.451518,1.284313,0,-1.996878,-6.012116,2.018361
z_ext_jk_mp_median_bs,2.787,ois1m,32,-1.990966,1.919140,-5.147670,1.165737,-11.586664,0.983700,0,-2.403690,-6.657537,1.850158
z_ext_jk_mp_median_bs,2.787,ois1m,33,-1.470769,1.736236,-4.326623,1.385085,-9.804702,1.394021,0,-1.982719,-6.335522,2.370083
z_ext_jk_mp_median_bs,2.787,ois1m,34,-1.216767,1.567347,-3.794823,1.361290,-7.799624,1.761193,0,-1.755518,-6.209382,2.698345
z_ext_jk_mp_median_bs,2.787,ois1m,35,-1.249604,1.431473,-3.604167,1.104959,-7.691231,1.327047,0,-1.806055,-6.131478,2.519368
z_ext_jk_mp_median_bs,2.787,ois1m,36,-0.523353,1.182848,-2.468965,1.422259,-4.545036,2.611194,0,-1.049898,-5.358645,3.258850
z_ext_jk_mp_median_bs,2.787,ois1m,37,0.012494,1.131371,-1.848445,1.873434,-2.929070,5.386506,0,-0.315405,-4.753972,4.123163
z_ext_jk_mp_median_bs,2.787,ois1m,38,0.429360,1.043824,-1.287577,2.146298,-1.084185,9.301863,0,0.261226,-4.282859,4.805311
z_ext_jk_mp_median_bs,2.787,ois1m,39,0.986764,1.329155,-1.199501,3.173029,-0.408849,14.278313,1,0.843844,-4.091479,5.779166
z_ext_jk_mp_median_bs,2.787,ois1m,40,1.437780,1.660302,-1.293174,4.168734,-0.139507,18.040799,1,1.424850,-3.920201,6.769901
z_ext_jk_mp_median_bs,2.787,ois1m,41,1.237201,1.640033,-1.460413,3.934815,-0.320830,17.637532,1,1.092646,-3.884795,6.070087
z_ext_jk_mp_median_bs,2.787,ois1m,42,1.625323,1.817821,-1.364727,4.615373,-0.101607,19.803535,1,1.318311,-3.700878,6.337501
z_ext_jk_mp_median_bs,2.787,ois1m,43,2.273009,2.189274,-1.328026,5.874044,0.193199,24.165746,1,2.041504,-3.460567,7.543574
z_ext_jk_mp_median_bs,2.787,ois1m,44,2.348064,2.253174,-1.358078,6.054205,0.094890,24.879802,1,2.067063,-3.307924,7.442049
z_ext_jk_mp_median_bs,2.787,ois1m,45,2.911757,2.594131,-1.355208,7.178723,0.447333,28.853066,1,2.753698,-3.274693,8.782088
z_ext_jk_mp_median_bs,2.787,ois1m,46,3.113416,2.735799,-1.386574,7.613405,0.514406,30.471411,1,3.059516,-3.205949,9.324980
z_ext_jk_mp_median_bs,2.787,ois1m,47,3.489321,2.937590,-1.342585,8.321226,0.845490,32.865219,1,3.586942,-3.440927,10.614811
z_ext_jk_mp_median_bs,2.787,ois1m,48,3.972937,3.161272,-1.226894,9.172767,1.127791,35.269533,0,4.264360,-3.609886,12.138606
z_ext_jk_mp_median_bs,2.787,ip,0,1.950540,2.966301,-2.928591,6.829671,-14.364116,31.613550,1,1.224972,-3.881920,6.331864
z_ext_jk_mp_median_bs,2.787,ip,1,3.214684,3.874318,-3.158002,9.587370,-8.408271,35.371525,0,4.049300,-2.871452,10.970051
z_ext_jk_mp_median_bs,2.787,ip,2,5.051843,3.664600,-0.975887,11.079572,-8.323946,24.840680,0,4.955092,-3.012422,12.922607
z_ext_jk_mp_median_bs,2.787,ip,3,-5.253096,6.474018,-15.901909,5.395717,-69.993281,2.515726,1,-6.078074,-20.955666,8.799517
z_ext_jk_mp_median_bs,2.787,ip,4,3.224334,5.912411,-6.500717,12.949384,-16.582243,31.899526,0,1.623637,-11.037101,14.284376
z_ext_jk_mp_median_bs,2.787,ip,5,2.890065,5.676944,-6.447677,12.227807,-26.630044,17.933966,0,-0.042396,-15.801468,15.716677
z_ext_jk_mp_median_bs,2.787,ip,6,-0.961846,6.774872,-12.105519,10.181828,-68.371826,12.249156,0,-3.248600,-23.423912,16.926712
z_ext_jk_mp_median_bs,2.787,ip,7,-0.242277,7.109513,-11.936386,11.451831,-29.391281,27.129348,0,-2.728198,-24.161951,18.705555
z_ext_jk_mp_median_bs,2.787,ip,8,-6.338273,8.646032,-20.559730,7.883183,-92.366291,6.630774,0,-9.617855,-34.813739,15.578028
z_ext_jk_mp_median_bs,2.787,ip,9,-5.581357,8.370924,-19.350302,8.187589,-85.523684,7.393576,0,-9.584306,-35.056023,15.887411
z_ext_jk_mp_median_bs,2.787,ip,10,-5.200927,9.467509,-20.773593,10.371740,-94.195511,9.473712,0,-10.679687,-35.938596,14.579222
z_ext_jk_mp_median_bs,2.787,ip,11,-5.808097,8.805341,-20.291594,8.675399,-93.861503,6.079113,1,-10.974976,-35.159122,13.209170
z_ext_jk_mp_median_bs,2.787,ip,12,-3.389875,7.115908,-15.094502,8.314753,-74.548955,7.639783,1,-9.382380,-30.913622,12.148861
z_ext_jk_mp_median_bs,2.787,ip,13,-3.217649,7.982623,-16.347895,9.912597,-83.043877,8.756285,1,-9.935906,-32.521723,12.649911
z_ext_jk_mp_median_bs,2.787,ip,14,2.383675,6.915073,-8.990607,13.757958,-47.404848,22.091633,0,-1.732899,-19.403208,15.937410
z_ext_jk_mp_median_bs,2.787,ip,15,3.462936,6.866869,-7.832058,14.757930,-27.781317,27.153633,0,0.305840,-16.653199,17.264879
z_ext_jk_mp_median_bs,2.787,ip,16,4.171954,8.755396,-10.229391,18.573299,-22.532004,50.137783,0,2.175042,-15.083254,19.433338
z_ext_jk_mp_median_bs,2.787,ip,17,7.992747,9.192305,-7.127248,23.112743,-11.311092,77.394647,0,6.314460,-11.911617,24.540536
z_ext_jk_mp_median_bs,2.787,ip,18,7.587758,7.305365,-4.428498,19.604014,-11.771459,51.419947,0,5.436924,-12.278610,23.152458
z_ext_jk_mp_median_bs,2.787,ip,19,3.158634,7.202817,-8.688947,15.006214,-34.296016,22.246099,0,0.537989,-18.419667,19.495646
z_ext_jk_mp_median_bs,2.787,ip,20,0.511150,7.048330,-11.082321,12.104621,-28.034586,20.246473,0,-2.038708,-20.854629,16.777214
z_ext_jk_mp_median_bs,2.787,ip,21,-6.265537,7.732985,-18.985165,6.454091,-63.489624,4.947291,0,-9.492401,-31.866591,12.881788
z_ext_jk_mp_median_bs,2.787,ip,22,-6.102827,8.708546,-20.427111,8.221457,-64.014661,7.830847,0,-9.493793,-32.215696,13.228109
z_ext_jk_mp_median_bs,2.787,ip,23,8.693670,8.883612,-5.918572,23.305912,-2.855026,72.211499,0,4.281987,-17.048339,25.612313
z_ext_jk_mp_median_bs,2.787,ip,24,-2.751822,8.938576,-17.454471,11.950827,-37.612269,17.359974,0,-7.011184,-28.538260,14.515892
z_ext_jk_mp_median_bs,2.787,ip,25,0.338528,7.292379,-11.656368,12.333424,-21.903227,21.121807,0,-2.809933,-24.566971,18.947104
z_ext_jk_mp_median_bs,2.787,ip,26,-12.238029,11.900135,-31.812009,7.335951,-81.853819,4.422160,0,-15.642618,-40.970812,9.685576
z_ext_jk_mp_median_bs,2.787,ip,27,-13.575606,14.246821,-37.009541,9.858329,-105.467602,4.945262,0,-14.911272,-41.250006,11.427461
z_ext_jk_mp_median_bs,2.787,ip,28,-12.334509,16.920190,-40.165744,15.496726,-111.317618,12.199766,0,-14.294083,-41.014330,12.426165
z_ext_jk_mp_median_bs,2.787,ip,29,-21.196522,17.288707,-49.633916,7.240871,-120.606590,3.007668,0,-23.250876,-53.642618,7.140865
z_ext_jk_mp_median_bs,2.787,ip,30,-12.397546,13.496248,-34.596899,9.801807,-72.455851,11.220888,0,-13.743505,-39.317873,11.830863
z_ext_jk_mp_median_bs,2.787,ip,31,-7.400123,12.928390,-28.665432,13.865186,-66.870717,13.931720,0,-10.968260,-36.870596,14.934076
z_ext_jk_mp_median_bs,2.787,ip,32,-2.028112,10.757825,-19.723161,15.666936,-27.846893,32.396929,0,-4.269979,-29.560180,21.020222
z_ext_jk_mp_median_bs,2.787,ip,33,1.133374,9.753987,-14.910507,17.177255,-14.960705,47.464812,0,-1.877524,-29.381782,25.626733
z_ext_jk_mp_median_bs,2.787,ip,34,2.972952,9.046888,-11.907854,17.853758,-12.859102,43.683946,0,1.182372,-28.268268,30.633012
z_ext_jk_mp_median_bs,2.787,ip,35,1.947404,8.641840,-12.267157,16.161965,-10.583263,49.909614,0,0.797734,-30.161831,31.757299
z_ext_jk_mp_median_bs,2.787,ip,36,3.605287,8.794596,-10.860536,18.071110,-9.146877,57.252322,0,2.459663,-28.825238,33.744564
z_ext_jk_mp_median_bs,2.787,ip,37,10.710155,10.912187,-7.238794,28.659105,-1.838859,119.832020,1,10.728295,-26.868022,48.324612
z_ext_jk_mp_median_bs,2.787,ip,38,15.441572,12.896384,-5.771092,36.654236,1.900369,144.405412,1,15.647823,-25.707400,57.003046
z_ext_jk_mp_median_bs,2.787,ip,39,14.874557,13.304080,-7.008708,36.757822,0.905272,147.915361,1,16.489042,-23.598724,56.576808
z_ext_jk_mp_median_bs,2.787,ip,40,16.738285,15.869422,-9.364591,42.841161,0.868864,175.432503,1,18.567443,-24.057959,61.192844
z_ext_jk_mp_median_bs,2.787,ip,41,20.300719,17.547045,-8.561602,49.163040,3.631026,195.771172,1,23.821253,-23.927787,71.570293
z_ext_jk_mp_median_bs,2.787,ip,42,18.842983,16.844240,-8.863327,46.549292,1.998743,187.285384,1,22.168984,-21.107684,65.445652
z_ext_jk_mp_median_bs,2.787,ip,43,20.657059,18.376806,-9.570098,50.884216,3.199093,204.425123,1,23.774144,-21.821892,69.370181
z_ext_jk_mp_median_bs,2.787,ip,44,28.046535,23.621435,-10.807268,66.900338,6.787243,264.260884,1,31.218593,-23.470584,85.907769
z_ext_jk_mp_median_bs,2.787,ip,45,28.479538,23.212035,-9.700861,66.659938,6.428105,260.599888,1,32.622888,-23.271824,88.517599
z_ext_jk_mp_median_bs,2.787,ip,46,29.184132,24.069042,-10.405920,68.774183,6.318541,269.874554,1,32.333394,-24.071397,88.738186
z_ext_jk_mp_median_bs,2.787,ip,47,23.573687,20.601804,-10.313265,57.460639,2.971883,229.591727,1,29.187369,-22.238448,80.613186
z_ext_jk_mp_median_bs,2.787,ip,48,23.362956,18.218814,-6.604326,53.330238,5.144142,188.243223,0,30.971514,-20.297923,82.240952
z_ext_jk_mp_median_bs,2.787,hicp_sa,0,-1.558912,1.387967,-3.841914,0.724090,-15.438581,-0.309742,1,-1.548658,-3.889359,0.792043
z_ext_jk_mp_median_bs,2.787,hicp_sa,1,-1.854562,2.119316,-5.340527,1.631403,-23.047726,0.264754,1,-1.930550,-5.516755,1.655655
z_ext_jk_mp_median_bs,2.787,hicp_sa,2,-2.707228,2.638266,-7.046789,1.632334,-29.089888,-0.332788,1,-2.820343,-7.390993,1.750307
z_ext_jk_mp_median_bs,2.787,hicp_sa,3,-1.620280,2.001778,-4.912911,1.672351,-21.638055,0.481586,1,-1.687734,-5.546416,2.170947
z_ext_jk_mp_median_bs,2.787,hicp_sa,4,-0.998051,1.726707,-3.838231,1.842128,-18.265118,1.419338,1,-0.934718,-4.713864,2.844429
z_ext_jk_mp_median_bs,2.787,hicp_sa,5,-0.159361,1.597967,-2.787783,2.469061,-11.345130,2.956674,0,-0.050234,-3.957239,3.856772
z_ext_jk_mp_median_bs,2.787,hicp_sa,6,0.090612,1.606111,-2.551206,2.732429,-14.284082,3.543750,0,0.196929,-4.375912,4.769771
z_ext_jk_mp_median_bs,2.787,hicp_sa,7,-0.820790,1.843184,-3.852558,2.210979,-19.252632,1.943987,1,-0.715726,-5.754861,4.323410
z_ext_jk_mp_median_bs,2.787,hicp_sa,8,-3.217720,2.648028,-7.573338,1.137898,-29.697999,-0.172488,1,-3.270064,-9.505348,2.965220
z_ext_jk_mp_median_bs,2.787,hicp_sa,9,-3.782977,3.088344,-8.862850,1.296897,-34.666414,-0.540216,1,-4.018780,-11.051787,3.014226
z_ext_jk_mp_median_bs,2.787,hicp_sa,10,-3.815125,3.197518,-9.074574,1.444324,-35.790304,-0.457731,1,-4.192726,-11.460866,3.075413
z_ext_jk_mp_median_bs,2.787,hicp_sa,11,-3.319356,2.973753,-8.210745,1.572034,-33.056891,-0.196914,1,-3.512474,-10.546378,3.521431
z_ext_jk_mp_median_bs,2.787,hicp_sa,12,-2.208076,2.478241,-6.284421,1.868268,-26.990491,0.889726,1,-2.162455,-8.974337,4.649427
z_ext_jk_mp_median_bs,2.787,hicp_sa,13,-2.042483,2.811646,-6.667229,2.582263,-30.158941,1.893821,1,-2.341045,-9.737138,5.055049
z_ext_jk_mp_median_bs,2.787,hicp_sa,14,-1.993292,2.977105,-6.890194,2.903611,-31.764345,3.067787,1,-2.486970,-10.116743,5.142802
z_ext_jk_mp_median_bs,2.787,hicp_sa,15,-2.349279,3.128614,-7.495392,2.796833,-33.635420,2.343642,1,-3.021614,-10.864665,4.821436
z_ext_jk_mp_median_bs,2.787,hicp_sa,16,-2.701547,3.257709,-8.060002,2.656908,-35.278640,1.696361,1,-3.567502,-11.953022,4.818018
z_ext_jk_mp_median_bs,2.787,hicp_sa,17,-2.410163,3.232924,-7.727850,2.907524,-34.739405,2.115931,1,-3.305798,-11.784023,5.172426
z_ext_jk_mp_median_bs,2.787,hicp_sa,18,-2.214962,3.336947,-7.703752,3.273827,-35.584433,2.123069,1,-3.051027,-11.778746,5.676692
z_ext_jk_mp_median_bs,2.787,hicp_sa,19,-2.933602,3.770501,-9.135524,3.268320,-40.638611,1.968049,1,-4.093172,-13.655524,5.469180
z_ext_jk_mp_median_bs,2.787,hicp_sa,20,-4.017665,4.049509,-10.678515,2.643184,-39.653345,1.246696,0,-5.529707,-15.857398,4.797983
z_ext_jk_mp_median_bs,2.787,hicp_sa,21,-4.734221,4.098123,-11.475034,2.006592,-41.002611,0.183527,0,-6.339190,-17.050861,4.372482
z_ext_jk_mp_median_bs,2.787,hicp_sa,22,-3.974527,3.985354,-10.529850,2.580797,-34.661750,1.405701,0,-5.587799,-15.595735,4.420136
z_ext_jk_mp_median_bs,2.787,hicp_sa,23,-3.115025,3.683789,-9.174319,2.944268,-26.322894,2.226468,0,-4.549145,-13.843401,4.745112
z_ext_jk_mp_median_bs,2.787,hicp_sa,24,-3.791088,3.897479,-10.201870,2.619693,-29.124699,1.470508,0,-5.120310,-14.778153,4.537533
z_ext_jk_mp_median_bs,2.787,hicp_sa,25,-4.829093,4.111867,-11.592513,1.934326,-32.173010,0.516334,0,-6.208088,-16.288972,3.872795
z_ext_jk_mp_median_bs,2.787,hicp_sa,26,-5.804802,4.217654,-12.742225,1.132621,-33.852200,-0.743618,0,-7.213807,-18.034341,3.606727
z_ext_jk_mp_median_bs,2.787,hicp_sa,27,-6.620440,4.399132,-13.856368,0.615489,-39.393975,-1.561438,0,-8.270259,-20.072561,3.532042
z_ext_jk_mp_median_bs,2.787,hicp_sa,28,-6.733535,4.302342,-13.810258,0.343188,-37.925515,-1.785842,0,-8.628272,-20.188573,2.932029
z_ext_jk_mp_median_bs,2.787,hicp_sa,29,-6.769385,4.594067,-14.325954,0.787183,-38.468450,-1.486208,0,-9.003221,-20.790317,2.783874
z_ext_jk_mp_median_bs,2.787,hicp_sa,30,-7.057832,5.013799,-15.304797,1.189132,-41.151662,-1.542654,0,-9.570948,-22.096725,2.954830
z_ext_jk_mp_median_bs,2.787,hicp_sa,31,-7.757992,5.340042,-16.541579,1.025595,-43.803273,-1.883946,0,-10.551726,-24.011097,2.907645
z_ext_jk_mp_median_bs,2.787,hicp_sa,32,-8.865037,5.687041,-18.219387,0.489314,-49.527382,-2.609291,0,-11.787675,-26.485681,2.910332
z_ext_jk_mp_median_bs,2.787,hicp_sa,33,-7.366795,5.035385,-15.649267,0.915677,-42.614491,-1.576102,0,-10.368319,-23.721760,2.985122
z_ext_jk_mp_median_bs,2.787,hicp_sa,34,-6.759396,4.955498,-14.910466,1.391673,-39.217910,-0.812799,0,-9.943308,-22.959824,3.073208
z_ext_jk_mp_median_bs,2.787,hicp_sa,35,-5.819430,4.370890,-13.008904,1.370044,-33.356035,-0.137273,0,-9.021452,-20.942479,2.899574
z_ext_jk_mp_median_bs,2.787,hicp_sa,36,-7.038357,4.842243,-15.003138,0.926424,-45.776301,-1.711890,0,-10.179582,-23.446937,3.087773
z_ext_jk_mp_median_bs,2.787,hicp_sa,37,-6.301802,4.922469,-14.398542,1.794938,-55.034241,-0.148716,0,-9.759192,-23.591952,4.073569
z_ext_jk_mp_median_bs,2.787,hicp_sa,38,-6.608449,4.870371,-14.619496,1.402599,-55.312159,-0.764003,1,-10.035029,-24.235225,4.165168
z_ext_jk_mp_median_bs,2.787,hicp_sa,39,-6.317443,4.633216,-13.938405,1.303518,-45.931438,-0.062602,0,-9.859251,-23.553574,3.835072
z_ext_jk_mp_median_bs,2.787,hicp_sa,40,-5.810089,4.329290,-12.931138,1.310960,-44.990167,0.250918,0,-9.506239,-22.873490,3.861013
z_ext_jk_mp_median_bs,2.787,hicp_sa,41,-5.168609,4.005148,-11.756492,1.419274,-37.009538,0.839113,0,-9.242593,-22.137418,3.652231
z_ext_jk_mp_median_bs,2.787,hicp_sa,42,-5.686720,4.263334,-12.699281,1.325840,-43.417228,-0.357553,0,-10.089762,-24.077743,3.898219
z_ext_jk_mp_median_bs,2.787,hicp_sa,43,-4.750327,3.892759,-11.153346,1.652693,-37.254869,0.310260,0,-9.213036,-22.439705,4.013633
z_ext_jk_mp_median_bs,2.787,hicp_sa,44,-3.756920,3.648969,-9.758939,2.245100,-32.218876,1.898982,0,-8.150612,-20.323656,4.022433
z_ext_jk_mp_median_bs,2.787,hicp_sa,45,-3.570307,3.559840,-9.425722,2.285108,-22.259465,4.083348,0,-7.752817,-19.081345,3.575710
z_ext_jk_mp_median_bs,2.787,hicp_sa,46,-2.927220,3.419113,-8.551160,2.696720,-14.723158,7.159162,0,-6.742560,-16.493219,3.008099
z_ext_jk_mp_median_bs,2.787,hicp_sa,47,-3.091723,3.356694,-8.612994,2.429548,-17.693344,4.964344,0,-7.224754,-17.248646,2.799138
z_ext_jk_mp_median_bs,2.787,hicp_sa,48,-3.172603,3.518871,-8.960630,2.615425,-18.655635,4.217027,0,-7.261767,-17.138481,2.614947
z_ext_jk_mp_median_bs,2.787,stoxx,0,-28.035328,27.495088,-73.260723,17.190067,-302.986205,2.209269,1,-31.287387,-81.114108,18.539335
z_ext_jk_mp_median_bs,2.787,stoxx,1,-25.634815,37.571308,-87.434117,36.164487,-401.347894,19.450754,1,-27.496512,-92.562492,37.569469
z_ext_jk_mp_median_bs,2.787,stoxx,2,2.715150,30.859309,-48.043897,53.474197,-234.901533,81.406389,0,-2.958624,-56.451452,50.534204
z_ext_jk_mp_median_bs,2.787,stoxx,3,37.907561,32.921550,-16.243571,92.058692,-32.873773,283.173112,0,39.297157,-19.741481,98.335794
z_ext_jk_mp_median_bs,2.787,stoxx,4,55.983775,31.438331,4.272322,107.695228,-22.612053,261.904845,0,60.130937,-4.562457,124.824331
z_ext_jk_mp_median_bs,2.787,stoxx,5,30.054934,35.761697,-28.767824,88.877692,-59.349310,224.956185,0,32.408922,-34.895573,99.713417
z_ext_jk_mp_median_bs,2.787,stoxx,6,2.655280,42.999369,-68.072388,73.382947,-156.442384,228.401964,0,4.446209,-75.414382,84.306800
z_ext_jk_mp_median_bs,2.787,stoxx,7,2.768088,37.311686,-58.604173,64.140350,-167.000081,131.493403,0,0.699892,-77.384764,78.784548
z_ext_jk_mp_median_bs,2.787,stoxx,8,8.811402,33.495991,-46.284600,63.907404,-153.644154,114.323773,0,-1.135751,-81.304566,79.033065
z_ext_jk_mp_median_bs,2.787,stoxx,9,13.115625,36.157747,-46.358575,72.589826,-147.786347,134.244077,0,4.023331,-74.793871,82.840533
z_ext_jk_mp_median_bs,2.787,stoxx,10,-6.261710,42.791674,-76.647750,64.124330,-207.382577,124.252895,0,-17.496459,-98.225726,63.232808
z_ext_jk_mp_median_bs,2.787,stoxx,11,17.122357,50.069370,-65.234429,99.479143,-143.099629,274.979615,0,7.143549,-80.140832,94.427931
z_ext_jk_mp_median_bs,2.787,stoxx,12,38.025437,47.195351,-39.604007,115.654881,-63.444567,458.064060,0,31.336021,-60.679995,123.352037
z_ext_jk_mp_median_bs,2.787,stoxx,13,36.317932,39.483031,-28.625875,101.261738,-64.363797,369.949542,0,27.718541,-62.241357,117.678440
z_ext_jk_mp_median_bs,2.787,stoxx,14,44.849589,38.576670,-18.603386,108.302564,-41.947918,393.968451,0,45.483024,-49.994184,140.960232
z_ext_jk_mp_median_bs,2.787,stoxx,15,50.825225,36.526353,-9.255279,110.905729,-7.616939,408.783484,0,51.600973,-43.626761,146.828707
z_ext_jk_mp_median_bs,2.787,stoxx,16,53.783733,36.335488,-5.982827,113.550292,6.547598,417.138615,1,56.261772,-37.605546,150.129091
z_ext_jk_mp_median_bs,2.787,stoxx,17,66.623976,49.463946,-14.736974,147.984927,7.267241,561.263436,1,72.043698,-34.262779,178.350176
z_ext_jk_mp_median_bs,2.787,stoxx,18,10.159591,39.772547,-55.260427,75.579609,-101.203541,236.863108,0,10.193389,-71.367347,91.754125
z_ext_jk_mp_median_bs,2.787,stoxx,19,-2.764924,38.180787,-65.566730,60.036882,-178.396545,111.777437,0,0.653182,-80.712586,82.018950
z_ext_jk_mp_median_bs,2.787,stoxx,20,-4.166546,33.139506,-58.676184,50.343091,-176.491979,67.083392,0,-5.218926,-84.454821,74.016970
z_ext_jk_mp_median_bs,2.787,stoxx,21,41.085205,26.223267,-2.048232,84.218641,3.061467,240.382036,0,42.152838,-38.205645,122.511322
z_ext_jk_mp_median_bs,2.787,stoxx,22,69.333005,44.433003,-3.752781,142.418791,22.678352,511.441382,0,80.643045,-26.526275,187.812365
z_ext_jk_mp_median_bs,2.787,stoxx,23,-1.968032,35.640192,-60.590930,56.654866,-89.286501,133.464696,0,4.682934,-69.764218,79.130086
z_ext_jk_mp_median_bs,2.787,stoxx,24,-13.199394,39.214522,-77.701543,51.302755,-128.882234,104.444172,0,-7.748269,-85.794270,70.297733
z_ext_jk_mp_median_bs,2.787,stoxx,25,8.644262,40.660714,-58.236662,75.525185,-78.776274,173.320155,0,10.927263,-71.439410,93.293935
z_ext_jk_mp_median_bs,2.787,stoxx,26,-15.090583,33.070466,-69.486658,39.305492,-162.254155,46.089778,0,-16.491265,-92.283671,59.301141
z_ext_jk_mp_median_bs,2.787,stoxx,27,-32.288900,44.315440,-105.181312,40.603512,-260.513415,40.831576,0,-31.309684,-113.147407,50.528040
z_ext_jk_mp_median_bs,2.787,stoxx,28,-27.780113,41.834569,-96.591855,41.031629,-201.393572,57.980753,0,-30.580096,-112.776827,51.616634
z_ext_jk_mp_median_bs,2.787,stoxx,29,-3.852498,31.009170,-54.858043,47.153047,-82.925881,95.376844,0,-3.143845,-82.466411,76.178720
z_ext_jk_mp_median_bs,2.787,stoxx,30,8.729405,29.186161,-39.277558,56.736369,-48.183609,124.014743,0,11.250209,-76.010389,98.510807
z_ext_jk_mp_median_bs,2.787,stoxx,31,5.518555,35.319393,-52.576677,63.613787,-63.354262,143.264188,0,9.412367,-82.752461,101.577195
z_ext_jk_mp_median_bs,2.787,stoxx,32,10.875911,34.069182,-45.162906,66.914728,-43.634780,177.814901,0,12.464095,-84.790374,109.718564
z_ext_jk_mp_median_bs,2.787,stoxx,33,19.343602,29.028016,-28.403236,67.090440,-30.004026,155.775279,0,19.263060,-75.910210,114.436330
z_ext_jk_mp_median_bs,2.787,stoxx,34,39.762517,31.238469,-11.620192,91.145227,-2.409416,219.383716,0,40.904141,-58.019732,139.828014
z_ext_jk_mp_median_bs,2.787,stoxx,35,56.236306,43.980157,-16.104615,128.577228,5.659125,364.097408,0,62.504982,-56.181519,181.191484
z_ext_jk_mp_median_bs,2.787,stoxx,36,45.869570,39.578958,-19.232023,110.971163,2.332716,358.543340,0,53.603777,-55.769666,162.977219
z_ext_jk_mp_median_bs,2.787,stoxx,37,54.770432,54.889639,-35.514990,145.055853,-2.863689,603.666821,1,69.680380,-64.857357,204.218116
z_ext_jk_mp_median_bs,2.787,stoxx,38,68.451209,60.891527,-31.706441,168.608858,7.559681,677.366480,1,86.205332,-70.445094,242.855758
z_ext_jk_mp_median_bs,2.787,stoxx,39,75.040878,64.515913,-31.078355,181.160111,10.524966,720.200006,1,88.870354,-71.185172,248.925881
z_ext_jk_mp_median_bs,2.787,stoxx,40,69.037958,68.343241,-43.376671,181.452586,4.111878,752.470371,1,82.411156,-77.435013,242.257325
z_ext_jk_mp_median_bs,2.787,stoxx,41,49.101856,55.564037,-42.292853,140.496564,-9.240383,604.742230,1,60.290217,-70.148651,190.729085
z_ext_jk_mp_median_bs,2.787,stoxx,42,25.014525,40.417004,-41.465531,91.494580,-29.548430,366.538206,0,37.547836,-71.733447,146.829119
z_ext_jk_mp_median_bs,2.787,stoxx,43,40.008701,52.663277,-46.614681,126.632083,-17.920904,545.576159,0,57.513755,-65.387044,180.414554
z_ext_jk_mp_median_bs,2.787,stoxx,44,26.663489,54.079154,-62.288803,115.615781,-38.231495,567.455025,1,46.847734,-65.456789,159.152256
z_ext_jk_mp_median_bs,2.787,stoxx,45,31.275468,57.536166,-63.363102,125.914039,-23.383889,606.637124,1,56.688991,-73.752193,187.130176
z_ext_jk_mp_median_bs,2.787,stoxx,46,32.086660,57.093740,-61.824186,125.997505,-22.152394,603.024063,1,55.720390,-80.448937,191.889716
z_ext_jk_mp_median_bs,2.787,stoxx,47,34.049416,51.964589,-51.424727,119.523559,-17.915173,553.695309,1,52.416611,-89.043862,193.877084
z_ext_jk_mp_median_bs,2.787,stoxx,48,38.900908,52.544593,-47.527256,125.329072,-18.898144,469.766569,0,50.606094,-86.447931,187.660119
