instrument,F_eff,variable,h,theta,se,lo,hi,ar_lo,ar_hi,ar_unbounded,theta_la,lo_la,hi_la
z_gcs_1y_kilianfix,10.894,i1y,0,1.000000,0.000000,1.000000,1.000000,1.000000,1.000000,0,1.000000,1.000000,1.000000
z_gcs_1y_kilianfix,10.894,i1y,1,0.987352,0.388705,0.347989,1.626716,-0.042717,1.512104,0,0.964313,0.183625,1.745001
z_gcs_1y_kilianfix,10.894,i1y,2,0.543186,0.706228,-0.618456,1.704827,-1.434253,1.496593,0,0.436345,-1.170213,2.042902
z_gcs_1y_kilianfix,10.894,i1y,3,0.720240,0.870050,-0.710864,2.151345,-1.541889,1.981813,0,0.692220,-1.455314,2.839755
z_gcs_1y_kilianfix,10.894,i1y,4,0.889656,1.068369,-0.867655,2.646968,-1.621012,2.599048,0,0.775123,-1.894172,3.444419
z_gcs_1y_kilianfix,10.894,i1y,5,0.544686,1.273852,-1.550614,2.639985,-2.385173,2.646541,0,0.238691,-2.803380,3.280762
z_gcs_1y_kilianfix,10.894,i1y,6,-0.073452,1.434697,-2.433318,2.286414,-3.444989,2.222062,0,-0.550687,-4.052909,2.951534
z_gcs_1y_kilianfix,10.894,i1y,7,-0.967768,1.759153,-3.861317,1.925780,-5.101777,1.846876,0,-1.775810,-5.769292,2.217671
z_gcs_1y_kilianfix,10.894,i1y,8,-1.040439,2.157096,-4.588546,2.507667,-6.001759,2.518768,0,-1.948735,-6.046281,2.148812
z_gcs_1y_kilianfix,10.894,i1y,9,-0.805315,2.227053,-4.468491,2.857861,-5.704831,2.869322,0,-1.593258,-5.474068,2.287552
z_gcs_1y_kilianfix,10.894,i1y,10,-0.755407,2.219126,-4.405544,2.894730,-5.637484,2.906150,0,-1.473202,-5.326245,2.379841
z_gcs_1y_kilianfix,10.894,i1y,11,-0.760744,2.167792,-4.326445,2.804957,-5.638276,2.707723,0,-1.408452,-5.264038,2.447134
z_gcs_1y_kilianfix,10.894,i1y,12,-0.852437,2.016630,-4.169498,2.464624,-5.389854,2.374171,0,-1.478587,-5.355979,2.398805
z_gcs_1y_kilianfix,10.894,i1y,13,-0.868219,2.000802,-4.159246,2.422807,-5.470064,2.233023,0,-1.404642,-5.432745,2.623460
z_gcs_1y_kilianfix,10.894,i1y,14,-0.921127,2.142956,-4.445976,2.603722,-5.849926,2.400455,0,-1.206711,-5.372535,2.959114
z_gcs_1y_kilianfix,10.894,i1y,15,-0.672935,2.279929,-4.423085,3.077216,-5.802776,2.974952,0,-0.804671,-5.193168,3.583826
z_gcs_1y_kilianfix,10.894,i1y,16,-0.500908,2.279025,-4.249571,3.247754,-5.400812,3.259483,0,-0.368110,-4.864417,4.128197
z_gcs_1y_kilianfix,10.894,i1y,17,-0.556322,2.259416,-4.272731,3.160087,-5.188125,3.171715,0,-0.362689,-4.822471,4.097092
z_gcs_1y_kilianfix,10.894,i1y,18,-0.279464,2.165600,-3.841559,3.282631,-4.610664,3.402056,0,-0.077173,-4.478226,4.323879
z_gcs_1y_kilianfix,10.894,i1y,19,-0.289125,2.142356,-3.812988,3.234738,-4.466720,3.459999,0,-0.008811,-4.333921,4.316299
z_gcs_1y_kilianfix,10.894,i1y,20,-0.340297,2.103600,-3.800412,3.119818,-4.442318,3.235824,0,-0.053084,-4.242038,4.135870
z_gcs_1y_kilianfix,10.894,i1y,21,0.299306,2.230015,-3.368743,3.967355,-3.826223,4.313333,0,0.768867,-3.450615,4.988349
z_gcs_1y_kilianfix,10.894,i1y,22,0.611554,2.422970,-3.373877,4.596985,-3.628644,5.215197,0,1.030894,-3.163871,5.225659
z_gcs_1y_kilianfix,10.894,i1y,23,0.871502,2.435049,-3.133798,4.876802,-3.268082,5.619848,0,1.286339,-2.985288,5.557967
z_gcs_1y_kilianfix,10.894,i1y,24,1.514869,2.294525,-2.259289,5.289027,-2.385824,5.989193,0,1.776128,-2.575183,6.127440
z_gcs_1y_kilianfix,10.894,i1y,25,1.628898,2.057189,-1.754878,5.012673,-1.971184,5.434698,0,1.573663,-2.724500,5.871827
z_gcs_1y_kilianfix,10.894,i1y,26,1.020222,1.800170,-1.940795,3.981238,-2.130076,4.350537,0,0.648281,-3.569248,4.865811
z_gcs_1y_kilianfix,10.894,i1y,27,0.836918,1.660680,-1.894658,3.568494,-1.986238,3.992211,0,0.363494,-3.874131,4.601119
z_gcs_1y_kilianfix,10.894,i1y,28,0.937467,1.567571,-1.640958,3.515891,-1.727403,3.915851,0,0.403669,-3.691589,4.498927
z_gcs_1y_kilianfix,10.894,i1y,29,0.630740,1.547174,-1.914135,3.175615,-1.999456,3.647730,0,-0.197920,-4.328845,3.933004
z_gcs_1y_kilianfix,10.894,i1y,30,0.203207,1.536590,-2.324259,2.730673,-2.332167,3.276388,0,-0.774043,-4.763694,3.215607
z_gcs_1y_kilianfix,10.894,i1y,31,0.001589,1.432543,-2.354734,2.357913,-2.362107,2.866675,0,-0.923855,-4.580789,2.733079
z_gcs_1y_kilianfix,10.894,i1y,32,-0.201918,1.366093,-2.448941,2.045105,-2.455972,2.461964,0,-1.134637,-4.573703,2.304428
z_gcs_1y_kilianfix,10.894,i1y,33,-0.105764,1.318516,-2.274529,2.063001,-2.215389,2.597193,0,-0.984665,-4.477010,2.507681
z_gcs_1y_kilianfix,10.894,i1y,34,0.192380,1.316439,-1.972968,2.357729,-1.782277,3.022723,0,-0.451465,-4.056394,3.153464
z_gcs_1y_kilianfix,10.894,i1y,35,0.124414,1.225001,-1.890533,2.139361,-1.651837,2.819416,0,-0.449373,-4.094990,3.196243
z_gcs_1y_kilianfix,10.894,i1y,36,0.129514,1.148910,-1.760276,2.019303,-1.478961,2.772008,0,-0.501545,-4.150684,3.147595
z_gcs_1y_kilianfix,10.894,i1y,37,0.057433,1.163050,-1.855614,1.970480,-1.570837,2.674295,0,-0.313641,-3.994603,3.367321
z_gcs_1y_kilianfix,10.894,i1y,38,0.044751,1.109289,-1.779867,1.869368,-1.619183,2.374257,0,-0.322166,-4.068278,3.423947
z_gcs_1y_kilianfix,10.894,i1y,39,-0.444787,1.088815,-2.235729,1.346155,-2.132451,1.732843,0,-0.908836,-5.014927,3.197255
z_gcs_1y_kilianfix,10.894,i1y,40,-1.117224,1.230643,-3.141452,0.907003,-3.270849,1.097933,0,-1.686288,-6.004420,2.631845
z_gcs_1y_kilianfix,10.894,i1y,41,-1.549901,1.484448,-3.991600,0.891799,-4.221907,1.047883,0,-2.175523,-6.725311,2.374265
z_gcs_1y_kilianfix,10.894,i1y,42,-2.030802,1.738969,-4.891151,0.829547,-5.334842,0.838496,0,-2.935979,-7.703421,1.831462
z_gcs_1y_kilianfix,10.894,i1y,43,-2.509171,1.874755,-5.592869,0.574527,-6.258682,0.396700,0,-3.542451,-8.420902,1.336000
z_gcs_1y_kilianfix,10.894,i1y,44,-2.372269,1.775037,-5.291945,0.547407,-5.922343,0.379038,0,-3.213968,-7.832416,1.404481
z_gcs_1y_kilianfix,10.894,i1y,45,-2.222742,1.563816,-4.794990,0.349507,-5.428565,0.201173,0,-2.742481,-6.934194,1.449232
z_gcs_1y_kilianfix,10.894,i1y,46,-1.943826,1.303047,-4.087148,0.199495,-4.615073,0.010744,0,-2.142453,-5.908027,1.623120
z_gcs_1y_kilianfix,10.894,i1y,47,-1.397255,1.091117,-3.191982,0.397472,-3.524932,0.348532,0,-1.260349,-4.687253,2.166554
z_gcs_1y_kilianfix,10.894,i1y,48,-0.767201,1.244799,-2.814713,1.280312,-3.132319,1.286718,0,-0.178351,-3.550608,3.193907
z_gcs_1y_kilianfix,10.894,ip,0,-5.138553,3.159927,-10.336170,0.059064,-13.512359,-1.030648,0,-5.730130,-12.379005,0.918745
z_gcs_1y_kilianfix,10.894,ip,1,-3.301661,4.470216,-10.654512,4.051189,-15.147733,2.956640,0,-4.288986,-12.836424,4.258451
z_gcs_1y_kilianfix,10.894,ip,2,-7.158939,5.257748,-15.807165,1.489286,-23.720845,-0.849642,0,-8.103664,-19.264070,3.056742
z_gcs_1y_kilianfix,10.894,ip,3,-10.812771,6.837394,-22.059284,0.433741,-33.034303,-2.949768,0,-12.465596,-27.107510,2.176317
z_gcs_1y_kilianfix,10.894,ip,4,-8.249559,7.137329,-19.989420,3.490302,-30.018412,0.672102,0,-9.423830,-23.689147,4.841487
z_gcs_1y_kilianfix,10.894,ip,5,-6.949308,7.164254,-18.733457,4.834841,-26.651005,3.080647,0,-6.890164,-21.524962,7.744635
z_gcs_1y_kilianfix,10.894,ip,6,-10.529775,8.346527,-24.258591,3.199041,-33.482725,1.155363,0,-12.256804,-29.428165,4.914557
z_gcs_1y_kilianfix,10.894,ip,7,-15.382806,9.480725,-30.977211,0.211599,-40.980763,-2.109790,0,-16.731092,-35.992214,2.530031
z_gcs_1y_kilianfix,10.894,ip,8,-14.708047,10.833254,-32.527165,3.111070,-42.874508,1.000171,0,-16.202918,-36.278322,3.872486
z_gcs_1y_kilianfix,10.894,ip,9,-16.002637,10.880494,-33.899457,1.894182,-43.747897,-0.225921,0,-18.309340,-38.549396,1.930716
z_gcs_1y_kilianfix,10.894,ip,10,-16.601302,11.615855,-35.707684,2.505079,-46.221733,-0.339105,0,-16.972982,-37.330707,3.384744
z_gcs_1y_kilianfix,10.894,ip,11,-11.836663,10.113124,-28.471271,4.797946,-38.130785,2.321710,0,-11.359448,-29.883593,7.164696
z_gcs_1y_kilianfix,10.894,ip,12,-12.033831,8.533530,-26.070240,2.002577,-34.221010,-0.513565,0,-10.368977,-28.144550,7.406596
z_gcs_1y_kilianfix,10.894,ip,13,-10.859289,8.962958,-25.602043,3.883466,-33.714832,1.688853,0,-7.207968,-24.711410,10.295475
z_gcs_1y_kilianfix,10.894,ip,14,0.029948,8.211727,-13.477141,13.537037,-16.393506,14.400470,0,6.240093,-12.865936,25.346121
z_gcs_1y_kilianfix,10.894,ip,15,-0.462577,9.932453,-16.800008,15.874854,-19.830860,17.912461,0,5.309440,-13.321472,23.940352
z_gcs_1y_kilianfix,10.894,ip,16,4.730461,10.794953,-13.025657,22.486578,-12.541464,28.479357,0,12.582311,-8.509999,33.674620
z_gcs_1y_kilianfix,10.894,ip,17,10.393516,10.700240,-7.206813,27.993845,-5.656844,34.469057,0,19.086409,-4.122419,42.295237
z_gcs_1y_kilianfix,10.894,ip,18,7.633546,9.158338,-7.430580,22.697671,-6.561878,27.781889,0,14.636623,-6.000470,35.273717
z_gcs_1y_kilianfix,10.894,ip,19,5.709539,8.353545,-8.030819,19.449897,-8.073809,23.251983,0,10.785961,-7.068389,28.640312
z_gcs_1y_kilianfix,10.894,ip,20,6.780372,8.048234,-6.457794,20.018539,-4.889566,25.291310,0,13.266022,-5.941465,32.473509
z_gcs_1y_kilianfix,10.894,ip,21,3.604024,8.583621,-10.514776,17.722825,-9.700589,22.058810,0,7.060970,-10.630811,24.752750
z_gcs_1y_kilianfix,10.894,ip,22,2.386158,9.437684,-13.137451,17.909767,-12.242252,22.677179,0,4.623326,-12.667920,21.914572
z_gcs_1y_kilianfix,10.894,ip,23,12.039800,9.468429,-3.534380,27.613980,-0.742579,35.237451,0,15.287302,-5.587931,36.162535
z_gcs_1y_kilianfix,10.894,ip,24,6.928090,7.950675,-6.149607,20.005787,-4.997923,24.022042,0,7.933004,-10.164426,26.030434
z_gcs_1y_kilianfix,10.894,ip,25,8.725249,9.657764,-7.160360,24.610857,-4.312733,32.386771,0,9.319335,-8.496225,27.134896
z_gcs_1y_kilianfix,10.894,ip,26,5.376355,8.280105,-8.243206,18.995915,-6.215792,24.420596,0,4.144748,-13.131004,21.420500
z_gcs_1y_kilianfix,10.894,ip,27,1.874076,6.029320,-8.043273,11.791425,-7.471371,14.837114,0,-1.730465,-17.960526,14.499596
z_gcs_1y_kilianfix,10.894,ip,28,-0.871162,6.575827,-11.687434,9.945110,-11.063693,12.938074,0,-4.634844,-21.657599,12.387912
z_gcs_1y_kilianfix,10.894,ip,29,-6.476176,7.469872,-18.763022,5.810670,-19.548452,7.716581,0,-13.209775,-32.183069,5.763519
z_gcs_1y_kilianfix,10.894,ip,30,-6.035218,7.131823,-17.766023,5.695587,-17.802726,7.871836,0,-10.712276,-29.987460,8.562909
z_gcs_1y_kilianfix,10.894,ip,31,-7.293118,7.656703,-19.887273,5.301037,-21.458018,6.488947,0,-10.368780,-29.517090,8.779530
z_gcs_1y_kilianfix,10.894,ip,32,-3.570365,7.643765,-16.143239,9.002510,-15.418200,12.481542,0,-6.163674,-25.638494,13.311145
z_gcs_1y_kilianfix,10.894,ip,33,-5.039869,7.352482,-17.133625,7.053887,-16.436215,10.400343,0,-4.996972,-26.453168,16.459223
z_gcs_1y_kilianfix,10.894,ip,34,-6.767645,7.794929,-19.589162,6.053873,-20.408771,7.652975,0,-7.502140,-30.598231,15.593951
z_gcs_1y_kilianfix,10.894,ip,35,-9.622021,7.708179,-22.300847,3.056804,-23.496743,4.252700,0,-12.971230,-37.640708,11.698248
z_gcs_1y_kilianfix,10.894,ip,36,-9.072826,7.550233,-21.491854,3.346203,-22.285734,4.517594,0,-11.725476,-36.548205,13.097254
z_gcs_1y_kilianfix,10.894,ip,37,-6.487684,8.127158,-19.855669,6.880301,-20.710210,8.547558,0,-7.359865,-31.168895,16.449165
z_gcs_1y_kilianfix,10.894,ip,38,-4.996432,7.671983,-17.615721,7.622857,-18.422403,8.813138,0,-4.621957,-27.999948,18.756034
z_gcs_1y_kilianfix,10.894,ip,39,-4.130427,7.449030,-16.382992,8.122137,-17.166231,9.277827,0,-3.021786,-27.098577,21.055005
z_gcs_1y_kilianfix,10.894,ip,40,-4.233344,7.388875,-16.386961,7.920274,-16.794430,9.066631,0,-1.003497,-24.098188,22.091194
z_gcs_1y_kilianfix,10.894,ip,41,-4.101829,7.526454,-16.481744,8.278086,-16.896801,9.822110,0,1.490020,-22.438737,25.418777
z_gcs_1y_kilianfix,10.894,ip,42,-6.310834,6.401577,-16.840492,4.218823,-18.473831,4.251768,0,-3.052871,-28.164484,22.058741
z_gcs_1y_kilianfix,10.894,ip,43,-6.122618,6.749773,-17.225007,4.979771,-19.284676,4.677019,0,-3.439530,-28.432743,21.553683
z_gcs_1y_kilianfix,10.894,ip,44,-4.200237,6.972468,-15.668927,7.268453,-17.447927,6.955712,0,0.294260,-25.798424,26.386944
z_gcs_1y_kilianfix,10.894,ip,45,-1.827569,7.858477,-14.753613,11.098474,-17.151599,10.745993,0,3.745450,-22.769979,30.260880
z_gcs_1y_kilianfix,10.894,ip,46,0.652629,10.064737,-15.902390,17.207647,-18.470371,16.756207,0,8.859113,-18.752225,36.470451
z_gcs_1y_kilianfix,10.894,ip,47,5.773294,10.929427,-12.204013,23.750602,-13.353203,24.899792,0,15.029089,-14.070550,44.128727
z_gcs_1y_kilianfix,10.894,ip,48,10.790246,12.309200,-9.456587,31.037079,-9.519934,34.177727,0,23.418011,-8.658623,55.494646
z_gcs_1y_kilianfix,10.894,hicp,0,1.052505,0.886329,-0.405376,2.510386,-0.720152,2.603581,0,-0.603767,-1.954063,0.746529
z_gcs_1y_kilianfix,10.894,hicp,1,1.075380,1.139595,-0.799087,2.949847,-1.374750,3.012691,0,-0.138122,-2.200739,1.924496
z_gcs_1y_kilianfix,10.894,hicp,2,0.657162,1.279161,-1.446871,2.761195,-2.540741,2.575904,0,-0.042589,-2.383500,2.298322
z_gcs_1y_kilianfix,10.894,hicp,3,-0.023450,1.508252,-2.504304,2.457405,-4.020318,2.163516,0,-0.666864,-3.415133,2.081405
z_gcs_1y_kilianfix,10.894,hicp,4,-1.074674,1.734886,-3.928307,1.778960,-5.845609,1.354167,0,-1.916507,-5.460209,1.627196
z_gcs_1y_kilianfix,10.894,hicp,5,-1.452827,1.724730,-4.289756,1.384102,-6.109599,0.961796,0,-2.202515,-6.009642,1.604611
z_gcs_1y_kilianfix,10.894,hicp,6,-1.261888,2.196479,-4.874775,2.350999,-7.082558,1.813183,0,-2.427316,-7.076063,2.221432
z_gcs_1y_kilianfix,10.894,hicp,7,-2.353437,2.554359,-6.554984,1.848109,-8.867053,1.350383,0,-3.766423,-8.991451,1.458605
z_gcs_1y_kilianfix,10.894,hicp,8,-3.091398,2.816593,-7.724282,1.541486,-10.555370,0.851833,0,-4.589898,-10.302080,1.122285
z_gcs_1y_kilianfix,10.894,hicp,9,-2.934668,2.774539,-7.498379,1.629042,-10.287197,0.949686,0,-3.995530,-9.570867,1.579806
z_gcs_1y_kilianfix,10.894,hicp,10,-3.052617,2.651021,-7.413159,1.307924,-10.342926,0.526261,0,-4.139548,-9.809515,1.530419
z_gcs_1y_kilianfix,10.894,hicp,11,-2.763551,2.473531,-6.832148,1.305046,-9.318409,0.575717,0,-3.464487,-9.045046,2.116073
z_gcs_1y_kilianfix,10.894,hicp,12,-0.705994,2.567694,-4.929474,3.517486,-6.996844,3.017162,0,-2.506736,-8.007660,2.994188
z_gcs_1y_kilianfix,10.894,hicp,13,-0.931196,2.804389,-5.544005,3.681614,-8.222607,2.994949,0,-2.380943,-8.554843,3.792957
z_gcs_1y_kilianfix,10.894,hicp,14,-1.602380,2.778888,-6.173243,2.968483,-8.966432,2.149118,0,-2.846176,-9.109954,3.417601
z_gcs_1y_kilianfix,10.894,hicp,15,-2.321350,3.064233,-7.361565,2.718865,-10.288356,1.815365,0,-3.278688,-10.027739,3.470363
z_gcs_1y_kilianfix,10.894,hicp,16,-2.984244,3.366987,-8.522444,2.553956,-11.570060,1.729537,0,-4.066297,-11.506563,3.373968
z_gcs_1y_kilianfix,10.894,hicp,17,-2.199748,3.091210,-7.284336,2.884841,-9.773213,2.127947,0,-2.820004,-10.066388,4.426379
z_gcs_1y_kilianfix,10.894,hicp,18,-1.264600,3.238476,-6.591419,4.062219,-9.522714,3.107343,0,-1.864809,-9.105655,5.376037
z_gcs_1y_kilianfix,10.894,hicp,19,-1.400563,3.221603,-6.699629,3.898502,-9.615651,2.948601,0,-1.956727,-9.580679,5.667224
z_gcs_1y_kilianfix,10.894,hicp,20,-1.803498,3.154351,-6.991944,3.384947,-9.689375,2.454875,0,-2.194911,-9.532564,5.142742
z_gcs_1y_kilianfix,10.894,hicp,21,-2.102963,3.004648,-7.045168,2.839243,-9.464349,1.953312,0,-2.193279,-9.516215,5.129657
z_gcs_1y_kilianfix,10.894,hicp,22,-2.285876,2.775475,-6.851127,2.279375,-8.947017,1.599790,0,-2.448001,-9.660112,4.764110
z_gcs_1y_kilianfix,10.894,hicp,23,-1.642517,2.715139,-6.108523,2.823488,-8.023093,2.158677,0,-1.182866,-7.917441,5.551709
z_gcs_1y_kilianfix,10.894,hicp,24,-0.533511,3.261723,-5.898568,4.831545,-8.198560,4.032900,0,-1.718936,-8.741490,5.303618
z_gcs_1y_kilianfix,10.894,hicp,25,-1.733946,3.542504,-7.560847,4.092955,-10.058831,3.225560,0,-2.888058,-10.398082,4.621966
z_gcs_1y_kilianfix,10.894,hicp,26,-2.084362,3.335236,-7.570337,3.401613,-9.922166,2.584969,0,-3.067386,-10.690257,4.555485
z_gcs_1y_kilianfix,10.894,hicp,27,-2.381680,3.260369,-7.744510,2.981149,-9.717511,2.345855,0,-3.371197,-11.323496,4.581103
z_gcs_1y_kilianfix,10.894,hicp,28,-2.941822,3.442500,-8.604229,2.720586,-10.515321,2.221928,0,-4.432741,-13.030122,4.164640
z_gcs_1y_kilianfix,10.894,hicp,29,-2.871597,3.354481,-8.389227,2.646033,-10.419179,1.992400,0,-4.042392,-12.413260,4.328477
z_gcs_1y_kilianfix,10.894,hicp,30,-2.978049,3.367150,-8.516518,2.560420,-11.059209,1.735961,0,-4.090930,-13.078088,4.896229
z_gcs_1y_kilianfix,10.894,hicp,31,-4.175052,3.419685,-9.799933,1.449829,-12.553280,0.441522,0,-5.206302,-14.506538,4.093934
z_gcs_1y_kilianfix,10.894,hicp,32,-3.911791,3.049582,-8.927907,1.104325,-11.078309,0.357623,0,-4.404452,-13.328927,4.520024
z_gcs_1y_kilianfix,10.894,hicp,33,-3.524958,2.982567,-8.430845,1.380929,-10.384863,0.650637,0,-3.101897,-11.787459,5.583666
z_gcs_1y_kilianfix,10.894,hicp,34,-4.305494,2.927257,-9.120403,0.509415,-11.038185,-0.207335,0,-3.984293,-12.877426,4.908840
z_gcs_1y_kilianfix,10.894,hicp,35,-4.270550,2.764588,-8.817893,0.276794,-10.490874,-0.261896,0,-3.559676,-11.596672,4.477320
z_gcs_1y_kilianfix,10.894,hicp,36,-3.985175,3.221689,-9.284381,1.314032,-11.717228,0.203021,0,-5.519775,-14.333653,3.294103
z_gcs_1y_kilianfix,10.894,hicp,37,-4.692434,3.442161,-10.354286,0.969418,-13.297837,-0.217624,0,-6.466492,-16.053107,3.120124
z_gcs_1y_kilianfix,10.894,hicp,38,-4.869926,2.789882,-9.458872,-0.280979,-11.426147,-1.103585,0,-6.401512,-15.561244,2.758219
z_gcs_1y_kilianfix,10.894,hicp,39,-4.371811,2.999562,-9.305651,0.562029,-10.820869,-0.022446,0,-5.519936,-14.957114,3.917243
z_gcs_1y_kilianfix,10.894,hicp,40,-4.244527,2.699895,-8.685459,0.196406,-10.049301,-0.329679,0,-5.918607,-15.595896,3.758682
z_gcs_1y_kilianfix,10.894,hicp,41,-4.016993,2.465873,-8.072992,0.039006,-9.195325,-0.318184,0,-5.762599,-14.967386,3.442187
z_gcs_1y_kilianfix,10.894,hicp,42,-3.917069,2.712283,-8.378378,0.544241,-9.884092,-0.119872,0,-6.030239,-15.697594,3.637116
z_gcs_1y_kilianfix,10.894,hicp,43,-3.378008,2.822765,-8.021044,1.265028,-9.305815,0.856140,0,-4.831095,-13.594036,3.931846
z_gcs_1y_kilianfix,10.894,hicp,44,-2.339117,2.615078,-6.640538,1.962304,-7.438520,1.845008,0,-3.081538,-10.817088,4.654011
z_gcs_1y_kilianfix,10.894,hicp,45,-3.224509,2.329269,-7.055815,0.606797,-7.766583,0.502320,0,-3.533862,-11.399170,4.331445
z_gcs_1y_kilianfix,10.894,hicp,46,-4.573269,2.174050,-8.149262,-0.997276,-8.812666,-1.203492,0,-5.449071,-13.485591,2.587450
z_gcs_1y_kilianfix,10.894,hicp,47,-4.434960,2.151808,-7.974369,-0.895552,-8.846166,-1.207249,0,-4.458039,-10.909443,1.993366
z_gcs_1y_kilianfix,10.894,hicp,48,-2.587727,2.302204,-6.374516,1.199062,-7.767686,0.520249,0,-5.068557,-11.987038,1.849923
z_gcs_1y_kilianfix,10.894,stoxx,0,12.312892,16.190148,-14.317531,38.943315,-10.353314,52.788261,0,21.399086,-11.457854,54.256026
z_gcs_1y_kilianfix,10.894,stoxx,1,11.662819,22.422618,-25.219106,48.544745,-23.092239,65.477104,0,22.215861,-21.969030,66.400751
z_gcs_1y_kilianfix,10.894,stoxx,2,-1.988604,23.995397,-41.457519,37.480311,-45.180318,48.401729,0,7.674078,-31.884965,47.233120
z_gcs_1y_kilianfix,10.894,stoxx,3,33.440378,35.070452,-24.245383,91.126139,-17.411778,124.623554,0,54.766026,-9.094461,118.626513
z_gcs_1y_kilianfix,10.894,stoxx,4,40.396433,42.486663,-29.487909,110.280775,-21.209229,150.861757,0,68.794308,-15.709759,153.298375
z_gcs_1y_kilianfix,10.894,stoxx,5,-9.484937,39.721099,-74.820331,55.850457,-82.968970,71.943316,0,8.153392,-70.375373,86.682157
z_gcs_1y_kilianfix,10.894,stoxx,6,-37.068340,40.183942,-103.165042,29.028362,-123.463814,33.253558,0,-29.352984,-109.899520,51.193551
z_gcs_1y_kilianfix,10.894,stoxx,7,-30.662691,35.148209,-88.476349,27.150968,-102.716518,34.361495,0,-21.332443,-96.276068,53.611181
z_gcs_1y_kilianfix,10.894,stoxx,8,-2.235912,37.893195,-64.564672,60.092847,-74.232983,73.550478,0,8.297314,-82.142384,98.737012
z_gcs_1y_kilianfix,10.894,stoxx,9,0.483814,39.953302,-65.233520,66.201149,-71.432130,80.390419,0,15.858807,-84.693826,116.411440
z_gcs_1y_kilianfix,10.894,stoxx,10,-0.408249,38.440172,-63.636706,62.820207,-69.600559,76.472095,0,18.953194,-78.956906,116.863293
z_gcs_1y_kilianfix,10.894,stoxx,11,23.694259,46.811026,-53.303027,100.691545,-53.543934,126.678516,0,53.472313,-50.465866,157.410492
z_gcs_1y_kilianfix,10.894,stoxx,12,35.377144,53.638715,-52.850691,123.604980,-47.762864,158.746189,0,71.668563,-42.653520,185.990646
z_gcs_1y_kilianfix,10.894,stoxx,13,28.738326,47.939272,-50.114760,107.591412,-50.361474,131.807761,0,60.398744,-51.479089,172.276578
z_gcs_1y_kilianfix,10.894,stoxx,14,11.628562,44.419203,-61.434526,84.691650,-61.663123,107.129849,0,44.753989,-53.485825,142.993803
z_gcs_1y_kilianfix,10.894,stoxx,15,12.837128,44.188670,-59.846767,85.521023,-55.655311,112.261637,0,55.053574,-39.638107,149.745254
z_gcs_1y_kilianfix,10.894,stoxx,16,33.812836,43.234015,-37.300790,104.926462,-28.876486,137.574472,0,83.436608,-12.160717,179.033932
z_gcs_1y_kilianfix,10.894,stoxx,17,37.019740,40.781662,-30.060125,104.099605,-20.074587,136.934813,0,74.165740,-11.834333,160.165814
z_gcs_1y_kilianfix,10.894,stoxx,18,23.700916,36.197601,-35.838839,83.240671,-28.785605,110.575158,0,44.441296,-29.504085,118.386676
z_gcs_1y_kilianfix,10.894,stoxx,19,22.073012,33.022151,-32.243593,76.389618,-24.158000,101.326176,0,37.358825,-31.610886,106.328535
z_gcs_1y_kilianfix,10.894,stoxx,20,20.546957,28.294336,-25.993084,67.086999,-20.479830,85.623930,0,24.578940,-43.424273,92.582153
z_gcs_1y_kilianfix,10.894,stoxx,21,40.231799,24.124516,0.550502,79.913096,6.457478,98.130637,0,44.109642,-22.596298,110.815581
z_gcs_1y_kilianfix,10.894,stoxx,22,46.361474,26.635829,2.549434,90.173513,13.066688,116.946419,0,50.730676,-17.619356,119.080707
z_gcs_1y_kilianfix,10.894,stoxx,23,25.925759,24.336279,-14.103858,65.955376,-8.145032,83.116015,0,22.879413,-33.616929,79.375755
z_gcs_1y_kilianfix,10.894,stoxx,24,17.799289,21.903098,-18.228100,53.826679,-15.055357,65.986104,0,12.587020,-37.057901,62.231942
z_gcs_1y_kilianfix,10.894,stoxx,25,13.255467,24.472107,-26.997567,53.508500,-28.347115,60.976075,0,-2.778015,-51.368912,45.812883
z_gcs_1y_kilianfix,10.894,stoxx,26,-7.817063,25.078904,-49.068188,33.434063,-57.974870,33.563128,0,-35.845839,-83.644032,11.952355
z_gcs_1y_kilianfix,10.894,stoxx,27,-20.286588,25.149344,-61.653578,21.080402,-68.070342,23.724764,0,-47.384806,-101.954198,7.184586
z_gcs_1y_kilianfix,10.894,stoxx,28,-17.600517,26.992602,-61.999396,26.798362,-67.536830,29.636536,0,-49.456958,-105.838146,6.924230
z_gcs_1y_kilianfix,10.894,stoxx,29,-30.283488,25.244805,-71.807497,11.240520,-82.035338,10.108199,0,-60.657555,-123.272945,1.957835
z_gcs_1y_kilianfix,10.894,stoxx,30,-20.789000,25.269325,-62.353341,20.775341,-67.537251,24.695786,0,-35.475278,-93.112000,22.161443
z_gcs_1y_kilianfix,10.894,stoxx,31,-23.258914,30.355706,-73.189606,26.671779,-79.416969,31.381357,0,-34.788668,-99.553247,29.975911
z_gcs_1y_kilianfix,10.894,stoxx,32,-29.557007,28.621997,-76.636002,17.521988,-79.645501,23.393686,0,-38.601194,-105.616761,28.414372
z_gcs_1y_kilianfix,10.894,stoxx,33,-29.181965,25.926307,-71.826946,13.463015,-81.034580,13.596442,0,-33.818751,-103.341996,35.704493
z_gcs_1y_kilianfix,10.894,stoxx,34,-32.788082,22.575123,-69.920854,4.344691,-82.453352,1.074603,0,-29.418574,-104.610378,45.773229
z_gcs_1y_kilianfix,10.894,stoxx,35,-20.151462,18.413037,-50.438213,10.135289,-56.977536,9.309397,0,-8.447012,-80.873978,63.979954
z_gcs_1y_kilianfix,10.894,stoxx,36,-26.072788,22.965769,-63.848117,11.702541,-73.152615,9.524155,0,-18.687587,-87.739903,50.364729
z_gcs_1y_kilianfix,10.894,stoxx,37,-14.355469,23.237355,-52.577517,23.866579,-55.020841,28.633638,0,-6.570215,-70.834543,57.694112
z_gcs_1y_kilianfix,10.894,stoxx,38,8.418120,22.944098,-29.321563,46.157802,-30.586847,50.864701,0,25.672659,-38.097220,89.442538
z_gcs_1y_kilianfix,10.894,stoxx,39,-3.460810,31.123943,-54.655140,47.733520,-65.708695,44.781302,0,14.743322,-56.435275,85.921919
z_gcs_1y_kilianfix,10.894,stoxx,40,-12.626550,31.319000,-64.141721,38.888620,-78.396450,34.351950,0,-2.852651,-73.830210,68.124908
z_gcs_1y_kilianfix,10.894,stoxx,41,-11.446072,35.416828,-69.701571,46.809426,-84.050571,43.450012,0,2.073358,-72.925681,77.072398
z_gcs_1y_kilianfix,10.894,stoxx,42,1.488421,30.659947,-48.942704,51.919546,-59.831473,49.011339,0,21.763624,-51.218153,94.745401
z_gcs_1y_kilianfix,10.894,stoxx,43,10.688800,29.333781,-37.560977,58.938577,-50.912141,54.689472,0,34.137549,-45.728797,114.003895
z_gcs_1y_kilianfix,10.894,stoxx,44,4.958751,30.555100,-45.299916,55.217418,-57.679204,52.319156,0,27.147943,-55.814612,110.110498
z_gcs_1y_kilianfix,10.894,stoxx,45,16.920486,34.134449,-39.225685,73.066658,-46.228244,74.949049,0,45.077127,-38.583672,128.737926
z_gcs_1y_kilianfix,10.894,stoxx,46,17.521411,39.342792,-47.191723,82.234544,-51.328475,86.371296,0,45.211208,-42.902219,133.324635
z_gcs_1y_kilianfix,10.894,stoxx,47,17.575843,38.285022,-45.397415,80.549100,-53.251448,80.746129,0,40.740629,-52.363597,133.844855
z_gcs_1y_kilianfix,10.894,stoxx,48,12.980400,35.139393,-44.818758,70.779559,-53.784447,69.203430,0,32.599112,-60.704722,125.902946
z_gc_1y_kilianfix,2.601,i1y,0,1.000000,0.000000,1.000000,1.000000,1.000000,1.000000,0,1.000000,1.000000,1.000000
z_gc_1y_kilianfix,2.601,i1y,1,0.372616,1.106243,-1.446992,2.192224,-10.689816,1.368235,1,0.151745,-2.317129,2.620619
z_gc_1y_kilianfix,2.601,i1y,2,-0.968054,2.340655,-4.818090,2.881981,-24.374609,0.904470,1,-1.585487,-7.215310,4.044337
z_gc_1y_kilianfix,2.601,i1y,3,-0.439804,2.256915,-4.152099,3.272490,-23.008954,1.478573,1,-0.836937,-6.493780,4.819905
z_gc_1y_kilianfix,2.601,i1y,4,0.296687,1.995218,-2.985153,3.578528,-19.655488,20.248863,1,-0.037062,-5.702515,5.628391
z_gc_1y_kilianfix,2.601,i1y,5,0.060282,2.113539,-3.416180,3.536744,-21.075105,21.195669,1,-0.478793,-6.882580,5.924994
z_gc_1y_kilianfix,2.601,i1y,6,-0.616634,2.260678,-4.335118,3.101850,-23.223412,21.990144,1,-1.388066,-8.685643,5.909512
z_gc_1y_kilianfix,2.601,i1y,7,-1.998259,2.807786,-6.616657,2.620139,-30.076124,26.079606,1,-3.385102,-12.153237,5.383033
z_gc_1y_kilianfix,2.601,i1y,8,-2.607709,3.295525,-8.028365,2.812947,-35.562955,30.347537,1,-4.314298,-13.655451,5.026854
z_gc_1y_kilianfix,2.601,i1y,9,-2.243029,3.008962,-7.192331,2.706272,-32.332646,27.846588,1,-3.723324,-12.164086,4.717439
z_gc_1y_kilianfix,2.601,i1y,10,-2.378566,2.937704,-7.210660,2.453527,-31.755608,26.998475,1,-3.764902,-11.895421,4.365617
z_gc_1y_kilianfix,2.601,i1y,11,-2.746542,3.182747,-7.981695,2.488610,-34.574008,29.080924,1,-4.232070,-12.564628,4.100488
z_gc_1y_kilianfix,2.601,i1y,12,-3.401668,3.371753,-8.947708,2.144372,-37.119196,30.315859,1,-5.244171,-14.637932,4.149591
z_gc_1y_kilianfix,2.601,i1y,13,-3.748734,3.484315,-9.479922,1.982454,-38.591882,31.094413,1,-5.654089,-15.671566,4.363389
z_gc_1y_kilianfix,2.601,i1y,14,-3.891028,3.642081,-9.881718,2.099662,-40.311837,0.115261,1,-5.448680,-15.391235,4.493876
z_gc_1y_kilianfix,2.601,i1y,15,-3.368616,3.437276,-9.022432,2.285200,-37.741378,31.004145,1,-4.678894,-14.453447,5.095659
z_gc_1y_kilianfix,2.601,i1y,16,-3.029589,3.166236,-8.237584,2.178406,-34.691950,28.632771,1,-3.947572,-13.527502,5.632358
z_gc_1y_kilianfix,2.601,i1y,17,-2.990151,2.878863,-7.725460,1.745158,-31.778783,1.184201,1,-3.696068,-12.597505,5.205369
z_gc_1y_kilianfix,2.601,i1y,18,-2.656259,2.627454,-6.978037,1.665519,-28.930804,1.547668,1,-3.273786,-11.818022,5.270450
z_gc_1y_kilianfix,2.601,i1y,19,-2.388634,2.548541,-6.580611,1.803342,-27.874040,2.581020,1,-2.761188,-10.960781,5.438406
z_gc_1y_kilianfix,2.601,i1y,20,-1.901193,2.487487,-5.992744,2.190359,-26.776060,4.193150,1,-2.004405,-9.924580,5.915770
z_gc_1y_kilianfix,2.601,i1y,21,-0.761867,2.716952,-5.230855,3.707121,-27.931384,26.407650,1,-0.376492,-8.148751,7.395766
z_gc_1y_kilianfix,2.601,i1y,22,-0.297872,3.155108,-5.487562,4.891819,-22.068116,31.253207,1,0.087514,-7.657693,7.832721
z_gc_1y_kilianfix,2.601,i1y,23,0.045275,3.111897,-5.073340,5.163890,-13.180288,31.164246,1,0.485758,-7.265918,8.237435
z_gc_1y_kilianfix,2.601,i1y,24,0.783841,2.894125,-3.976570,5.544253,-8.622064,29.725089,1,1.045857,-6.845120,8.936834
z_gc_1y_kilianfix,2.601,i1y,25,0.475300,2.592417,-3.788847,4.739447,-11.968302,26.399471,1,0.038936,-7.820941,7.898814
z_gc_1y_kilianfix,2.601,i1y,26,-0.659862,2.360856,-4.543125,3.223401,-18.248241,14.803746,0,-1.820711,-10.004856,6.363435
z_gc_1y_kilianfix,2.601,i1y,27,-1.230454,2.328102,-5.059841,2.598932,-22.299776,17.859980,0,-2.799145,-11.416297,5.818007
z_gc_1y_kilianfix,2.601,i1y,28,-1.284502,2.351768,-5.152816,2.583812,-18.452408,18.352760,0,-3.051744,-11.521506,5.418019
z_gc_1y_kilianfix,2.601,i1y,29,-1.886098,2.617481,-6.191471,2.419275,-23.349442,17.614135,0,-4.230125,-13.571849,5.111598
z_gc_1y_kilianfix,2.601,i1y,30,-2.405812,2.693253,-6.835819,2.024194,-28.261041,15.504320,0,-5.035463,-14.868107,4.797181
z_gc_1y_kilianfix,2.601,i1y,31,-2.089479,2.306244,-5.882912,1.703954,-21.807862,14.630787,0,-4.349151,-13.171175,4.472873
z_gc_1y_kilianfix,2.601,i1y,32,-1.724761,2.015801,-5.040458,1.590937,-11.400605,12.889797,0,-3.640846,-11.437819,4.156126
z_gc_1y_kilianfix,2.601,i1y,33,-1.218817,1.786470,-4.157299,1.719665,-6.935521,16.645884,1,-2.793702,-10.187002,4.599598
z_gc_1y_kilianfix,2.601,i1y,34,-0.191334,1.739899,-3.053212,2.670545,-2.540197,17.207652,1,-0.978459,-7.981585,6.024668
z_gc_1y_kilianfix,2.601,i1y,35,0.017529,1.736705,-2.839096,2.874154,-1.892846,17.384576,1,-0.515577,-7.625307,6.594153
z_gc_1y_kilianfix,2.601,i1y,36,0.331533,1.830348,-2.679122,3.342187,-1.590333,18.635015,1,-0.101423,-7.325482,7.122636
z_gc_1y_kilianfix,2.601,i1y,37,0.750799,1.914337,-2.398004,3.899603,-1.163537,19.894165,1,1.015618,-6.723533,8.754770
z_gc_1y_kilianfix,2.601,i1y,38,0.994063,1.879412,-2.097295,4.085420,-0.979320,19.788184,1,1.421870,-6.321747,9.165488
z_gc_1y_kilianfix,2.601,i1y,39,0.507854,1.730307,-2.338248,3.353956,-1.568515,17.810926,1,0.860851,-7.214463,8.936165
z_gc_1y_kilianfix,2.601,i1y,40,-0.456005,1.292766,-2.582416,1.670407,-2.459792,10.532508,0,-0.419098,-8.240941,7.402744
z_gc_1y_kilianfix,2.601,i1y,41,-0.777349,1.193760,-2.740910,1.186212,-3.045493,8.116164,0,-0.676370,-8.692787,7.340048
z_gc_1y_kilianfix,2.601,i1y,42,-1.199891,1.236233,-3.233313,0.833532,-4.352285,5.599392,0,-1.450798,-9.596233,6.694638
z_gc_1y_kilianfix,2.601,i1y,43,-1.705285,1.338453,-3.906844,0.496274,-8.866008,2.042383,0,-2.156307,-10.415605,6.102991
z_gc_1y_kilianfix,2.601,i1y,44,-1.282390,1.191593,-3.242386,0.677606,-7.359514,2.351968,0,-1.186362,-8.813846,6.441123
z_gc_1y_kilianfix,2.601,i1y,45,-0.908003,0.994607,-2.543986,0.727981,-8.268097,1.230403,0,-0.133240,-7.126479,6.860000
z_gc_1y_kilianfix,2.601,i1y,46,-0.411723,1.040477,-2.123156,1.299710,-9.463875,1.409112,0,1.011372,-5.616467,7.639212
z_gc_1y_kilianfix,2.601,i1y,47,0.613596,1.340768,-1.591770,2.818963,-5.889126,4.971091,0,3.012177,-4.618863,10.643218
z_gc_1y_kilianfix,2.601,i1y,48,1.370928,1.675771,-1.385469,4.127326,-5.415942,8.074011,0,4.736622,-4.862086,14.335331
z_gc_1y_kilianfix,2.601,ip,0,-6.965217,7.002228,-18.482857,4.552423,-76.987495,-0.663212,1,-8.489769,-24.618620,7.639082
z_gc_1y_kilianfix,2.601,ip,1,-8.437389,10.757255,-26.131498,9.256721,-116.009936,1.244141,1,-11.376953,-35.501683,12.747778
z_gc_1y_kilianfix,2.601,ip,2,-12.785113,14.823070,-37.166893,11.596667,-161.015809,-0.926657,1,-15.895592,-50.525107,18.733922
z_gc_1y_kilianfix,2.601,ip,3,-19.562324,19.834631,-52.187388,13.062740,-217.908629,-3.694619,1,-24.692698,-72.035609,22.650214
z_gc_1y_kilianfix,2.601,ip,4,-15.509458,18.750037,-46.350524,15.331607,-203.009823,-0.509429,1,-19.703813,-64.265956,24.858331
z_gc_1y_kilianfix,2.601,ip,5,-15.259751,17.450656,-43.963525,13.444023,-189.766308,159.246806,1,-18.024138,-61.325648,25.277373
z_gc_1y_kilianfix,2.601,ip,6,-15.472436,15.801819,-41.464114,10.519243,-173.490621,142.545750,1,-19.451962,-61.763456,22.859532
z_gc_1y_kilianfix,2.601,ip,7,-23.298864,18.984609,-54.525766,7.928038,-213.144951,-6.212716,1,-27.907377,-76.351062,20.536307
z_gc_1y_kilianfix,2.601,ip,8,-23.418764,19.788888,-55.968587,9.131060,-221.307639,-5.608765,1,-28.331556,-76.388404,19.725292
z_gc_1y_kilianfix,2.601,ip,9,-20.776095,16.455308,-47.842669,6.290478,-185.329176,-4.320787,1,-25.294887,-68.588820,17.999045
z_gc_1y_kilianfix,2.601,ip,10,-22.133465,17.044201,-50.168681,5.901751,-192.575476,-5.089264,1,-24.220823,-64.946292,16.504645
z_gc_1y_kilianfix,2.601,ip,11,-21.197718,16.965904,-49.104148,6.708711,-190.856763,-5.080109,1,-23.558268,-62.802273,15.685736
z_gc_1y_kilianfix,2.601,ip,12,-24.646342,17.711950,-53.779907,4.487223,-201.765840,-8.705587,1,-27.408031,-69.779728,14.963667
z_gc_1y_kilianfix,2.601,ip,13,-22.662231,16.430242,-49.687575,4.363112,-186.964655,-7.053501,1,-22.511059,-61.637736,16.615618
z_gc_1y_kilianfix,2.601,ip,14,-9.098509,10.365092,-26.147569,7.950551,-112.749434,94.552416,1,-4.156269,-34.328022,26.015485
z_gc_1y_kilianfix,2.601,ip,15,-11.325207,12.135329,-31.286048,8.635633,-132.678501,110.028086,1,-8.258220,-39.825817,23.309377
z_gc_1y_kilianfix,2.601,ip,16,-5.100580,11.716189,-24.371996,14.170836,-122.262469,112.061309,1,1.177302,-31.454388,33.808991
z_gc_1y_kilianfix,2.601,ip,17,5.128566,13.809281,-17.585681,27.842813,-16.966284,143.221381,1,14.841957,-25.714219,55.398134
z_gc_1y_kilianfix,2.601,ip,18,1.632217,12.392989,-18.752437,22.016870,-21.294813,125.562110,1,8.634713,-27.347723,44.617149
z_gc_1y_kilianfix,2.601,ip,19,2.203821,11.479297,-16.677943,21.085584,-20.754773,116.996790,1,7.620757,-25.114198,40.355711
z_gc_1y_kilianfix,2.601,ip,20,5.339142,12.436010,-15.116275,25.794558,-10.827671,129.699243,1,13.871379,-24.935672,52.678429
z_gc_1y_kilianfix,2.601,ip,21,-1.243267,12.476988,-21.766085,19.279552,-34.931133,123.526610,1,1.370517,-30.970538,33.711571
z_gc_1y_kilianfix,2.601,ip,22,1.278358,14.121189,-21.948931,24.505648,-24.845842,142.490252,1,4.038199,-30.435840,38.512239
z_gc_1y_kilianfix,2.601,ip,23,14.557243,17.016083,-13.431723,42.546209,-3.309644,184.718074,1,20.828830,-25.772108,67.429768
z_gc_1y_kilianfix,2.601,ip,24,6.027615,13.190100,-15.668170,27.723399,-13.757536,137.928619,1,7.310551,-29.798469,44.419571
z_gc_1y_kilianfix,2.601,ip,25,9.054385,16.924391,-18.783761,36.892532,-8.716226,178.298300,1,10.116328,-27.233330,47.465986
z_gc_1y_kilianfix,2.601,ip,26,2.999460,12.802099,-18.058119,24.057039,-15.563583,131.020450,1,0.164284,-32.100062,32.428630
z_gc_1y_kilianfix,2.601,ip,27,0.182668,10.781527,-17.551366,17.916701,-18.145928,107.997934,1,-5.780529,-37.586020,26.024961
z_gc_1y_kilianfix,2.601,ip,28,-4.516489,12.142216,-24.488658,15.455679,-31.229365,116.905675,1,-11.836465,-45.943286,22.270355
z_gc_1y_kilianfix,2.601,ip,29,-10.956128,11.653923,-30.125125,8.212869,-64.564173,105.583101,1,-22.601594,-63.641866,18.438678
z_gc_1y_kilianfix,2.601,ip,30,-9.154812,11.430235,-27.955876,9.646251,-52.018193,105.147537,1,-17.225255,-56.155409,21.704900
z_gc_1y_kilianfix,2.601,ip,31,-10.661825,11.611226,-29.760592,8.436942,-126.774085,47.974867,1,-16.234944,-54.740216,22.270327
z_gc_1y_kilianfix,2.601,ip,32,-1.663746,10.509612,-18.950519,15.623028,-17.428163,103.432372,1,-3.204185,-39.607026,33.198656
z_gc_1y_kilianfix,2.601,ip,33,0.451684,10.419715,-16.687222,17.590590,-12.572960,104.648834,1,4.814556,-36.933360,46.562472
z_gc_1y_kilianfix,2.601,ip,34,1.378443,9.022047,-13.461503,16.218390,-11.703524,91.598910,1,6.628424,-39.846496,53.103344
z_gc_1y_kilianfix,2.601,ip,35,0.465199,8.826852,-14.053681,14.984080,-11.451052,88.733724,1,3.316871,-43.551147,50.184888
z_gc_1y_kilianfix,2.601,ip,36,1.864109,8.771624,-12.563929,16.292147,-8.661840,89.580353,1,6.507058,-43.530887,56.545003
z_gc_1y_kilianfix,2.601,ip,37,7.913371,9.739620,-8.106879,23.933621,-2.800211,105.309575,1,17.323973,-36.969709,71.617655
z_gc_1y_kilianfix,2.601,ip,38,9.424520,10.348089,-7.596571,26.445612,-2.993187,112.905409,1,20.613792,-34.220527,75.448111
z_gc_1y_kilianfix,2.601,ip,39,9.133055,10.848523,-8.711177,26.977287,-7.682156,109.481890,0,21.687597,-35.730908,79.106103
z_gc_1y_kilianfix,2.601,ip,40,10.984093,12.043870,-8.826311,30.794497,-6.479519,119.981120,0,28.366729,-34.525241,91.258699
z_gc_1y_kilianfix,2.601,ip,41,8.193536,9.382392,-7.239125,23.626197,-4.003573,102.017453,1,27.204768,-34.001533,88.411070
z_gc_1y_kilianfix,2.601,ip,42,2.030257,7.321088,-10.011861,14.072375,-21.763279,33.510935,0,14.805150,-38.013262,67.623561
z_gc_1y_kilianfix,2.601,ip,43,3.193455,7.273797,-8.770876,15.157786,-19.719005,38.107680,0,15.445412,-37.659924,68.550749
z_gc_1y_kilianfix,2.601,ip,44,4.417248,7.613363,-8.105620,16.940115,-11.951482,59.994797,0,18.838446,-37.714419,75.391311
z_gc_1y_kilianfix,2.601,ip,45,8.602740,9.194716,-6.521222,23.726702,-13.004843,70.667074,0,26.169531,-36.589074,88.928136
z_gc_1y_kilianfix,2.601,ip,46,12.366184,12.543436,-8.265932,32.998300,-29.654327,69.438818,0,34.482124,-38.197576,107.161824
z_gc_1y_kilianfix,2.601,ip,47,14.747397,13.796386,-7.945639,37.440434,-23.192666,94.766439,0,36.640781,-37.305001,110.586563
z_gc_1y_kilianfix,2.601,ip,48,19.511545,14.808878,-4.846891,43.869981,-15.289318,121.692802,0,47.470266,-40.701991,135.642522
z_gc_1y_kilianfix,2.601,hicp,0,0.451622,1.529350,-2.063935,2.967179,-14.841880,4.504400,1,-2.229320,-6.821782,2.363141
z_gc_1y_kilianfix,2.601,hicp,1,0.499821,2.061080,-2.890354,3.889997,-20.110982,4.725036,1,-1.613529,-7.083784,3.856726
z_gc_1y_kilianfix,2.601,hicp,2,-0.596120,2.661409,-4.973749,3.781509,-27.210214,2.597572,1,-2.287820,-9.228367,4.652727
z_gc_1y_kilianfix,2.601,hicp,3,-1.396652,3.054163,-6.420303,3.626998,-31.938278,29.144973,1,-2.967989,-10.729162,4.793183
z_gc_1y_kilianfix,2.601,hicp,4,-1.809442,3.042939,-6.814632,3.195748,-32.238835,28.619952,1,-3.460021,-12.050364,5.130323
z_gc_1y_kilianfix,2.601,hicp,5,-1.869294,2.942897,-6.709930,2.971341,-31.298268,27.559679,1,-3.243460,-11.592320,5.105399
z_gc_1y_kilianfix,2.601,hicp,6,-2.266013,3.651061,-8.271474,3.739448,-38.776622,34.244596,1,-4.337608,-14.598916,5.923700
z_gc_1y_kilianfix,2.601,hicp,7,-4.289571,4.726262,-12.063581,3.484439,-51.552195,-0.035935,1,-6.989150,-19.890674,5.912374
z_gc_1y_kilianfix,2.601,hicp,8,-5.513658,5.671856,-14.843031,3.815714,-62.232214,-0.692581,1,-8.476585,-23.473237,6.520067
z_gc_1y_kilianfix,2.601,hicp,9,-4.495136,5.061447,-12.820476,3.830204,-55.109609,0.313239,1,-6.560187,-19.322602,6.202228
z_gc_1y_kilianfix,2.601,hicp,10,-5.316525,5.547765,-14.441787,3.808737,-60.794176,-0.323536,1,-7.683300,-21.661987,6.295388
z_gc_1y_kilianfix,2.601,hicp,11,-4.881912,5.006636,-13.117096,3.353271,-54.948274,-0.125608,1,-6.676118,-19.551619,6.199382
z_gc_1y_kilianfix,2.601,hicp,12,-2.781392,4.725076,-10.553451,4.990666,-50.032153,2.179938,1,-6.597837,-20.791009,7.595334
z_gc_1y_kilianfix,2.601,hicp,13,-3.504022,5.621460,-12.750501,5.742456,-59.718620,2.117437,1,-7.110537,-23.084340,8.863266
z_gc_1y_kilianfix,2.601,hicp,14,-4.623892,6.120908,-14.691890,5.444106,-65.832971,0.884925,1,-8.099047,-25.165433,8.967338
z_gc_1y_kilianfix,2.601,hicp,15,-5.108710,6.412576,-15.656459,5.439038,-69.234469,0.983237,1,-8.157844,-25.906721,9.591033
z_gc_1y_kilianfix,2.601,hicp,16,-5.230753,6.304641,-15.600964,5.139459,-68.277162,1.073888,1,-8.167528,-25.912850,9.577795
z_gc_1y_kilianfix,2.601,hicp,17,-4.379169,5.409803,-13.277504,4.519165,-58.477202,1.301124,1,-6.621405,-21.874526,8.631717
z_gc_1y_kilianfix,2.601,hicp,18,-4.006530,6.000387,-13.876288,5.863228,-64.010399,1.993857,1,-6.444939,-21.874386,8.984507
z_gc_1y_kilianfix,2.601,hicp,19,-5.027885,6.370523,-15.506462,5.450692,-68.733111,1.024111,1,-7.729362,-24.542007,9.083283
z_gc_1y_kilianfix,2.601,hicp,20,-5.503698,6.328206,-15.912671,4.905275,-68.785760,0.508098,1,-7.920708,-24.398942,8.557526
z_gc_1y_kilianfix,2.601,hicp,21,-5.590942,6.092554,-15.612301,4.430418,-66.516481,0.196985,1,-7.446717,-23.722077,8.828644
z_gc_1y_kilianfix,2.601,hicp,22,-6.520884,6.508152,-17.225842,4.184074,-71.602407,-0.338139,1,-8.825626,-26.476763,8.825510
z_gc_1y_kilianfix,2.601,hicp,23,-5.723891,6.128568,-15.804489,4.356706,-67.009572,0.098248,1,-6.957760,-22.521366,8.605847
z_gc_1y_kilianfix,2.601,hicp,24,-4.059753,6.370969,-14.539065,6.419559,-67.769446,2.311216,1,-7.720561,-24.374073,8.932951
z_gc_1y_kilianfix,2.601,hicp,25,-5.739761,7.255025,-17.673215,6.193693,-78.290009,1.515264,1,-9.694431,-28.561355,9.172492
z_gc_1y_kilianfix,2.601,hicp,26,-6.327207,7.123233,-18.043883,5.389470,-77.559540,0.439865,1,-10.135794,-29.586391,9.314803
z_gc_1y_kilianfix,2.601,hicp,27,-6.715168,6.829553,-17.948783,4.518447,-75.010698,0.114385,1,-10.645172,-31.132637,9.842293
z_gc_1y_kilianfix,2.601,hicp,28,-6.860872,6.685540,-17.857607,4.135862,-73.716270,0.158944,1,-11.127258,-31.788063,9.533546
z_gc_1y_kilianfix,2.601,hicp,29,-6.835198,6.718856,-17.886733,4.216338,-74.023762,0.219602,1,-10.621668,-30.376451,9.133116
z_gc_1y_kilianfix,2.601,hicp,30,-7.090813,6.882383,-18.411326,4.229701,-75.914647,-0.208429,1,-10.917951,-32.133557,10.297654
z_gc_1y_kilianfix,2.601,hicp,31,-9.368370,7.935767,-22.421545,3.684804,-88.726038,-1.829392,1,-13.681726,-38.051020,10.687569
z_gc_1y_kilianfix,2.601,hicp,32,-8.712934,7.069551,-20.341311,2.915443,-79.408448,-1.996860,1,-11.877784,-34.091394,10.335826
z_gc_1y_kilianfix,2.601,hicp,33,-7.572449,6.341350,-18.003041,2.858143,-70.985945,-1.231099,1,-8.979324,-28.501056,10.542409
z_gc_1y_kilianfix,2.601,hicp,34,-9.118115,6.806690,-20.314123,2.077894,-77.185013,-2.651759,1,-11.238629,-33.068262,10.591003
z_gc_1y_kilianfix,2.601,hicp,35,-8.438181,5.895377,-18.135213,1.258852,-67.391951,-2.542804,1,-9.347169,-27.987135,9.292798
z_gc_1y_kilianfix,2.601,hicp,36,-7.480231,6.642527,-18.406215,3.445753,-73.905498,-1.169831,1,-11.690979,-33.742938,10.360979
z_gc_1y_kilianfix,2.601,hicp,37,-8.355015,7.468919,-20.640293,3.930264,-83.044203,-1.259542,1,-12.893230,-37.123033,11.336573
z_gc_1y_kilianfix,2.601,hicp,38,-8.083619,6.231972,-18.334300,2.167063,-70.403338,-2.163245,1,-12.045727,-34.652189,10.560736
z_gc_1y_kilianfix,2.601,hicp,39,-6.229947,5.657353,-15.535465,3.075571,-62.803479,0.558877,1,-8.711367,-28.740521,11.317787
z_gc_1y_kilianfix,2.601,hicp,40,-4.501148,4.234736,-11.466668,2.464372,-44.519399,1.427481,0,-6.448052,-23.441005,10.544901
z_gc_1y_kilianfix,2.601,hicp,41,-5.095675,3.629768,-11.066112,0.874762,-41.393353,-0.195489,1,-7.575283,-25.238934,10.088367
z_gc_1y_kilianfix,2.601,hicp,42,-6.152389,4.820777,-14.081862,1.777084,-54.360160,-1.331612,1,-10.091079,-31.653735,11.471576
z_gc_1y_kilianfix,2.601,hicp,43,-6.267577,5.098507,-14.653874,2.118721,-57.252647,-1.169070,1,-9.605945,-30.321022,11.109132
z_gc_1y_kilianfix,2.601,hicp,44,-5.213749,4.478657,-12.580485,2.152987,-50.000324,-0.511159,1,-7.439323,-25.874169,10.995523
z_gc_1y_kilianfix,2.601,hicp,45,-5.049655,4.372235,-12.241343,2.142032,-48.772009,-0.021585,1,-5.816448,-22.262717,10.629821
z_gc_1y_kilianfix,2.601,hicp,46,-6.725233,5.172691,-15.233553,1.783087,-58.452146,-0.776638,1,-8.515050,-27.021204,9.991105
z_gc_1y_kilianfix,2.601,hicp,47,-6.354565,4.664048,-14.026241,1.317110,-52.995041,-1.224113,1,-6.555972,-20.831118,7.719174
z_gc_1y_kilianfix,2.601,hicp,48,-4.355600,4.432390,-11.646233,2.935033,-48.679500,-0.144829,1,-8.677134,-26.176093,8.821826
z_gc_1y_kilianfix,2.601,stoxx,0,22.164569,33.861839,-33.533199,77.862338,-20.162729,360.782957,1,37.388311,-39.914693,114.691316
z_gc_1y_kilianfix,2.601,stoxx,1,8.735251,38.888347,-55.230386,72.700889,-92.374450,397.618717,1,21.605561,-66.636931,109.848054
z_gc_1y_kilianfix,2.601,stoxx,2,-10.485033,35.714073,-69.229456,48.259390,-367.625767,346.655700,1,-0.365580,-71.270252,70.539093
z_gc_1y_kilianfix,2.601,stoxx,3,13.112179,47.613976,-65.205842,91.430201,-463.027585,489.251943,1,35.714945,-61.496406,132.926296
z_gc_1y_kilianfix,2.601,stoxx,4,16.487085,57.960300,-78.849124,111.823294,-563.115910,596.090081,1,49.057858,-83.865617,181.981334
z_gc_1y_kilianfix,2.601,stoxx,5,-42.994444,54.489707,-132.622036,46.633149,-587.891515,501.902627,1,-28.956610,-153.182332,95.269112
z_gc_1y_kilianfix,2.601,stoxx,6,-85.355704,62.128385,-187.547802,16.836395,-706.639549,535.928142,1,-90.266065,-234.928625,54.396495
z_gc_1y_kilianfix,2.601,stoxx,7,-67.189321,48.251425,-146.555852,12.177209,-549.703567,415.324925,1,-65.401103,-187.695187,56.892980
z_gc_1y_kilianfix,2.601,stoxx,8,-26.107731,48.729833,-106.261173,54.045711,-513.406058,461.190596,1,-18.467010,-159.367655,122.433635
z_gc_1y_kilianfix,2.601,stoxx,9,-20.423086,58.643583,-116.883197,76.037025,-606.858920,566.012748,1,-6.120987,-171.362960,159.120986
z_gc_1y_kilianfix,2.601,stoxx,10,-31.981102,62.259062,-134.388146,70.425943,-654.571723,590.609520,1,-14.055092,-178.023126,149.912943
z_gc_1y_kilianfix,2.601,stoxx,11,-2.831355,69.312204,-116.839785,111.177076,-695.953396,690.290687,1,31.176847,-143.342193,205.695887
z_gc_1y_kilianfix,2.601,stoxx,12,8.941726,74.333644,-113.326238,131.209691,-734.394717,752.278170,1,51.637945,-143.271467,246.547357
z_gc_1y_kilianfix,2.601,stoxx,13,-7.941744,59.196153,-105.310752,89.427263,-599.903276,584.019788,1,22.511756,-154.666029,199.689541
z_gc_1y_kilianfix,2.601,stoxx,14,-17.793959,53.763264,-106.226659,70.638740,-555.426596,519.838677,1,17.433015,-148.215183,183.081213
z_gc_1y_kilianfix,2.601,stoxx,15,-6.641290,56.668189,-99.852165,86.569586,-573.323175,560.040596,1,46.175740,-126.731756,219.083236
z_gc_1y_kilianfix,2.601,stoxx,16,31.786004,63.544233,-72.734959,136.306967,-38.112653,667.228338,1,102.626829,-108.821174,314.074833
z_gc_1y_kilianfix,2.601,stoxx,17,40.660283,65.376907,-66.875160,148.195726,-31.254315,694.429356,1,95.948089,-95.920059,287.816238
z_gc_1y_kilianfix,2.601,stoxx,18,14.391230,53.790706,-74.086607,102.869068,-63.605293,552.298288,1,41.429715,-95.306307,178.165736
z_gc_1y_kilianfix,2.601,stoxx,19,14.907431,46.642747,-61.813059,91.627922,-59.720963,481.334897,1,35.166775,-91.213616,161.547167
z_gc_1y_kilianfix,2.601,stoxx,20,29.234554,45.749231,-46.016234,104.485342,-39.389292,486.726863,1,41.474274,-90.861596,173.810144
z_gc_1y_kilianfix,2.601,stoxx,21,68.251564,55.961199,-23.796417,160.299545,15.088425,627.863553,1,88.554836,-73.108898,250.218571
z_gc_1y_kilianfix,2.601,stoxx,22,83.833268,65.368929,-23.689051,191.355587,25.001233,737.522553,1,109.968425,-76.268056,296.204906
z_gc_1y_kilianfix,2.601,stoxx,23,32.794874,42.330697,-36.832927,102.422675,-13.768893,456.101849,1,32.746095,-79.818619,145.310809
z_gc_1y_kilianfix,2.601,stoxx,24,31.235126,42.536896,-38.731841,101.202094,-13.428614,456.604084,1,29.466189,-69.468412,128.400790
z_gc_1y_kilianfix,2.601,stoxx,25,27.660600,39.651215,-37.559846,92.881045,-17.938298,424.172752,1,10.571934,-77.499062,98.642931
z_gc_1y_kilianfix,2.601,stoxx,26,-1.532643,28.526947,-48.455296,45.390010,-91.392528,283.736832,1,-38.011718,-120.482018,44.458582
z_gc_1y_kilianfix,2.601,stoxx,27,-27.251952,33.746501,-82.760006,28.256103,-206.108405,310.213055,1,-68.154798,-176.180736,39.871141
z_gc_1y_kilianfix,2.601,stoxx,28,-22.528832,38.417306,-85.719677,40.662013,-203.090170,361.644227,1,-68.492457,-180.808897,43.823983
z_gc_1y_kilianfix,2.601,stoxx,29,-22.579164,29.454206,-71.027022,25.868693,-309.757672,161.509623,0,-59.158636,-165.234901,46.917628
z_gc_1y_kilianfix,2.601,stoxx,30,-3.937184,33.492971,-59.028219,51.153851,-65.899180,330.992525,1,-14.014036,-115.903326,87.875254
z_gc_1y_kilianfix,2.601,stoxx,31,-5.588337,39.024405,-69.777772,58.601097,-99.246910,384.655715,1,-11.188979,-128.634472,106.256515
z_gc_1y_kilianfix,2.601,stoxx,32,-14.351199,32.874537,-68.425000,39.722603,-106.399902,314.394170,1,-17.919364,-134.830904,98.992176
z_gc_1y_kilianfix,2.601,stoxx,33,-15.466953,28.063054,-61.626569,30.692663,-296.097494,43.465461,1,-13.890663,-139.817300,112.035974
z_gc_1y_kilianfix,2.601,stoxx,34,4.092813,27.785022,-41.609481,49.795108,-269.589655,86.058628,0,33.395771,-102.785766,169.577308
z_gc_1y_kilianfix,2.601,stoxx,35,16.616228,25.309986,-25.014993,58.247450,-88.420212,189.989630,0,57.145044,-98.162017,212.452105
z_gc_1y_kilianfix,2.601,stoxx,36,5.650767,34.118404,-50.469013,61.770546,-289.473425,89.240855,0,38.347092,-97.128292,173.822476
z_gc_1y_kilianfix,2.601,stoxx,37,38.163497,51.792119,-47.026958,123.353951,-57.651923,556.084685,1,85.077240,-83.799536,253.954016
z_gc_1y_kilianfix,2.601,stoxx,38,70.908358,47.625954,-7.429366,149.246082,11.375915,547.167903,1,137.880809,-92.227069,367.988687
z_gc_1y_kilianfix,2.601,stoxx,39,44.560612,34.812904,-12.701519,101.822743,-47.693583,236.031583,0,106.289242,-110.020641,322.599125
z_gc_1y_kilianfix,2.601,stoxx,40,10.377012,25.508146,-31.580155,52.334180,-159.252162,61.393305,0,41.782496,-102.553780,186.118772
z_gc_1y_kilianfix,2.601,stoxx,41,-14.631398,40.000874,-80.426981,51.164185,-414.640138,33.369651,1,4.776109,-127.627588,137.179805
z_gc_1y_kilianfix,2.601,stoxx,42,-4.608478,40.337068,-70.957051,61.740095,-407.979158,41.779150,1,22.959636,-114.634446,160.553718
z_gc_1y_kilianfix,2.601,stoxx,43,-4.701524,47.645758,-83.071821,73.668774,-481.159102,45.326522,1,18.629931,-128.738388,165.998251
z_gc_1y_kilianfix,2.601,stoxx,44,-2.617639,45.617837,-77.652303,72.417026,-458.796006,49.842874,1,24.819098,-131.689904,181.328100
z_gc_1y_kilianfix,2.601,stoxx,45,30.682468,38.150898,-32.070176,93.435111,-171.517293,145.135163,0,82.643681,-100.551541,265.838903
z_gc_1y_kilianfix,2.601,stoxx,46,28.049788,38.040242,-34.520842,90.620419,-129.817216,168.798684,0,74.850129,-110.051730,259.751987
z_gc_1y_kilianfix,2.601,stoxx,47,16.402249,37.542063,-45.348949,78.153447,-313.967903,83.977962,0,45.465247,-132.089983,223.020477
z_gc_1y_kilianfix,2.601,stoxx,48,17.812487,32.091827,-34.973871,70.598846,-242.131313,81.996142,0,45.760509,-141.592754,233.113772
z_gcs_1y_sum,9.244,i1y,0,1.000000,0.000000,1.000000,1.000000,1.000000,1.000000,0,1.000000,1.000000,1.000000
z_gcs_1y_sum,9.244,i1y,1,1.100839,0.468594,0.330071,1.871607,0.069933,1.874019,0,1.185791,0.197703,2.173879
z_gcs_1y_sum,9.244,i1y,2,0.614212,0.755224,-0.628021,1.856446,-1.575938,1.596004,0,0.740616,-1.070919,2.552151
z_gcs_1y_sum,9.244,i1y,3,1.019779,0.849243,-0.377101,2.416659,-1.443025,2.166257,0,1.411240,-0.856687,3.679167
z_gcs_1y_sum,9.244,i1y,4,1.123469,1.064678,-0.627770,2.874708,-1.804395,2.667252,0,1.434659,-1.654010,4.523328
z_gcs_1y_sum,9.244,i1y,5,0.731142,1.215093,-1.267508,2.729792,-2.063572,2.857555,0,0.764492,-3.191165,4.720149
z_gcs_1y_sum,9.244,i1y,6,0.338149,1.260621,-1.735388,2.411686,-2.309155,2.733329,0,0.211585,-4.358638,4.781808
z_gcs_1y_sum,9.244,i1y,7,-0.778620,1.421903,-3.117442,1.560202,-3.622426,1.994090,0,-1.377020,-6.477560,3.723520
z_gcs_1y_sum,9.244,i1y,8,-1.267298,1.799999,-4.228034,1.693437,-4.507297,2.512701,0,-2.135388,-7.193721,2.922946
z_gcs_1y_sum,9.244,i1y,9,-1.025978,2.036497,-4.375717,2.323762,-4.488023,3.556141,0,-1.724939,-6.347592,2.897714
z_gcs_1y_sum,9.244,i1y,10,-1.103422,2.086254,-4.535004,2.328160,-4.650053,3.382024,0,-1.716821,-6.161826,2.728184
z_gcs_1y_sum,9.244,i1y,11,-1.190273,2.150948,-4.728268,2.347722,-4.846885,3.326718,0,-1.736265,-6.203085,2.730556
z_gcs_1y_sum,9.244,i1y,12,-1.254505,1.992967,-4.532644,2.023635,-5.041142,2.432485,0,-1.702606,-6.199824,2.794612
z_gcs_1y_sum,9.244,i1y,13,-1.236646,1.917009,-4.389845,1.916553,-5.070664,2.022269,0,-1.532290,-6.142502,3.077921
z_gcs_1y_sum,9.244,i1y,14,-1.190481,1.947661,-4.394098,2.013135,-5.280568,1.925776,0,-1.431201,-6.118680,3.256277
z_gcs_1y_sum,9.244,i1y,15,-1.014825,2.087444,-4.448365,2.418716,-5.502830,2.220714,0,-1.290485,-6.204976,3.624006
z_gcs_1y_sum,9.244,i1y,16,-0.585438,2.060574,-3.974781,2.803905,-4.912644,2.608452,0,-0.501701,-5.517226,4.513823
z_gcs_1y_sum,9.244,i1y,17,-0.667009,2.049955,-4.038884,2.704866,-4.869416,2.510421,0,-0.614460,-5.609039,4.380118
z_gcs_1y_sum,9.244,i1y,18,-0.354790,1.977985,-3.608285,2.898706,-4.409658,2.711087,0,-0.454300,-5.399890,4.491289
z_gcs_1y_sum,9.244,i1y,19,0.069735,1.945149,-3.129751,3.269221,-3.723306,3.181974,0,0.035199,-4.770093,4.840491
z_gcs_1y_sum,9.244,i1y,20,0.055608,1.901651,-3.072330,3.183545,-3.652612,3.098249,0,-0.131530,-4.785963,4.522903
z_gcs_1y_sum,9.244,i1y,21,0.342206,2.026540,-2.991157,3.675568,-3.508221,3.584670,0,0.125871,-4.508596,4.760339
z_gcs_1y_sum,9.244,i1y,22,1.094217,2.230722,-2.574995,4.763428,-3.144156,4.663372,0,0.869586,-3.672670,5.411841
z_gcs_1y_sum,9.244,i1y,23,1.280451,2.245944,-2.413798,4.974701,-2.986843,4.761665,0,0.961798,-3.425519,5.349114
z_gcs_1y_sum,9.244,i1y,24,1.811192,2.202864,-1.812198,5.434581,-2.264107,5.335774,0,1.220851,-3.179545,5.621248
z_gcs_1y_sum,9.244,i1y,25,2.332990,2.110677,-1.138765,5.804744,-1.360695,5.815606,0,1.475994,-3.084798,6.036786
z_gcs_1y_sum,9.244,i1y,26,1.994663,1.890644,-1.115169,5.104495,-1.408496,5.114225,0,0.884612,-3.486316,5.255539
z_gcs_1y_sum,9.244,i1y,27,1.551893,1.699557,-1.243630,4.347415,-1.592288,4.271184,0,0.305493,-3.863781,4.474766
z_gcs_1y_sum,9.244,i1y,28,1.779425,1.584008,-0.826036,4.384886,-0.992589,4.472239,0,0.551726,-3.363711,4.467164
z_gcs_1y_sum,9.244,i1y,29,1.473511,1.515898,-1.019919,3.966941,-1.179310,4.050537,0,-0.000982,-3.917679,3.915716
z_gcs_1y_sum,9.244,i1y,30,1.042034,1.434409,-1.317358,3.401426,-1.539902,3.408808,0,-0.454474,-4.474226,3.565277
z_gcs_1y_sum,9.244,i1y,31,0.816527,1.361230,-1.422497,3.055550,-1.633687,3.062556,0,-0.473821,-4.521064,3.573423
z_gcs_1y_sum,9.244,i1y,32,0.506535,1.250358,-1.550121,2.563191,-1.744110,2.507108,0,-0.836976,-4.974272,3.300320
z_gcs_1y_sum,9.244,i1y,33,0.376695,1.205668,-1.606454,2.359843,-1.793509,2.305764,0,-0.867135,-5.112367,3.378098
z_gcs_1y_sum,9.244,i1y,34,0.615394,1.184091,-1.332263,2.563050,-1.456766,2.569144,0,-0.417438,-4.875385,4.040508
z_gcs_1y_sum,9.244,i1y,35,0.449502,1.207870,-1.537267,2.436272,-1.664271,2.442488,0,-0.570834,-5.075461,3.933793
z_gcs_1y_sum,9.244,i1y,36,0.549246,1.131054,-1.311172,2.409663,-1.373546,2.472037,0,-0.385156,-4.770392,4.000079
z_gcs_1y_sum,9.244,i1y,37,0.362488,1.127702,-1.492416,2.217392,-1.554605,2.223196,0,-0.283869,-4.602168,4.034430
z_gcs_1y_sum,9.244,i1y,38,0.145709,1.119283,-1.695347,1.986765,-1.757071,2.048489,0,-0.456779,-4.897476,3.983918
z_gcs_1y_sum,9.244,i1y,39,-0.400532,1.103955,-2.216377,1.415313,-2.332454,1.420994,0,-1.109488,-6.187043,3.968067
z_gcs_1y_sum,9.244,i1y,40,-1.007713,1.207715,-2.994228,0.978802,-3.181600,0.924632,0,-1.736389,-7.190735,3.717956
z_gcs_1y_sum,9.244,i1y,41,-1.537571,1.471957,-3.958726,0.883583,-4.039899,0.891158,0,-2.323246,-8.176252,3.529759
z_gcs_1y_sum,9.244,i1y,42,-2.152246,1.784032,-5.086718,0.782226,-5.185101,0.791407,0,-3.426067,-9.611923,2.759790
z_gcs_1y_sum,9.244,i1y,43,-2.607998,1.913964,-5.756189,0.540193,-5.766039,0.645742,0,-4.020217,-10.256965,2.216532
z_gcs_1y_sum,9.244,i1y,44,-2.579969,1.861839,-5.642421,0.482483,-5.652003,0.585157,0,-3.712672,-9.723147,2.297804
z_gcs_1y_sum,9.244,i1y,45,-2.607068,1.754045,-5.492215,0.278079,-5.501242,0.374808,0,-3.415249,-9.015470,2.184973
z_gcs_1y_sum,9.244,i1y,46,-2.376000,1.497956,-4.839919,0.087919,-4.847628,0.245423,0,-2.832115,-7.700102,2.035873
z_gcs_1y_sum,9.244,i1y,47,-1.770697,1.231988,-3.797136,0.255743,-3.803476,0.385282,0,-1.485283,-5.570897,2.600332
z_gcs_1y_sum,9.244,i1y,48,-1.361164,1.260541,-3.434569,0.712241,-3.378029,0.844782,0,-0.612288,-4.620365,3.395789
z_gcs_1y_sum,9.244,ip,0,-4.128335,2.870016,-8.849091,0.592422,-11.446876,0.033189,0,-5.298922,-12.453552,1.855708
z_gcs_1y_sum,9.244,ip,1,-4.896881,4.643307,-12.534442,2.740680,-16.737315,1.835914,0,-6.422521,-17.724586,4.879544
z_gcs_1y_sum,9.244,ip,2,-5.616649,4.970827,-13.792932,2.559633,-17.795175,2.088132,0,-6.031787,-19.249324,7.185749
z_gcs_1y_sum,9.244,ip,3,-10.650445,6.955867,-22.091827,0.790938,-33.604804,-2.303405,0,-12.571183,-29.220600,4.078235
z_gcs_1y_sum,9.244,ip,4,-8.678195,7.682707,-21.315122,3.958733,-32.494585,1.309324,0,-10.809241,-29.246981,7.628498
z_gcs_1y_sum,9.244,ip,5,-8.109322,6.866031,-19.402939,3.184294,-25.961003,2.533026,0,-8.460052,-27.595703,10.675598
z_gcs_1y_sum,9.244,ip,6,-7.915690,6.773871,-19.057716,3.226336,-23.495592,3.938584,0,-9.206046,-29.447944,11.035852
z_gcs_1y_sum,9.244,ip,7,-15.261263,8.170528,-28.700585,-1.821940,-35.687582,-2.596945,0,-17.695702,-41.744216,6.352812
z_gcs_1y_sum,9.244,ip,8,-15.944686,9.023554,-30.787111,-1.102261,-35.796504,-0.153467,0,-18.833177,-43.103746,5.437392
z_gcs_1y_sum,9.244,ip,9,-14.031932,8.965685,-28.779170,0.715307,-31.515016,3.002869,0,-16.371090,-39.782397,7.040218
z_gcs_1y_sum,9.244,ip,10,-20.013127,10.251699,-36.875672,-3.150582,-42.566866,-2.585238,0,-22.031443,-46.857916,2.795030
z_gcs_1y_sum,9.244,ip,11,-14.054443,9.083237,-28.995038,0.886151,-31.766755,2.749545,0,-13.252342,-35.149725,8.645042
z_gcs_1y_sum,9.244,ip,12,-13.019760,7.778481,-25.814222,-0.225298,-30.521342,-0.574191,0,-11.958543,-33.133511,9.216424
z_gcs_1y_sum,9.244,ip,13,-13.546805,8.416926,-27.391417,0.297807,-33.747428,-1.342262,0,-12.204668,-32.936125,8.526790
z_gcs_1y_sum,9.244,ip,14,-2.549487,7.598044,-15.047158,9.948183,-18.125478,9.987285,0,3.100057,-17.883925,24.084040
z_gcs_1y_sum,9.244,ip,15,-1.117741,8.639974,-15.329234,13.093751,-20.125684,11.842220,0,3.351865,-16.807270,23.511000
z_gcs_1y_sum,9.244,ip,16,2.363877,9.483746,-13.235497,17.963251,-16.603615,17.537871,0,8.478036,-12.871112,29.827184
z_gcs_1y_sum,9.244,ip,17,10.659343,9.132549,-4.362362,25.681049,-6.235872,26.641303,0,18.093620,-6.966122,43.153362
z_gcs_1y_sum,9.244,ip,18,9.426691,8.698724,-4.881437,23.734818,-6.231012,24.649457,0,14.136463,-7.646423,35.919349
z_gcs_1y_sum,9.244,ip,19,8.364309,8.506325,-5.627350,22.355969,-6.096443,23.675694,0,11.245699,-7.286052,29.777451
z_gcs_1y_sum,9.244,ip,20,8.857957,7.826208,-4.015010,21.730924,-4.837908,22.553821,0,12.427313,-7.784826,32.639452
z_gcs_1y_sum,9.244,ip,21,7.739374,8.345834,-5.988302,21.467050,-7.283128,21.510000,0,8.912953,-10.030980,27.856885
z_gcs_1y_sum,9.244,ip,22,4.633424,9.575427,-11.116752,20.383600,-13.559888,19.954108,0,3.967106,-13.618839,21.553051
z_gcs_1y_sum,9.244,ip,23,12.260829,8.449915,-1.638045,26.159703,-2.949018,26.203189,0,12.078101,-7.272594,31.428796
z_gcs_1y_sum,9.244,ip,24,11.655724,8.660962,-2.590290,25.901738,-3.500959,26.379359,0,10.684604,-8.795358,30.164567
z_gcs_1y_sum,9.244,ip,25,11.244066,8.699283,-3.064981,25.553113,-4.414643,25.597883,0,8.782140,-9.970670,27.534950
z_gcs_1y_sum,9.244,ip,26,10.413724,8.245403,-3.148758,23.976205,-4.840273,23.606369,0,6.719522,-12.535771,25.974814
z_gcs_1y_sum,9.244,ip,27,5.641866,6.399871,-4.884986,16.168717,-5.557909,16.521647,0,-1.254790,-20.194592,17.685012
z_gcs_1y_sum,9.244,ip,28,4.357440,6.714302,-6.686604,15.401483,-6.721158,16.443183,0,-1.470574,-21.200384,18.259235
z_gcs_1y_sum,9.244,ip,29,-1.246708,7.223201,-13.127816,10.634399,-14.248469,10.310412,0,-10.549397,-32.625709,11.526916
z_gcs_1y_sum,9.244,ip,30,-3.217098,7.096750,-14.890213,8.456017,-15.991248,8.137702,0,-10.931590,-35.106872,13.243692
z_gcs_1y_sum,9.244,ip,31,-5.774453,7.166993,-17.563107,6.014202,-18.316691,6.409436,0,-10.318652,-33.973194,13.335889
z_gcs_1y_sum,9.244,ip,32,-0.900433,7.538560,-13.300260,11.499395,-13.339056,12.668975,0,-3.452287,-27.062297,20.157723
z_gcs_1y_sum,9.244,ip,33,-5.248364,8.250529,-18.819277,8.322549,-20.099317,7.952482,0,-5.649703,-30.319504,19.020098
z_gcs_1y_sum,9.244,ip,34,-5.687410,7.380411,-17.827106,6.452286,-18.234109,6.859289,0,-6.345216,-32.109882,19.419451
z_gcs_1y_sum,9.244,ip,35,-9.047040,8.231646,-22.586893,4.492812,-23.452420,4.535175,0,-12.786446,-39.655864,14.082972
z_gcs_1y_sum,9.244,ip,36,-11.486791,8.514581,-25.492030,2.518447,-26.387307,2.562267,0,-15.734898,-43.656574,12.186779
z_gcs_1y_sum,9.244,ip,37,-6.009780,8.527069,-20.035561,8.016001,-19.653091,8.912591,0,-6.423765,-32.833272,19.985742
z_gcs_1y_sum,9.244,ip,38,-8.930274,8.776482,-23.366303,5.505754,-23.411470,5.989745,0,-9.202357,-36.875062,18.470348
z_gcs_1y_sum,9.244,ip,39,-6.649087,8.422805,-20.503369,7.205195,-20.125575,8.511963,0,-5.337552,-34.957602,24.282498
z_gcs_1y_sum,9.244,ip,40,-6.371336,8.998615,-21.172741,8.430070,-20.319190,9.826172,0,-0.353985,-29.452621,28.744651
z_gcs_1y_sum,9.244,ip,41,-7.868359,8.554471,-21.939212,6.202495,-21.983237,6.674243,0,-0.498206,-31.513323,30.516910
z_gcs_1y_sum,9.244,ip,42,-10.351993,7.565848,-22.796705,2.092720,-22.079057,3.266533,0,-5.543215,-36.102203,25.015773
z_gcs_1y_sum,9.244,ip,43,-8.464180,8.095911,-21.780768,4.852408,-21.012842,6.513255,0,-2.880349,-33.438132,27.677434
z_gcs_1y_sum,9.244,ip,44,-8.771364,8.243263,-22.330325,4.787597,-21.960585,5.654346,0,-2.351231,-34.686709,29.984247
z_gcs_1y_sum,9.244,ip,45,-5.922386,7.461732,-18.195843,6.351070,-17.114984,8.254904,0,3.302629,-30.233260,36.838519
z_gcs_1y_sum,9.244,ip,46,-3.499115,8.854195,-18.062971,11.064740,-16.780408,13.323856,0,6.393552,-29.179976,41.967080
z_gcs_1y_sum,9.244,ip,47,0.617298,9.172555,-14.470212,15.704808,-13.600162,17.127897,0,12.626121,-24.128599,49.380841
z_gcs_1y_sum,9.244,ip,48,7.722950,10.716540,-9.904189,25.350090,-8.351859,28.084376,0,25.730771,-19.256458,70.718000
z_gcs_1y_sum,9.244,hicp,0,1.761206,0.973953,0.159195,3.363216,0.056788,3.855205,0,-0.235229,-1.703649,1.233190
z_gcs_1y_sum,9.244,hicp,1,1.470373,1.072878,-0.294355,3.235101,-0.514452,3.616130,0,-0.071533,-2.344782,2.201717
z_gcs_1y_sum,9.244,hicp,2,0.954667,1.054782,-0.780295,2.689629,-1.207636,2.906014,0,-0.146371,-2.708452,2.415710
z_gcs_1y_sum,9.244,hicp,3,0.641641,1.236939,-1.392943,2.676224,-2.079625,2.868131,0,-0.294519,-3.094527,2.505489
z_gcs_1y_sum,9.244,hicp,4,0.182121,1.560283,-2.384315,2.748558,-3.562557,2.756588,0,-0.679015,-4.194064,2.836033
z_gcs_1y_sum,9.244,hicp,5,-1.364147,1.489996,-3.814971,1.086678,-5.089136,1.019846,0,-2.476992,-6.944883,1.990898
z_gcs_1y_sum,9.244,hicp,6,-0.885422,1.658404,-3.613254,1.842410,-4.119310,2.431386,0,-2.359524,-7.574366,2.855319
z_gcs_1y_sum,9.244,hicp,7,-1.938994,2.072306,-5.347634,1.469646,-5.979990,2.205618,0,-3.596543,-9.381042,2.187956
z_gcs_1y_sum,9.244,hicp,8,-2.553170,2.290801,-6.321202,1.214861,-7.363852,1.684811,0,-4.177301,-10.185987,1.831385
z_gcs_1y_sum,9.244,hicp,9,-3.070531,2.431060,-7.069268,0.928206,-8.297309,1.183823,0,-4.403682,-10.695511,1.888148
z_gcs_1y_sum,9.244,hicp,10,-2.750106,2.306657,-6.544220,1.044008,-7.709419,1.171212,0,-4.069495,-10.547699,2.408710
z_gcs_1y_sum,9.244,hicp,11,-3.017180,2.227578,-6.681219,0.646860,-7.806472,0.658324,0,-3.718120,-10.246242,2.810003
z_gcs_1y_sum,9.244,hicp,12,-0.470825,2.234946,-4.146983,3.205334,-4.717222,3.663824,0,-2.562498,-8.792830,3.667835
z_gcs_1y_sum,9.244,hicp,13,-0.370779,2.540110,-4.548888,3.807330,-5.196988,4.328424,0,-1.879299,-8.598030,4.839432
z_gcs_1y_sum,9.244,hicp,14,-1.198283,2.494606,-5.301544,2.904978,-6.312225,2.917817,0,-2.576412,-9.540523,4.387699
z_gcs_1y_sum,9.244,hicp,15,-1.952251,2.603284,-6.234272,2.329770,-7.419147,2.082839,0,-3.000583,-10.361623,4.360457
z_gcs_1y_sum,9.244,hicp,16,-2.436794,2.896388,-7.200929,2.327340,-8.229571,2.342246,0,-3.497198,-11.661141,4.666745
z_gcs_1y_sum,9.244,hicp,17,-2.260282,2.802583,-6.870122,2.349557,-7.725320,2.363980,0,-3.237609,-11.699749,5.224531
z_gcs_1y_sum,9.244,hicp,18,-1.392004,2.832590,-6.051200,3.267193,-6.632296,3.423400,0,-2.356025,-10.707064,5.995014
z_gcs_1y_sum,9.244,hicp,19,-1.486553,3.008059,-6.434369,3.461263,-7.051462,3.627146,0,-2.477976,-11.181304,6.225353
z_gcs_1y_sum,9.244,hicp,20,-1.529490,2.835794,-6.193956,3.134977,-6.775709,3.149571,0,-2.123604,-10.439289,6.192081
z_gcs_1y_sum,9.244,hicp,21,-1.795199,2.717964,-6.265852,2.675454,-6.823432,2.689442,0,-1.850423,-10.189717,6.488871
z_gcs_1y_sum,9.244,hicp,22,-2.195516,2.537321,-6.369038,1.978007,-7.143292,1.737333,0,-2.607451,-11.236833,6.021932
z_gcs_1y_sum,9.244,hicp,23,-1.720530,2.409318,-5.683506,2.242445,-6.177768,2.134378,0,-1.350096,-9.176037,6.475844
z_gcs_1y_sum,9.244,hicp,24,0.565817,2.819642,-4.072082,5.203715,-4.368557,5.359208,0,-0.813056,-8.737193,7.111082
z_gcs_1y_sum,9.244,hicp,25,-1.045149,3.165896,-6.252585,4.162287,-6.585468,4.336875,0,-2.645455,-11.438679,6.147768
z_gcs_1y_sum,9.244,hicp,26,-1.283171,3.066476,-6.327075,3.760732,-6.802828,3.776514,0,-2.531009,-11.408953,6.346935
z_gcs_1y_sum,9.244,hicp,27,-1.951318,3.003852,-6.892214,2.989579,-7.358251,3.005038,0,-3.057997,-12.310643,6.194649
z_gcs_1y_sum,9.244,hicp,28,-2.196015,3.197301,-7.455107,3.063076,-7.791291,3.079531,0,-3.720714,-13.631714,6.190286
z_gcs_1y_sum,9.244,hicp,29,-2.736792,3.035308,-7.729429,2.255845,-8.048581,2.271466,0,-4.216749,-14.259255,5.825756
z_gcs_1y_sum,9.244,hicp,30,-2.129228,2.853296,-6.822483,2.564027,-6.979832,2.721376,0,-3.378249,-13.850830,7.094332
z_gcs_1y_sum,9.244,hicp,31,-3.686269,2.954601,-8.546155,1.173617,-8.856820,1.188823,0,-5.149991,-16.421082,6.121100
z_gcs_1y_sum,9.244,hicp,32,-3.354369,2.600493,-7.631799,0.923060,-8.035256,0.936444,0,-3.921300,-14.680470,6.837871
z_gcs_1y_sum,9.244,hicp,33,-3.068710,2.510146,-7.197533,1.060113,-7.461466,1.073032,0,-2.324137,-12.734391,8.086117
z_gcs_1y_sum,9.244,hicp,34,-3.858026,2.538029,-8.032713,0.316660,-8.426479,0.329721,0,-3.022258,-13.828362,7.783846
z_gcs_1y_sum,9.244,hicp,35,-4.080669,2.304346,-7.870980,-0.290358,-8.228491,-0.393716,0,-2.491068,-12.091001,7.108865
z_gcs_1y_sum,9.244,hicp,36,-2.794797,2.410978,-6.760503,1.170909,-7.014008,1.183317,0,-3.990059,-14.325591,6.345474
z_gcs_1y_sum,9.244,hicp,37,-3.839673,2.789460,-8.427926,0.748580,-8.581755,0.762936,0,-5.569919,-17.361312,6.221473
z_gcs_1y_sum,9.244,hicp,38,-4.560893,2.276523,-8.305441,-0.816345,-8.544809,-0.918456,0,-6.096019,-17.859979,5.667942
z_gcs_1y_sum,9.244,hicp,39,-4.116705,2.632826,-8.447318,0.213908,-8.724150,0.095817,0,-5.139802,-17.482533,7.202929
z_gcs_1y_sum,9.244,hicp,40,-3.621575,2.475514,-7.693434,0.450283,-7.829949,0.463023,0,-5.099240,-17.450645,7.252164
z_gcs_1y_sum,9.244,hicp,41,-4.629013,2.138865,-8.147133,-1.110893,-8.478971,-1.206829,0,-6.904688,-20.143877,6.334501
z_gcs_1y_sum,9.244,hicp,42,-3.676905,2.261487,-7.396720,0.042910,-7.521433,0.167623,0,-6.112949,-19.225516,6.999617
z_gcs_1y_sum,9.244,hicp,43,-3.881332,2.408290,-7.842616,0.079952,-7.855010,0.333175,0,-6.230133,-19.059165,6.598899
z_gcs_1y_sum,9.244,hicp,44,-2.462081,2.620169,-6.771875,1.847713,-6.654351,2.123214,0,-3.183227,-13.910287,7.543832
z_gcs_1y_sum,9.244,hicp,45,-2.795069,2.171682,-6.367168,0.777030,-6.378344,1.005375,0,-2.107316,-11.994990,7.780358
z_gcs_1y_sum,9.244,hicp,46,-4.413630,2.154117,-7.956836,-0.870423,-8.183333,-0.967043,0,-5.050112,-16.033233,5.933010
z_gcs_1y_sum,9.244,hicp,47,-4.899620,1.810656,-7.877884,-1.921355,-7.977735,-1.912037,0,-4.337779,-13.214968,4.539409
z_gcs_1y_sum,9.244,hicp,48,-1.905285,1.459789,-4.306425,0.495855,-4.167959,0.795326,0,-4.129396,-12.846330,4.587538
z_gcs_1y_sum,9.244,stoxx,0,-4.782918,15.507294,-30.290147,20.724311,-35.797506,24.680941,0,0.960589,-30.734522,32.655700
z_gcs_1y_sum,9.244,stoxx,1,6.573543,20.638106,-27.373121,40.520207,-28.511237,50.945472,0,20.556562,-26.697987,67.811110
z_gcs_1y_sum,9.244,stoxx,2,-2.171819,20.167058,-35.343677,31.000040,-45.530993,34.128886,0,10.980521,-29.605031,51.566074
z_gcs_1y_sum,9.244,stoxx,3,6.111988,31.763515,-46.134346,58.358321,-59.003219,66.462667,0,29.778241,-31.498389,91.054871
z_gcs_1y_sum,9.244,stoxx,4,29.294720,41.181502,-38.442822,97.032262,-32.477532,140.484774,0,68.487581,-28.661634,165.636797
z_gcs_1y_sum,9.244,stoxx,5,-17.488086,36.183595,-77.004803,42.028630,-88.046096,58.497462,0,7.116962,-79.888057,94.121981
z_gcs_1y_sum,9.244,stoxx,6,-37.792447,35.583100,-96.321438,20.736545,-116.075267,26.257133,0,-27.624002,-114.039806,58.791803
z_gcs_1y_sum,9.244,stoxx,7,-38.384237,32.351343,-91.597461,14.828987,-99.851789,27.936016,0,-32.335202,-110.794015,46.123611
z_gcs_1y_sum,9.244,stoxx,8,-22.665293,34.074963,-78.713619,33.383033,-80.592730,55.707121,0,-19.505110,-110.084006,71.073786
z_gcs_1y_sum,9.244,stoxx,9,-12.417832,37.884404,-74.732131,49.896467,-71.138658,78.504737,0,-2.898815,-101.461028,95.663398
z_gcs_1y_sum,9.244,stoxx,10,-12.654998,34.116417,-68.771511,43.461514,-72.358728,58.989478,0,1.457705,-97.777036,100.692446
z_gcs_1y_sum,9.244,stoxx,11,12.884790,39.214296,-51.616986,77.386567,-57.700942,91.313382,0,40.743322,-74.144682,155.631326
z_gcs_1y_sum,9.244,stoxx,12,23.015886,47.304763,-54.793525,100.825298,-64.497926,112.894936,0,55.633654,-72.142132,183.409439
z_gcs_1y_sum,9.244,stoxx,13,24.760884,44.197471,-47.937486,97.459255,-63.634058,102.106459,0,51.028794,-73.772308,175.829895
z_gcs_1y_sum,9.244,stoxx,14,26.642022,38.837652,-37.240231,90.524275,-52.975165,90.724148,0,54.132423,-53.551770,161.816615
z_gcs_1y_sum,9.244,stoxx,15,18.212869,40.591923,-48.554903,84.980642,-62.970977,85.189543,0,49.635264,-47.495114,146.765643
z_gcs_1y_sum,9.244,stoxx,16,34.461743,37.724256,-27.589137,96.512623,-37.214344,100.479192,0,73.642202,-26.624358,173.908762
z_gcs_1y_sum,9.244,stoxx,17,50.816349,34.799794,-6.424219,108.056917,-11.823281,113.455978,0,79.949795,-17.883492,177.783082
z_gcs_1y_sum,9.244,stoxx,18,35.364877,34.192638,-20.877008,91.606762,-29.601136,91.782730,0,46.636339,-33.985688,127.258366
z_gcs_1y_sum,9.244,stoxx,19,34.227478,27.852038,-11.585047,80.040004,-17.298792,81.575943,0,43.198938,-30.469524,116.867400
z_gcs_1y_sum,9.244,stoxx,20,34.098525,25.896200,-8.496934,76.693984,-11.219825,79.416875,0,32.614148,-37.313157,102.541454
z_gcs_1y_sum,9.244,stoxx,21,45.305156,23.754799,6.231989,84.378324,4.921998,88.063795,0,39.912352,-32.179532,112.004237
z_gcs_1y_sum,9.244,stoxx,22,56.143237,19.101311,24.724376,87.562099,26.536205,93.390795,0,53.932355,-23.195567,131.060278
z_gcs_1y_sum,9.244,stoxx,23,33.203893,21.991306,-2.968587,69.376372,-4.181327,71.688678,0,17.684964,-43.253756,78.623684
z_gcs_1y_sum,9.244,stoxx,24,29.882040,18.342538,-0.288751,60.052831,-0.383148,62.898609,0,16.954177,-38.358277,72.266630
z_gcs_1y_sum,9.244,stoxx,25,28.279138,19.077239,-3.100127,59.658403,-2.244444,63.572029,0,2.475592,-55.763679,60.714863
z_gcs_1y_sum,9.244,stoxx,26,6.328115,21.586983,-29.179313,41.835543,-28.211058,46.264034,0,-33.922366,-92.259262,24.414530
z_gcs_1y_sum,9.244,stoxx,27,-19.994552,25.710360,-62.284332,22.295227,-64.987683,23.713060,0,-56.887430,-125.843996,12.069136
z_gcs_1y_sum,9.244,stoxx,28,-6.627665,26.734635,-50.602226,37.346895,-52.076544,40.157945,0,-41.046651,-104.873948,22.780646
z_gcs_1y_sum,9.244,stoxx,29,-25.729775,22.229180,-62.293522,10.833971,-64.630840,12.059830,0,-61.223773,-135.066455,12.618908
z_gcs_1y_sum,9.244,stoxx,30,-25.524824,23.930217,-64.886529,13.836881,-66.206193,15.156545,0,-43.808744,-113.666010,26.048522
z_gcs_1y_sum,9.244,stoxx,31,-18.402346,32.423925,-71.734957,34.930265,-73.523019,36.718327,0,-28.297979,-101.839335,45.243376
z_gcs_1y_sum,9.244,stoxx,32,-35.478447,31.673195,-87.576218,16.619323,-94.073859,13.615005,0,-48.463877,-128.188964,31.261210
z_gcs_1y_sum,9.244,stoxx,33,-28.761158,27.105146,-73.345156,15.822839,-77.550421,15.962332,0,-33.931227,-112.145540,44.283086
z_gcs_1y_sum,9.244,stoxx,34,-27.375558,23.721966,-66.394720,11.643604,-67.702900,12.951784,0,-19.850535,-98.438571,58.737500
z_gcs_1y_sum,9.244,stoxx,35,-34.694312,24.336404,-74.724134,5.335510,-77.283018,4.243934,0,-25.505000,-109.017862,58.007863
z_gcs_1y_sum,9.244,stoxx,36,-27.478502,23.965359,-66.898010,11.941006,-67.021345,14.460877,0,-15.400234,-91.984235,61.183767
z_gcs_1y_sum,9.244,stoxx,37,-19.262916,22.722030,-56.637329,18.111497,-56.754265,19.364535,0,-9.125226,-84.509093,66.258642
z_gcs_1y_sum,9.244,stoxx,38,-3.026839,21.627018,-38.600118,32.546440,-35.467366,36.983145,0,19.102600,-58.109973,96.315173
z_gcs_1y_sum,9.244,stoxx,39,-12.447247,33.838456,-68.106554,43.212060,-61.513008,55.229665,0,11.846756,-77.604539,101.298051
z_gcs_1y_sum,9.244,stoxx,40,-25.962913,29.716319,-74.841908,22.916083,-69.051576,31.983910,0,-12.765517,-102.308479,76.777445
z_gcs_1y_sum,9.244,stoxx,41,-25.922657,37.127065,-86.991243,35.145930,-81.613253,44.618766,0,-6.421436,-104.062077,91.219204
z_gcs_1y_sum,9.244,stoxx,42,-13.969679,37.256248,-75.250755,47.311396,-69.854052,56.817193,0,14.589688,-81.284658,110.464034
z_gcs_1y_sum,9.244,stoxx,43,-3.402624,30.898381,-54.225938,47.420691,-49.750196,55.304301,0,35.924886,-63.735303,135.585074
z_gcs_1y_sum,9.244,stoxx,44,0.534752,28.756522,-46.765517,47.835022,-42.600031,55.172144,0,42.651905,-59.632831,144.936642
z_gcs_1y_sum,9.244,stoxx,45,17.579527,29.110095,-30.302318,65.461372,-26.085616,71.433202,0,71.337739,-52.892073,195.567550
z_gcs_1y_sum,9.244,stoxx,46,7.614081,28.355126,-39.025951,54.254113,-39.171877,55.817796,0,50.196956,-65.331012,165.724925
z_gcs_1y_sum,9.244,stoxx,47,10.896026,33.279841,-43.844441,65.636493,-42.351720,70.799739,0,50.548764,-71.731331,172.828859
z_gcs_1y_sum,9.244,stoxx,48,12.611728,31.916235,-39.885807,65.109263,-36.858437,71.656763,0,49.209008,-73.496428,171.914445
z_gc_1y_jk_kilianfix,3.580,i1y,0,1.000000,0.000000,1.000000,1.000000,1.000000,1.000000,0,1.000000,1.000000,1.000000
z_gc_1y_jk_kilianfix,3.580,i1y,1,0.985744,0.698183,-0.162664,2.134152,-4.320443,1.858472,0,0.947944,-0.599425,2.495313
z_gc_1y_jk_kilianfix,3.580,i1y,2,-0.083823,1.547686,-2.629540,2.461894,-15.560683,1.463863,1,-0.326080,-4.146456,3.494296
z_gc_1y_jk_kilianfix,3.580,i1y,3,-0.054312,1.852709,-3.101746,2.993123,-18.581398,1.891032,1,-0.176100,-4.805503,4.453303
z_gc_1y_jk_kilianfix,3.580,i1y,4,0.838210,1.670154,-1.908950,3.585370,-15.278781,3.176426,0,0.888350,-3.548183,5.324883
z_gc_1y_jk_kilianfix,3.580,i1y,5,0.388254,1.882132,-2.707577,3.484086,-14.951119,3.587879,0,0.275419,-5.347211,5.898049
z_gc_1y_jk_kilianfix,3.580,i1y,6,-0.188127,1.936590,-3.373533,2.997280,-14.615719,2.910417,0,-0.483885,-7.070525,6.102755
z_gc_1y_jk_kilianfix,3.580,i1y,7,-1.768341,2.229904,-5.436207,1.899524,-22.952428,0.907543,0,-2.631715,-10.480822,5.217393
z_gc_1y_jk_kilianfix,3.580,i1y,8,-3.272533,2.847664,-7.956524,1.411458,-31.749176,-0.282486,1,-4.614281,-13.611883,4.383322
z_gc_1y_jk_kilianfix,3.580,i1y,9,-3.980131,3.063070,-9.018434,1.058171,-34.610833,-0.763908,1,-5.281036,-14.452311,3.890239
z_gc_1y_jk_kilianfix,3.580,i1y,10,-4.700982,3.187794,-9.944437,0.542472,-33.869297,-1.353799,0,-6.051075,-15.433973,3.331824
z_gc_1y_jk_kilianfix,3.580,i1y,11,-5.618600,3.625551,-11.582101,0.344900,-37.342171,-1.630494,0,-7.351010,-17.673999,2.971979
z_gc_1y_jk_kilianfix,3.580,i1y,12,-6.342942,3.741286,-12.496810,-0.189075,-35.337907,-2.227528,0,-8.527775,-19.683613,2.628063
z_gc_1y_jk_kilianfix,3.580,i1y,13,-6.713826,3.770499,-12.915745,-0.511907,-34.615519,-2.566277,0,-8.955739,-20.584939,2.673460
z_gc_1y_jk_kilianfix,3.580,i1y,14,-6.699205,3.846684,-13.026437,-0.371973,-34.202996,-2.660187,0,-8.837144,-20.474384,2.800097
z_gc_1y_jk_kilianfix,3.580,i1y,15,-5.825971,3.592211,-11.734633,0.082691,-29.354956,-1.874539,0,-7.780472,-18.770100,3.209156
z_gc_1y_jk_kilianfix,3.580,i1y,16,-5.108972,3.376131,-10.662213,0.444269,-25.196951,-1.226421,0,-6.697428,-17.199040,3.804183
z_gc_1y_jk_kilianfix,3.580,i1y,17,-4.777241,3.050663,-9.795135,0.240652,-18.657757,-1.116446,0,-6.118546,-15.703875,3.466784
z_gc_1y_jk_kilianfix,3.580,i1y,18,-4.354659,2.632670,-8.685016,-0.024303,-14.885338,-1.063822,0,-5.668381,-14.655815,3.319053
z_gc_1y_jk_kilianfix,3.580,i1y,19,-3.843219,2.320605,-7.660276,-0.026163,-12.545490,-0.826432,0,-4.839315,-13.164190,3.485560
z_gc_1y_jk_kilianfix,3.580,i1y,20,-3.248531,2.106707,-6.713756,0.216694,-10.411335,-0.299141,0,-3.984411,-11.836408,3.867585
z_gc_1y_jk_kilianfix,3.580,i1y,21,-2.224329,1.869388,-5.299199,0.850541,-7.552085,0.860162,0,-2.635124,-9.713900,4.443653
z_gc_1y_jk_kilianfix,3.580,i1y,22,-1.419192,2.145906,-4.948894,2.110510,-6.247481,2.979916,0,-1.791053,-8.363404,4.781297
z_gc_1y_jk_kilianfix,3.580,i1y,23,-0.705163,2.347962,-4.567217,3.156891,-5.401087,4.695150,0,-0.919565,-7.373003,5.533873
z_gc_1y_jk_kilianfix,3.580,i1y,24,0.341947,2.309878,-3.457465,4.141359,-3.815834,6.232137,0,0.039134,-6.533113,6.611381
z_gc_1y_jk_kilianfix,3.580,i1y,25,0.709901,2.135072,-2.801980,4.221782,-3.026475,6.261088,0,0.016962,-6.860035,6.893958
z_gc_1y_jk_kilianfix,3.580,i1y,26,-0.050870,2.064563,-3.446774,3.345034,-3.767083,5.007310,0,-1.267006,-8.329184,5.795172
z_gc_1y_jk_kilianfix,3.580,i1y,27,-0.734718,2.123366,-4.227344,2.757908,-4.556776,4.467528,0,-2.404662,-9.642921,4.833597
z_gc_1y_jk_kilianfix,3.580,i1y,28,-0.907186,2.133346,-4.416228,2.601856,-4.747208,4.319512,0,-2.788191,-10.013997,4.437615
z_gc_1y_jk_kilianfix,3.580,i1y,29,-1.238248,2.396547,-5.180216,2.703721,-5.552032,4.753120,0,-3.491953,-11.242515,4.258609
z_gc_1y_jk_kilianfix,3.580,i1y,30,-1.548758,2.371355,-5.449291,2.351774,-5.698630,4.498197,0,-3.978723,-11.839824,3.882378
z_gc_1y_jk_kilianfix,3.580,i1y,31,-1.097320,1.988947,-4.368846,2.174206,-4.279635,4.471730,0,-3.279161,-10.152058,3.593737
z_gc_1y_jk_kilianfix,3.580,i1y,32,-0.334552,1.732409,-3.184112,2.515008,-2.759926,4.949296,0,-2.068528,-7.764357,3.627302
z_gc_1y_jk_kilianfix,3.580,i1y,33,0.350829,1.585314,-2.256781,2.958439,-1.710079,5.661632,0,-1.040463,-6.490291,4.409365
z_gc_1y_jk_kilianfix,3.580,i1y,34,1.231634,1.630838,-1.450855,3.914123,-0.643829,7.102650,0,0.346410,-5.280535,5.973355
z_gc_1y_jk_kilianfix,3.580,i1y,35,1.586991,1.785648,-1.350140,4.524121,-0.377223,8.193889,0,1.007962,-4.765079,6.781002
z_gc_1y_jk_kilianfix,3.580,i1y,36,1.906331,1.970942,-1.335581,5.148242,-0.261706,9.001723,0,1.564508,-4.506369,7.635384
z_gc_1y_jk_kilianfix,3.580,i1y,37,2.117250,2.047652,-1.250838,5.485339,-0.237550,9.284034,0,2.346251,-4.250169,8.942671
z_gc_1y_jk_kilianfix,3.580,i1y,38,2.262260,2.017407,-1.056079,5.580599,-0.057758,8.818833,0,2.670065,-3.916329,9.256459
z_gc_1y_jk_kilianfix,3.580,i1y,39,2.125204,2.035345,-1.222640,5.473048,-0.317210,8.333005,0,2.704010,-4.450305,9.858325
z_gc_1y_jk_kilianfix,3.580,i1y,40,1.820430,1.927252,-1.349618,4.990478,-0.588635,7.505825,0,2.541750,-4.643605,9.727104
z_gc_1y_jk_kilianfix,3.580,i1y,41,1.625744,1.731142,-1.221731,4.473220,-0.538183,6.559500,0,2.402203,-4.583364,9.387769
z_gc_1y_jk_kilianfix,3.580,i1y,42,1.342853,1.543522,-1.196014,3.881720,-0.586549,5.741889,0,1.852855,-4.703771,8.409480
z_gc_1y_jk_kilianfix,3.580,i1y,43,0.853423,1.153695,-1.044236,2.751082,-0.646381,3.968399,0,1.152172,-4.918989,7.223334
z_gc_1y_jk_kilianfix,3.580,i1y,44,1.030258,1.081287,-0.748300,2.808816,-0.375414,4.003796,0,1.571339,-4.251293,7.393972
z_gc_1y_jk_kilianfix,3.580,i1y,45,0.987971,0.884654,-0.467156,2.443098,-0.250545,3.288073,0,1.794950,-3.654562,7.244463
z_gc_1y_jk_kilianfix,3.580,i1y,46,1.013763,1.020435,-0.664703,2.692228,-0.925063,2.901567,0,2.170226,-3.144866,7.485318
z_gc_1y_jk_kilianfix,3.580,i1y,47,1.966521,1.472519,-0.455557,4.388599,-0.831265,4.690681,0,3.995833,-2.572177,10.563843
z_gc_1y_jk_kilianfix,3.580,i1y,48,2.501227,1.774583,-0.417702,5.420156,-1.047938,5.606747,0,5.524004,-2.733212,13.781219
z_gc_1y_jk_kilianfix,3.580,ip,0,-0.304638,3.431394,-5.948779,5.339503,-22.265560,5.528732,0,0.775897,-6.811227,8.363021
z_gc_1y_jk_kilianfix,3.580,ip,1,-1.009490,6.020227,-10.911883,8.892903,-41.044002,7.719839,0,-1.345144,-14.779206,12.088919
z_gc_1y_jk_kilianfix,3.580,ip,2,-5.870828,9.434921,-21.389892,9.648236,-100.220040,4.035839,1,-5.710736,-28.747898,17.326425
z_gc_1y_jk_kilianfix,3.580,ip,3,-15.557794,14.392048,-39.230606,8.115018,-159.478274,-2.604951,1,-18.188895,-55.063958,18.686168
z_gc_1y_jk_kilianfix,3.580,ip,4,-11.506967,13.395191,-33.540096,10.526161,-145.458877,1.888224,1,-13.206502,-47.329813,20.916809
z_gc_1y_jk_kilianfix,3.580,ip,5,-15.491565,14.817398,-39.864015,8.880885,-163.665540,0.066703,1,-16.559988,-55.461142,22.341166
z_gc_1y_jk_kilianfix,3.580,ip,6,-13.113685,12.500083,-33.674491,7.447122,-138.114510,1.261410,1,-12.972838,-48.095778,22.150101
z_gc_1y_jk_kilianfix,3.580,ip,7,-21.470024,15.093286,-46.296270,3.356222,-172.402880,-5.622074,1,-22.777057,-65.131699,19.577585
z_gc_1y_jk_kilianfix,3.580,ip,8,-26.366259,17.110095,-54.509862,1.777343,-197.467213,-9.256164,1,-29.677226,-77.117711,17.763259
z_gc_1y_jk_kilianfix,3.580,ip,9,-23.291057,14.400817,-46.978294,0.396180,-166.579191,-8.170198,0,-24.472858,-66.858800,17.913085
z_gc_1y_jk_kilianfix,3.580,ip,10,-28.257912,16.458629,-55.329947,-1.185876,-177.208504,-10.153420,0,-27.823574,-70.268135,14.620987
z_gc_1y_jk_kilianfix,3.580,ip,11,-28.285935,16.654918,-55.680837,-0.891033,-173.183721,-9.965525,0,-29.165350,-70.162038,11.831337
z_gc_1y_jk_kilianfix,3.580,ip,12,-31.663050,17.515223,-60.473028,-2.853071,-175.287878,-13.272065,0,-33.489237,-76.328014,9.349539
z_gc_1y_jk_kilianfix,3.580,ip,13,-36.258132,17.693161,-65.360793,-7.155472,-177.803422,-18.564971,0,-38.702097,-87.216825,9.812631
z_gc_1y_jk_kilianfix,3.580,ip,14,-24.486820,13.192529,-46.186599,-2.787042,-115.515268,-9.975039,0,-24.194301,-58.944274,10.555671
z_gc_1y_jk_kilianfix,3.580,ip,15,-21.192320,11.239745,-39.680055,-2.704586,-86.944826,-7.142640,0,-20.239757,-53.091312,12.611798
z_gc_1y_jk_kilianfix,3.580,ip,16,-15.976843,10.389652,-33.066300,1.112614,-60.132864,0.646601,0,-13.961697,-43.819535,15.896141
z_gc_1y_jk_kilianfix,3.580,ip,17,-4.432652,10.157277,-21.139886,12.274582,-25.762934,22.484132,0,0.026970,-27.419048,27.472988
z_gc_1y_jk_kilianfix,3.580,ip,18,-4.902993,9.526536,-20.572751,10.766765,-23.003412,20.818655,0,-1.574578,-28.728371,25.579214
z_gc_1y_jk_kilianfix,3.580,ip,19,0.479493,9.036718,-14.384585,15.343572,-13.979256,28.493319,0,3.872005,-23.729861,31.473870
z_gc_1y_jk_kilianfix,3.580,ip,20,-2.121527,8.695644,-16.424589,12.181534,-16.469340,23.095840,0,0.650949,-27.446942,28.748840
z_gc_1y_jk_kilianfix,3.580,ip,21,-6.465646,9.479337,-22.057768,9.126476,-25.424320,15.810796,0,-8.200595,-37.226917,20.825726
z_gc_1y_jk_kilianfix,3.580,ip,22,-1.612722,11.028236,-19.752556,16.527111,-19.809311,29.266337,0,-2.859238,-32.211661,26.493184
z_gc_1y_jk_kilianfix,3.580,ip,23,10.462575,12.465131,-10.040741,30.965891,-5.742095,55.337047,0,11.310739,-21.920860,44.542338
z_gc_1y_jk_kilianfix,3.580,ip,24,9.000295,12.437608,-11.457750,29.458340,-8.412357,50.666283,0,7.640746,-24.832756,40.114249
z_gc_1y_jk_kilianfix,3.580,ip,25,12.534200,14.234458,-10.879399,35.947800,-5.258872,64.489972,0,10.675815,-21.405257,42.756887
z_gc_1y_jk_kilianfix,3.580,ip,26,8.479556,11.827944,-10.975680,27.934792,-7.488168,47.511771,0,3.468871,-24.050219,30.987962
z_gc_1y_jk_kilianfix,3.580,ip,27,9.745790,11.269955,-8.791637,28.283217,-4.341655,50.317630,0,3.669781,-25.076885,32.416448
z_gc_1y_jk_kilianfix,3.580,ip,28,6.438977,11.643702,-12.713208,25.591163,-8.115650,47.191934,0,1.179870,-26.839546,29.199286
z_gc_1y_jk_kilianfix,3.580,ip,29,-0.256051,9.841960,-16.444635,15.932532,-14.034795,31.238221,0,-10.559430,-40.172665,19.053804
z_gc_1y_jk_kilianfix,3.580,ip,30,1.365175,10.165754,-15.356003,18.086353,-11.850306,35.928740,0,-6.063572,-34.987363,22.860220
z_gc_1y_jk_kilianfix,3.580,ip,31,-0.315276,7.744829,-13.054387,12.423834,-11.932520,22.919211,0,-3.971851,-31.892964,23.949262
z_gc_1y_jk_kilianfix,3.580,ip,32,9.185334,9.280293,-6.079390,24.450058,-1.022988,44.914462,0,9.458228,-23.097103,42.013558
z_gc_1y_jk_kilianfix,3.580,ip,33,9.307576,9.255801,-5.916861,24.532014,-1.336595,44.016831,0,13.697319,-23.548242,50.942880
z_gc_1y_jk_kilianfix,3.580,ip,34,9.960283,8.518368,-4.051185,23.971752,-1.113595,37.644980,0,15.150001,-26.829832,57.129834
z_gc_1y_jk_kilianfix,3.580,ip,35,11.524650,9.933558,-4.814598,27.863899,-0.892297,43.808713,0,16.604714,-27.146682,60.356111
z_gc_1y_jk_kilianfix,3.580,ip,36,9.403059,9.435103,-6.116304,24.922423,-2.862575,38.651879,0,14.804859,-30.080733,59.690451
z_gc_1y_jk_kilianfix,3.580,ip,37,16.188610,10.029222,-0.307992,32.685212,4.153544,49.786503,0,25.444467,-24.453957,75.342892
z_gc_1y_jk_kilianfix,3.580,ip,38,13.132577,8.852639,-1.428719,27.693872,0.738882,37.034702,0,22.967798,-23.434035,69.369631
z_gc_1y_jk_kilianfix,3.580,ip,39,13.057394,10.703971,-4.549071,30.663860,-3.533760,38.211726,0,22.949989,-25.348259,71.248237
z_gc_1y_jk_kilianfix,3.580,ip,40,15.387492,10.815109,-2.401780,33.176763,-0.835172,41.884509,0,31.010719,-21.718781,83.740219
z_gc_1y_jk_kilianfix,3.580,ip,41,10.185900,8.034734,-3.030061,23.401861,-2.669674,28.264051,0,24.892155,-20.285684,70.069993
z_gc_1y_jk_kilianfix,3.580,ip,42,10.338426,9.706085,-5.626663,26.303514,-6.647222,30.235899,0,23.631015,-21.690419,68.952448
z_gc_1y_jk_kilianfix,3.580,ip,43,8.343264,8.306409,-5.319564,22.006092,-7.438914,24.125442,0,19.805822,-22.628536,62.240180
z_gc_1y_jk_kilianfix,3.580,ip,44,8.829607,8.126070,-4.536588,22.195802,-4.578408,26.706960,0,21.280633,-23.550004,66.111271
z_gc_1y_jk_kilianfix,3.580,ip,45,10.117624,9.317974,-5.209079,25.444328,-6.654729,28.753572,0,22.804032,-21.979033,67.587098
z_gc_1y_jk_kilianfix,3.580,ip,46,7.342320,11.921798,-12.267292,26.951932,-18.289545,26.417196,0,20.670882,-24.666728,66.008492
z_gc_1y_jk_kilianfix,3.580,ip,47,8.802419,11.423038,-9.986806,27.591644,-14.614809,28.221583,0,21.257970,-24.926186,67.442126
z_gc_1y_jk_kilianfix,3.580,ip,48,9.964520,11.840463,-9.511308,29.440348,-16.676522,28.317238,0,26.077351,-24.521735,76.676436
z_gc_1y_jk_kilianfix,3.580,hicp,0,1.302527,1.416379,-1.027208,3.632263,-2.875790,6.543129,0,-1.381286,-4.715930,1.953358
z_gc_1y_jk_kilianfix,3.580,hicp,1,2.108022,1.354578,-0.120061,4.336104,-1.210695,7.458605,0,0.513531,-2.422737,3.449799
z_gc_1y_jk_kilianfix,3.580,hicp,2,0.544787,1.614349,-2.110580,3.200154,-11.562828,3.047028,0,-0.717272,-5.189103,3.754558
z_gc_1y_jk_kilianfix,3.580,hicp,3,-0.077796,1.869760,-3.153278,2.997685,-17.279588,2.726844,0,-1.614966,-7.049128,3.819195
z_gc_1y_jk_kilianfix,3.580,hicp,4,-0.046093,1.891413,-3.157192,3.065005,-14.893688,3.263880,0,-1.339264,-6.906712,4.228183
z_gc_1y_jk_kilianfix,3.580,hicp,5,-0.284488,1.810408,-3.262344,2.693369,-13.138385,3.245808,0,-1.185471,-7.183550,4.812607
z_gc_1y_jk_kilianfix,3.580,hicp,6,0.787186,1.834849,-2.230872,3.805245,-7.836605,5.466052,0,-0.204704,-7.001284,6.591876
z_gc_1y_jk_kilianfix,3.580,hicp,7,-0.878552,2.323683,-4.700671,2.943566,-18.538543,2.606973,0,-2.179248,-10.206505,5.848008
z_gc_1y_jk_kilianfix,3.580,hicp,8,-2.854790,3.169676,-8.068443,2.358863,-34.076097,0.631853,0,-4.692527,-14.640037,5.254984
z_gc_1y_jk_kilianfix,3.580,hicp,9,-4.765978,4.100922,-11.511395,1.979438,-45.775199,-0.460010,1,-6.621247,-18.363177,5.120683
z_gc_1y_jk_kilianfix,3.580,hicp,10,-5.425724,4.382377,-12.634094,1.782645,-47.058309,-0.824228,0,-7.401344,-19.983815,5.181128
z_gc_1y_jk_kilianfix,3.580,hicp,11,-5.048572,4.194723,-11.948277,1.851133,-41.123189,-0.434377,0,-6.332330,-17.902054,5.237394
z_gc_1y_jk_kilianfix,3.580,hicp,12,-1.435656,3.222456,-6.736125,3.864813,-20.770394,3.075783,0,-3.970135,-14.033348,6.093078
z_gc_1y_jk_kilianfix,3.580,hicp,13,-1.027682,3.370071,-6.570955,4.515590,-19.900078,3.858920,0,-2.770735,-12.467983,6.926512
z_gc_1y_jk_kilianfix,3.580,hicp,14,-1.917320,3.307454,-7.357598,3.522957,-22.092790,2.216997,0,-3.489185,-13.447959,6.469588
z_gc_1y_jk_kilianfix,3.580,hicp,15,-3.164457,3.458977,-8.853968,2.525054,-24.956013,0.813367,0,-4.677730,-15.742665,6.387206
z_gc_1y_jk_kilianfix,3.580,hicp,16,-3.086436,3.159081,-8.282661,2.109789,-20.619334,0.862414,0,-4.345736,-15.530313,6.838841
z_gc_1y_jk_kilianfix,3.580,hicp,17,-2.482309,2.759529,-7.021330,2.056711,-14.072330,1.105078,0,-3.177816,-13.467406,7.111774
z_gc_1y_jk_kilianfix,3.580,hicp,18,-1.102370,2.677259,-5.506069,3.301328,-11.008227,2.511929,0,-1.568599,-11.277928,8.140730
z_gc_1y_jk_kilianfix,3.580,hicp,19,-1.429244,2.710117,-5.886989,3.028502,-11.321170,2.229414,0,-1.957996,-12.366620,8.450629
z_gc_1y_jk_kilianfix,3.580,hicp,20,-2.675413,2.716010,-7.142852,1.792025,-12.588849,0.855399,0,-3.249273,-14.089020,7.590475
z_gc_1y_jk_kilianfix,3.580,hicp,21,-3.775753,2.782457,-8.352488,0.800983,-15.183828,-0.575927,0,-4.139917,-15.375350,7.095516
z_gc_1y_jk_kilianfix,3.580,hicp,22,-4.185042,2.877310,-8.917795,0.547712,-16.269743,-1.020001,0,-4.651709,-15.958265,6.654846
z_gc_1y_jk_kilianfix,3.580,hicp,23,-3.373526,2.703945,-7.821119,1.074067,-14.594896,-0.399187,0,-2.919636,-12.956834,7.117563
z_gc_1y_jk_kilianfix,3.580,hicp,24,0.151493,2.074183,-3.260235,3.563221,-7.004439,2.951641,0,-1.037529,-10.370020,8.294963
z_gc_1y_jk_kilianfix,3.580,hicp,25,-0.770648,2.517588,-4.911712,3.370417,-9.204568,2.753976,0,-1.813363,-11.512837,7.886111
z_gc_1y_jk_kilianfix,3.580,hicp,26,-2.193819,2.854954,-6.889801,2.502162,-12.757149,1.232126,0,-3.742204,-14.778294,7.293885
z_gc_1y_jk_kilianfix,3.580,hicp,27,-3.109314,2.710285,-7.567336,1.348708,-13.137368,0.143028,0,-4.792915,-16.586989,7.001160
z_gc_1y_jk_kilianfix,3.580,hicp,28,-3.023464,2.483136,-7.107860,1.060932,-11.217814,0.328770,0,-4.882577,-16.661838,6.896684
z_gc_1y_jk_kilianfix,3.580,hicp,29,-3.321019,2.497712,-7.429389,0.787351,-12.063009,-0.198879,0,-4.926156,-16.498548,6.646235
z_gc_1y_jk_kilianfix,3.580,hicp,30,-2.136080,2.255312,-5.845739,1.573578,-9.240314,1.021357,0,-3.073119,-14.378926,8.232688
z_gc_1y_jk_kilianfix,3.580,hicp,31,-2.958982,2.342800,-6.812545,0.894582,-11.041642,0.086658,0,-3.654094,-15.266977,7.958788
z_gc_1y_jk_kilianfix,3.580,hicp,32,-3.317028,2.260713,-7.035571,0.401515,-10.664347,-0.265065,0,-3.670366,-15.319977,7.979245
z_gc_1y_jk_kilianfix,3.580,hicp,33,-2.652260,1.965096,-5.884556,0.580036,-8.645804,0.098875,0,-1.508806,-12.147474,9.129861
z_gc_1y_jk_kilianfix,3.580,hicp,34,-3.332342,2.124177,-6.826303,0.161619,-9.492456,-0.252285,0,-2.101433,-12.702206,8.499339
z_gc_1y_jk_kilianfix,3.580,hicp,35,-3.337424,1.857694,-6.393058,-0.281789,-8.817620,-0.736652,0,-1.536590,-11.138142,8.064963
z_gc_1y_jk_kilianfix,3.580,hicp,36,-1.702920,1.762998,-4.602794,1.196953,-6.815614,0.765277,0,-2.117183,-12.052749,7.818384
z_gc_1y_jk_kilianfix,3.580,hicp,37,-1.384375,1.848767,-4.425327,1.656577,-6.468486,1.296338,0,-1.387709,-11.620161,8.844743
z_gc_1y_jk_kilianfix,3.580,hicp,38,-2.213663,1.844116,-5.246963,0.819638,-7.008364,0.460305,0,-2.427872,-12.688821,7.833077
z_gc_1y_jk_kilianfix,3.580,hicp,39,-0.926219,2.195341,-4.537233,2.684795,-5.316901,3.135161,0,-0.283765,-10.581084,10.013555
z_gc_1y_jk_kilianfix,3.580,hicp,40,0.429920,2.231201,-3.240079,4.099920,-3.140002,5.561683,0,0.956503,-8.894259,10.807265
z_gc_1y_jk_kilianfix,3.580,hicp,41,-0.133034,1.796603,-3.088183,2.822116,-2.917769,4.088984,0,0.012841,-9.606405,9.632087
z_gc_1y_jk_kilianfix,3.580,hicp,42,0.971022,1.470928,-1.448439,3.390483,-1.456009,4.207064,0,1.056582,-8.485433,10.598596
z_gc_1y_jk_kilianfix,3.580,hicp,43,1.140496,1.382914,-1.134194,3.415187,-1.141311,4.113761,0,1.588263,-7.258281,10.434808
z_gc_1y_jk_kilianfix,3.580,hicp,44,1.520467,1.609306,-1.126605,4.167540,-0.813026,5.463267,0,2.471842,-5.926384,10.870068
z_gc_1y_jk_kilianfix,3.580,hicp,45,1.096931,1.533237,-1.425019,3.618881,-1.279586,4.700037,0,3.108228,-4.748694,10.965150
z_gc_1y_jk_kilianfix,3.580,hicp,46,0.121204,2.106309,-3.343367,3.585774,-3.248891,4.755084,0,2.063665,-4.937823,9.065153
z_gc_1y_jk_kilianfix,3.580,hicp,47,-1.129919,1.518984,-3.628425,1.368587,-4.319785,1.376404,0,1.480908,-5.158709,8.120524
z_gc_1y_jk_kilianfix,3.580,hicp,48,1.261599,1.343841,-0.948822,3.472020,-1.493274,3.613320,0,1.273979,-5.540975,8.088933
z_gc_1y_jk_kilianfix,3.580,stoxx,0,-26.694452,20.913740,-61.094494,7.705589,-173.090634,5.721845,0,-27.063893,-73.892210,19.764423
z_gc_1y_jk_kilianfix,3.580,stoxx,1,-51.360948,31.716767,-103.530386,0.808491,-305.095082,-13.300828,0,-57.695351,-138.863252,23.472549
z_gc_1y_jk_kilianfix,3.580,stoxx,2,-47.839026,35.493954,-106.221386,10.543334,-361.960523,-1.696885,0,-46.729009,-130.706898,37.248880
z_gc_1y_jk_kilianfix,3.580,stoxx,3,-34.361346,42.472132,-104.221787,35.499095,-395.374471,33.594066,0,-21.143662,-109.676034,67.388710
z_gc_1y_jk_kilianfix,3.580,stoxx,4,-31.602826,53.828545,-120.142904,56.937252,-343.808390,97.585683,0,-14.628184,-131.722450,102.466083
z_gc_1y_jk_kilianfix,3.580,stoxx,5,-83.813546,55.713182,-175.453576,7.826484,-621.445755,-5.815091,0,-79.579274,-215.331331,56.172782
z_gc_1y_jk_kilianfix,3.580,stoxx,6,-121.929404,66.532724,-231.365995,-12.492812,-787.256640,-48.743408,1,-137.165511,-307.177198,32.846175
z_gc_1y_jk_kilianfix,3.580,stoxx,7,-135.626156,66.684798,-245.312889,-25.939424,-802.474139,-65.607118,1,-156.841423,-326.255761,12.572915
z_gc_1y_jk_kilianfix,3.580,stoxx,8,-133.074239,58.102328,-228.644064,-37.504414,-714.097520,-72.066795,1,-154.842859,-316.823314,7.137595
z_gc_1y_jk_kilianfix,3.580,stoxx,9,-148.911082,64.211735,-254.529987,-43.292176,-791.028434,-81.488759,1,-176.342999,-344.374318,-8.311681
z_gc_1y_jk_kilianfix,3.580,stoxx,10,-153.287606,72.417871,-272.404404,-34.170808,-783.323084,-70.007055,0,-182.563431,-373.326950,8.200088
z_gc_1y_jk_kilianfix,3.580,stoxx,11,-101.604342,69.397714,-215.753423,12.544739,-493.701424,16.371772,0,-110.796892,-263.861247,42.267464
z_gc_1y_jk_kilianfix,3.580,stoxx,12,-78.083329,65.891817,-186.465723,30.299065,-344.945187,60.289486,0,-82.720101,-228.401814,62.961612
z_gc_1y_jk_kilianfix,3.580,stoxx,13,-82.558762,57.274758,-176.767355,11.649832,-363.205075,11.944589,0,-99.784137,-256.732312,57.164039
z_gc_1y_jk_kilianfix,3.580,stoxx,14,-59.159609,48.359102,-138.703254,20.384036,-250.178064,32.722686,0,-66.118671,-209.759617,77.522274
z_gc_1y_jk_kilianfix,3.580,stoxx,15,-37.393755,44.364013,-110.366062,35.578553,-159.394790,77.952679,0,-28.261689,-158.411416,101.888039
z_gc_1y_jk_kilianfix,3.580,stoxx,16,7.363772,42.259062,-62.146200,76.873743,-56.024821,199.642503,0,34.764391,-95.987987,165.516768
z_gc_1y_jk_kilianfix,3.580,stoxx,17,27.785796,46.264071,-48.311828,103.883421,-34.670699,219.781690,0,48.343637,-81.368479,178.055753
z_gc_1y_jk_kilianfix,3.580,stoxx,18,-12.926989,41.062944,-80.469522,54.615544,-90.946583,97.942960,0,-21.206078,-128.329569,85.917413
z_gc_1y_jk_kilianfix,3.580,stoxx,19,-8.292030,38.388933,-71.436206,54.852146,-85.069896,87.680303,0,-17.225533,-118.398833,83.947767
z_gc_1y_jk_kilianfix,3.580,stoxx,20,-0.654446,28.446799,-47.445267,46.136374,-56.125705,70.462552,0,-13.916076,-109.950636,82.118483
z_gc_1y_jk_kilianfix,3.580,stoxx,21,57.418894,37.124079,-3.644782,118.482570,11.013796,198.490393,0,59.864276,-58.694000,178.422551
z_gc_1y_jk_kilianfix,3.580,stoxx,22,84.651577,42.301217,15.072267,154.230887,38.120239,266.546809,0,93.118997,-45.848282,232.086275
z_gc_1y_jk_kilianfix,3.580,stoxx,23,37.290528,26.938812,-7.019875,81.600931,3.617013,136.964134,0,23.347603,-53.994820,100.690027
z_gc_1y_jk_kilianfix,3.580,stoxx,24,40.198638,33.136140,-14.305462,94.702737,2.092077,172.743196,0,29.932293,-49.460770,109.325356
z_gc_1y_jk_kilianfix,3.580,stoxx,25,36.657008,30.093993,-12.843204,86.157221,2.048917,155.528279,0,17.587880,-62.292016,97.467777
z_gc_1y_jk_kilianfix,3.580,stoxx,26,15.110067,18.551957,-15.405186,45.625321,-9.935075,76.331526,0,-17.592910,-84.170811,48.984992
z_gc_1y_jk_kilianfix,3.580,stoxx,27,-17.948915,18.611768,-48.562550,12.664719,-54.241863,24.858152,0,-58.438646,-139.570592,22.693300
z_gc_1y_jk_kilianfix,3.580,stoxx,28,-21.913883,23.112612,-59.930747,16.102980,-75.072891,22.000080,0,-70.051512,-164.951408,24.848385
z_gc_1y_jk_kilianfix,3.580,stoxx,29,-7.454645,18.729919,-38.262620,23.353329,-39.295507,41.243143,0,-41.985066,-122.750687,38.780555
z_gc_1y_jk_kilianfix,3.580,stoxx,30,13.986453,21.677849,-21.670436,49.643342,-13.110859,89.858926,0,10.040638,-79.612552,99.693828
z_gc_1y_jk_kilianfix,3.580,stoxx,31,16.610346,26.346814,-26.726307,59.946998,-21.592535,99.602810,0,18.502719,-84.570929,121.576366
z_gc_1y_jk_kilianfix,3.580,stoxx,32,10.358247,25.834631,-32.135940,52.852434,-25.810237,89.153873,0,14.785397,-86.667323,116.238117
z_gc_1y_jk_kilianfix,3.580,stoxx,33,9.193128,21.778950,-26.630056,45.016313,-34.364771,56.017871,0,22.349258,-82.002433,126.700950
z_gc_1y_jk_kilianfix,3.580,stoxx,34,37.415618,25.551395,-4.612687,79.443922,-7.299323,98.738965,0,82.498081,-50.209372,215.205534
z_gc_1y_jk_kilianfix,3.580,stoxx,35,44.033111,23.369964,5.592940,82.473282,5.472670,101.289524,0,97.154386,-52.089212,246.397984
z_gc_1y_jk_kilianfix,3.580,stoxx,36,23.327863,31.736078,-28.873339,75.529066,-51.251919,77.279196,0,61.059247,-61.019716,183.138211
z_gc_1y_jk_kilianfix,3.580,stoxx,37,46.099040,44.176379,-26.564636,118.762717,-26.791984,154.331168,0,91.288584,-48.152734,230.729901
z_gc_1y_jk_kilianfix,3.580,stoxx,38,61.561024,42.659944,-8.608339,131.730387,-4.561888,166.077886,0,118.867326,-51.681424,289.416076
z_gc_1y_jk_kilianfix,3.580,stoxx,39,45.262302,37.464969,-16.362089,106.886693,-25.921140,118.318992,0,104.558435,-70.615737,279.732607
z_gc_1y_jk_kilianfix,3.580,stoxx,40,22.874207,25.738791,-19.462336,65.210750,-29.890314,69.204030,0,66.104964,-65.456289,197.666217
z_gc_1y_jk_kilianfix,3.580,stoxx,41,-1.103414,30.874446,-51.887358,49.680530,-76.745806,45.208255,0,28.471806,-78.268488,135.212101
z_gc_1y_jk_kilianfix,3.580,stoxx,42,-0.679626,32.239658,-53.709144,52.349892,-79.666787,46.067878,0,28.563397,-77.681368,134.808162
z_gc_1y_jk_kilianfix,3.580,stoxx,43,-5.975183,35.331212,-64.089855,52.139490,-103.136016,39.955393,0,21.942327,-79.326801,123.211454
z_gc_1y_jk_kilianfix,3.580,stoxx,44,-3.572785,33.600205,-58.840205,51.694634,-94.293340,41.787492,0,23.379784,-75.439053,122.198621
z_gc_1y_jk_kilianfix,3.580,stoxx,45,0.826019,32.148450,-52.053475,53.705512,-81.152528,45.833848,0,28.756304,-75.027565,132.540173
z_gc_1y_jk_kilianfix,3.580,stoxx,46,3.629538,26.376335,-39.755673,47.014749,-60.992484,41.875224,0,30.147602,-88.391071,148.686276
z_gc_1y_jk_kilianfix,3.580,stoxx,47,3.100824,32.365784,-50.136153,56.337800,-81.050213,46.794631,0,23.811909,-103.946933,151.570752
z_gc_1y_jk_kilianfix,3.580,stoxx,48,17.115245,28.273631,-29.390740,63.621230,-54.982515,55.284647,0,46.611012,-96.400747,189.622770
z_gcs_1y_kilianfix_bs,10.756,i1y,0,1.000000,0.000000,1.000000,1.000000,1.000000,1.000000,0,1.000000,1.000000,1.000000
z_gcs_1y_kilianfix_bs,10.756,i1y,1,0.973195,0.395816,0.322136,1.624255,-0.095508,1.507547,0,0.965327,0.185636,1.745017
z_gcs_1y_kilianfix_bs,10.756,i1y,2,0.488197,0.726106,-0.706140,1.682535,-1.581203,1.432135,0,0.437671,-1.166981,2.042323
z_gcs_1y_kilianfix_bs,10.756,i1y,3,0.654706,0.886992,-0.804266,2.113679,-1.695823,1.940845,0,0.693706,-1.451451,2.838863
z_gcs_1y_kilianfix_bs,10.756,i1y,4,0.813455,1.080894,-0.964458,2.591368,-1.780691,2.488841,0,0.777557,-1.888891,3.444004
z_gcs_1y_kilianfix_bs,10.756,i1y,5,0.449569,1.285459,-1.664823,2.563960,-2.571259,2.570575,0,0.242881,-2.795959,3.281720
z_gcs_1y_kilianfix_bs,10.756,i1y,6,-0.179402,1.449267,-2.563233,2.204430,-3.585178,2.139425,0,-0.545352,-4.043869,2.953165
z_gcs_1y_kilianfix_bs,10.756,i1y,7,-1.105496,1.782638,-4.037674,1.826683,-5.294694,1.657593,0,-1.769790,-5.758745,2.219166
z_gcs_1y_kilianfix_bs,10.756,i1y,8,-1.200848,2.188880,-4.801234,2.399539,-6.235271,2.301360,0,-1.943009,-6.036227,2.150208
z_gcs_1y_kilianfix_bs,10.756,i1y,9,-0.980800,2.262748,-4.702689,2.741089,-5.958845,2.752734,0,-1.587991,-5.464999,2.289018
z_gcs_1y_kilianfix_bs,10.756,i1y,10,-0.938925,2.255839,-4.649449,2.771599,-5.901770,2.783209,0,-1.468440,-5.317640,2.380759
z_gcs_1y_kilianfix_bs,10.756,i1y,11,-0.933192,2.203449,-4.557544,2.691160,-5.890953,2.592327,0,-1.404323,-5.256152,2.447506
z_gcs_1y_kilianfix_bs,10.756,i1y,12,-1.029325,2.055138,-4.409725,2.351076,-5.653385,2.156139,0,-1.474908,-5.348381,2.398565
z_gcs_1y_kilianfix_bs,10.756,i1y,13,-1.034257,2.039494,-4.388926,2.320412,-5.725093,2.126959,0,-1.401804,-5.425535,2.621927
z_gcs_1y_kilianfix_bs,10.756,i1y,14,-1.015552,2.179913,-4.601189,2.570086,-6.029351,2.363313,0,-1.205838,-5.366607,2.954931
z_gcs_1y_kilianfix_bs,10.756,i1y,15,-0.728959,2.314305,-4.535653,3.077734,-5.820431,2.973929,0,-0.803691,-5.186749,3.579367
z_gcs_1y_kilianfix_bs,10.756,i1y,16,-0.526865,2.309274,-4.325283,3.271553,-5.376341,3.283437,0,-0.366482,-4.856892,4.123927
z_gcs_1y_kilianfix_bs,10.756,i1y,17,-0.565309,2.285015,-4.323825,3.193207,-5.249590,3.204967,0,-0.359547,-4.813037,4.093942
z_gcs_1y_kilianfix_bs,10.756,i1y,18,-0.262924,2.191326,-3.867335,3.341487,-4.536010,3.571897,0,-0.073444,-4.468225,4.321337
z_gcs_1y_kilianfix_bs,10.756,i1y,19,-0.232920,2.169745,-3.801833,3.335994,-4.355436,3.564135,0,-0.003862,-4.323027,4.315303
z_gcs_1y_kilianfix_bs,10.756,i1y,20,-0.258873,2.127546,-3.758375,3.240630,-4.301211,3.464333,0,-0.048998,-4.232202,4.134207
z_gcs_1y_kilianfix_bs,10.756,i1y,21,0.394378,2.265651,-3.332287,4.121042,-3.797077,4.472549,0,0.770562,-3.443160,4.984284
z_gcs_1y_kilianfix_bs,10.756,i1y,22,0.729325,2.476060,-3.343432,4.802081,-3.603781,5.433839,0,1.030854,-3.157972,5.219680
z_gcs_1y_kilianfix_bs,10.756,i1y,23,0.991732,2.488424,-3.101361,5.084826,-3.238589,5.844160,0,1.285573,-2.979977,5.551123
z_gcs_1y_kilianfix_bs,10.756,i1y,24,1.641134,2.342524,-2.211974,5.494243,-2.224030,6.209055,0,1.774520,-2.570304,6.119343
z_gcs_1y_kilianfix_bs,10.756,i1y,25,1.751322,2.097370,-1.698545,5.201189,-1.814208,5.736325,0,1.571289,-2.720131,5.862709
z_gcs_1y_kilianfix_bs,10.756,i1y,26,1.134260,1.833376,-1.881376,4.149896,-1.982480,4.617676,0,0.646528,-3.564443,4.857500
z_gcs_1y_kilianfix_bs,10.756,i1y,27,0.938046,1.686093,-1.835331,3.711423,-1.844008,4.225928,0,0.362646,-3.868762,4.594053
z_gcs_1y_kilianfix_bs,10.756,i1y,28,1.033807,1.583811,-1.571331,3.638945,-1.579481,4.122239,0,0.403182,-3.686254,4.492619
z_gcs_1y_kilianfix_bs,10.756,i1y,29,0.699983,1.559638,-1.865394,3.265359,-1.873421,3.741277,0,-0.197123,-4.322574,3.928329
z_gcs_1y_kilianfix_bs,10.756,i1y,30,0.247953,1.544333,-2.292249,2.788155,-2.222980,3.413836,0,-0.771498,-4.756005,3.213008
z_gcs_1y_kilianfix_bs,10.756,i1y,31,0.036178,1.435904,-2.325675,2.398030,-2.333065,2.907987,0,-0.921899,-4.574945,2.731147
z_gcs_1y_kilianfix_bs,10.756,i1y,32,-0.164940,1.355288,-2.394191,2.064311,-2.401166,2.477873,0,-1.133456,-4.569754,2.302842
z_gcs_1y_kilianfix_bs,10.756,i1y,33,-0.085194,1.311622,-2.242620,2.072232,-2.183789,2.603631,0,-0.983939,-4.473402,2.505523
z_gcs_1y_kilianfix_bs,10.756,i1y,34,0.230346,1.312322,-1.928232,2.388924,-1.738138,3.051839,0,-0.453358,-4.055874,3.149157
z_gcs_1y_kilianfix_bs,10.756,i1y,35,0.168654,1.225023,-1.846330,2.183638,-1.607630,2.924956,0,-0.453191,-4.096542,3.190159
z_gcs_1y_kilianfix_bs,10.756,i1y,36,0.153203,1.160259,-1.755253,2.061659,-1.471160,2.763785,0,-0.506821,-4.153580,3.139939
z_gcs_1y_kilianfix_bs,10.756,i1y,37,0.085135,1.178365,-1.853103,2.023372,-1.564576,2.736455,0,-0.319744,-3.998268,3.358779
z_gcs_1y_kilianfix_bs,10.756,i1y,38,0.050914,1.128052,-1.804566,1.906394,-1.641163,2.419822,0,-0.328734,-4.072750,3.415282
z_gcs_1y_kilianfix_bs,10.756,i1y,39,-0.449281,1.104802,-2.266518,1.367957,-2.161724,1.760323,0,-0.914624,-5.018552,3.189304
z_gcs_1y_kilianfix_bs,10.756,i1y,40,-1.131222,1.246022,-3.180746,0.918301,-3.249460,1.111617,0,-1.690986,-6.006750,2.624779
z_gcs_1y_kilianfix_bs,10.756,i1y,41,-1.570132,1.517142,-4.065610,0.925345,-4.300989,1.084867,0,-2.175523,-6.725311,2.374265
z_gcs_1y_kilianfix_bs,10.756,i1y,42,-2.059025,1.784617,-4.994459,0.876409,-5.360566,0.885594,0,-2.935979,-7.703421,1.831462
z_gcs_1y_kilianfix_bs,10.756,i1y,43,-2.544206,1.921194,-5.704288,0.615876,-6.290533,0.529704,0,-3.542451,-8.420902,1.336000
z_gcs_1y_kilianfix_bs,10.756,i1y,44,-2.411442,1.831254,-5.423587,0.600704,-5.982388,0.518565,0,-3.213968,-7.832416,1.404481
z_gcs_1y_kilianfix_bs,10.756,i1y,45,-2.255493,1.621897,-4.923276,0.412290,-5.499287,0.258447,0,-2.742481,-6.934194,1.449232
z_gcs_1y_kilianfix_bs,10.756,i1y,46,-1.957650,1.350223,-4.178569,0.263268,-4.725606,0.067684,0,-2.142453,-5.908027,1.623120
z_gcs_1y_kilianfix_bs,10.756,i1y,47,-1.426038,1.121202,-3.270251,0.418175,-3.612382,0.311825,0,-1.260349,-4.687253,2.166554
z_gcs_1y_kilianfix_bs,10.756,i1y,48,-0.794143,1.255571,-2.859373,1.271087,-3.179728,1.214770,0,-0.178351,-3.550608,3.193907
z_gcs_1y_kilianfix_bs,10.756,ip,0,-5.047653,3.146385,-10.222996,0.127690,-13.385573,-0.957352,0,-5.726735,-12.367881,0.914411
z_gcs_1y_kilianfix_bs,10.756,ip,1,-3.433044,4.541050,-10.902407,4.036318,-15.466827,2.924426,0,-4.285160,-12.822657,4.252336
z_gcs_1y_kilianfix_bs,10.756,ip,2,-7.310536,5.394916,-16.184384,1.563312,-24.304522,-0.836636,0,-8.087196,-19.228719,3.054327
z_gcs_1y_kilianfix_bs,10.756,ip,3,-11.016706,6.971643,-22.484038,0.450626,-33.674544,-2.999317,0,-12.443720,-27.060291,2.172851
z_gcs_1y_kilianfix_bs,10.756,ip,4,-8.349069,7.250900,-20.275739,3.577601,-30.464315,0.714556,0,-9.404340,-23.647837,4.839157
z_gcs_1y_kilianfix_bs,10.756,ip,5,-7.123290,7.296100,-19.124307,4.877727,-27.187565,3.091250,0,-6.877174,-21.492909,7.738561
z_gcs_1y_kilianfix_bs,10.756,ip,6,-10.851598,8.443542,-24.739988,3.036793,-33.649161,0.969361,0,-12.239233,-29.389360,4.910895
z_gcs_1y_kilianfix_bs,10.756,ip,7,-15.534671,9.574545,-31.283396,0.214055,-40.907216,-2.130307,0,-16.714584,-35.953399,2.524230
z_gcs_1y_kilianfix_bs,10.756,ip,8,-14.944029,10.918470,-32.903313,3.015255,-42.786127,0.887752,0,-16.182026,-36.236454,3.872402
z_gcs_1y_kilianfix_bs,10.756,ip,9,-16.432463,11.005327,-34.534615,1.669689,-43.945780,-0.474739,0,-18.283575,-38.500294,1.933145
z_gcs_1y_kilianfix_bs,10.756,ip,10,-16.912426,11.714345,-36.180809,2.355956,-46.198288,-0.512344,0,-16.953543,-37.289587,3.382502
z_gcs_1y_kilianfix_bs,10.756,ip,11,-12.293508,10.234629,-29.127974,4.540958,-38.391811,2.034972,0,-11.342798,-29.847578,7.161982
z_gcs_1y_kilianfix_bs,10.756,ip,12,-12.162060,8.566801,-26.253193,1.929073,-34.007402,-0.168539,0,-10.348162,-28.103149,7.406824
z_gcs_1y_kilianfix_bs,10.756,ip,13,-10.636651,8.942119,-25.345127,4.071826,-32.991948,1.882316,0,-7.206167,-24.688234,10.275900
z_gcs_1y_kilianfix_bs,10.756,ip,14,0.278754,8.352759,-13.460312,14.017819,-16.009126,15.313719,0,6.226023,-12.852457,25.304504
z_gcs_1y_kilianfix_bs,10.756,ip,15,-0.069422,10.117329,-16.710947,16.572102,-19.292347,18.647636,0,5.332282,-13.275590,23.940154
z_gcs_1y_kilianfix_bs,10.756,ip,16,5.302499,11.070101,-12.906197,23.511195,-12.409663,29.656721,0,12.591274,-8.473459,33.656008
z_gcs_1y_kilianfix_bs,10.756,ip,17,11.172363,10.969412,-6.870714,29.215440,-5.281755,36.402011,0,19.076582,-4.093881,42.247045
z_gcs_1y_kilianfix_bs,10.756,ip,18,8.508754,9.459743,-7.051138,24.068646,-5.680860,29.793175,0,14.626369,-5.976649,35.229387
z_gcs_1y_kilianfix_bs,10.756,ip,19,6.555261,8.646068,-7.666256,20.776778,-7.278449,25.144308,0,10.774194,-7.051024,28.599413
z_gcs_1y_kilianfix_bs,10.756,ip,20,7.824612,8.437121,-6.053217,21.702441,-4.409213,27.229991,0,13.249630,-5.926169,32.425430
z_gcs_1y_kilianfix_bs,10.756,ip,21,4.443449,8.894864,-10.187300,19.074197,-9.343590,23.567405,0,7.060009,-10.607583,24.727602
z_gcs_1y_kilianfix_bs,10.756,ip,22,3.165481,9.786342,-12.931620,19.262582,-11.514033,24.695434,0,4.623181,-12.645710,21.892072
z_gcs_1y_kilianfix_bs,10.756,ip,23,12.816212,9.881868,-3.438014,29.070438,-0.524309,37.026788,0,15.257895,-5.582274,36.098065
z_gcs_1y_kilianfix_bs,10.756,ip,24,7.713324,8.256111,-5.866769,21.293417,-4.670842,25.876767,0,7.918938,-10.152472,25.990348
z_gcs_1y_kilianfix_bs,10.756,ip,25,9.527824,10.023831,-6.959910,26.015558,-3.503155,34.086209,0,9.292223,-8.496133,27.080579
z_gcs_1y_kilianfix_bs,10.756,ip,26,6.152858,8.547984,-7.907324,20.213040,-5.814319,26.240620,0,4.123564,-13.130723,21.377850
z_gcs_1y_kilianfix_bs,10.756,ip,27,2.549824,6.198263,-7.645411,12.745059,-6.747570,15.876089,0,-1.760311,-17.974476,14.453854
z_gcs_1y_kilianfix_bs,10.756,ip,28,-0.343200,6.748290,-11.443149,10.756748,-10.803050,13.828208,0,-4.648484,-21.655891,12.358922
z_gcs_1y_kilianfix_bs,10.756,ip,29,-6.033563,7.590209,-18.518346,6.451219,-18.936918,8.387833,0,-13.204251,-32.157233,5.748730
z_gcs_1y_kilianfix_bs,10.756,ip,30,-5.517074,7.277943,-17.488225,6.454077,-17.525680,9.038812,0,-10.707690,-29.963465,8.548085
z_gcs_1y_kilianfix_bs,10.756,ip,31,-7.075422,7.851820,-19.990517,5.839672,-21.208698,7.057853,0,-10.362395,-29.490232,8.765443
z_gcs_1y_kilianfix_bs,10.756,ip,32,-3.462048,7.846172,-16.367853,9.443756,-15.623615,13.014913,0,-6.174579,-25.631477,13.282319
z_gcs_1y_kilianfix_bs,10.756,ip,33,-4.848884,7.517972,-17.214848,7.517079,-16.501741,10.938857,0,-5.005562,-26.439010,16.427886
z_gcs_1y_kilianfix_bs,10.756,ip,34,-6.623240,7.990286,-19.766091,6.519610,-20.606241,8.158788,0,-7.529309,-30.602262,15.543645
z_gcs_1y_kilianfix_bs,10.756,ip,35,-9.704567,7.892025,-22.685792,3.276659,-23.910211,4.501078,0,-12.995671,-37.642481,11.651139
z_gcs_1y_kilianfix_bs,10.756,ip,36,-9.212386,7.825708,-22.084531,3.659758,-22.907375,4.873888,0,-11.749376,-36.548379,13.049628
z_gcs_1y_kilianfix_bs,10.756,ip,37,-6.457711,8.393431,-20.263676,7.348253,-21.146215,8.650463,0,-7.393324,-31.182332,16.395683
z_gcs_1y_kilianfix_bs,10.756,ip,38,-5.175801,8.039949,-18.400340,8.048738,-19.245712,9.296107,0,-4.641519,-27.997477,18.714439
z_gcs_1y_kilianfix_bs,10.756,ip,39,-4.207977,7.737607,-16.935207,8.519253,-17.748789,9.719715,0,-3.065321,-27.122713,20.992070
z_gcs_1y_kilianfix_bs,10.756,ip,40,-4.473266,7.663146,-17.078018,8.131487,-17.500613,9.320396,0,-1.065160,-24.142796,22.012475
z_gcs_1y_kilianfix_bs,10.756,ip,41,-4.134574,7.868122,-17.076483,8.807336,-17.510381,10.421452,0,1.490020,-22.438737,25.418777
z_gcs_1y_kilianfix_bs,10.756,ip,42,-6.513384,6.685174,-17.509517,4.482749,-19.215215,4.517154,0,-3.052871,-28.164484,22.058741
z_gcs_1y_kilianfix_bs,10.756,ip,43,-6.408404,7.049941,-18.004525,5.187717,-20.155789,4.871502,0,-3.439530,-28.432743,21.553683
z_gcs_1y_kilianfix_bs,10.756,ip,44,-4.406690,7.168158,-16.197260,7.383880,-18.026190,7.062362,0,0.294260,-25.798424,26.386944
z_gcs_1y_kilianfix_bs,10.756,ip,45,-2.079784,7.839221,-14.974154,10.814587,-17.366264,10.462969,0,3.745450,-22.769979,30.260880
z_gcs_1y_kilianfix_bs,10.756,ip,46,0.779235,9.894528,-15.495814,17.054285,-18.020367,16.610480,0,8.859113,-18.752225,36.470451
z_gcs_1y_kilianfix_bs,10.756,ip,47,5.784133,10.747508,-11.893945,23.462210,-13.024006,24.592271,0,15.029089,-14.070550,44.128727
z_gcs_1y_kilianfix_bs,10.756,ip,48,10.846277,12.076821,-9.018326,30.710880,-9.080478,33.188396,0,23.418011,-8.658623,55.494646
z_gcs_1y_kilianfix_bs,10.756,hicp,0,1.035779,0.892031,-0.431481,2.503040,-0.748282,2.596833,0,-0.601031,-1.949295,0.747233
z_gcs_1y_kilianfix_bs,10.756,hicp,1,1.078344,1.148729,-0.811148,2.967835,-1.391424,3.031183,0,-0.136038,-2.196342,1.924266
z_gcs_1y_kilianfix_bs,10.756,hicp,2,0.719768,1.279442,-1.384727,2.824263,-2.478837,2.638931,0,-0.040919,-2.379109,2.297271
z_gcs_1y_kilianfix_bs,10.756,hicp,3,0.055055,1.517439,-2.440910,2.551020,-3.966158,2.255341,0,-0.666187,-3.411549,2.079176
z_gcs_1y_kilianfix_bs,10.756,hicp,4,-1.019178,1.752795,-3.902268,1.863913,-5.839363,1.434735,0,-1.908239,-5.446306,1.629828
z_gcs_1y_kilianfix_bs,10.756,hicp,5,-1.413879,1.749178,-4.291021,1.463263,-6.049201,1.122429,0,-2.189813,-5.991237,1.611611
z_gcs_1y_kilianfix_bs,10.756,hicp,6,-1.253398,2.219410,-4.904003,2.397207,-7.023865,1.964747,0,-2.414083,-7.055907,2.227741
z_gcs_1y_kilianfix_bs,10.756,hicp,7,-2.401852,2.586733,-6.656649,1.852946,-8.998021,1.348911,0,-3.754220,-8.971832,1.463392
z_gcs_1y_kilianfix_bs,10.756,hicp,8,-3.168382,2.854864,-7.864216,1.527452,-10.733773,0.828428,0,-4.575371,-10.278301,1.127559
z_gcs_1y_kilianfix_bs,10.756,hicp,9,-3.003612,2.811635,-7.628340,1.621117,-10.313864,0.932678,0,-3.986353,-9.554358,1.581651
z_gcs_1y_kilianfix_bs,10.756,hicp,10,-3.119643,2.671764,-7.514304,1.275017,-10.333405,0.487238,0,-4.133124,-9.796392,1.530143
z_gcs_1y_kilianfix_bs,10.756,hicp,11,-2.876294,2.509881,-7.004681,1.252093,-9.401984,0.512045,0,-3.458783,-9.033691,2.116125
z_gcs_1y_kilianfix_bs,10.756,hicp,12,-0.780107,2.613556,-5.079024,3.518809,-7.183318,3.009548,0,-2.499143,-7.994223,2.995936
z_gcs_1y_kilianfix_bs,10.756,hicp,13,-0.999379,2.853662,-5.693236,3.694478,-8.276218,2.995749,0,-2.373806,-8.541175,3.793562
z_gcs_1y_kilianfix_bs,10.756,hicp,14,-1.652477,2.823794,-6.297206,2.992251,-8.994342,2.159645,0,-2.841494,-9.098568,3.415579
z_gcs_1y_kilianfix_bs,10.756,hicp,15,-2.341244,3.117311,-7.468764,2.786276,-10.290387,2.022991,0,-3.273523,-10.015445,3.468399
z_gcs_1y_kilianfix_bs,10.756,hicp,16,-3.022215,3.443814,-8.686784,2.642355,-11.631748,1.799124,0,-4.057574,-11.489106,3.373958
z_gcs_1y_kilianfix_bs,10.756,hicp,17,-2.195564,3.166287,-7.403643,3.012515,-9.952968,2.237238,0,-2.808609,-10.046164,4.428947
z_gcs_1y_kilianfix_bs,10.756,hicp,18,-1.262579,3.293595,-6.680062,4.154903,-9.496568,3.183774,0,-1.855266,-9.087666,5.377133
z_gcs_1y_kilianfix_bs,10.756,hicp,19,-1.387798,3.261809,-6.752996,3.977399,-9.542320,3.015643,0,-1.947761,-9.563246,5.667724
z_gcs_1y_kilianfix_bs,10.756,hicp,20,-1.795249,3.170463,-7.010196,3.419699,-9.721406,2.484876,0,-2.185407,-9.514719,5.143905
z_gcs_1y_kilianfix_bs,10.756,hicp,21,-2.114704,3.019449,-7.081257,2.851848,-9.512355,1.961552,0,-2.181910,-9.496084,5.132264
z_gcs_1y_kilianfix_bs,10.756,hicp,22,-2.289323,2.770011,-6.845584,2.266939,-8.798847,1.588692,0,-2.439593,-9.643298,4.764112
z_gcs_1y_kilianfix_bs,10.756,hicp,23,-1.648522,2.707889,-6.102604,2.805559,-7.876667,2.277917,0,-1.173532,-7.901034,5.553970
z_gcs_1y_kilianfix_bs,10.756,hicp,24,-0.504528,3.272287,-5.886962,4.877905,-8.030789,4.076674,0,-1.707309,-8.721883,5.307266
z_gcs_1y_kilianfix_bs,10.756,hicp,25,-1.690483,3.561966,-7.549397,4.168430,-10.061104,3.296270,0,-2.875305,-10.375475,4.624865
z_gcs_1y_kilianfix_bs,10.756,hicp,26,-2.030331,3.353126,-7.545733,3.485071,-9.910178,2.664046,0,-3.057984,-10.670529,4.554560
z_gcs_1y_kilianfix_bs,10.756,hicp,27,-2.380615,3.297104,-7.803869,3.042639,-9.799100,2.400186,0,-3.363215,-11.304866,4.578436
z_gcs_1y_kilianfix_bs,10.756,hicp,28,-2.989312,3.505828,-8.755886,2.777262,-10.702134,2.269430,0,-4.424597,-13.010699,4.161505
z_gcs_1y_kilianfix_bs,10.756,hicp,29,-2.905240,3.409292,-8.513027,2.702546,-10.576148,2.038233,0,-4.031168,-12.390631,4.328294
z_gcs_1y_kilianfix_bs,10.756,hicp,30,-2.984343,3.383577,-8.549832,2.581146,-10.935749,1.752665,0,-4.079060,-13.053319,4.895200
z_gcs_1y_kilianfix_bs,10.756,hicp,31,-4.164478,3.414470,-9.780781,1.451825,-12.359205,0.445056,0,-5.195659,-14.483415,4.092096
z_gcs_1y_kilianfix_bs,10.756,hicp,32,-3.901934,3.036494,-8.896522,1.092654,-10.885870,0.349158,0,-4.390007,-13.302529,4.522515
z_gcs_1y_kilianfix_bs,10.756,hicp,33,-3.524571,2.974803,-8.417686,1.368544,-10.366618,0.640153,0,-3.091114,-11.766413,5.584186
z_gcs_1y_kilianfix_bs,10.756,hicp,34,-4.329029,2.915100,-9.123941,0.465883,-11.033757,-0.247889,0,-3.974578,-12.858071,4.908914
z_gcs_1y_kilianfix_bs,10.756,hicp,35,-4.347928,2.774547,-8.911653,0.215796,-10.590660,-0.324835,0,-3.552610,-11.581292,4.476073
z_gcs_1y_kilianfix_bs,10.756,hicp,36,-4.065405,3.232435,-9.382288,1.251477,-11.823249,0.136760,0,-5.507697,-14.310027,3.294634
z_gcs_1y_kilianfix_bs,10.756,hicp,37,-4.794972,3.462775,-10.490729,0.900786,-13.278770,-0.293365,0,-6.456589,-16.031400,3.118221
z_gcs_1y_kilianfix_bs,10.756,hicp,38,-4.972192,2.797469,-9.573619,-0.370764,-11.546245,-1.195608,0,-6.393213,-15.541744,2.755318
z_gcs_1y_kilianfix_bs,10.756,hicp,39,-4.458901,3.030747,-9.444036,0.526233,-10.975006,-0.064319,0,-5.511849,-14.938147,3.914450
z_gcs_1y_kilianfix_bs,10.756,hicp,40,-4.344264,2.721280,-8.820372,0.131844,-10.195017,-0.398408,0,-5.903377,-15.566639,3.759885
z_gcs_1y_kilianfix_bs,10.756,hicp,41,-4.173334,2.472115,-8.239601,-0.107068,-9.364775,-0.465162,0,-5.762599,-14.967386,3.442187
z_gcs_1y_kilianfix_bs,10.756,hicp,42,-4.043283,2.709457,-8.499944,0.413377,-10.004089,-0.250043,0,-6.030239,-15.697594,3.637116
z_gcs_1y_kilianfix_bs,10.756,hicp,43,-3.458326,2.801694,-8.066702,1.150051,-9.341883,0.744215,0,-4.831095,-13.594036,3.931846
z_gcs_1y_kilianfix_bs,10.756,hicp,44,-2.438381,2.604823,-6.722933,1.846171,-7.517785,1.729335,0,-3.081538,-10.817088,4.654011
z_gcs_1y_kilianfix_bs,10.756,hicp,45,-3.364266,2.328285,-7.193955,0.465422,-7.904422,0.244576,0,-3.533862,-11.399170,4.331445
z_gcs_1y_kilianfix_bs,10.756,hicp,46,-4.697980,2.173314,-8.272763,-1.123197,-9.044608,-1.329344,0,-5.449071,-13.485591,2.587450
z_gcs_1y_kilianfix_bs,10.756,hicp,47,-4.614534,2.178232,-8.197408,-1.031661,-9.188822,-1.456097,0,-4.458039,-10.909443,1.993366
z_gcs_1y_kilianfix_bs,10.756,hicp,48,-2.776191,2.343512,-6.630925,1.078544,-8.049093,0.387551,0,-5.068557,-11.987038,1.849923
z_gcs_1y_kilianfix_bs,10.756,stoxx,0,12.754265,16.452584,-14.307828,39.816358,-10.279353,53.885726,0,21.408591,-11.426271,54.243454
z_gcs_1y_kilianfix_bs,10.756,stoxx,1,11.818204,22.702457,-25.524015,49.160422,-23.370605,66.304100,0,22.254494,-21.909575,66.418564
z_gcs_1y_kilianfix_bs,10.756,stoxx,2,-1.833649,24.183371,-41.611755,37.944457,-45.363717,48.951431,0,7.740123,-31.803517,47.283763
z_gcs_1y_kilianfix_bs,10.756,stoxx,3,33.104232,35.472741,-25.243235,91.451698,-18.331243,125.333358,0,54.763000,-9.036456,118.562457
z_gcs_1y_kilianfix_bs,10.756,stoxx,4,40.289527,42.971677,-30.392591,110.971646,-22.019404,152.015887,0,68.823307,-15.606814,153.253427
z_gcs_1y_kilianfix_bs,10.756,stoxx,5,-9.971641,40.095398,-75.922701,55.979420,-84.148127,72.223925,0,8.252095,-70.221307,86.725498
z_gcs_1y_kilianfix_bs,10.756,stoxx,6,-37.496185,40.544214,-104.185483,29.193113,-124.666246,33.456190,0,-29.230321,-109.711736,51.251094
z_gcs_1y_kilianfix_bs,10.756,stoxx,7,-30.402745,35.459266,-88.728046,27.922557,-101.321276,35.196897,0,-21.203114,-96.097978,53.691749
z_gcs_1y_kilianfix_bs,10.756,stoxx,8,-2.374658,38.134873,-65.100942,60.351626,-72.924173,73.895088,0,8.378128,-81.999410,98.755666
z_gcs_1y_kilianfix_bs,10.756,stoxx,9,1.445653,40.425817,-65.048898,67.940204,-71.320816,82.297286,0,15.938005,-84.554215,116.430224
z_gcs_1y_kilianfix_bs,10.756,stoxx,10,1.301378,39.045564,-62.922861,65.525616,-67.028360,79.392506,0,19.016053,-78.824327,116.856432
z_gcs_1y_kilianfix_bs,10.756,stoxx,11,26.011299,47.687644,-52.427894,104.450492,-50.288931,130.924115,0,53.486304,-50.355252,157.327859
z_gcs_1y_kilianfix_bs,10.756,stoxx,12,38.245871,54.878857,-52.021816,128.513557,-46.816357,164.467241,0,71.673208,-42.532220,185.878636
z_gcs_1y_kilianfix_bs,10.756,stoxx,13,32.148766,49.196403,-48.772117,113.069648,-49.025300,140.380853,0,60.405169,-51.359781,172.170120
z_gcs_1y_kilianfix_bs,10.756,stoxx,14,16.901828,45.577059,-58.065763,91.869419,-56.021467,117.171358,0,44.798600,-53.347241,142.944441
z_gcs_1y_kilianfix_bs,10.756,stoxx,15,18.770372,45.322103,-55.777854,93.318598,-51.478888,123.011210,0,55.059996,-39.529897,149.649888
z_gcs_1y_kilianfix_bs,10.756,stoxx,16,40.069049,44.592417,-33.278950,113.417047,-24.589956,149.320470,0,83.401013,-12.076039,178.878065
z_gcs_1y_kilianfix_bs,10.756,stoxx,17,42.768351,42.184330,-26.618698,112.155400,-16.289711,146.119960,0,74.162331,-11.736409,160.061071
z_gcs_1y_kilianfix_bs,10.756,stoxx,18,27.928828,37.510524,-33.770493,89.628148,-24.585906,117.954084,0,44.412904,-29.443739,118.269547
z_gcs_1y_kilianfix_bs,10.756,stoxx,19,25.399379,34.115845,-30.716192,81.514950,-22.362804,107.277407,0,37.325434,-31.558331,106.209200
z_gcs_1y_kilianfix_bs,10.756,stoxx,20,22.598560,29.117649,-25.295710,70.492830,-19.622031,89.569151,0,24.534748,-43.386308,92.455804
z_gcs_1y_kilianfix_bs,10.756,stoxx,21,42.375504,25.012511,1.233585,83.517423,7.357989,102.405530,0,44.054796,-22.564836,110.674428
z_gcs_1y_kilianfix_bs,10.756,stoxx,22,48.765383,27.377599,3.733241,93.797525,14.543385,119.947139,0,50.658018,-17.596908,118.912944
z_gcs_1y_kilianfix_bs,10.756,stoxx,23,28.548073,25.323417,-13.105242,70.201388,-6.904711,88.058104,0,22.816153,-33.610254,79.242561
z_gcs_1y_kilianfix_bs,10.756,stoxx,24,20.007335,22.617021,-17.194355,57.209025,-13.918197,69.764782,0,12.544222,-37.039844,62.128288
z_gcs_1y_kilianfix_bs,10.756,stoxx,25,14.687826,25.177654,-26.725730,56.101382,-26.855304,63.784252,0,-2.835228,-51.368592,45.698135
z_gcs_1y_kilianfix_bs,10.756,stoxx,26,-7.181474,25.510592,-49.142664,34.779716,-56.927129,34.911003,0,-35.884873,-83.642079,11.872334
z_gcs_1y_kilianfix_bs,10.756,stoxx,27,-20.718336,25.810656,-63.173086,21.736415,-68.468048,24.450312,0,-47.422543,-101.946467,7.101381
z_gcs_1y_kilianfix_bs,10.756,stoxx,28,-18.821904,27.650974,-64.303709,26.659900,-69.976206,29.567300,0,-49.529298,-105.881789,6.823192
z_gcs_1y_kilianfix_bs,10.756,stoxx,29,-31.294002,26.227403,-74.434241,11.846237,-85.060178,10.669843,0,-60.725194,-123.307877,1.857488
z_gcs_1y_kilianfix_bs,10.756,stoxx,30,-21.671701,26.255586,-64.858296,21.514894,-70.244534,25.588353,0,-35.523707,-93.100173,22.052759
z_gcs_1y_kilianfix_bs,10.756,stoxx,31,-23.789333,31.661945,-75.868597,28.289932,-80.780833,33.202168,0,-34.810543,-99.498901,29.877816
z_gcs_1y_kilianfix_bs,10.756,stoxx,32,-29.884702,29.796223,-78.895127,19.125724,-82.028092,25.238311,0,-38.637868,-105.595414,28.319679
z_gcs_1y_kilianfix_bs,10.756,stoxx,33,-29.398395,27.016874,-73.837198,15.040407,-83.432142,15.179446,0,-33.866603,-103.326652,35.593446
z_gcs_1y_kilianfix_bs,10.756,stoxx,34,-32.808831,23.442331,-71.368035,5.750373,-83.209843,2.354666,0,-29.460467,-104.579124,45.658189
z_gcs_1y_kilianfix_bs,10.756,stoxx,35,-20.263056,19.312760,-52.029719,11.503607,-58.888576,10.637359,0,-8.526167,-80.881741,63.829407
z_gcs_1y_kilianfix_bs,10.756,stoxx,36,-26.234396,23.425506,-64.765924,12.297132,-73.085407,10.075138,0,-18.792376,-87.794661,50.209910
z_gcs_1y_kilianfix_bs,10.756,stoxx,37,-14.446818,23.398782,-52.934389,24.040754,-55.394686,28.840929,0,-6.631649,-70.833072,57.569773
z_gcs_1y_kilianfix_bs,10.756,stoxx,38,8.001532,22.994858,-29.821644,45.824709,-32.239470,49.392277,0,25.588724,-38.089492,89.266940
z_gcs_1y_kilianfix_bs,10.756,stoxx,39,-3.742507,31.330113,-55.275958,47.790943,-66.402734,44.819168,0,14.664418,-56.438885,85.767721
z_gcs_1y_kilianfix_bs,10.756,stoxx,40,-13.747939,31.993113,-66.371926,38.876049,-80.933475,34.241730,0,-2.906978,-73.822303,68.008347
z_gcs_1y_kilianfix_bs,10.756,stoxx,41,-12.599406,36.513313,-72.658461,47.459649,-87.451697,43.996229,0,2.073358,-72.925681,77.072398
z_gcs_1y_kilianfix_bs,10.756,stoxx,42,0.508810,31.319480,-51.007149,52.024770,-62.130149,49.054003,0,21.763624,-51.218153,94.745401
z_gcs_1y_kilianfix_bs,10.756,stoxx,43,9.069278,29.437587,-39.351245,57.489800,-52.749656,53.225658,0,34.137549,-45.728797,114.003895
z_gcs_1y_kilianfix_bs,10.756,stoxx,44,3.863455,30.370886,-46.092206,53.819117,-58.396860,49.419784,0,27.147943,-55.814612,110.110498
z_gcs_1y_kilianfix_bs,10.756,stoxx,45,16.204204,33.619741,-39.095348,71.503756,-45.992316,73.357763,0,45.077127,-38.583672,128.737926
z_gcs_1y_kilianfix_bs,10.756,stoxx,46,17.298146,38.809526,-46.537844,81.134136,-50.618525,85.214817,0,45.211208,-42.902219,133.324635
z_gcs_1y_kilianfix_bs,10.756,stoxx,47,17.114974,37.781647,-45.030306,79.260253,-52.781073,79.454692,0,40.740629,-52.363597,133.844855
z_gcs_1y_kilianfix_bs,10.756,stoxx,48,12.804113,35.152969,-45.017375,70.625601,-53.986527,69.048863,0,32.599112,-60.704722,125.902946
z_gc_path1y_kilianfix,3.021,i1y,0,1.000000,0.000000,1.000000,1.000000,1.000000,1.000000,0,1.000000,1.000000,1.000000
z_gc_path1y_kilianfix,3.021,i1y,1,0.384775,0.984678,-1.234876,2.004426,-9.462002,1.270985,1,0.200405,-1.968123,2.368932
z_gc_path1y_kilianfix,3.021,i1y,2,-0.446584,1.890780,-3.556640,2.663473,-19.354385,1.255118,1,-0.821112,-5.137608,3.495383
z_gc_path1y_kilianfix,3.021,i1y,3,0.624562,1.628085,-2.053399,3.302523,-15.656284,2.578264,1,0.596706,-3.285081,4.478493
z_gc_path1y_kilianfix,3.021,i1y,4,1.338463,1.777108,-1.584619,4.261546,-16.432619,19.109545,1,1.392050,-2.735202,5.519302
z_gc_path1y_kilianfix,3.021,i1y,5,0.775477,1.997453,-2.510042,4.060995,-19.199056,20.750009,1,0.538515,-4.533491,5.610520
z_gc_path1y_kilianfix,3.021,i1y,6,0.213840,1.992366,-3.063310,3.490990,-19.709819,20.137499,1,-0.177537,-6.199142,5.844067
z_gc_path1y_kilianfix,3.021,i1y,7,-1.026058,2.071207,-4.432891,2.380774,-21.738131,19.686014,1,-1.882025,-9.165007,5.400957
z_gc_path1y_kilianfix,3.021,i1y,8,-1.905668,2.425566,-5.895368,2.084032,-26.161324,1.853959,1,-3.088702,-11.116694,4.939290
z_gc_path1y_kilianfix,3.021,i1y,9,-1.851317,2.381638,-5.768763,2.066130,-25.667698,3.150124,1,-2.857956,-10.461299,4.745386
z_gc_path1y_kilianfix,3.021,i1y,10,-1.866745,2.434159,-5.870581,2.137090,-26.208337,22.474846,1,-2.655066,-9.967057,4.656925
z_gc_path1y_kilianfix,3.021,i1y,11,-2.379728,2.797494,-6.981195,2.221740,-30.354664,6.152628,1,-3.333446,-10.813910,4.147019
z_gc_path1y_kilianfix,3.021,i1y,12,-2.807169,2.969114,-7.690927,2.076588,-32.498308,6.990906,1,-4.005565,-12.003606,3.992477
z_gc_path1y_kilianfix,3.021,i1y,13,-3.154024,3.073094,-8.208814,1.900766,-33.884966,5.604295,1,-4.335914,-12.740624,4.068797
z_gc_path1y_kilianfix,3.021,i1y,14,-3.412154,3.077694,-8.474510,1.650202,-34.189094,3.204888,1,-4.341078,-12.940498,4.258343
z_gc_path1y_kilianfix,3.021,i1y,15,-3.086048,3.038262,-8.083545,1.911449,-33.468672,4.965347,1,-3.897250,-12.618202,4.823702
z_gc_path1y_kilianfix,3.021,i1y,16,-2.584340,2.754025,-7.114309,1.945629,-30.124594,10.221878,1,-3.045077,-11.704772,5.614619
z_gc_path1y_kilianfix,3.021,i1y,17,-2.036361,2.444079,-6.056513,1.983790,-15.600998,7.495545,0,-2.072351,-9.918518,5.773817
z_gc_path1y_kilianfix,3.021,i1y,18,-1.361430,2.464064,-5.414455,2.691594,-9.862450,11.574904,0,-1.155247,-8.700137,6.389643
z_gc_path1y_kilianfix,3.021,i1y,19,-0.977237,2.613327,-5.275777,3.321303,-8.033220,14.833391,0,-0.464118,-7.807912,6.879676
z_gc_path1y_kilianfix,3.021,i1y,20,-0.441870,2.678099,-4.846950,3.963211,-6.199782,14.421579,0,0.352059,-7.001231,7.705349
z_gc_path1y_kilianfix,3.021,i1y,21,0.773673,3.289039,-4.636314,6.183660,-4.982144,21.165712,0,1.982103,-5.759305,9.723510
z_gc_path1y_kilianfix,3.021,i1y,22,1.431728,3.937433,-5.044773,7.908230,-5.065036,26.631300,0,2.733963,-5.242071,10.709997
z_gc_path1y_kilianfix,3.021,i1y,23,1.886552,3.987078,-4.671607,8.444711,-4.094064,29.397387,0,3.280258,-4.974560,11.535075
z_gc_path1y_kilianfix,3.021,i1y,24,2.328096,3.865007,-4.029275,8.685467,-3.276164,27.643892,0,3.421893,-4.679310,11.523096
z_gc_path1y_kilianfix,3.021,i1y,25,2.170112,3.594224,-3.741862,8.082085,-2.861803,25.712282,0,2.748134,-5.099228,10.595497
z_gc_path1y_kilianfix,3.021,i1y,26,1.460154,3.298243,-3.964973,6.885280,-2.992474,24.053116,0,1.552040,-6.209790,9.313870
z_gc_path1y_kilianfix,3.021,i1y,27,1.235506,3.150959,-3.947360,6.418373,-2.703192,24.552604,0,1.162965,-6.724561,9.050492
z_gc_path1y_kilianfix,3.021,i1y,28,1.088792,2.983594,-3.818784,5.996368,-2.491521,23.465749,0,0.820482,-6.830057,8.471020
z_gc_path1y_kilianfix,3.021,i1y,29,0.277499,2.839846,-4.393632,4.948630,-3.272309,21.008376,0,-0.530290,-8.331309,7.270729
z_gc_path1y_kilianfix,3.021,i1y,30,-0.520271,2.604566,-4.804401,3.763859,-3.906207,17.451234,0,-1.716469,-9.565194,6.132257
z_gc_path1y_kilianfix,3.021,i1y,31,-0.610849,2.234350,-4.286028,3.064329,-3.627222,14.917882,0,-1.730618,-8.912987,5.451751
z_gc_path1y_kilianfix,3.021,i1y,32,-0.702234,2.002127,-3.995440,2.590972,-3.505212,11.811060,0,-1.751743,-8.249655,4.746169
z_gc_path1y_kilianfix,3.021,i1y,33,-0.408256,1.859987,-3.467662,2.651150,-2.919238,11.960657,0,-1.263687,-7.675211,5.147838
z_gc_path1y_kilianfix,3.021,i1y,34,0.490034,1.923184,-2.673322,3.653389,-1.721628,15.106230,0,0.233985,-6.185573,6.653543
z_gc_path1y_kilianfix,3.021,i1y,35,0.608992,1.952173,-2.602047,3.820031,-1.636007,16.128768,0,0.543465,-6.056952,7.143882
z_gc_path1y_kilianfix,3.021,i1y,36,0.618275,1.926119,-2.549910,3.786459,-1.693068,15.064168,0,0.528018,-6.111742,7.167777
z_gc_path1y_kilianfix,3.021,i1y,37,0.692028,1.823268,-2.306980,3.691037,-1.587056,14.093045,0,0.985130,-5.906055,7.876314
z_gc_path1y_kilianfix,3.021,i1y,38,0.587606,1.588792,-2.025725,3.200937,-1.557263,9.961480,0,0.838114,-5.924469,7.600697
z_gc_path1y_kilianfix,3.021,i1y,39,0.087581,1.444774,-2.288861,2.464024,-2.368535,6.733543,0,0.248425,-6.942769,7.439619
z_gc_path1y_kilianfix,3.021,i1y,40,-0.758118,1.232166,-2.784851,1.268614,-3.900141,2.999987,0,-0.762276,-8.141290,6.616738
z_gc_path1y_kilianfix,3.021,i1y,41,-0.963231,1.218470,-2.967435,1.040974,-4.679563,2.265714,0,-0.816063,-8.428766,6.796639
z_gc_path1y_kilianfix,3.021,i1y,42,-1.120507,1.267211,-3.204883,0.963869,-5.048860,2.174241,0,-1.040595,-8.588481,6.507292
z_gc_path1y_kilianfix,3.021,i1y,43,-1.508137,1.433161,-3.865477,0.849204,-8.029020,1.071553,0,-1.470535,-8.986631,6.045561
z_gc_path1y_kilianfix,3.021,i1y,44,-1.090791,1.384661,-3.368356,1.186774,-7.737165,1.332366,0,-0.630211,-7.761827,6.501406
z_gc_path1y_kilianfix,3.021,i1y,45,-0.593523,1.297593,-2.727874,1.540828,-7.989804,1.352867,0,0.513696,-6.150269,7.177661
z_gc_path1y_kilianfix,3.021,i1y,46,0.106474,1.334800,-2.089076,2.302024,-7.702105,2.108674,0,1.791812,-4.603424,8.187048
z_gc_path1y_kilianfix,3.021,i1y,47,1.246622,1.560863,-1.320769,3.814012,-6.245518,4.290304,0,3.649276,-3.422567,10.721119
z_gc_path1y_kilianfix,3.021,i1y,48,1.846135,1.875934,-1.239501,4.931772,-7.064549,5.598003,0,5.032419,-3.240540,13.305379
z_gc_path1y_kilianfix,3.021,ip,0,-3.752029,5.346094,-12.545571,5.041512,-57.212964,2.128674,1,-4.044620,-15.037622,6.948382
z_gc_path1y_kilianfix,3.021,ip,1,-4.827133,8.106260,-18.160744,8.506478,-85.889733,3.684439,1,-6.314147,-24.098853,11.470558
z_gc_path1y_kilianfix,3.021,ip,2,-11.045921,12.325461,-31.319500,9.227659,-134.300531,-0.569279,1,-13.053593,-41.168933,15.061748
z_gc_path1y_kilianfix,3.021,ip,3,-10.310269,13.000671,-31.694470,11.073932,-140.316979,1.390335,1,-11.612792,-41.428020,18.202435
z_gc_path1y_kilianfix,3.021,ip,4,-9.065942,13.351159,-31.026644,12.894761,-142.577532,3.617659,1,-9.599259,-40.185774,20.987257
z_gc_path1y_kilianfix,3.021,ip,5,-9.680808,12.615193,-30.430954,11.069338,-135.832739,4.195904,1,-9.376277,-40.645088,21.892535
z_gc_path1y_kilianfix,3.021,ip,6,-5.244510,11.354340,-23.920738,13.431717,-118.787912,108.298891,1,-4.280733,-33.900527,25.339062
z_gc_path1y_kilianfix,3.021,ip,7,-15.539979,13.611881,-37.929531,6.849573,-151.658787,0.794278,1,-15.973570,-52.237801,20.290661
z_gc_path1y_kilianfix,3.021,ip,8,-16.870323,14.319026,-40.423025,6.682378,-160.060580,-0.403444,1,-17.633113,-55.781860,20.515633
z_gc_path1y_kilianfix,3.021,ip,9,-16.173558,12.675517,-37.022928,4.675812,-142.928726,0.304614,1,-17.058727,-52.799621,18.682167
z_gc_path1y_kilianfix,3.021,ip,10,-21.489100,14.469479,-45.289274,2.311075,-166.183885,-4.849199,1,-20.886973,-56.678319,14.904373
z_gc_path1y_kilianfix,3.021,ip,11,-24.333335,16.460485,-51.408423,2.741754,-188.938184,-7.049825,1,-25.750230,-63.423683,11.923224
z_gc_path1y_kilianfix,3.021,ip,12,-25.430810,16.391797,-52.392917,1.531298,-189.348782,-8.219422,1,-25.780526,-63.292356,11.731305
z_gc_path1y_kilianfix,3.021,ip,13,-23.253526,14.717435,-47.461552,0.954499,-170.427873,-6.328476,1,-20.661488,-55.070408,13.747431
z_gc_path1y_kilianfix,3.021,ip,14,-14.085788,10.496493,-31.350983,3.179407,-119.050720,12.155445,1,-10.009951,-39.783100,19.763197
z_gc_path1y_kilianfix,3.021,ip,15,-13.123998,11.584925,-32.179505,5.931508,-128.973251,102.725255,1,-9.326990,-40.249732,21.595753
z_gc_path1y_kilianfix,3.021,ip,16,-3.644921,12.938180,-24.926333,17.636491,-30.815098,125.736877,1,4.033836,-29.757134,37.824806
z_gc_path1y_kilianfix,3.021,ip,17,5.761279,14.973330,-18.867657,30.390216,-12.206717,155.494581,1,15.500244,-23.372599,54.373086
z_gc_path1y_kilianfix,3.021,ip,18,2.229933,14.023725,-20.837041,25.296907,-18.805654,142.467179,1,9.868387,-24.899126,44.635900
z_gc_path1y_kilianfix,3.021,ip,19,5.287012,13.278468,-16.554125,27.128149,-14.630691,138.071697,1,12.321146,-21.178558,45.820851
z_gc_path1y_kilianfix,3.021,ip,20,8.279093,15.224257,-16.762582,33.320768,-10.751229,149.864687,0,17.829130,-20.494338,56.152598
z_gc_path1y_kilianfix,3.021,ip,21,8.638669,16.628696,-18.713103,35.990440,-14.641506,139.173935,0,15.767777,-20.734262,52.269816
z_gc_path1y_kilianfix,3.021,ip,22,8.419185,18.269028,-21.630691,38.469062,-18.070905,139.042733,0,14.332454,-22.802974,51.467881
z_gc_path1y_kilianfix,3.021,ip,23,17.764044,19.292229,-13.968849,49.496937,-5.386631,183.677215,0,25.038385,-19.316756,69.393526
z_gc_path1y_kilianfix,3.021,ip,24,12.075413,16.479579,-15.031082,39.181909,-9.348039,131.552362,0,16.133244,-22.092138,54.358625
z_gc_path1y_kilianfix,3.021,ip,25,14.916913,19.248392,-16.743875,46.577701,-6.256318,174.678568,0,18.486278,-20.650782,57.623337
z_gc_path1y_kilianfix,3.021,ip,26,11.504610,14.657147,-12.604252,35.613472,-4.618252,130.960361,0,12.591313,-21.898376,47.081002
z_gc_path1y_kilianfix,3.021,ip,27,5.949089,11.563490,-13.071159,24.969337,-7.927099,93.253435,0,3.489176,-27.632489,34.610841
z_gc_path1y_kilianfix,3.021,ip,28,-0.079198,10.214406,-16.880400,16.722004,-14.890086,63.250117,0,-4.306934,-35.467773,26.853904
z_gc_path1y_kilianfix,3.021,ip,29,-3.083759,10.448480,-20.269979,14.102461,-19.278903,57.517425,0,-9.420656,-41.048162,22.206850
z_gc_path1y_kilianfix,3.021,ip,30,-7.579830,9.832055,-23.752121,8.592462,-29.701954,32.239993,0,-13.703282,-47.355676,19.949112
z_gc_path1y_kilianfix,3.021,ip,31,-11.047159,11.375375,-29.757987,7.663668,-63.373885,12.272360,0,-16.064265,-50.735806,18.607276
z_gc_path1y_kilianfix,3.021,ip,32,-1.110146,9.644399,-16.973771,14.753480,-19.434505,44.218531,0,-2.289125,-35.194927,30.616677
z_gc_path1y_kilianfix,3.021,ip,33,-0.965303,9.331400,-16.314090,14.383483,-23.827233,33.094306,0,1.681048,-35.670413,39.032509
z_gc_path1y_kilianfix,3.021,ip,34,-0.950143,9.168666,-16.031257,14.130971,-31.665176,23.346823,0,1.709575,-38.668907,42.088058
z_gc_path1y_kilianfix,3.021,ip,35,-0.880373,8.029663,-14.087993,12.327248,-30.188643,19.193785,0,0.429926,-42.612000,43.471852
z_gc_path1y_kilianfix,3.021,ip,36,-1.634024,7.031459,-13.199744,9.931697,-23.079973,19.460352,0,0.331274,-44.762725,45.425273
z_gc_path1y_kilianfix,3.021,ip,37,3.252213,7.789567,-9.560484,16.064911,-19.727008,27.399870,0,8.484959,-35.961664,52.931582
z_gc_path1y_kilianfix,3.021,ip,38,3.046746,7.473287,-9.245717,15.339209,-24.604415,19.487977,0,8.464248,-34.434148,51.362644
z_gc_path1y_kilianfix,3.021,ip,39,4.288940,9.448180,-11.251933,19.829814,-31.614144,24.130119,0,11.689843,-32.379703,55.759388
z_gc_path1y_kilianfix,3.021,ip,40,3.157769,12.217244,-16.937810,23.253348,-48.765520,25.148809,0,12.182803,-32.069547,56.435154
z_gc_path1y_kilianfix,3.021,ip,41,-0.526934,9.605649,-16.326821,15.272953,-48.074899,15.322388,0,9.055538,-33.596390,51.707465
z_gc_path1y_kilianfix,3.021,ip,42,-6.786678,11.573395,-25.823218,12.249862,-88.379110,6.522725,0,-1.898879,-44.894476,41.096717
z_gc_path1y_kilianfix,3.021,ip,43,-8.681128,12.800782,-29.736540,12.374284,-101.486794,5.399731,0,-5.641348,-49.019463,37.736767
z_gc_path1y_kilianfix,3.021,ip,44,-8.808939,11.091452,-27.052754,9.434876,-90.885684,3.946231,0,-5.011517,-48.099924,38.076889
z_gc_path1y_kilianfix,3.021,ip,45,-7.094749,13.533723,-29.355742,15.166245,-112.657789,7.792346,0,-2.351895,-45.344093,40.640303
z_gc_path1y_kilianfix,3.021,ip,46,0.125715,15.267231,-24.986645,25.238075,-102.164732,19.973115,0,10.418901,-34.446247,55.284049
z_gc_path1y_kilianfix,3.021,ip,47,5.093388,14.356249,-18.520540,28.707316,-77.455042,28.063386,0,15.632753,-31.029454,62.294959
z_gc_path1y_kilianfix,3.021,ip,48,6.869320,14.879723,-17.605647,31.344286,-83.153007,29.932891,0,20.089344,-31.074312,71.253000
z_gc_path1y_kilianfix,3.021,hicp,0,1.044755,1.433665,-1.313414,3.402925,-8.489118,6.564367,0,-1.528275,-4.907063,1.850514
z_gc_path1y_kilianfix,3.021,hicp,1,1.834413,1.766534,-1.071277,4.740103,-14.859336,13.935173,0,0.052952,-3.553458,3.659361
z_gc_path1y_kilianfix,3.021,hicp,2,1.081448,2.070272,-2.323846,4.486742,-19.621269,8.430913,1,-0.168854,-4.744887,4.407179
z_gc_path1y_kilianfix,3.021,hicp,3,0.531074,2.387062,-3.395294,4.457442,-23.339548,24.401695,1,-0.524063,-5.678612,4.630485
z_gc_path1y_kilianfix,3.021,hicp,4,-0.108052,2.691986,-4.535976,4.319872,-27.027916,26.811812,1,-1.214394,-7.137356,4.708567
z_gc_path1y_kilianfix,3.021,hicp,5,0.115041,2.488042,-3.977425,4.207506,-24.765382,24.995463,1,-0.648894,-6.871888,5.574100
z_gc_path1y_kilianfix,3.021,hicp,6,-0.371690,2.830942,-5.028175,4.284795,-28.681108,27.937728,1,-1.801851,-9.706867,6.103165
z_gc_path1y_kilianfix,3.021,hicp,7,-2.155308,3.606865,-8.088073,3.777457,-38.223956,2.894303,1,-4.004633,-13.744367,5.735101
z_gc_path1y_kilianfix,3.021,hicp,8,-2.025329,3.981889,-8.574954,4.524296,-41.844222,4.345694,1,-3.668796,-13.663105,6.325512
z_gc_path1y_kilianfix,3.021,hicp,9,-0.998512,3.693092,-7.073108,5.076083,-37.929431,35.932407,1,-1.699014,-10.441422,7.043395
z_gc_path1y_kilianfix,3.021,hicp,10,-1.476857,3.712248,-7.582962,4.629248,-38.599341,6.690089,1,-2.226610,-11.009613,6.556392
z_gc_path1y_kilianfix,3.021,hicp,11,-1.713997,3.654065,-7.724399,4.296405,-38.254649,6.142243,1,-2.103374,-11.097786,6.891037
z_gc_path1y_kilianfix,3.021,hicp,12,0.311231,3.735802,-5.833616,6.456078,-37.046785,15.441227,1,-2.303663,-12.195659,7.588332
z_gc_path1y_kilianfix,3.021,hicp,13,-0.266765,4.059784,-6.944515,6.410985,-40.864603,8.258781,1,-2.422397,-13.460852,8.616057
z_gc_path1y_kilianfix,3.021,hicp,14,-2.137168,4.668660,-9.816430,5.542094,-48.823767,4.165523,1,-4.472533,-16.459132,7.514066
z_gc_path1y_kilianfix,3.021,hicp,15,-2.607919,5.039512,-10.897178,5.681341,-53.003040,4.699374,1,-4.390892,-16.905103,8.123319
z_gc_path1y_kilianfix,3.021,hicp,16,-2.885497,4.880661,-10.913470,5.142476,-51.692106,4.923560,1,-4.515275,-17.078227,8.047677
z_gc_path1y_kilianfix,3.021,hicp,17,-1.860805,3.919447,-8.307721,4.586111,-41.055271,4.802254,1,-2.790520,-13.912276,8.331235
z_gc_path1y_kilianfix,3.021,hicp,18,-0.543048,3.802084,-6.796919,5.710823,-38.563885,5.920495,1,-1.220040,-12.387638,9.947558
z_gc_path1y_kilianfix,3.021,hicp,19,-1.303177,3.925714,-7.760402,5.154048,-40.560317,4.977965,1,-2.002481,-13.827329,9.822367
z_gc_path1y_kilianfix,3.021,hicp,20,-0.799718,3.716903,-6.913479,5.314043,-26.260501,5.704861,0,-0.740438,-11.520725,10.039850
z_gc_path1y_kilianfix,3.021,hicp,21,-0.376299,3.549968,-6.215477,5.462879,-19.368629,6.901136,0,0.538667,-9.692096,10.769430
z_gc_path1y_kilianfix,3.021,hicp,22,-0.362524,3.294030,-5.780721,5.055672,-18.150284,6.060833,0,0.743240,-9.404331,10.890811
z_gc_path1y_kilianfix,3.021,hicp,23,-0.239347,3.114418,-5.362109,4.883415,-17.368647,5.522327,0,1.548592,-8.904155,12.001339
z_gc_path1y_kilianfix,3.021,hicp,24,1.771925,3.247442,-3.569642,7.113492,-13.003937,8.591553,0,1.043549,-9.392237,11.479336
z_gc_path1y_kilianfix,3.021,hicp,25,0.491150,3.471161,-5.218402,6.200702,-17.038214,6.912798,0,-0.065380,-10.976168,10.845408
z_gc_path1y_kilianfix,3.021,hicp,26,-0.261442,3.530124,-6.067979,5.545094,-19.324109,5.739768,0,-0.786722,-11.927641,10.354197
z_gc_path1y_kilianfix,3.021,hicp,27,-0.052726,3.477533,-5.772759,5.667307,-13.962859,8.119476,0,-0.197545,-11.366498,10.971408
z_gc_path1y_kilianfix,3.021,hicp,28,-0.496763,3.637010,-6.479111,5.485586,-13.771848,8.595762,0,-0.923351,-12.398309,10.551606
z_gc_path1y_kilianfix,3.021,hicp,29,-1.459854,3.564661,-7.323199,4.403491,-18.035526,5.491235,0,-1.827519,-13.220349,9.565310
z_gc_path1y_kilianfix,3.021,hicp,30,-1.601891,3.221533,-6.900840,3.697059,-17.387400,4.357945,0,-1.847934,-13.956216,10.260348
z_gc_path1y_kilianfix,3.021,hicp,31,-3.097571,3.404878,-8.698098,2.502955,-25.059036,1.839502,0,-3.160874,-15.806154,9.484406
z_gc_path1y_kilianfix,3.021,hicp,32,-2.078882,3.015124,-7.038320,2.880556,-16.099210,3.649854,0,-0.930335,-12.759637,10.898967
z_gc_path1y_kilianfix,3.021,hicp,33,-1.106092,2.756397,-5.639962,3.427778,-10.477843,6.336180,0,1.659333,-9.935510,13.254176
z_gc_path1y_kilianfix,3.021,hicp,34,-2.866695,3.068620,-7.914126,2.180737,-18.823521,2.349960,0,-0.525684,-12.048636,10.997267
z_gc_path1y_kilianfix,3.021,hicp,35,-2.875668,2.722731,-7.354161,1.602826,-16.353185,2.161384,0,0.224692,-10.658833,11.108217
z_gc_path1y_kilianfix,3.021,hicp,36,-1.131042,2.558662,-5.339667,3.077583,-16.227148,2.834884,0,-0.628197,-11.894965,10.638571
z_gc_path1y_kilianfix,3.021,hicp,37,-2.054291,3.126020,-7.196137,3.087555,-25.186842,1.696933,0,-1.678280,-13.797309,10.440749
z_gc_path1y_kilianfix,3.021,hicp,38,-1.990066,2.722252,-6.467771,2.487640,-18.187463,1.684974,0,-1.402998,-13.032881,10.226884
z_gc_path1y_kilianfix,3.021,hicp,39,0.922587,2.762705,-3.621658,5.466833,-6.674852,8.796297,0,3.522511,-8.777489,15.822511
z_gc_path1y_kilianfix,3.021,hicp,40,1.291707,2.771907,-3.267675,5.851089,-3.836321,12.933717,0,3.670308,-8.591013,15.931628
z_gc_path1y_kilianfix,3.021,hicp,41,0.482859,2.397205,-3.460192,4.425910,-3.232808,13.068185,0,2.575674,-9.160001,14.311349
z_gc_path1y_kilianfix,3.021,hicp,42,-0.141131,1.846180,-3.177827,2.895565,-4.756582,5.858955,0,1.190352,-10.373581,12.754285
z_gc_path1y_kilianfix,3.021,hicp,43,-0.576650,1.951459,-3.786514,2.633213,-6.821318,4.497142,0,1.068288,-10.106144,12.242720
z_gc_path1y_kilianfix,3.021,hicp,44,0.625941,2.068656,-2.776696,4.028578,-3.201073,10.141761,0,3.259174,-7.615598,14.133945
z_gc_path1y_kilianfix,3.021,hicp,45,0.982832,1.998821,-2.304936,4.270599,-2.615046,10.577171,0,4.945907,-6.248027,16.139841
z_gc_path1y_kilianfix,3.021,hicp,46,-0.534655,2.265084,-4.260386,3.191077,-8.462448,5.241309,0,2.775535,-7.029909,12.580979
z_gc_path1y_kilianfix,3.021,hicp,47,-1.114104,1.829781,-4.123826,1.895618,-8.433228,3.094392,0,2.737604,-6.543056,12.018263
z_gc_path1y_kilianfix,3.021,hicp,48,0.419304,1.627724,-2.258064,3.096671,-7.230998,3.674751,0,0.869855,-7.673078,9.412788
z_gc_path1y_kilianfix,3.021,stoxx,0,1.123289,24.842267,-39.738603,41.985181,-48.561244,249.545955,1,7.974036,-44.271166,60.219239
z_gc_path1y_kilianfix,3.021,stoxx,1,-27.509690,34.705398,-84.594990,29.575609,-374.563669,95.694472,1,-27.464845,-105.768834,50.839145
z_gc_path1y_kilianfix,3.021,stoxx,2,-34.725808,39.768380,-100.138973,30.687357,-432.409611,60.718305,1,-32.482643,-110.361726,45.396440
z_gc_path1y_kilianfix,3.021,stoxx,3,-9.369848,50.612800,-92.620496,73.880800,-515.497850,496.758154,1,3.168237,-84.509551,90.846026
z_gc_path1y_kilianfix,3.021,stoxx,4,-19.075067,56.992754,-112.819805,74.669670,-589.002603,550.852469,1,-2.584373,-111.223241,106.054496
z_gc_path1y_kilianfix,3.021,stoxx,5,-72.209671,54.053957,-161.120518,16.701176,-612.749240,468.329898,1,-69.784343,-195.917898,56.349212
z_gc_path1y_kilianfix,3.021,stoxx,6,-117.828045,67.152833,-228.284627,-7.371463,-789.356380,-43.959928,1,-131.580942,-298.436066,35.274183
z_gc_path1y_kilianfix,3.021,stoxx,7,-109.065098,63.823231,-214.044970,-4.085225,-747.297405,-13.330252,1,-118.261712,-267.300675,30.777250
z_gc_path1y_kilianfix,3.021,stoxx,8,-74.170582,60.992282,-174.493958,26.152795,-684.093404,535.752241,1,-78.709484,-217.329779,59.910810
z_gc_path1y_kilianfix,3.021,stoxx,9,-83.010520,70.346545,-198.720289,32.699249,-786.475965,620.454925,1,-87.309542,-234.118795,59.499712
z_gc_path1y_kilianfix,3.021,stoxx,10,-83.750328,76.616474,-209.773214,42.272558,-849.915071,682.414416,1,-81.592936,-232.577603,69.391730
z_gc_path1y_kilianfix,3.021,stoxx,11,-58.181978,76.058107,-183.286432,66.922475,-818.763050,702.399094,1,-44.173125,-188.704959,100.358708
z_gc_path1y_kilianfix,3.021,stoxx,12,-44.068284,78.357987,-172.955704,84.819135,-827.648157,739.511588,1,-25.123274,-179.565629,129.319081
z_gc_path1y_kilianfix,3.021,stoxx,13,-47.141726,69.421573,-161.330052,67.046600,-741.357456,647.074003,1,-35.600330,-192.620923,121.420262
z_gc_path1y_kilianfix,3.021,stoxx,14,-51.996689,62.679784,-155.095759,51.102381,-678.794527,574.801148,1,-33.136209,-187.230255,120.957836
z_gc_path1y_kilianfix,3.021,stoxx,15,-43.763186,63.578776,-148.340966,60.814594,-679.550943,592.024572,1,-11.972606,-163.140194,139.194982
z_gc_path1y_kilianfix,3.021,stoxx,16,10.491371,65.093922,-96.578603,117.561346,-103.422993,661.430595,1,62.376612,-99.828676,224.581899
z_gc_path1y_kilianfix,3.021,stoxx,17,27.432107,63.714166,-77.368370,132.232585,-58.582017,664.573770,1,69.191009,-82.354939,220.736957
z_gc_path1y_kilianfix,3.021,stoxx,18,25.565497,58.352476,-70.415785,121.546779,-53.210346,609.090259,1,53.717492,-79.106417,186.541401
z_gc_path1y_kilianfix,3.021,stoxx,19,15.873520,50.327887,-66.908488,98.655528,-64.651099,514.119604,0,33.502577,-82.119855,149.125010
z_gc_path1y_kilianfix,3.021,stoxx,20,28.820318,50.135317,-53.644940,111.285577,-53.902955,394.808134,0,39.037793,-76.542075,154.617661
z_gc_path1y_kilianfix,3.021,stoxx,21,78.235486,58.354411,-17.748980,174.219951,11.127912,641.355556,0,97.125485,-47.079987,241.330957
z_gc_path1y_kilianfix,3.021,stoxx,22,102.531963,69.704218,-12.121273,217.185199,36.312956,799.574145,1,130.381589,-44.047524,304.810701
z_gc_path1y_kilianfix,3.021,stoxx,23,66.095505,53.662001,-22.170632,154.361641,12.433504,602.715510,1,78.993192,-52.795721,210.782105
z_gc_path1y_kilianfix,3.021,stoxx,24,44.624037,45.562474,-30.319565,119.567638,-5.494685,434.183193,0,46.540717,-53.324663,146.406096
z_gc_path1y_kilianfix,3.021,stoxx,25,31.050061,32.874599,-23.023842,85.123965,-10.043188,275.965825,0,15.229065,-67.917629,98.375758
z_gc_path1y_kilianfix,3.021,stoxx,26,10.418544,21.454332,-24.870692,45.707779,-21.762954,140.217252,0,-17.757097,-90.277392,54.763198
z_gc_path1y_kilianfix,3.021,stoxx,27,-22.905308,25.635489,-65.071935,19.261319,-84.430481,77.073099,0,-57.890805,-151.092087,35.310476
z_gc_path1y_kilianfix,3.021,stoxx,28,-26.775214,32.952788,-80.977727,27.427299,-125.633578,72.083150,0,-70.580966,-171.630185,30.468253
z_gc_path1y_kilianfix,3.021,stoxx,29,-33.070555,32.146162,-85.946286,19.805177,-201.837906,21.577921,0,-72.267964,-175.159835,30.623908
z_gc_path1y_kilianfix,3.021,stoxx,30,-9.070555,28.740895,-56.345121,38.204012,-101.041420,71.403953,0,-24.155953,-114.576945,66.265039
z_gc_path1y_kilianfix,3.021,stoxx,31,-2.295118,39.146257,-66.684980,62.094745,-100.160759,146.460658,0,-9.518362,-115.022871,95.986148
z_gc_path1y_kilianfix,3.021,stoxx,32,-24.237743,37.113637,-85.284243,36.808757,-193.104791,48.133849,0,-35.396696,-147.264449,76.471058
z_gc_path1y_kilianfix,3.021,stoxx,33,-35.417809,46.336677,-111.634860,40.799242,-410.744892,15.552536,0,-47.444723,-179.319116,84.429670
z_gc_path1y_kilianfix,3.021,stoxx,34,-11.410406,38.465763,-74.680957,51.860144,-315.289937,30.901933,0,1.713764,-123.661349,127.088877
z_gc_path1y_kilianfix,3.021,stoxx,35,2.245345,33.467352,-52.803550,57.294241,-242.066324,44.079535,0,24.554698,-110.243596,159.352991
z_gc_path1y_kilianfix,3.021,stoxx,36,4.845165,43.502358,-66.709847,76.400176,-269.219691,67.923584,0,28.376249,-94.453620,151.206119
z_gc_path1y_kilianfix,3.021,stoxx,37,45.353417,43.720366,-26.560186,117.267020,-92.365736,169.956460,0,85.128536,-55.896263,226.153334
z_gc_path1y_kilianfix,3.021,stoxx,38,55.953713,36.305587,-3.763664,115.671090,-38.440814,168.501033,0,101.256990,-54.908188,257.422168
z_gc_path1y_kilianfix,3.021,stoxx,39,19.494705,41.682568,-49.067018,88.056427,-182.665750,86.186813,0,54.735372,-83.290876,192.761619
z_gc_path1y_kilianfix,3.021,stoxx,40,-14.994260,35.923808,-74.083665,44.095146,-244.906629,28.114309,0,-4.606072,-116.465067,107.252923
z_gc_path1y_kilianfix,3.021,stoxx,41,-40.787987,47.272392,-118.544153,36.968179,-390.603691,11.211644,0,-40.697489,-168.029411,86.634433
z_gc_path1y_kilianfix,3.021,stoxx,42,-33.693746,51.671318,-118.685501,51.298010,-431.562898,20.561138,0,-28.069193,-157.747936,101.609550
z_gc_path1y_kilianfix,3.021,stoxx,43,-33.303236,61.502405,-134.465690,67.859218,-537.622957,28.199169,0,-31.230708,-171.813822,109.352407
z_gc_path1y_kilianfix,3.021,stoxx,44,-31.826928,59.297670,-129.362916,65.709060,-512.138057,30.435625,0,-27.359940,-170.073650,115.353771
z_gc_path1y_kilianfix,3.021,stoxx,45,0.107961,47.566445,-78.131878,78.347801,-332.857153,59.566018,0,21.523878,-111.352783,154.400538
z_gc_path1y_kilianfix,3.021,stoxx,46,-9.251313,54.625427,-99.102145,80.599518,-405.285658,56.299199,0,3.693231,-134.338079,141.724541
z_gc_path1y_kilianfix,3.021,stoxx,47,-29.618764,58.883525,-126.473544,67.236015,-565.458842,29.264761,0,-36.506943,-186.668273,113.654387
z_gc_path1y_kilianfix,3.021,stoxx,48,-26.450194,47.465916,-104.524678,51.624291,-475.003101,21.015722,0,-36.077311,-193.816412,121.661790
