instrument,F_eff,variable,h,theta,se,lo,hi,ar_lo,ar_hi,ar_unbounded,theta_la,lo_la,hi_la
z_gcs_1m_adj_sum,17.713,ois1m,0,1.000000,0.000000,1.000000,1.000000,1.000000,1.000000,0,1.000000,1.000000,1.000000
z_gcs_1m_adj_sum,17.713,ois1m,1,0.657921,0.236448,0.269000,1.046843,0.196849,1.024415,0,0.741130,0.306202,1.176057
z_gcs_1m_adj_sum,17.713,ois1m,2,0.571976,0.304536,0.071060,1.072893,-0.006641,1.044006,0,0.623481,-0.004639,1.251600
z_gcs_1m_adj_sum,17.713,ois1m,3,0.748669,0.308847,0.240661,1.256677,0.192744,1.227382,0,0.759422,0.083871,1.434972
z_gcs_1m_adj_sum,17.713,ois1m,4,0.832702,0.433620,0.119460,1.545943,0.073867,1.526494,0,0.805396,-0.153181,1.763972
z_gcs_1m_adj_sum,17.713,ois1m,5,0.637615,0.438067,-0.082942,1.358171,-0.085197,1.382329,0,0.517218,-0.676963,1.711400
z_gcs_1m_adj_sum,17.713,ois1m,6,0.283261,0.584150,-0.677581,1.244102,-0.709794,1.247109,0,0.164008,-1.338762,1.666779
z_gcs_1m_adj_sum,17.713,ois1m,7,-0.059179,0.653086,-1.133410,1.015052,-1.202079,1.018413,0,-0.213074,-1.849808,1.423661
z_gcs_1m_adj_sum,17.713,ois1m,8,-0.139145,0.791256,-1.440645,1.162356,-1.484280,1.205991,0,-0.325564,-2.095399,1.444271
z_gcs_1m_adj_sum,17.713,ois1m,9,-0.367358,0.907259,-1.859666,1.124951,-1.909699,1.174983,0,-0.623957,-2.466331,1.218416
z_gcs_1m_adj_sum,17.713,ois1m,10,-0.499384,0.944765,-2.053384,1.054615,-2.058246,1.106716,0,-0.846479,-2.703235,1.010277
z_gcs_1m_adj_sum,17.713,ois1m,11,-0.331615,0.967279,-1.922647,1.259417,-1.927625,1.312759,0,-0.718401,-2.561783,1.124982
z_gcs_1m_adj_sum,17.713,ois1m,12,-0.409431,0.927609,-1.935212,1.116350,-1.939986,1.213885,0,-0.831108,-2.600791,0.938575
z_gcs_1m_adj_sum,17.713,ois1m,13,-0.263513,0.842135,-1.648702,1.121677,-1.610930,1.252331,0,-0.656616,-2.380428,1.067196
z_gcs_1m_adj_sum,17.713,ois1m,14,0.026562,0.833417,-1.344286,1.397411,-1.265233,1.568383,0,-0.430341,-2.072815,1.212133
z_gcs_1m_adj_sum,17.713,ois1m,15,0.096154,0.800560,-1.220650,1.412958,-1.144714,1.577190,0,-0.345569,-1.946873,1.255734
z_gcs_1m_adj_sum,17.713,ois1m,16,0.446023,0.715593,-0.731023,1.623069,-0.663146,1.769871,0,-0.021895,-1.550799,1.507008
z_gcs_1m_adj_sum,17.713,ois1m,17,0.767645,0.763115,-0.487567,2.022858,-0.415183,2.179408,0,0.255812,-1.227382,1.739005
z_gcs_1m_adj_sum,17.713,ois1m,18,0.675784,0.742205,-0.545034,1.896603,-0.474633,2.048864,0,0.103143,-1.384715,1.591001
z_gcs_1m_adj_sum,17.713,ois1m,19,0.758961,0.724739,-0.433128,1.951051,-0.364384,2.099728,0,0.084355,-1.407071,1.575781
z_gcs_1m_adj_sum,17.713,ois1m,20,0.665606,0.703142,-0.490959,1.822171,-0.424264,1.966418,0,-0.043831,-1.531497,1.443835
z_gcs_1m_adj_sum,17.713,ois1m,21,0.501759,0.734921,-0.707079,1.710597,-0.637369,1.824618,0,-0.162463,-1.665433,1.340507
z_gcs_1m_adj_sum,17.713,ois1m,22,0.542166,0.667474,-0.555730,1.640062,-0.492418,1.743618,0,-0.082459,-1.505617,1.340699
z_gcs_1m_adj_sum,17.713,ois1m,23,0.441214,0.628239,-0.592147,1.474574,-0.563968,1.540631,0,-0.190591,-1.554473,1.173291
z_gcs_1m_adj_sum,17.713,ois1m,24,0.377756,0.631291,-0.660624,1.416137,-0.632309,1.482515,0,-0.200852,-1.569828,1.168125
z_gcs_1m_adj_sum,17.713,ois1m,25,0.435049,0.609157,-0.566925,1.437022,-0.600518,1.440157,0,-0.156585,-1.529296,1.216125
z_gcs_1m_adj_sum,17.713,ois1m,26,0.077708,0.601619,-0.911868,1.067284,-0.975126,1.040299,0,-0.506516,-1.890636,0.877603
z_gcs_1m_adj_sum,17.713,ois1m,27,-0.327886,0.653196,-1.402299,0.746526,-1.470980,0.717228,0,-0.871095,-2.275532,0.533342
z_gcs_1m_adj_sum,17.713,ois1m,28,-0.296148,0.687858,-1.427575,0.835278,-1.499901,0.804425,0,-0.811750,-2.151339,0.527839
z_gcs_1m_adj_sum,17.713,ois1m,29,-0.318579,0.640348,-1.371859,0.734700,-1.471207,0.673961,0,-0.806825,-2.048434,0.434783
z_gcs_1m_adj_sum,17.713,ois1m,30,-0.357100,0.589935,-1.327456,0.613256,-1.418982,0.557299,0,-0.830816,-1.992433,0.330802
z_gcs_1m_adj_sum,17.713,ois1m,31,0.025800,0.624340,-1.001148,1.052749,-1.066795,1.024745,0,-0.361729,-1.536495,0.813038
z_gcs_1m_adj_sum,17.713,ois1m,32,0.161290,0.645437,-0.900359,1.222939,-0.968225,1.193989,0,-0.225920,-1.477880,1.026040
z_gcs_1m_adj_sum,17.713,ois1m,33,0.262794,0.617277,-0.752537,1.278125,-0.786578,1.250438,0,-0.191947,-1.459546,1.075652
z_gcs_1m_adj_sum,17.713,ois1m,34,0.415286,0.637427,-0.633189,1.463761,-0.668341,1.435170,0,0.026218,-1.313263,1.365698
z_gcs_1m_adj_sum,17.713,ois1m,35,0.321729,0.637069,-0.726156,1.369614,-0.793142,1.309186,0,-0.054562,-1.392325,1.283201
z_gcs_1m_adj_sum,17.713,ois1m,36,0.447319,0.643781,-0.611608,1.506245,-0.679299,1.477369,0,0.040522,-1.282855,1.363899
z_gcs_1m_adj_sum,17.713,ois1m,37,0.611095,0.661305,-0.476654,1.698845,-0.579253,1.636118,0,0.316373,-1.051422,1.684168
z_gcs_1m_adj_sum,17.713,ois1m,38,0.421634,0.629476,-0.613761,1.457029,-0.742896,1.365848,0,0.159335,-1.194576,1.513246
z_gcs_1m_adj_sum,17.713,ois1m,39,0.380809,0.574518,-0.564188,1.325807,-0.682049,1.242586,0,0.154530,-1.180769,1.489830
z_gcs_1m_adj_sum,17.713,ois1m,40,0.365506,0.562010,-0.558918,1.289931,-0.674213,1.208522,0,0.227311,-1.170251,1.624873
z_gcs_1m_adj_sum,17.713,ois1m,41,0.191246,0.474175,-0.588702,0.971195,-0.685977,0.902509,0,0.035638,-1.314490,1.385766
z_gcs_1m_adj_sum,17.713,ois1m,42,0.389917,0.445796,-0.343352,1.123187,-0.390226,1.080901,0,0.180933,-1.213701,1.575567
z_gcs_1m_adj_sum,17.713,ois1m,43,0.260153,0.388044,-0.378122,0.898428,-0.418923,0.861621,0,0.075372,-1.310304,1.461049
z_gcs_1m_adj_sum,17.713,ois1m,44,0.246201,0.320831,-0.281518,0.773921,-0.299211,0.775572,0,0.023177,-1.341933,1.388287
z_gcs_1m_adj_sum,17.713,ois1m,45,0.186251,0.370316,-0.422865,0.795367,-0.461802,0.760241,0,-0.031863,-1.419136,1.355411
z_gcs_1m_adj_sum,17.713,ois1m,46,0.066540,0.380108,-0.558682,0.691762,-0.598649,0.655708,0,-0.077982,-1.479839,1.323875
z_gcs_1m_adj_sum,17.713,ois1m,47,-0.001512,0.412257,-0.679615,0.676590,-0.743575,0.637486,0,-0.082041,-1.544912,1.380830
z_gcs_1m_adj_sum,17.713,ois1m,48,-0.006321,0.508243,-0.842306,0.829665,-0.946571,0.756044,0,-0.020871,-1.494645,1.452903
z_gcs_1m_adj_sum,17.713,ip,0,3.886942,2.062173,0.494969,7.278914,0.896791,8.320613,0,3.360467,0.195361,6.525573
z_gcs_1m_adj_sum,17.713,ip,1,1.008067,1.979919,-2.248610,4.264744,-2.555787,4.274934,0,1.337253,-1.882024,4.556530
z_gcs_1m_adj_sum,17.713,ip,2,4.741953,2.153814,1.199245,8.284661,1.188161,8.511127,0,4.539563,0.687435,8.391690
z_gcs_1m_adj_sum,17.713,ip,3,2.313415,2.841414,-2.360294,6.987125,-2.232847,7.285889,0,1.774036,-3.250974,6.799046
z_gcs_1m_adj_sum,17.713,ip,4,2.562943,2.895341,-2.199470,7.325355,-2.359137,7.340256,0,1.311004,-4.234132,6.856141
z_gcs_1m_adj_sum,17.713,ip,5,1.956377,2.886860,-2.792086,6.704840,-2.806943,6.864040,0,0.253228,-5.624347,6.130803
z_gcs_1m_adj_sum,17.713,ip,6,-0.967809,3.121068,-6.101509,4.165892,-6.429678,4.181954,0,-2.565362,-10.344300,5.213577
z_gcs_1m_adj_sum,17.713,ip,7,-3.297680,4.238413,-10.269249,3.673890,-10.502983,3.907623,0,-5.300509,-14.412799,3.811781
z_gcs_1m_adj_sum,17.713,ip,8,-3.964484,4.639668,-11.596059,3.667091,-11.387953,4.154936,0,-6.082766,-15.247943,3.082410
z_gcs_1m_adj_sum,17.713,ip,9,-5.315244,4.757007,-13.139824,2.509336,-13.164306,3.009518,0,-7.436522,-16.762590,1.889546
z_gcs_1m_adj_sum,17.713,ip,10,-7.261663,5.505434,-16.317296,1.793971,-16.620901,2.097576,0,-9.465815,-19.138895,0.207266
z_gcs_1m_adj_sum,17.713,ip,11,-3.694636,5.376776,-12.538645,5.149372,-12.297477,5.983560,0,-5.465258,-13.817908,2.887392
z_gcs_1m_adj_sum,17.713,ip,12,-3.785442,4.958786,-11.941918,4.371035,-11.719499,5.140373,0,-6.757135,-14.597880,1.083610
z_gcs_1m_adj_sum,17.713,ip,13,-2.134275,4.802535,-10.033743,5.765193,-9.578205,6.750416,0,-5.850011,-13.428954,1.728933
z_gcs_1m_adj_sum,17.713,ip,14,2.206305,4.594829,-5.351516,9.764125,-4.456197,11.166221,0,-0.217388,-7.197638,6.762861
z_gcs_1m_adj_sum,17.713,ip,15,2.145216,3.664155,-3.881784,8.172215,-3.167810,9.290318,0,-0.464016,-7.228542,6.300511
z_gcs_1m_adj_sum,17.713,ip,16,-0.083894,3.622567,-6.042487,5.874699,-5.517745,6.798984,0,-2.687579,-9.921023,4.545866
z_gcs_1m_adj_sum,17.713,ip,17,3.511035,3.707243,-2.586837,9.608907,-2.049829,10.369435,0,0.732608,-6.302671,7.767888
z_gcs_1m_adj_sum,17.713,ip,18,4.539776,3.990394,-2.023839,11.103391,-1.445816,12.121525,0,1.473042,-5.209216,8.155300
z_gcs_1m_adj_sum,17.713,ip,19,4.087998,3.924498,-2.367227,10.543224,-2.191199,11.152095,0,1.375397,-5.716601,8.467395
z_gcs_1m_adj_sum,17.713,ip,20,5.973542,4.512102,-1.448205,13.395289,-1.020216,14.320930,0,2.584451,-4.379429,9.548331
z_gcs_1m_adj_sum,17.713,ip,21,1.865560,3.690262,-4.204382,7.935501,-4.038860,8.323519,0,-0.925174,-7.740855,5.890507
z_gcs_1m_adj_sum,17.713,ip,22,3.919376,3.365917,-1.617065,9.455817,-1.466091,9.978027,0,1.301306,-5.725212,8.327824
z_gcs_1m_adj_sum,17.713,ip,23,6.334221,3.620053,0.379764,12.288678,0.904142,13.031319,0,3.570415,-3.845424,10.986254
z_gcs_1m_adj_sum,17.713,ip,24,2.163174,2.682299,-2.248815,6.575163,-2.128504,6.991312,0,-0.223778,-6.934151,6.486596
z_gcs_1m_adj_sum,17.713,ip,25,1.243536,2.915443,-3.551941,6.039013,-3.712717,6.054017,0,-1.185194,-8.646397,6.276008
z_gcs_1m_adj_sum,17.713,ip,26,1.592097,3.085619,-3.483294,6.667488,-3.807736,6.529087,0,-0.830249,-8.372402,6.711905
z_gcs_1m_adj_sum,17.713,ip,27,1.157471,2.934582,-3.669488,5.984429,-4.124778,5.706074,0,-0.665641,-8.221164,6.889882
z_gcs_1m_adj_sum,17.713,ip,28,0.666581,3.642508,-5.324811,6.657973,-5.707808,6.494594,0,-1.306046,-9.506936,6.894845
z_gcs_1m_adj_sum,17.713,ip,29,-1.002912,3.760122,-7.187763,5.181938,-7.771133,4.825277,0,-2.733849,-11.368152,5.900455
z_gcs_1m_adj_sum,17.713,ip,30,0.970481,3.407838,-4.634914,6.575875,-5.334019,6.082237,0,-0.791303,-9.893097,8.310490
z_gcs_1m_adj_sum,17.713,ip,31,2.421087,3.023405,-2.551972,7.394146,-2.718701,7.409705,0,0.840670,-8.543518,10.224858
z_gcs_1m_adj_sum,17.713,ip,32,2.060644,4.190692,-4.832431,8.953719,-5.273068,8.765751,0,0.830529,-9.090557,10.751614
z_gcs_1m_adj_sum,17.713,ip,33,0.465155,3.950924,-6.033536,6.963846,-7.041600,6.391540,0,-1.099093,-10.995348,8.797162
z_gcs_1m_adj_sum,17.713,ip,34,3.580282,3.595041,-2.333034,9.493598,-3.070543,8.972843,0,2.357496,-7.695579,12.410571
z_gcs_1m_adj_sum,17.713,ip,35,1.083483,3.985858,-5.472670,7.639636,-6.489647,6.862977,0,0.228275,-9.878751,10.335300
z_gcs_1m_adj_sum,17.713,ip,36,-0.556647,3.534792,-6.370863,5.257569,-7.272753,4.568802,0,-1.322302,-10.900497,8.255892
z_gcs_1m_adj_sum,17.713,ip,37,2.940683,3.310251,-2.504194,8.385561,-3.183280,7.906059,0,1.948233,-7.911100,11.807567
z_gcs_1m_adj_sum,17.713,ip,38,-0.988119,4.016539,-7.594737,5.618499,-8.619543,4.835862,0,-1.476234,-11.421750,8.469282
z_gcs_1m_adj_sum,17.713,ip,39,1.372213,3.545623,-4.459818,7.204244,-5.364470,6.513367,0,0.706621,-9.286477,10.699718
z_gcs_1m_adj_sum,17.713,ip,40,0.872669,3.669254,-5.162717,6.908055,-6.098914,6.193087,0,0.871427,-8.827926,10.570780
z_gcs_1m_adj_sum,17.713,ip,41,0.007219,3.813721,-6.265793,6.280232,-7.429536,5.346428,0,0.716660,-9.323760,10.757081
z_gcs_1m_adj_sum,17.713,ip,42,-1.920055,3.884443,-8.309395,4.469284,-9.494719,3.712387,0,-1.362222,-11.377827,8.653383
z_gcs_1m_adj_sum,17.713,ip,43,-0.550606,3.561782,-6.409216,5.308003,-7.317991,4.613977,0,-0.495254,-10.751419,9.760911
z_gcs_1m_adj_sum,17.713,ip,44,0.565153,4.434676,-6.729239,7.859545,-7.417263,7.217166,0,1.121636,-9.495609,11.738881
z_gcs_1m_adj_sum,17.713,ip,45,0.639981,4.001272,-5.941526,7.221488,-6.362245,6.841952,0,1.950203,-8.762285,12.662691
z_gcs_1m_adj_sum,17.713,ip,46,3.480571,3.135789,-1.677343,8.638486,-1.693481,8.811413,0,3.647002,-7.162303,14.456308
z_gcs_1m_adj_sum,17.713,ip,47,-0.254390,3.687811,-6.320300,5.811520,-6.892450,5.277328,0,0.917256,-9.544531,11.379043
z_gcs_1m_adj_sum,17.713,ip,48,0.506310,3.416347,-5.113081,6.125702,-5.643115,5.801649,0,2.624120,-7.595368,12.843607
z_gcs_1m_adj_sum,17.713,hicp,0,-0.014223,0.598928,-0.999372,0.970926,-1.122240,0.974008,0,0.537947,-0.166476,1.242370
z_gcs_1m_adj_sum,17.713,hicp,1,0.476853,0.822660,-0.876302,1.830009,-0.962802,1.875375,0,0.920310,-0.178165,2.018784
z_gcs_1m_adj_sum,17.713,hicp,2,0.940777,0.911373,-0.558298,2.439852,-0.608556,2.490111,0,1.234021,-0.061983,2.530025
z_gcs_1m_adj_sum,17.713,hicp,3,0.761557,0.869693,-0.668961,2.192075,-0.673437,2.240035,0,1.002617,-0.310770,2.316003
z_gcs_1m_adj_sum,17.713,hicp,4,0.743652,0.845500,-0.647072,2.134375,-0.609148,2.265551,0,0.933816,-0.436869,2.304501
z_gcs_1m_adj_sum,17.713,hicp,5,0.190265,0.844041,-1.198059,1.578589,-1.160201,1.709539,0,0.306720,-1.099280,1.712719
z_gcs_1m_adj_sum,17.713,hicp,6,-0.212768,0.962400,-1.795774,1.370239,-1.896967,1.327072,0,-0.015286,-1.723040,1.692468
z_gcs_1m_adj_sum,17.713,hicp,7,-0.632890,1.011385,-2.296470,1.030690,-2.402813,1.035895,0,-0.484638,-2.422311,1.453035
z_gcs_1m_adj_sum,17.713,hicp,8,-1.576313,0.995450,-3.213682,0.061057,-3.318350,0.016407,0,-1.495389,-3.598685,0.607907
z_gcs_1m_adj_sum,17.713,hicp,9,-1.877174,1.200343,-3.851562,0.097215,-3.977774,0.043375,0,-1.836834,-4.079888,0.406219
z_gcs_1m_adj_sum,17.713,hicp,10,-2.044887,1.360499,-4.282708,0.192934,-4.425759,0.131911,0,-2.203832,-4.516999,0.109336
z_gcs_1m_adj_sum,17.713,hicp,11,-2.115464,1.516332,-4.609609,0.378680,-4.769046,0.386484,0,-2.204485,-4.611242,0.202272
z_gcs_1m_adj_sum,17.713,hicp,12,-1.619246,1.568149,-4.198621,0.960129,-4.285099,0.968199,0,-1.082081,-3.536475,1.372313
z_gcs_1m_adj_sum,17.713,hicp,13,-1.007377,1.692033,-3.790523,1.775769,-3.799231,1.869078,0,-0.592627,-3.196554,2.011299
z_gcs_1m_adj_sum,17.713,hicp,14,-0.546981,1.618921,-3.209869,2.115906,-3.137255,2.286130,0,-0.109762,-2.724000,2.504476
z_gcs_1m_adj_sum,17.713,hicp,15,-0.425447,1.512565,-2.913394,2.062501,-2.769922,2.372798,0,-0.004180,-2.707391,2.699030
z_gcs_1m_adj_sum,17.713,hicp,16,-0.335357,1.588852,-2.948785,2.278072,-2.798077,2.604019,0,-0.000580,-2.837658,2.836497
z_gcs_1m_adj_sum,17.713,hicp,17,-0.234667,1.650507,-2.949509,2.480175,-2.627902,2.983822,0,-0.085659,-2.987168,2.815849
z_gcs_1m_adj_sum,17.713,hicp,18,-0.191394,1.646908,-2.900316,2.517527,-2.661756,2.937730,0,0.010873,-3.001801,3.023546
z_gcs_1m_adj_sum,17.713,hicp,19,-0.328877,1.846696,-3.366421,2.708667,-3.006586,3.272180,0,-0.356767,-3.536835,2.823301
z_gcs_1m_adj_sum,17.713,hicp,20,-0.903948,1.689074,-3.682227,1.874332,-3.353105,2.389747,0,-1.043159,-4.320602,2.234285
z_gcs_1m_adj_sum,17.713,hicp,21,-1.065314,1.657602,-3.791826,1.661198,-3.468836,2.167009,0,-1.220039,-4.525949,2.085871
z_gcs_1m_adj_sum,17.713,hicp,22,-1.322703,1.631801,-4.006777,1.361371,-3.851995,1.696129,0,-1.760544,-5.234512,1.713423
z_gcs_1m_adj_sum,17.713,hicp,23,-0.859443,1.808837,-3.834715,2.115830,-3.572699,2.486906,0,-1.386076,-4.826857,2.054705
z_gcs_1m_adj_sum,17.713,hicp,24,-0.737270,1.984915,-4.002165,2.527624,-3.813889,2.934822,0,-0.591439,-4.110804,2.927926
z_gcs_1m_adj_sum,17.713,hicp,25,-1.470901,2.126198,-4.968185,2.026384,-4.660198,2.462566,0,-1.442035,-5.035827,2.151757
z_gcs_1m_adj_sum,17.713,hicp,26,-1.346068,1.927612,-4.516708,1.824572,-4.237486,2.220014,0,-1.348709,-5.047007,2.349589
z_gcs_1m_adj_sum,17.713,hicp,27,-2.013668,1.892325,-5.126266,1.098930,-4.852156,1.487134,0,-1.953778,-5.863571,1.956016
z_gcs_1m_adj_sum,17.713,hicp,28,-1.838549,1.960881,-5.063912,1.386813,-4.779871,1.887124,0,-1.958272,-5.974746,2.058201
z_gcs_1m_adj_sum,17.713,hicp,29,-1.300189,2.126088,-4.797292,2.196914,-4.383016,2.739378,0,-1.601866,-5.665783,2.462052
z_gcs_1m_adj_sum,17.713,hicp,30,-0.376273,2.119369,-3.862325,3.109779,-3.449359,3.650529,0,-0.721961,-4.672779,3.228857
z_gcs_1m_adj_sum,17.713,hicp,31,-0.873492,2.419279,-4.852851,3.105868,-4.381446,3.723139,0,-1.390907,-5.270122,2.488308
z_gcs_1m_adj_sum,17.713,hicp,32,-0.935676,2.157998,-4.485267,2.613915,-4.064773,3.164520,0,-1.677629,-5.418633,2.063376
z_gcs_1m_adj_sum,17.713,hicp,33,-0.857852,2.181831,-4.446644,2.730941,-4.021507,3.287628,0,-1.644184,-5.346041,2.057672
z_gcs_1m_adj_sum,17.713,hicp,34,-1.114865,2.134613,-4.625991,2.396261,-4.316784,2.834169,0,-2.119642,-5.878010,1.638727
z_gcs_1m_adj_sum,17.713,hicp,35,-0.710442,1.860559,-3.770789,2.349904,-3.408252,2.824619,0,-1.842507,-5.377544,1.692531
z_gcs_1m_adj_sum,17.713,hicp,36,-0.715802,1.892208,-3.828207,2.396604,-3.554114,2.784783,0,-1.137235,-4.728863,2.454394
z_gcs_1m_adj_sum,17.713,hicp,37,-0.318521,2.165268,-3.880069,3.243028,-3.458159,3.795488,0,-0.791151,-4.401374,2.819072
z_gcs_1m_adj_sum,17.713,hicp,38,0.092694,1.963880,-3.137601,3.322988,-2.754932,3.824065,0,-0.412168,-3.967962,3.143626
z_gcs_1m_adj_sum,17.713,hicp,39,-0.772744,2.021857,-4.098403,2.552916,-3.704437,3.068785,0,-1.411136,-5.034359,2.212087
z_gcs_1m_adj_sum,17.713,hicp,40,-0.547352,2.161587,-4.102846,3.008142,-3.681653,3.559663,0,-1.304079,-5.013395,2.405238
z_gcs_1m_adj_sum,17.713,hicp,41,-0.971226,1.903308,-4.101889,2.159437,-3.731023,2.645059,0,-1.938704,-5.606665,1.729257
z_gcs_1m_adj_sum,17.713,hicp,42,-0.964527,2.134250,-4.475056,2.546003,-4.165902,2.983836,0,-1.969728,-5.692334,1.752877
z_gcs_1m_adj_sum,17.713,hicp,43,-0.609709,2.392820,-4.545548,3.326130,-4.079298,3.936650,0,-1.974003,-5.681215,1.733209
z_gcs_1m_adj_sum,17.713,hicp,44,-0.291750,2.103087,-3.751020,3.167521,-3.341226,3.704116,0,-1.755716,-5.218104,1.706672
z_gcs_1m_adj_sum,17.713,hicp,45,-0.091810,1.830030,-3.101941,2.918321,-2.745353,3.385246,0,-1.335487,-4.685584,2.014609
z_gcs_1m_adj_sum,17.713,hicp,46,-0.771572,1.786873,-3.710717,2.167573,-3.451882,2.444800,0,-2.147058,-5.487089,1.192972
z_gcs_1m_adj_sum,17.713,hicp,47,-0.517253,1.671713,-3.266977,2.232470,-3.024823,2.575416,0,-1.769301,-4.745916,1.207315
z_gcs_1m_adj_sum,17.713,hicp,48,-0.595066,1.671189,-3.343927,2.153795,-3.101849,2.496633,0,-1.274082,-4.146260,1.598096
z_gcs_1m_adj_sum,17.713,stoxx,0,5.469550,8.221648,-8.053858,18.992957,-6.862922,22.735010,0,4.836874,-9.314766,18.988514
z_gcs_1m_adj_sum,17.713,stoxx,1,11.262092,10.908285,-6.680440,29.204623,-5.645750,32.533247,0,11.690962,-8.218560,31.600484
z_gcs_1m_adj_sum,17.713,stoxx,2,31.150730,13.230300,9.388824,52.912637,12.628311,58.272845,0,27.323010,2.041069,52.604950
z_gcs_1m_adj_sum,17.713,stoxx,3,29.577294,14.196410,6.226278,52.928310,7.572859,55.840652,0,26.202187,1.168929,51.235446
z_gcs_1m_adj_sum,17.713,stoxx,4,35.470406,16.543967,8.258002,62.682810,8.172860,64.422349,0,31.137033,5.643104,56.630963
z_gcs_1m_adj_sum,17.713,stoxx,5,23.864030,23.762642,-15.222038,62.950097,-14.156198,65.448653,0,16.993405,-16.187608,50.174419
z_gcs_1m_adj_sum,17.713,stoxx,6,15.268038,30.386263,-34.712916,65.248993,-33.349982,68.443998,0,5.196319,-33.467973,43.860611
z_gcs_1m_adj_sum,17.713,stoxx,7,16.944378,26.308872,-26.329865,60.218622,-25.149817,64.300348,0,3.781279,-32.959879,40.522437
z_gcs_1m_adj_sum,17.713,stoxx,8,2.177424,22.256576,-34.431385,38.786233,-33.433097,41.126431,0,-11.083860,-46.508731,24.341011
z_gcs_1m_adj_sum,17.713,stoxx,9,5.401787,23.568330,-33.364667,44.168241,-32.307542,47.824782,0,-7.633885,-44.414028,29.146257
z_gcs_1m_adj_sum,17.713,stoxx,10,5.930609,22.960263,-31.835664,43.696882,-29.657799,48.407096,0,-9.909200,-47.370704,27.552304
z_gcs_1m_adj_sum,17.713,stoxx,11,21.057090,21.305909,-13.988013,56.102192,-11.967070,59.407726,0,5.939657,-31.733448,43.612763
z_gcs_1m_adj_sum,17.713,stoxx,12,31.235572,18.238343,1.236167,61.234976,2.966140,64.976506,0,17.096224,-18.431013,52.623462
z_gcs_1m_adj_sum,17.713,stoxx,13,30.237054,15.880351,4.116202,56.357907,5.622511,59.615703,0,17.092781,-16.117662,50.303225
z_gcs_1m_adj_sum,17.713,stoxx,14,42.402923,20.125771,9.298975,75.506871,11.207977,79.635600,0,26.263944,-8.470514,60.998401
z_gcs_1m_adj_sum,17.713,stoxx,15,48.273737,22.484693,11.289707,85.257766,13.422462,89.870419,0,29.687327,-4.446489,63.821143
z_gcs_1m_adj_sum,17.713,stoxx,16,44.568581,21.426876,9.324506,79.812655,10.285579,83.136957,0,29.783348,-1.958030,61.524726
z_gcs_1m_adj_sum,17.713,stoxx,17,39.136957,19.168632,7.607364,70.666550,8.467146,73.640494,0,25.890165,-4.933406,56.713735
z_gcs_1m_adj_sum,17.713,stoxx,18,17.673931,19.828256,-14.940649,50.288510,-16.034105,51.381967,0,3.720953,-25.553576,32.995483
z_gcs_1m_adj_sum,17.713,stoxx,19,28.392887,18.826591,-2.574099,59.359872,-2.670988,60.398090,0,16.830747,-12.803462,46.464956
z_gcs_1m_adj_sum,17.713,stoxx,20,38.279708,15.765145,12.348351,64.211064,13.055475,66.656969,0,27.997711,-1.778003,57.773425
z_gcs_1m_adj_sum,17.713,stoxx,21,26.921251,13.937366,3.996325,49.846177,3.227730,49.917904,0,19.694265,-8.052748,47.441278
z_gcs_1m_adj_sum,17.713,stoxx,22,23.982837,12.627306,3.212767,44.752907,2.516417,44.817892,0,17.335703,-10.893639,45.565044
z_gcs_1m_adj_sum,17.713,stoxx,23,-4.314897,12.736032,-25.263807,16.634012,-26.602954,16.699556,0,-13.447313,-41.955566,15.060940
z_gcs_1m_adj_sum,17.713,stoxx,24,-5.419908,11.594508,-24.491177,13.651361,-26.290023,12.551580,0,-12.098288,-41.311256,17.114680
z_gcs_1m_adj_sum,17.713,stoxx,25,-6.386121,12.225687,-26.495587,13.723345,-29.003642,11.952410,0,-11.505395,-38.846840,15.836050
z_gcs_1m_adj_sum,17.713,stoxx,26,-10.266399,10.880123,-28.162609,7.629812,-31.482639,5.509780,0,-15.492087,-41.990951,11.006776
z_gcs_1m_adj_sum,17.713,stoxx,27,-16.972071,16.054979,-43.380161,9.436020,-47.476531,6.307649,0,-19.803408,-46.651122,7.044306
z_gcs_1m_adj_sum,17.713,stoxx,28,-12.083694,15.921267,-38.271847,14.104459,-42.334101,11.002142,0,-12.801097,-41.310362,15.708169
z_gcs_1m_adj_sum,17.713,stoxx,29,0.512300,13.279657,-21.330793,22.355392,-25.383032,19.767802,0,0.187461,-30.094347,30.469270
z_gcs_1m_adj_sum,17.713,stoxx,30,-11.123429,14.937952,-35.694173,13.447315,-40.252434,10.536601,0,-9.899302,-42.399098,22.600494
z_gcs_1m_adj_sum,17.713,stoxx,31,-14.870135,15.414074,-40.224030,10.483760,-44.156875,7.480272,0,-11.547356,-45.360111,22.265399
z_gcs_1m_adj_sum,17.713,stoxx,32,-6.034982,14.887405,-30.522583,18.452620,-33.576680,16.296125,0,-3.244547,-39.388007,32.898914
z_gcs_1m_adj_sum,17.713,stoxx,33,4.324152,15.632381,-21.388827,30.037131,-24.595754,27.772724,0,5.195244,-30.611086,41.001573
z_gcs_1m_adj_sum,17.713,stoxx,34,17.905035,14.907532,-6.615673,42.425744,-9.673900,40.266334,0,17.525043,-18.662388,53.712475
z_gcs_1m_adj_sum,17.713,stoxx,35,6.001880,14.737616,-18.239341,30.243101,-22.736471,26.634543,0,7.651404,-26.045159,41.347967
z_gcs_1m_adj_sum,17.713,stoxx,36,2.187167,14.023646,-20.879678,25.254012,-25.158943,22.521454,0,3.525526,-27.437339,34.488390
z_gcs_1m_adj_sum,17.713,stoxx,37,-8.245732,11.347170,-26.910165,10.418701,-29.805354,8.207664,0,-7.866470,-38.161558,22.428617
z_gcs_1m_adj_sum,17.713,stoxx,38,-8.097915,10.906665,-26.037781,9.841952,-28.820577,7.716749,0,-6.652107,-37.457101,24.152887
z_gcs_1m_adj_sum,17.713,stoxx,39,-13.342350,8.289817,-26.977885,0.293186,-28.264020,-0.493133,0,-12.280471,-44.573271,20.012329
z_gcs_1m_adj_sum,17.713,stoxx,40,-28.745737,8.728563,-43.102947,-14.388528,-44.893580,-15.652893,0,-22.381679,-55.246885,10.483527
z_gcs_1m_adj_sum,17.713,stoxx,41,-24.996360,10.326015,-41.981143,-8.011577,-43.583187,-9.507338,0,-19.329238,-52.307399,13.648922
z_gcs_1m_adj_sum,17.713,stoxx,42,-14.674828,10.815730,-32.465121,3.115464,-33.602356,2.089553,0,-10.835573,-44.103107,22.431961
z_gcs_1m_adj_sum,17.713,stoxx,43,-21.240162,11.320739,-39.861121,-2.619202,-42.183529,-4.259052,0,-15.065436,-49.751058,19.620186
z_gcs_1m_adj_sum,17.713,stoxx,44,-22.670211,12.578494,-43.359993,-1.980430,-45.940425,-3.802470,0,-18.087864,-53.464936,17.289208
z_gcs_1m_adj_sum,17.713,stoxx,45,-13.968557,13.241273,-35.748513,7.811399,-36.478722,7.879543,0,-7.152353,-40.130142,25.825436
z_gcs_1m_adj_sum,17.713,stoxx,46,-15.620029,14.515528,-39.495949,8.255890,-40.296427,7.604816,0,-7.227385,-39.373635,24.918865
z_gcs_1m_adj_sum,17.713,stoxx,47,-20.709538,13.661805,-43.181209,1.762132,-43.934608,1.832441,0,-8.985404,-42.938866,24.968058
z_gcs_1m_adj_sum,17.713,stoxx,48,-23.447074,15.685507,-49.247437,2.353289,-49.328161,2.434013,0,-11.229006,-44.695964,22.237952
z_gc_1m_adj_sum,13.687,ois1m,0,1.000000,0.000000,1.000000,1.000000,1.000000,1.000000,0,1.000000,1.000000,1.000000
z_gc_1m_adj_sum,13.687,ois1m,1,0.427380,0.318588,-0.096650,0.951410,-0.385018,0.841544,0,0.530983,-0.019124,1.081089
z_gc_1m_adj_sum,13.687,ois1m,2,-0.184413,0.482822,-0.978585,0.609759,-1.488033,0.394974,0,-0.070770,-0.939853,0.798313
z_gc_1m_adj_sum,13.687,ois1m,3,-0.402718,0.615380,-1.414928,0.609492,-2.002706,0.335738,0,-0.190770,-1.291724,0.910183
z_gc_1m_adj_sum,13.687,ois1m,4,-0.260772,0.827997,-1.622706,1.101162,-2.372165,0.774224,0,-0.144426,-1.760070,1.471217
z_gc_1m_adj_sum,13.687,ois1m,5,-0.869412,0.844169,-2.257946,0.519123,-2.895418,0.228009,0,-0.793736,-2.772209,1.184738
z_gc_1m_adj_sum,13.687,ois1m,6,-0.859732,0.931583,-2.392049,0.672586,-3.048952,0.397906,0,-0.784756,-2.993682,1.424170
z_gc_1m_adj_sum,13.687,ois1m,7,-1.201266,1.063536,-2.950628,0.548095,-3.647400,0.234508,0,-1.186337,-3.563162,1.190488
z_gc_1m_adj_sum,13.687,ois1m,8,-0.908017,0.988328,-2.533673,0.717638,-3.082340,0.475642,0,-1.099167,-3.392356,1.194021
z_gc_1m_adj_sum,13.687,ois1m,9,-1.039435,1.099875,-2.848569,0.769699,-3.514155,0.445397,0,-1.261801,-3.589105,1.065503
z_gc_1m_adj_sum,13.687,ois1m,10,-1.066072,1.218705,-3.070663,0.938519,-3.808158,0.579179,0,-1.442805,-3.809265,0.923655
z_gc_1m_adj_sum,13.687,ois1m,11,-0.644184,1.119758,-2.486021,1.197653,-3.107651,0.923477,0,-1.093202,-3.316507,1.130103
z_gc_1m_adj_sum,13.687,ois1m,12,-0.850605,1.126866,-2.704135,1.002924,-3.329710,0.727007,0,-1.316347,-3.490018,0.857324
z_gc_1m_adj_sum,13.687,ois1m,13,-0.658210,1.126505,-2.511147,1.194726,-3.136522,0.918897,0,-1.143182,-3.231738,0.945374
z_gc_1m_adj_sum,13.687,ois1m,14,-0.305609,1.057146,-2.044460,1.433241,-2.525616,1.227252,0,-0.822325,-2.779836,1.135186
z_gc_1m_adj_sum,13.687,ois1m,15,-0.250414,1.041615,-1.963719,1.462890,-2.437806,1.259928,0,-0.823547,-2.760955,1.113861
z_gc_1m_adj_sum,13.687,ois1m,16,-0.246024,1.064906,-1.997639,1.505591,-2.535572,1.244845,0,-0.806501,-2.751441,1.138439
z_gc_1m_adj_sum,13.687,ois1m,17,-0.187736,0.990377,-1.816762,1.441290,-2.317047,1.248311,0,-0.727139,-2.587890,1.133613
z_gc_1m_adj_sum,13.687,ois1m,18,-0.278929,1.043753,-1.995750,1.437893,-2.522998,1.234513,0,-0.839658,-2.762372,1.083055
z_gc_1m_adj_sum,13.687,ois1m,19,-0.360215,1.072307,-2.124004,1.403573,-2.665676,1.141015,0,-0.878186,-2.879218,1.122846
z_gc_1m_adj_sum,13.687,ois1m,20,-0.693543,1.055241,-2.429260,1.042175,-2.962312,0.783795,0,-1.168723,-3.200319,0.862874
z_gc_1m_adj_sum,13.687,ois1m,21,-0.584912,0.978435,-2.194295,1.024470,-2.639626,0.833819,0,-1.004273,-2.966845,0.958300
z_gc_1m_adj_sum,13.687,ois1m,22,-0.696380,0.975401,-2.300772,0.908012,-2.744722,0.717951,0,-1.054837,-2.988900,0.879226
z_gc_1m_adj_sum,13.687,ois1m,23,-0.890904,0.937275,-2.432584,0.650776,-2.859182,0.421280,0,-1.280698,-3.162237,0.600841
z_gc_1m_adj_sum,13.687,ois1m,24,-0.729212,0.965985,-2.318115,0.859691,-2.757779,0.623167,0,-1.065352,-2.954624,0.823920
z_gc_1m_adj_sum,13.687,ois1m,25,-0.795071,1.173448,-2.725221,1.135079,-3.317984,0.847756,0,-1.107900,-3.114063,0.898263
z_gc_1m_adj_sum,13.687,ois1m,26,-1.043070,1.184168,-2.990853,0.904712,-3.589031,0.614764,0,-1.302281,-3.222426,0.617864
z_gc_1m_adj_sum,13.687,ois1m,27,-1.418849,1.291197,-3.542678,0.704981,-4.194922,0.388827,0,-1.573961,-3.436703,0.288780
z_gc_1m_adj_sum,13.687,ois1m,28,-1.188168,1.209704,-3.177953,0.801618,-3.728546,0.505418,0,-1.329394,-2.945656,0.286868
z_gc_1m_adj_sum,13.687,ois1m,29,-0.839796,0.993561,-2.474058,0.794466,-2.876596,0.551189,0,-0.988458,-2.313088,0.336172
z_gc_1m_adj_sum,13.687,ois1m,30,-0.743970,0.770840,-2.011890,0.523950,-2.247109,0.412291,0,-0.844157,-2.054634,0.366320
z_gc_1m_adj_sum,13.687,ois1m,31,-0.305348,0.635263,-1.350263,0.739567,-1.448822,0.711073,0,-0.344482,-1.614842,0.925877
z_gc_1m_adj_sum,13.687,ois1m,32,-0.021569,0.603633,-1.014456,0.971318,-1.017563,1.034788,0,-0.038993,-1.483591,1.405605
z_gc_1m_adj_sum,13.687,ois1m,33,0.164126,0.596088,-0.816352,1.144603,-0.759811,1.266888,0,0.151827,-1.404542,1.708196
z_gc_1m_adj_sum,13.687,ois1m,34,0.544454,0.748258,-0.686320,1.775229,-0.577932,1.966144,0,0.606854,-1.114827,2.328536
z_gc_1m_adj_sum,13.687,ois1m,35,0.512587,0.806865,-0.814587,1.839761,-0.657367,2.085973,0,0.582202,-1.201579,2.365983
z_gc_1m_adj_sum,13.687,ois1m,36,0.849106,0.890235,-0.615200,2.313411,-0.397223,2.629575,0,0.899910,-0.992176,2.791995
z_gc_1m_adj_sum,13.687,ois1m,37,1.056222,0.955895,-0.516084,2.628529,-0.282030,2.968012,0,1.212584,-0.769214,3.194382
z_gc_1m_adj_sum,13.687,ois1m,38,0.921476,0.988453,-0.704385,2.547336,-0.462359,2.898382,0,1.111059,-0.879940,3.102057
z_gc_1m_adj_sum,13.687,ois1m,39,0.885070,0.952359,-0.681421,2.451561,-0.448232,2.742169,0,1.142387,-0.855654,3.140428
z_gc_1m_adj_sum,13.687,ois1m,40,0.795130,0.876839,-0.647142,2.237401,-0.476287,2.504966,0,1.114034,-0.882568,3.110636
z_gc_1m_adj_sum,13.687,ois1m,41,0.546329,0.822255,-0.806161,1.898818,-0.687054,2.108614,0,0.861838,-1.014755,2.738430
z_gc_1m_adj_sum,13.687,ois1m,42,0.645118,0.822461,-0.707709,1.997946,-0.547450,2.248917,0,0.962061,-1.019841,2.943963
z_gc_1m_adj_sum,13.687,ois1m,43,0.653696,0.796955,-0.657179,1.964570,-0.501890,2.207758,0,1.021384,-0.941724,2.984492
z_gc_1m_adj_sum,13.687,ois1m,44,0.822006,0.907687,-0.671006,2.315019,-0.494140,2.591997,0,1.204998,-0.744585,3.154581
z_gc_1m_adj_sum,13.687,ois1m,45,0.839434,1.015148,-0.830336,2.509204,-0.632531,2.768216,0,1.259363,-0.730219,3.248944
z_gc_1m_adj_sum,13.687,ois1m,46,0.934442,1.003004,-0.715353,2.584236,-0.519914,2.840149,0,1.348998,-0.614576,3.312571
z_gc_1m_adj_sum,13.687,ois1m,47,0.932906,1.092546,-0.864172,2.729984,-0.705912,3.008743,0,1.348856,-0.629681,3.327393
z_gc_1m_adj_sum,13.687,ois1m,48,1.091140,1.113953,-0.741149,2.923430,-0.579789,3.151953,0,1.463656,-0.553341,3.480653
z_gc_1m_adj_sum,13.687,ip,0,-0.115264,1.528177,-2.628892,2.398364,-3.248027,2.329820,0,-0.569258,-3.485664,2.347147
z_gc_1m_adj_sum,13.687,ip,1,-0.935514,2.076957,-4.351805,2.480777,-5.712516,2.076074,0,-0.444584,-4.401140,3.511971
z_gc_1m_adj_sum,13.687,ip,2,1.549557,2.411509,-2.417022,5.516136,-4.117489,4.925670,0,1.604484,-3.521564,6.730532
z_gc_1m_adj_sum,13.687,ip,3,-4.077720,2.573516,-8.310778,0.155338,-9.996808,-0.474797,0,-4.026546,-10.741479,2.688387
z_gc_1m_adj_sum,13.687,ip,4,-2.460919,3.384351,-8.027682,3.105843,-10.583362,1.938737,0,-2.899248,-10.249539,4.451043
z_gc_1m_adj_sum,13.687,ip,5,-2.194050,4.402156,-9.434952,5.046852,-12.098901,3.968968,0,-2.932649,-11.532978,5.667679
z_gc_1m_adj_sum,13.687,ip,6,-6.403223,5.732566,-15.832455,3.026008,-19.874753,1.049112,0,-7.783962,-19.355070,3.787146
z_gc_1m_adj_sum,13.687,ip,7,-8.212969,5.337817,-16.992896,0.566959,-20.223057,-1.006916,0,-9.407078,-20.810514,1.996359
z_gc_1m_adj_sum,13.687,ip,8,-7.601884,6.128635,-17.682592,2.478824,-20.778449,1.284637,0,-9.433435,-20.451032,1.584161
z_gc_1m_adj_sum,13.687,ip,9,-7.021785,5.935994,-16.785627,2.742056,-19.784173,1.585406,0,-9.546136,-20.613609,1.521336
z_gc_1m_adj_sum,13.687,ip,10,-5.614694,5.631890,-14.878329,3.648941,-17.723258,2.269953,0,-9.113497,-19.652103,1.425110
z_gc_1m_adj_sum,13.687,ip,11,-2.707333,4.826422,-10.646091,5.231425,-12.360178,4.773621,0,-5.461066,-14.090233,3.168102
z_gc_1m_adj_sum,13.687,ip,12,-3.036162,4.313401,-10.131075,4.058751,-11.878634,3.433939,0,-6.708321,-14.653993,1.237350
z_gc_1m_adj_sum,13.687,ip,13,-1.652546,4.487395,-9.033654,5.728562,-10.627336,5.078547,0,-6.147413,-14.037917,1.743091
z_gc_1m_adj_sum,13.687,ip,14,1.772236,3.886256,-4.620086,8.164558,-5.417338,8.184558,0,-1.574213,-8.693943,5.545517
z_gc_1m_adj_sum,13.687,ip,15,0.704390,3.889063,-5.692549,7.101330,-6.684829,6.926891,0,-2.922473,-10.378296,4.533351
z_gc_1m_adj_sum,13.687,ip,16,-0.181474,4.199339,-7.088772,6.725823,-7.740284,6.957402,0,-3.360966,-11.055424,4.333492
z_gc_1m_adj_sum,13.687,ip,17,3.032121,4.619193,-4.565776,10.630018,-5.282427,10.884750,0,-0.062190,-7.844677,7.720297
z_gc_1m_adj_sum,13.687,ip,18,3.292036,3.936210,-3.182453,9.766525,-3.399521,10.377214,0,-0.247768,-7.798291,7.302755
z_gc_1m_adj_sum,13.687,ip,19,2.209440,4.343959,-4.935737,9.354618,-6.044083,9.159776,0,-0.874061,-8.932389,7.184267
z_gc_1m_adj_sum,13.687,ip,20,2.280695,4.000761,-4.299972,8.861361,-4.320561,9.682103,0,-0.379083,-8.148893,7.390727
z_gc_1m_adj_sum,13.687,ip,21,-2.398807,4.031584,-9.030172,4.232559,-10.461974,3.648569,0,-4.721148,-12.801113,3.358818
z_gc_1m_adj_sum,13.687,ip,22,-1.035345,3.810198,-7.302563,5.231873,-8.274721,5.060972,0,-2.657878,-10.516120,5.200364
z_gc_1m_adj_sum,13.687,ip,23,2.922149,4.237360,-4.047688,9.891985,-3.645759,11.185000,0,1.240573,-7.288980,9.770126
z_gc_1m_adj_sum,13.687,ip,24,0.100734,3.652683,-5.907395,6.108863,-6.474096,6.127661,0,-1.007454,-8.654286,6.639378
z_gc_1m_adj_sum,13.687,ip,25,1.199924,4.005533,-5.388591,7.788440,-5.609482,8.209607,0,0.108485,-8.129060,8.346030
z_gc_1m_adj_sum,13.687,ip,26,-0.951338,4.193666,-7.849304,5.946629,-8.080569,6.177894,0,-1.768168,-9.993373,6.457038
z_gc_1m_adj_sum,13.687,ip,27,0.249686,4.130526,-6.544425,7.043797,-7.391787,6.858528,0,0.131842,-8.156417,8.420100
z_gc_1m_adj_sum,13.687,ip,28,1.855971,4.960924,-6.304023,10.015965,-7.073692,10.041495,0,0.894524,-7.844609,9.633657
z_gc_1m_adj_sum,13.687,ip,29,-1.472382,4.993451,-9.685879,6.741114,-9.961249,7.016485,0,-1.623285,-10.902051,7.655481
z_gc_1m_adj_sum,13.687,ip,30,3.477615,4.930456,-4.632263,11.587494,-4.411114,12.352436,0,3.905626,-8.190993,16.002246
z_gc_1m_adj_sum,13.687,ip,31,4.727841,4.383817,-2.482897,11.938578,-1.847885,13.057093,0,4.757358,-7.480106,16.994821
z_gc_1m_adj_sum,13.687,ip,32,6.508831,5.395097,-2.365314,15.382976,-1.044305,17.568780,0,7.169042,-6.556153,20.894237
z_gc_1m_adj_sum,13.687,ip,33,5.921213,7.648744,-6.659851,18.502278,-5.169466,21.218702,0,7.065636,-8.056087,22.187359
z_gc_1m_adj_sum,13.687,ip,34,8.382208,7.296934,-3.620181,20.384596,-2.198347,22.976076,0,9.763237,-6.029548,25.556022
z_gc_1m_adj_sum,13.687,ip,35,4.911200,7.506167,-7.435346,17.257747,-6.348051,19.548227,0,6.564755,-8.413189,21.542700
z_gc_1m_adj_sum,13.687,ip,36,5.780388,6.911268,-5.587637,17.148413,-3.895387,19.602925,0,7.555992,-7.100854,22.212839
z_gc_1m_adj_sum,13.687,ip,37,7.052398,7.386441,-5.097217,19.202013,-3.657942,21.455959,0,9.093283,-5.742450,23.929016
z_gc_1m_adj_sum,13.687,ip,38,6.783088,8.069222,-6.489602,20.055777,-4.917284,22.518071,0,8.807254,-6.171628,23.786137
z_gc_1m_adj_sum,13.687,ip,39,7.322847,7.347400,-4.762551,19.408244,-3.330883,21.650276,0,9.869778,-4.164148,23.903703
z_gc_1m_adj_sum,13.687,ip,40,5.823464,8.147085,-7.577298,19.224226,-5.989809,21.302925,0,8.624653,-5.422815,22.672120
z_gc_1m_adj_sum,13.687,ip,41,6.246070,7.966206,-6.857174,19.349313,-5.703240,20.983551,0,9.233435,-4.746040,23.212910
z_gc_1m_adj_sum,13.687,ip,42,5.058167,6.398965,-5.467193,15.583527,-4.540280,17.216199,0,8.509330,-4.611349,21.630008
z_gc_1m_adj_sum,13.687,ip,43,6.974190,6.797933,-4.207415,18.155794,-3.222710,19.890262,0,9.627391,-4.387192,23.641975
z_gc_1m_adj_sum,13.687,ip,44,7.789903,8.013347,-5.390879,20.970686,-3.829450,23.015262,0,10.523109,-4.212260,25.258477
z_gc_1m_adj_sum,13.687,ip,45,9.786380,8.068582,-3.485256,23.058016,-1.913064,25.520115,0,13.305871,-1.671798,28.283540
z_gc_1m_adj_sum,13.687,ip,46,10.317626,7.657750,-2.278252,22.913503,-0.786112,25.250238,0,12.462493,-2.414660,27.339646
z_gc_1m_adj_sum,13.687,ip,47,7.118224,7.935866,-5.935115,20.171563,-4.388782,22.196370,0,9.899284,-3.447453,23.246021
z_gc_1m_adj_sum,13.687,ip,48,10.954775,7.595381,-1.538515,23.448065,-0.438297,25.006229,0,14.153118,0.452988,27.853247
z_gc_1m_adj_sum,13.687,hicp,0,0.358199,0.617575,-0.657622,1.374019,-0.753437,1.469834,0,0.236113,-0.565825,1.038050
z_gc_1m_adj_sum,13.687,hicp,1,0.188890,0.836426,-1.186909,1.564688,-1.693069,1.443529,0,0.002949,-1.234098,1.239995
z_gc_1m_adj_sum,13.687,hicp,2,0.012437,0.977850,-1.595982,1.620857,-2.334402,1.332535,0,-0.176069,-1.633323,1.281186
z_gc_1m_adj_sum,13.687,hicp,3,-0.534538,1.070932,-2.296064,1.226988,-3.051228,0.911220,0,-0.488192,-2.185928,1.209545
z_gc_1m_adj_sum,13.687,hicp,4,-0.605058,0.982684,-2.221429,1.011314,-2.717829,0.819834,0,-0.435980,-2.192160,1.320200
z_gc_1m_adj_sum,13.687,hicp,5,-0.930607,1.111928,-2.759566,0.898352,-3.265656,0.681689,0,-0.814296,-2.764881,1.136290
z_gc_1m_adj_sum,13.687,hicp,6,-0.592888,1.340218,-2.797349,1.611574,-3.541366,1.283417,0,-0.527377,-2.719096,1.664342
z_gc_1m_adj_sum,13.687,hicp,7,-0.693023,1.288581,-2.812551,1.426505,-3.463473,1.175420,0,-0.696000,-3.016147,1.624147
z_gc_1m_adj_sum,13.687,hicp,8,-2.338711,1.537733,-4.868057,0.190634,-5.875497,-0.262772,0,-2.276001,-5.033208,0.481207
z_gc_1m_adj_sum,13.687,hicp,9,-2.264499,1.764835,-5.167395,0.638397,-6.323621,0.118029,0,-2.302824,-5.208122,0.602474
z_gc_1m_adj_sum,13.687,hicp,10,-2.806903,2.094862,-6.252645,0.638838,-7.729829,-0.083583,0,-3.060950,-6.316160,0.194260
z_gc_1m_adj_sum,13.687,hicp,11,-2.688689,2.045037,-6.052475,0.675097,-7.392273,-0.030142,0,-2.815167,-6.028556,0.398221
z_gc_1m_adj_sum,13.687,hicp,12,-1.808014,1.885269,-4.909005,1.292976,-5.955605,0.831362,0,-1.899456,-5.011901,1.212990
z_gc_1m_adj_sum,13.687,hicp,13,-1.687747,2.048361,-5.057001,1.681507,-6.091723,1.179958,0,-1.865181,-5.301842,1.571480
z_gc_1m_adj_sum,13.687,hicp,14,-1.380086,1.839236,-4.405361,1.645189,-5.242483,1.286807,0,-1.558931,-4.955665,1.837803
z_gc_1m_adj_sum,13.687,hicp,15,-1.696693,1.813040,-4.678878,1.285492,-5.413425,1.022867,0,-1.860639,-5.342141,1.620864
z_gc_1m_adj_sum,13.687,hicp,16,-1.622538,2.030844,-4.962979,1.717903,-5.785769,1.423728,0,-1.831779,-5.472369,1.808812
z_gc_1m_adj_sum,13.687,hicp,17,-1.332900,1.904339,-4.465258,1.799458,-5.046360,1.618825,0,-1.704018,-5.188302,1.780265
z_gc_1m_adj_sum,13.687,hicp,18,-1.095369,2.212886,-4.735242,2.544505,-5.521140,2.223960,0,-1.504608,-5.088992,2.079776
z_gc_1m_adj_sum,13.687,hicp,19,-1.151318,2.202060,-4.773385,2.470749,-5.445336,2.261875,0,-1.600313,-5.278639,2.078013
z_gc_1m_adj_sum,13.687,hicp,20,-2.355033,2.322159,-6.174645,1.464579,-7.231568,1.012098,0,-2.852642,-6.970169,1.264885
z_gc_1m_adj_sum,13.687,hicp,21,-2.998389,2.461087,-7.046518,1.049740,-8.289727,0.447133,0,-3.408146,-7.862128,1.045835
z_gc_1m_adj_sum,13.687,hicp,22,-3.696163,2.618562,-8.003314,0.610988,-9.457000,-0.161104,0,-4.258965,-8.983575,0.465644
z_gc_1m_adj_sum,13.687,hicp,23,-3.395468,2.648116,-7.751232,0.960295,-9.088918,0.311894,0,-3.887169,-8.602934,0.828596
z_gc_1m_adj_sum,13.687,hicp,24,-3.257393,2.963063,-8.131198,1.616412,-9.627979,0.890895,0,-3.632764,-8.439733,1.174205
z_gc_1m_adj_sum,13.687,hicp,25,-3.905686,3.062747,-8.943457,1.132085,-10.184318,0.535297,0,-4.257566,-9.300469,0.785338
z_gc_1m_adj_sum,13.687,hicp,26,-3.989610,2.838466,-8.658471,0.679250,-9.950388,-0.015758,0,-4.206853,-9.395242,0.981535
z_gc_1m_adj_sum,13.687,hicp,27,-4.682315,2.814535,-9.311813,-0.052817,-10.592838,-0.741966,0,-4.824081,-10.149334,0.501173
z_gc_1m_adj_sum,13.687,hicp,28,-4.443587,2.655311,-8.811184,-0.075989,-9.886974,-0.593386,0,-4.691703,-9.881107,0.497700
z_gc_1m_adj_sum,13.687,hicp,29,-3.506503,2.358501,-7.385891,0.372886,-8.105579,0.031248,0,-3.920698,-8.586710,0.745315
z_gc_1m_adj_sum,13.687,hicp,30,-2.829579,2.428709,-6.824451,1.165292,-7.565563,0.813485,0,-3.460341,-8.096280,1.175598
z_gc_1m_adj_sum,13.687,hicp,31,-2.921152,2.637615,-7.259642,1.417339,-7.932620,1.035271,0,-3.599206,-8.088137,0.889724
z_gc_1m_adj_sum,13.687,hicp,32,-3.486345,2.477730,-7.561848,0.589158,-8.317918,0.230249,0,-4.116837,-8.727652,0.493978
z_gc_1m_adj_sum,13.687,hicp,33,-3.375602,2.408837,-7.337786,0.586583,-8.193276,0.117212,0,-3.930620,-8.485451,0.624211
z_gc_1m_adj_sum,13.687,hicp,34,-3.551819,2.298719,-7.332876,0.229237,-8.149257,-0.218677,0,-4.113890,-8.598115,0.370334
z_gc_1m_adj_sum,13.687,hicp,35,-3.154754,1.999076,-6.442941,0.133434,-7.052952,-0.256093,0,-3.720119,-7.851972,0.411734
z_gc_1m_adj_sum,13.687,hicp,36,-3.429835,2.266391,-7.157717,0.298046,-7.735979,-0.030249,0,-3.932549,-8.211031,0.345932
z_gc_1m_adj_sum,13.687,hicp,37,-3.259672,2.642021,-7.605410,1.086067,-8.147411,0.835462,0,-3.669290,-8.053714,0.715133
z_gc_1m_adj_sum,13.687,hicp,38,-3.088389,2.090263,-6.526566,0.349788,-6.955376,0.151519,0,-3.355577,-7.571628,0.860475
z_gc_1m_adj_sum,13.687,hicp,39,-4.418274,2.329123,-8.249341,-0.587207,-8.610696,-0.808133,0,-4.510085,-9.109503,0.089334
z_gc_1m_adj_sum,13.687,hicp,40,-3.378614,2.083924,-6.806364,0.049136,-7.129677,-0.148532,0,-3.456367,-7.875862,0.963128
z_gc_1m_adj_sum,13.687,hicp,41,-3.569638,1.685032,-6.341269,-0.798006,-6.602696,-0.957837,0,-3.867044,-8.033794,0.299706
z_gc_1m_adj_sum,13.687,hicp,42,-3.418278,2.224413,-7.077112,0.240556,-7.422221,0.029563,0,-3.872073,-8.326138,0.581993
z_gc_1m_adj_sum,13.687,hicp,43,-2.586036,2.127707,-6.085803,0.913730,-6.309523,0.818295,0,-3.059956,-7.255072,1.135160
z_gc_1m_adj_sum,13.687,hicp,44,-2.430139,1.932419,-5.608686,0.748407,-5.811873,0.661731,0,-2.919295,-6.928446,1.089856
z_gc_1m_adj_sum,13.687,hicp,45,-2.695589,1.700329,-5.492381,0.101203,-5.586148,0.109953,0,-2.923056,-6.773717,0.927605
z_gc_1m_adj_sum,13.687,hicp,46,-3.351221,1.670799,-6.099440,-0.603002,-6.275118,-0.677943,0,-3.603080,-7.443755,0.237594
z_gc_1m_adj_sum,13.687,hicp,47,-3.005549,1.661912,-5.739152,-0.271947,-5.913896,-0.346490,0,-3.086726,-6.547750,0.374298
z_gc_1m_adj_sum,13.687,hicp,48,-2.550829,1.847720,-5.590059,0.488400,-5.784340,0.405524,0,-2.831252,-6.134963,0.472459
z_gc_1m_adj_sum,13.687,stoxx,0,11.632098,12.361326,-8.700473,31.964669,-5.055691,41.917346,0,11.002392,-9.106312,31.111097
z_gc_1m_adj_sum,13.687,stoxx,1,15.068581,15.894756,-11.075966,41.213128,-7.978815,51.626519,0,14.495429,-13.488232,42.479090
z_gc_1m_adj_sum,13.687,stoxx,2,16.606135,17.615460,-12.368718,45.580988,-8.055508,57.121693,0,13.404295,-14.665569,41.474158
z_gc_1m_adj_sum,13.687,stoxx,3,14.429427,17.483133,-14.327769,43.186622,-11.795273,52.018164,0,14.991960,-12.665390,42.649311
z_gc_1m_adj_sum,13.687,stoxx,4,26.670403,15.605413,1.001783,52.339024,-0.639070,54.760147,0,29.523097,1.668054,57.378140
z_gc_1m_adj_sum,13.687,stoxx,5,5.195708,20.059580,-27.799365,38.190780,-28.905578,42.305930,0,6.648687,-28.935758,42.233132
z_gc_1m_adj_sum,13.687,stoxx,6,-8.264820,20.510921,-42.002283,25.472644,-44.158932,28.654839,0,-8.943968,-44.077018,26.189082
z_gc_1m_adj_sum,13.687,stoxx,7,-0.758795,20.408787,-34.328262,32.810672,-35.453733,36.997461,0,-4.090415,-42.076589,33.895759
z_gc_1m_adj_sum,13.687,stoxx,8,2.515729,23.039754,-35.381294,40.412751,-40.107816,41.683310,0,-7.182258,-46.241722,31.877205
z_gc_1m_adj_sum,13.687,stoxx,9,15.289054,20.484636,-18.405174,48.983283,-19.534827,52.161400,0,4.624475,-36.124046,45.372996
z_gc_1m_adj_sum,13.687,stoxx,10,7.707073,20.409606,-25.863742,41.277888,-24.948297,46.485325,0,-1.784020,-45.587189,42.019148
z_gc_1m_adj_sum,13.687,stoxx,11,19.951198,21.164312,-14.860997,54.763392,-12.853485,61.221605,0,10.792786,-36.588033,58.173606
z_gc_1m_adj_sum,13.687,stoxx,12,21.792602,19.182853,-9.760383,53.345588,-7.940820,59.199167,0,14.248698,-31.170410,59.667806
z_gc_1m_adj_sum,13.687,stoxx,13,15.049584,17.582388,-13.870870,43.970038,-13.961356,47.577001,0,8.073539,-32.626257,48.773335
z_gc_1m_adj_sum,13.687,stoxx,14,16.614375,17.177869,-11.640705,44.869456,-11.729109,48.393433,0,11.295001,-25.375631,47.965634
z_gc_1m_adj_sum,13.687,stoxx,15,23.696400,21.761739,-12.098476,59.491275,-8.946209,69.396051,0,19.158216,-16.573284,54.889715
z_gc_1m_adj_sum,13.687,stoxx,16,24.597523,18.099855,-5.174089,54.369135,-2.552259,60.797233,0,22.018953,-11.143846,55.181752
z_gc_1m_adj_sum,13.687,stoxx,17,25.927850,19.269211,-5.767181,57.622881,-2.975966,64.466271,0,23.601563,-11.153278,58.356403
z_gc_1m_adj_sum,13.687,stoxx,18,3.037055,20.546304,-30.758608,36.832718,-30.864347,41.047718,0,1.071747,-33.011992,35.155485
z_gc_1m_adj_sum,13.687,stoxx,19,11.969573,20.925937,-22.450530,46.389677,-22.558223,50.682557,0,10.684463,-22.213262,43.582188
z_gc_1m_adj_sum,13.687,stoxx,20,17.418819,17.346935,-11.114350,45.951988,-9.468930,51.245342,0,14.578360,-17.107464,46.264185
z_gc_1m_adj_sum,13.687,stoxx,21,14.804533,13.030571,-6.628849,36.237915,-5.392852,40.214147,0,12.005960,-17.638664,41.650584
z_gc_1m_adj_sum,13.687,stoxx,22,16.029444,14.636345,-8.045201,40.104089,-5.193256,46.033951,0,17.674941,-16.086200,51.436082
z_gc_1m_adj_sum,13.687,stoxx,23,-11.588648,13.039895,-33.037366,9.860069,-33.104474,12.535157,0,-10.102807,-41.805729,21.600115
z_gc_1m_adj_sum,13.687,stoxx,24,-0.287718,12.370535,-20.635437,20.060001,-20.699100,21.979244,0,-0.751984,-29.364655,27.860688
z_gc_1m_adj_sum,13.687,stoxx,25,6.259824,14.459056,-17.523206,30.042854,-16.874665,33.009077,0,2.425916,-27.094815,31.946646
z_gc_1m_adj_sum,13.687,stoxx,26,0.675875,13.801590,-22.025721,23.377471,-24.857067,22.758420,0,-4.326171,-29.125729,20.473387
z_gc_1m_adj_sum,13.687,stoxx,27,0.906486,15.424722,-24.464923,26.277896,-26.086777,26.357277,0,-0.147568,-28.453450,28.158313
z_gc_1m_adj_sum,13.687,stoxx,28,8.306653,14.961031,-16.302054,32.915360,-15.630997,35.984561,0,7.247052,-25.169351,39.663456
z_gc_1m_adj_sum,13.687,stoxx,29,24.247389,15.973891,-2.027324,50.522102,1.085246,56.195171,0,25.085051,-14.797624,64.967726
z_gc_1m_adj_sum,13.687,stoxx,30,20.242799,19.542582,-11.901887,52.387486,-9.071073,58.350834,0,21.099041,-21.734272,63.932354
z_gc_1m_adj_sum,13.687,stoxx,31,11.795725,18.483125,-18.606310,42.197760,-15.928962,46.913663,0,14.345658,-28.577495,57.268811
z_gc_1m_adj_sum,13.687,stoxx,32,22.500838,25.018895,-18.651583,63.653258,-13.776560,72.538628,0,25.544727,-26.672641,77.762094
z_gc_1m_adj_sum,13.687,stoxx,33,32.811484,27.633538,-12.641641,78.264609,-5.875469,89.460237,0,34.275903,-20.840487,89.392293
z_gc_1m_adj_sum,13.687,stoxx,34,41.703627,27.170373,-2.987660,86.394914,3.665104,97.402893,0,44.576889,-7.177255,96.331033
z_gc_1m_adj_sum,13.687,stoxx,35,33.727691,29.911223,-15.471892,82.927274,-8.148021,93.550136,0,39.621122,-8.943734,88.185978
z_gc_1m_adj_sum,13.687,stoxx,36,13.408697,20.804460,-20.811594,47.628989,-16.757770,53.977394,0,22.282847,-17.323668,61.889361
z_gc_1m_adj_sum,13.687,stoxx,37,0.815095,18.907662,-30.285242,31.915432,-26.601015,37.685036,0,9.872018,-27.514223,47.258260
z_gc_1m_adj_sum,13.687,stoxx,38,10.781759,19.096232,-20.628748,42.192266,-16.907778,47.064600,0,18.582521,-19.649657,56.814700
z_gc_1m_adj_sum,13.687,stoxx,39,8.578208,17.317984,-19.907342,37.063757,-16.532869,42.348278,0,14.676766,-23.935851,53.289384
z_gc_1m_adj_sum,13.687,stoxx,40,5.749181,16.449499,-21.307837,32.806200,-18.102593,37.825705,0,11.995170,-27.317267,51.307606
z_gc_1m_adj_sum,13.687,stoxx,41,4.230007,14.664627,-19.891158,28.351173,-17.033702,32.826031,0,11.766977,-27.050949,50.584904
z_gc_1m_adj_sum,13.687,stoxx,42,13.269244,14.210468,-10.104897,36.643384,-7.335935,40.979657,0,20.012473,-20.454005,60.478952
z_gc_1m_adj_sum,13.687,stoxx,43,16.975360,14.550832,-6.958628,40.909349,-4.123346,44.621941,0,24.223009,-15.901378,64.347396
z_gc_1m_adj_sum,13.687,stoxx,44,10.437712,14.537936,-13.475064,34.350488,-10.642295,38.786686,0,18.290659,-20.669759,57.251077
z_gc_1m_adj_sum,13.687,stoxx,45,14.730876,19.332660,-17.068520,46.530272,-13.301481,52.429563,0,23.601268,-16.549705,63.752240
z_gc_1m_adj_sum,13.687,stoxx,46,8.723625,20.154220,-24.427116,41.874367,-22.515416,45.001221,0,14.946761,-21.518573,51.412094
z_gc_1m_adj_sum,13.687,stoxx,47,19.175360,17.250564,-9.199292,47.550012,-6.700485,51.951431,0,23.385707,-16.344007,63.115420
z_gc_1m_adj_sum,13.687,stoxx,48,25.253276,19.841512,-7.383107,57.889659,-4.508992,61.960074,0,26.595168,-14.656936,67.847273
z_gcs_1m_adj_kilian,6.051,ois1m,0,1.000000,0.000000,1.000000,1.000000,1.000000,1.000000,0,1.000000,1.000000,1.000000
z_gcs_1m_adj_kilian,6.051,ois1m,1,0.104806,0.546285,-0.793753,1.003365,-2.025705,0.787663,0,0.161054,-0.689380,1.011489
z_gcs_1m_adj_kilian,6.051,ois1m,2,0.153769,0.619385,-0.865029,1.172567,-1.859233,1.020908,0,0.158565,-0.993777,1.310908
z_gcs_1m_adj_kilian,6.051,ois1m,3,0.247057,0.731631,-0.956370,1.450483,-2.094163,1.234759,0,0.215117,-1.057443,1.487678
z_gcs_1m_adj_kilian,6.051,ois1m,4,0.315280,0.898292,-1.162279,1.792838,-2.244852,1.617803,0,0.204318,-1.425233,1.833870
z_gcs_1m_adj_kilian,6.051,ois1m,5,-0.589109,1.022414,-2.270830,1.092611,-3.042902,0.995632,0,-0.803362,-2.938121,1.331398
z_gcs_1m_adj_kilian,6.051,ois1m,6,-0.919140,1.250229,-2.975583,1.137304,-4.107223,0.956204,0,-1.161150,-3.585916,1.263616
z_gcs_1m_adj_kilian,6.051,ois1m,7,-1.435565,1.493260,-3.891759,1.020629,-5.243377,0.804325,0,-1.747193,-4.484205,0.989820
z_gcs_1m_adj_kilian,6.051,ois1m,8,-1.546656,1.755892,-4.434841,1.341530,-5.936386,1.087183,0,-1.970523,-4.866927,0.925881
z_gcs_1m_adj_kilian,6.051,ois1m,9,-1.904442,2.025402,-5.235932,1.427047,-7.069217,1.032390,0,-2.436859,-5.461759,0.588041
z_gcs_1m_adj_kilian,6.051,ois1m,10,-1.848497,2.081220,-5.271799,1.574804,-7.155608,1.169271,0,-2.506009,-5.575242,0.563225
z_gcs_1m_adj_kilian,6.051,ois1m,11,-1.323874,1.961100,-4.549597,1.901848,-6.128570,1.617776,0,-1.984526,-4.862386,0.893334
z_gcs_1m_adj_kilian,6.051,ois1m,12,-1.381526,1.850158,-4.424765,1.661712,-5.914412,1.393710,0,-2.064820,-4.855203,0.725564
z_gcs_1m_adj_kilian,6.051,ois1m,13,-0.969614,1.685612,-3.742199,1.802970,-4.930802,1.643084,0,-1.610561,-4.181491,0.960368
z_gcs_1m_adj_kilian,6.051,ois1m,14,-0.432301,1.574404,-3.021965,2.157363,-3.817270,2.165465,0,-1.103225,-3.595194,1.388744
z_gcs_1m_adj_kilian,6.051,ois1m,15,-0.055916,1.448165,-2.437936,2.326103,-3.024655,2.478373,0,-0.678186,-3.087911,1.731540
z_gcs_1m_adj_kilian,6.051,ois1m,16,0.479267,1.321194,-1.693904,2.652437,-2.031002,2.923475,0,-0.144028,-2.450663,2.162606
z_gcs_1m_adj_kilian,6.051,ois1m,17,0.967879,1.365123,-1.277548,3.213307,-1.352830,3.766381,0,0.351270,-1.967959,2.670498
z_gcs_1m_adj_kilian,6.051,ois1m,18,0.916460,1.328245,-1.268310,3.101229,-1.407970,3.639363,0,0.253599,-2.027740,2.534939
z_gcs_1m_adj_kilian,6.051,ois1m,19,0.883706,1.297728,-1.250867,3.018279,-1.322432,3.544049,0,0.111252,-2.176433,2.398936
z_gcs_1m_adj_kilian,6.051,ois1m,20,0.663419,1.299604,-1.474240,2.801078,-1.610888,3.262628,0,-0.106848,-2.397757,2.184062
z_gcs_1m_adj_kilian,6.051,ois1m,21,0.817085,1.334650,-1.378219,3.012389,-1.385087,3.619850,0,0.142368,-2.139150,2.423886
z_gcs_1m_adj_kilian,6.051,ois1m,22,0.718613,1.243584,-1.326901,2.764126,-1.271122,3.454497,0,0.096277,-2.148684,2.341239
z_gcs_1m_adj_kilian,6.051,ois1m,23,0.712584,1.180562,-1.229268,2.654436,-1.235344,3.191765,0,0.124989,-2.064364,2.314342
z_gcs_1m_adj_kilian,6.051,ois1m,24,1.059077,1.220203,-0.947978,3.066132,-0.832237,3.804533,0,0.569505,-1.647605,2.786614
z_gcs_1m_adj_kilian,6.051,ois1m,25,0.600169,1.183380,-1.346317,2.546655,-1.352407,3.144435,0,0.140681,-2.043652,2.325014
z_gcs_1m_adj_kilian,6.051,ois1m,26,0.050248,1.176494,-1.884913,1.985409,-2.008617,2.403237,0,-0.392055,-2.588515,1.804405
z_gcs_1m_adj_kilian,6.051,ois1m,27,-0.080390,1.271775,-2.172274,2.011494,-2.242407,2.590337,0,-0.451971,-2.610896,1.706954
z_gcs_1m_adj_kilian,6.051,ois1m,28,-0.079531,1.316796,-2.245467,2.086405,-2.252244,2.751579,0,-0.444008,-2.566671,1.678655
z_gcs_1m_adj_kilian,6.051,ois1m,29,-0.006710,1.286252,-2.122405,2.108986,-2.129025,2.823044,0,-0.369682,-2.427975,1.688612
z_gcs_1m_adj_kilian,6.051,ois1m,30,0.235257,1.247938,-1.817418,2.287932,-1.636649,3.167911,0,-0.105702,-2.124539,1.913134
z_gcs_1m_adj_kilian,6.051,ois1m,31,0.898521,1.485503,-1.544913,3.341956,-1.106907,4.760828,0,0.644019,-1.470948,2.758986
z_gcs_1m_adj_kilian,6.051,ois1m,32,1.316527,1.645175,-1.389546,4.022599,-0.822201,5.676240,0,1.062997,-1.209175,3.335169
z_gcs_1m_adj_kilian,6.051,ois1m,33,1.359935,1.542269,-1.176871,3.896741,-0.645014,5.369833,0,1.024420,-1.161773,3.210613
z_gcs_1m_adj_kilian,6.051,ois1m,34,1.596453,1.649824,-1.117265,4.310172,-0.548317,5.968486,0,1.296865,-0.975393,3.569124
z_gcs_1m_adj_kilian,6.051,ois1m,35,1.504787,1.616480,-1.154086,4.163661,-0.515813,5.707637,0,1.171158,-1.047507,3.389822
z_gcs_1m_adj_kilian,6.051,ois1m,36,1.850928,1.766027,-1.053928,4.755784,-0.356605,6.530900,0,1.447722,-0.829133,3.724577
z_gcs_1m_adj_kilian,6.051,ois1m,37,1.952907,1.795720,-1.000790,4.906603,-0.291744,6.711565,0,1.606839,-0.670776,3.884454
z_gcs_1m_adj_kilian,6.051,ois1m,38,1.544872,1.619524,-1.119008,4.208752,-0.560509,5.755634,0,1.194765,-0.945153,3.334684
z_gcs_1m_adj_kilian,6.051,ois1m,39,1.383320,1.441128,-0.987124,3.753765,-0.490146,5.058196,0,1.054463,-1.010462,3.119389
z_gcs_1m_adj_kilian,6.051,ois1m,40,1.292669,1.300309,-0.846149,3.431487,-0.397733,4.608456,0,1.001460,-1.072719,3.075639
z_gcs_1m_adj_kilian,6.051,ois1m,41,1.040787,1.212373,-0.953389,3.034963,-0.535298,4.132337,0,0.711359,-1.301743,2.724462
z_gcs_1m_adj_kilian,6.051,ois1m,42,1.052842,1.021715,-0.627730,2.733413,-0.275388,3.658214,0,0.680406,-1.330917,2.691729
z_gcs_1m_adj_kilian,6.051,ois1m,43,0.701261,0.758074,-0.545660,1.948181,-0.284236,2.596445,0,0.296631,-1.695852,2.289114
z_gcs_1m_adj_kilian,6.051,ois1m,44,0.747266,0.798648,-0.566394,2.060925,-0.330909,2.703954,0,0.263986,-1.677458,2.205430
z_gcs_1m_adj_kilian,6.051,ois1m,45,0.452792,0.726495,-0.742186,1.647769,-0.709600,1.942106,0,-0.036935,-1.967226,1.893356
z_gcs_1m_adj_kilian,6.051,ois1m,46,0.091728,0.711772,-1.079033,1.262489,-1.260639,1.337329,0,-0.312310,-2.285096,1.660476
z_gcs_1m_adj_kilian,6.051,ois1m,47,0.081879,0.872122,-1.352634,1.516392,-1.618759,1.564486,0,-0.280938,-2.284101,1.722225
z_gcs_1m_adj_kilian,6.051,ois1m,48,0.143415,0.986408,-1.479082,1.765912,-1.878722,1.721669,0,-0.096770,-2.141221,1.947681
z_gcs_1m_adj_kilian,6.051,ip,0,2.557196,3.472289,-3.154212,8.268603,-2.130395,14.883823,0,1.993686,-3.252844,7.240217
z_gcs_1m_adj_kilian,6.051,ip,1,0.735002,3.296007,-4.686447,6.156452,-5.857012,8.645420,0,0.739358,-4.976442,6.455157
z_gcs_1m_adj_kilian,6.051,ip,2,2.069147,3.664877,-3.959038,8.097333,-5.260606,10.498364,0,1.322048,-5.571393,8.215489
z_gcs_1m_adj_kilian,6.051,ip,3,-2.198985,4.621281,-9.800316,5.402345,-10.748355,8.661025,0,-3.567414,-13.290561,6.155733
z_gcs_1m_adj_kilian,6.051,ip,4,0.053896,5.269831,-8.614204,8.721997,-12.066715,9.539592,0,-2.032189,-11.143298,7.078920
z_gcs_1m_adj_kilian,6.051,ip,5,-4.671522,5.996773,-14.535335,5.192292,-19.963293,4.023799,0,-7.413509,-18.402901,3.575883
z_gcs_1m_adj_kilian,6.051,ip,6,-10.498817,7.623270,-23.037981,2.040348,-31.462810,0.173762,0,-13.783346,-28.554508,0.987816
z_gcs_1m_adj_kilian,6.051,ip,7,-11.699149,8.689721,-25.992468,2.594170,-32.988965,1.769918,0,-15.051713,-30.840364,0.736938
z_gcs_1m_adj_kilian,6.051,ip,8,-13.300214,9.922021,-29.620487,3.020059,-38.105267,1.582818,0,-17.107001,-33.015512,-1.198490
z_gcs_1m_adj_kilian,6.051,ip,9,-16.320384,11.064694,-34.520187,1.879419,-45.641824,-0.829812,0,-20.541790,-37.909850,-3.173731
z_gcs_1m_adj_kilian,6.051,ip,10,-13.948638,12.217329,-34.044356,6.147079,-46.324559,3.155622,0,-18.174361,-34.843147,-1.505575
z_gcs_1m_adj_kilian,6.051,ip,11,-7.920622,10.253510,-24.786145,8.944901,-32.016370,7.972319,0,-11.529525,-24.645715,1.586666
z_gcs_1m_adj_kilian,6.051,ip,12,-8.277031,8.917333,-22.944739,6.390677,-28.786897,5.544835,0,-13.119023,-25.330844,-0.907202
z_gcs_1m_adj_kilian,6.051,ip,13,-3.163267,7.966667,-16.267269,9.940734,-19.494935,10.778400,0,-8.295481,-18.860137,2.269175
z_gcs_1m_adj_kilian,6.051,ip,14,3.471413,6.952668,-7.964708,14.907534,-8.348122,17.724382,0,-0.035822,-9.901737,9.830093
z_gcs_1m_adj_kilian,6.051,ip,15,2.423753,6.098060,-7.606663,12.454168,-7.942949,15.229678,0,-1.328126,-12.346925,9.690673
z_gcs_1m_adj_kilian,6.051,ip,16,2.825000,6.391169,-7.687537,13.337537,-7.081311,17.205130,0,-0.511616,-11.374497,10.351265
z_gcs_1m_adj_kilian,6.051,ip,17,7.991369,7.218275,-3.881637,19.864375,-2.836043,25.315230,0,5.004734,-7.282705,17.292173
z_gcs_1m_adj_kilian,6.051,ip,18,7.756640,7.910935,-5.255690,20.768970,-3.714216,27.138431,0,4.370005,-8.085493,16.825503
z_gcs_1m_adj_kilian,6.051,ip,19,9.764708,8.761295,-4.646339,24.175755,-2.501105,31.667944,0,7.195991,-6.134687,20.526670
z_gcs_1m_adj_kilian,6.051,ip,20,10.779230,9.882290,-5.475691,27.034151,-3.055977,35.979071,0,7.507719,-6.665292,21.680730
z_gcs_1m_adj_kilian,6.051,ip,21,6.800977,7.947565,-6.271603,19.873557,-4.722992,26.272510,0,4.298243,-7.720166,16.316651
z_gcs_1m_adj_kilian,6.051,ip,22,9.332259,7.918743,-3.692914,22.357432,-1.753981,29.129116,0,7.030226,-6.687126,20.747579
z_gcs_1m_adj_kilian,6.051,ip,23,14.933165,9.573499,-0.813840,30.680170,3.444966,42.217637,0,12.790382,-3.355038,28.935802
z_gcs_1m_adj_kilian,6.051,ip,24,8.047714,7.202292,-3.799002,19.894429,-1.315266,27.493902,0,6.460197,-5.839656,18.760050
z_gcs_1m_adj_kilian,6.051,ip,25,7.417181,7.917964,-5.606711,20.441072,-3.272071,27.607989,0,6.178231,-7.678240,20.034703
z_gcs_1m_adj_kilian,6.051,ip,26,9.205812,8.693635,-5.093946,23.505570,-2.095914,32.243946,0,8.161032,-6.885072,23.207137
z_gcs_1m_adj_kilian,6.051,ip,27,8.111446,7.787463,-4.697792,20.920683,-2.401630,28.748223,0,7.449481,-6.168233,21.067196
z_gcs_1m_adj_kilian,6.051,ip,28,6.690889,9.079100,-8.242902,21.624680,-5.565897,30.750504,0,5.690797,-8.907723,20.289317
z_gcs_1m_adj_kilian,6.051,ip,29,5.519002,8.578029,-8.590600,19.628604,-6.061337,27.821877,0,4.687005,-10.372743,19.746754
z_gcs_1m_adj_kilian,6.051,ip,30,11.382228,8.781641,-3.062286,25.826742,-0.033905,35.531741,0,10.333971,-6.444146,27.112089
z_gcs_1m_adj_kilian,6.051,ip,31,9.954798,9.399477,-5.505965,25.415561,-2.734495,34.863411,0,8.500450,-8.029840,25.030740
z_gcs_1m_adj_kilian,6.051,ip,32,9.917427,9.913473,-6.388785,26.223639,-2.970088,36.188131,0,8.169680,-8.330782,24.670143
z_gcs_1m_adj_kilian,6.051,ip,33,8.926247,9.965123,-7.464922,25.317417,-4.526669,33.340800,0,6.922149,-8.357379,22.201678
z_gcs_1m_adj_kilian,6.051,ip,34,13.080192,10.396451,-4.020448,30.180832,-0.955017,39.071320,0,11.171317,-5.325115,27.667749
z_gcs_1m_adj_kilian,6.051,ip,35,6.011032,9.028664,-8.839799,20.861863,-7.531964,26.325526,0,3.983865,-10.491683,18.459414
z_gcs_1m_adj_kilian,6.051,ip,36,6.235084,7.926565,-6.802956,19.273124,-5.258436,24.069856,0,4.228716,-10.067397,18.524830
z_gcs_1m_adj_kilian,6.051,ip,37,8.768238,8.318422,-4.914348,22.450824,-3.293473,27.900608,0,6.524924,-8.264993,21.314841
z_gcs_1m_adj_kilian,6.051,ip,38,5.567863,8.790270,-8.890844,20.026571,-7.178028,25.345971,0,3.857992,-10.868552,18.584535
z_gcs_1m_adj_kilian,6.051,ip,39,5.765966,7.505682,-6.579783,18.111714,-5.117274,22.653751,0,3.592918,-10.775145,17.960981
z_gcs_1m_adj_kilian,6.051,ip,40,4.988722,8.175680,-8.459075,18.436519,-7.683582,22.566434,0,3.533898,-10.938759,18.006554
z_gcs_1m_adj_kilian,6.051,ip,41,4.449679,7.398496,-7.719763,16.619122,-8.127764,18.876746,0,3.526965,-11.023251,18.077181
z_gcs_1m_adj_kilian,6.051,ip,42,-0.971446,6.795906,-12.149716,10.206824,-13.543871,10.921389,0,-2.236597,-17.073895,12.600701
z_gcs_1m_adj_kilian,6.051,ip,43,0.892207,6.863829,-10.397787,12.182201,-11.462686,13.247099,0,-0.852178,-15.506802,13.802447
z_gcs_1m_adj_kilian,6.051,ip,44,3.199122,7.860923,-9.730946,16.129190,-10.950539,17.741830,0,2.111674,-13.240370,17.463718
z_gcs_1m_adj_kilian,6.051,ip,45,3.666824,6.904104,-7.689416,15.023064,-8.070152,16.784621,0,2.858210,-12.744179,18.460600
z_gcs_1m_adj_kilian,6.051,ip,46,5.838103,5.988354,-4.011863,15.688069,-3.743264,18.114229,0,4.240576,-12.077588,20.558741
z_gcs_1m_adj_kilian,6.051,ip,47,0.586086,6.089727,-9.430624,10.602796,-11.593368,10.634136,0,-0.056883,-15.582051,15.468286
z_gcs_1m_adj_kilian,6.051,ip,48,2.581140,6.557399,-8.204820,13.367101,-10.533657,13.400848,0,2.804892,-12.754147,18.363930
z_gcs_1m_adj_kilian,6.051,hicp,0,0.342403,1.048036,-1.381462,2.066268,-2.644499,2.071662,0,1.112975,-0.115268,2.341217
z_gcs_1m_adj_kilian,6.051,hicp,1,1.153155,1.301610,-0.987803,3.294113,-2.100870,3.691295,0,1.779674,-0.006130,3.565478
z_gcs_1m_adj_kilian,6.051,hicp,2,1.332357,1.400862,-0.971856,3.636569,-1.539410,4.484295,0,1.799326,-0.215856,3.814509
z_gcs_1m_adj_kilian,6.051,hicp,3,0.642843,1.464576,-1.766170,3.051855,-2.359538,3.791680,0,1.070345,-1.067677,3.208367
z_gcs_1m_adj_kilian,6.051,hicp,4,0.427944,1.536760,-2.099802,2.955690,-2.338225,4.039331,0,0.755583,-1.635141,3.146307
z_gcs_1m_adj_kilian,6.051,hicp,5,-0.543384,1.586699,-3.153272,2.066503,-3.716782,2.471344,0,-0.364638,-2.849385,2.120110
z_gcs_1m_adj_kilian,6.051,hicp,6,-2.044779,2.007949,-5.347560,1.258002,-7.265445,0.866746,0,-1.778693,-5.181813,1.624427
z_gcs_1m_adj_kilian,6.051,hicp,7,-2.969913,2.113938,-6.447032,0.507205,-8.466152,0.095297,0,-2.856549,-6.846156,1.133058
z_gcs_1m_adj_kilian,6.051,hicp,8,-4.579196,2.503673,-8.697372,-0.461020,-11.464297,-1.199237,0,-4.591060,-9.533643,0.351522
z_gcs_1m_adj_kilian,6.051,hicp,9,-4.860516,3.274175,-10.246055,0.525022,-14.028206,-0.604089,0,-4.947079,-10.735893,0.841735
z_gcs_1m_adj_kilian,6.051,hicp,10,-5.291567,3.712467,-11.398032,0.814898,-15.872098,-0.465360,0,-5.635531,-11.786887,0.515825
z_gcs_1m_adj_kilian,6.051,hicp,11,-4.739318,3.739247,-10.889833,1.411197,-14.835286,0.308666,0,-5.072148,-10.735982,0.591687
z_gcs_1m_adj_kilian,6.051,hicp,12,-3.499095,3.495792,-9.249162,2.250972,-12.063786,1.569804,0,-2.897454,-7.997796,2.202888
z_gcs_1m_adj_kilian,6.051,hicp,13,-2.640569,3.425379,-8.274816,2.993678,-10.347672,2.840038,0,-2.217270,-7.132449,2.697910
z_gcs_1m_adj_kilian,6.051,hicp,14,-1.915367,3.129715,-7.063291,3.232556,-8.174798,3.561635,0,-1.416161,-6.029467,3.197145
z_gcs_1m_adj_kilian,6.051,hicp,15,-1.754793,2.971539,-6.642540,3.132955,-7.400718,3.891132,0,-1.215286,-5.897749,3.467178
z_gcs_1m_adj_kilian,6.051,hicp,16,-1.561602,3.236248,-6.884755,3.761552,-7.710472,4.587269,0,-1.114604,-6.022476,3.793268
z_gcs_1m_adj_kilian,6.051,hicp,17,-1.298049,3.149438,-6.478414,3.882316,-6.967038,5.000827,0,-1.030456,-5.893295,3.832383
z_gcs_1m_adj_kilian,6.051,hicp,18,-1.925948,3.358792,-7.450669,3.598774,-8.139713,4.455758,0,-1.584670,-6.750331,3.580992
z_gcs_1m_adj_kilian,6.051,hicp,19,-2.573240,3.434096,-8.221825,3.075345,-8.754612,4.123247,0,-2.449258,-8.055752,3.157236
z_gcs_1m_adj_kilian,6.051,hicp,20,-3.665217,3.479566,-9.388594,2.058161,-10.624349,2.424024,0,-3.703035,-9.953839,2.547768
z_gcs_1m_adj_kilian,6.051,hicp,21,-3.682822,3.613577,-9.626628,2.260984,-11.271335,2.279580,0,-3.781361,-10.384623,2.821901
z_gcs_1m_adj_kilian,6.051,hicp,22,-3.719651,3.734119,-9.861731,2.422429,-12.121419,2.068234,0,-4.139192,-11.063460,2.785075
z_gcs_1m_adj_kilian,6.051,hicp,23,-2.616674,3.815419,-8.892480,3.659133,-10.629054,3.869539,0,-3.122916,-9.698076,3.452244
z_gcs_1m_adj_kilian,6.051,hicp,24,-3.392231,4.009368,-9.987055,3.202594,-11.410967,3.624164,0,-2.896546,-9.627244,3.834152
z_gcs_1m_adj_kilian,6.051,hicp,25,-4.290865,4.071439,-10.987786,2.406056,-12.230171,3.037725,0,-3.941980,-10.757218,2.873259
z_gcs_1m_adj_kilian,6.051,hicp,26,-3.921837,3.781011,-10.141047,2.297373,-11.294809,2.883983,0,-3.531605,-10.161666,3.098456
z_gcs_1m_adj_kilian,6.051,hicp,27,-4.630162,3.807303,-10.892619,1.632295,-12.244769,2.222984,0,-4.152924,-11.212909,2.907061
z_gcs_1m_adj_kilian,6.051,hicp,28,-4.316445,4.088734,-11.041814,2.408924,-12.289476,3.247713,0,-4.075005,-11.324422,3.174413
z_gcs_1m_adj_kilian,6.051,hicp,29,-2.785407,4.162329,-9.631829,4.061015,-10.069483,5.747368,0,-2.661894,-9.627299,4.303511
z_gcs_1m_adj_kilian,6.051,hicp,30,-2.130044,4.170361,-8.989678,4.729589,-9.219658,6.627713,0,-2.031048,-8.845930,4.783834
z_gcs_1m_adj_kilian,6.051,hicp,31,-2.874343,4.350020,-10.029488,4.280803,-10.486877,6.043197,0,-2.995190,-9.929424,3.939043
z_gcs_1m_adj_kilian,6.051,hicp,32,-3.164480,4.098122,-9.905292,3.576331,-10.541100,4.621952,0,-3.594120,-10.525132,3.336892
z_gcs_1m_adj_kilian,6.051,hicp,33,-2.640800,4.112536,-9.405320,4.123720,-10.043365,5.173019,0,-3.223859,-10.044714,3.596997
z_gcs_1m_adj_kilian,6.051,hicp,34,-2.664443,3.805231,-8.923491,3.594605,-9.513859,4.565496,0,-3.605828,-10.481485,3.269830
z_gcs_1m_adj_kilian,6.051,hicp,35,-1.465866,3.334752,-6.951046,4.019313,-7.134945,5.203638,0,-2.651876,-8.699299,3.395547
z_gcs_1m_adj_kilian,6.051,hicp,36,-1.806429,3.586326,-7.705410,4.092552,-7.544550,5.545539,0,-1.868298,-8.027738,4.291142
z_gcs_1m_adj_kilian,6.051,hicp,37,-1.180471,3.813856,-7.453706,5.092764,-7.091948,7.019320,0,-1.432292,-7.422301,4.557717
z_gcs_1m_adj_kilian,6.051,hicp,38,-0.990100,3.468606,-6.695449,4.715249,-6.193009,6.640833,0,-1.236006,-6.830841,4.358828
z_gcs_1m_adj_kilian,6.051,hicp,39,-2.231898,3.735842,-8.376811,3.913016,-8.022453,5.800163,0,-2.579863,-8.468636,3.308910
z_gcs_1m_adj_kilian,6.051,hicp,40,-1.970421,3.859171,-8.318194,4.377351,-7.952137,6.326797,0,-2.415908,-8.575694,3.743878
z_gcs_1m_adj_kilian,6.051,hicp,41,-2.519371,3.249923,-7.865019,2.826278,-7.556752,4.467965,0,-3.168521,-9.271000,2.933959
z_gcs_1m_adj_kilian,6.051,hicp,42,-2.560941,3.981818,-9.110448,3.988566,-8.931849,5.601785,0,-3.285132,-9.799700,3.229437
z_gcs_1m_adj_kilian,6.051,hicp,43,-2.101838,3.876524,-8.478153,4.274477,-7.916625,6.232689,0,-3.170780,-9.527107,3.185547
z_gcs_1m_adj_kilian,6.051,hicp,44,-1.871400,3.382480,-7.435084,3.692284,-7.114244,5.400931,0,-3.124665,-9.060037,2.810707
z_gcs_1m_adj_kilian,6.051,hicp,45,-1.973714,3.149109,-7.153538,3.206110,-6.854833,4.639416,0,-3.112268,-8.910653,2.686117
z_gcs_1m_adj_kilian,6.051,hicp,46,-2.111203,3.097732,-7.206519,2.984113,-7.067574,4.394035,0,-3.410274,-9.197139,2.376591
z_gcs_1m_adj_kilian,6.051,hicp,47,-1.136309,3.122607,-6.272540,3.999922,-5.976350,5.577296,0,-2.440168,-7.465455,2.585120
z_gcs_1m_adj_kilian,6.051,hicp,48,-1.541361,3.247227,-6.882574,3.799852,-6.574562,5.440176,0,-2.058615,-7.076508,2.959278
z_gcs_1m_adj_kilian,6.051,stoxx,0,12.106264,12.903730,-9.118483,33.331012,-8.539704,50.172269,0,11.257094,-10.551370,33.065559
z_gcs_1m_adj_kilian,6.051,stoxx,1,31.908746,19.756856,-0.588390,64.405881,2.273463,95.130684,0,31.208267,-4.005263,66.421798
z_gcs_1m_adj_kilian,6.051,stoxx,2,51.664988,28.146148,5.368695,97.961282,19.296918,165.656887,0,45.519067,-0.244403,91.282537
z_gcs_1m_adj_kilian,6.051,stoxx,3,59.127391,34.774162,1.928984,116.325798,17.398396,186.053084,0,52.264278,-1.586736,106.115292
z_gcs_1m_adj_kilian,6.051,stoxx,4,58.954480,37.837745,-3.283072,121.192033,5.981637,170.575829,0,50.782288,-4.735394,106.299969
z_gcs_1m_adj_kilian,6.051,stoxx,5,29.025430,50.299601,-53.710052,111.760911,-46.423972,154.774432,0,17.180029,-50.353908,84.713965
z_gcs_1m_adj_kilian,6.051,stoxx,6,27.831871,51.311734,-56.568422,112.232163,-51.701318,156.111206,0,11.777791,-49.658961,73.214544
z_gcs_1m_adj_kilian,6.051,stoxx,7,25.218906,42.317327,-44.386903,94.824715,-46.720550,120.432893,0,5.746338,-47.185312,58.677988
z_gcs_1m_adj_kilian,6.051,stoxx,8,9.205446,39.713925,-56.118147,74.529039,-72.208100,80.690511,0,-11.976187,-69.126203,45.173830
z_gcs_1m_adj_kilian,6.051,stoxx,9,13.417659,39.437269,-51.450876,78.286195,-65.456879,86.376607,0,-6.164813,-67.242688,54.913063
z_gcs_1m_adj_kilian,6.051,stoxx,10,14.192942,40.297073,-52.089845,80.475729,-58.341790,96.801942,0,-6.320643,-68.981849,56.340563
z_gcs_1m_adj_kilian,6.051,stoxx,11,54.837051,38.911971,-9.167446,118.841548,-5.476505,146.280184,0,36.306692,-25.376194,97.989579
z_gcs_1m_adj_kilian,6.051,stoxx,12,70.487930,33.425564,15.507770,125.468090,23.692140,157.394396,0,54.382383,-7.077534,115.842300
z_gcs_1m_adj_kilian,6.051,stoxx,13,67.942850,33.040357,13.596299,122.289401,21.686351,150.543742,0,54.730174,-4.806776,114.267124
z_gcs_1m_adj_kilian,6.051,stoxx,14,79.428754,39.957328,13.704799,145.152709,23.488495,179.322073,0,64.624347,-0.875556,130.124251
z_gcs_1m_adj_kilian,6.051,stoxx,15,92.606736,52.844608,5.685090,179.528381,21.266515,230.002717,0,76.281634,0.382523,152.180745
z_gcs_1m_adj_kilian,6.051,stoxx,16,80.763814,51.147291,-3.365993,164.893621,9.157607,211.189406,0,68.305904,-2.116312,138.728119
z_gcs_1m_adj_kilian,6.051,stoxx,17,61.564661,45.761594,-13.706463,136.835785,-4.789651,171.392486,0,50.073527,-16.975455,117.122508
z_gcs_1m_adj_kilian,6.051,stoxx,18,39.273227,43.129891,-31.669130,110.215585,-27.578104,136.315482,0,26.638741,-32.107681,85.385163
z_gcs_1m_adj_kilian,6.051,stoxx,19,65.454354,40.794606,-1.646801,132.555508,6.302176,163.361407,0,54.588415,-8.512603,117.689433
z_gcs_1m_adj_kilian,6.051,stoxx,20,69.812109,38.011669,7.288478,132.335741,18.496356,166.741865,0,59.763493,-8.446762,127.973748
z_gcs_1m_adj_kilian,6.051,stoxx,21,58.059395,37.246429,-3.205529,119.324318,7.776716,153.037788,0,52.333780,-12.048894,116.716453
z_gcs_1m_adj_kilian,6.051,stoxx,22,41.157752,34.143902,-15.003970,97.319473,-6.643711,126.517507,0,35.362947,-26.567246,97.293141
z_gcs_1m_adj_kilian,6.051,stoxx,23,2.065844,27.081777,-42.479714,46.611403,-41.264998,61.645753,0,-7.145163,-57.260824,42.970499
z_gcs_1m_adj_kilian,6.051,stoxx,24,9.498899,21.700861,-26.195842,45.193639,-26.307522,55.070707,0,2.443729,-45.387599,50.275056
z_gcs_1m_adj_kilian,6.051,stoxx,25,8.004412,23.401650,-30.487877,46.496700,-31.778393,55.977794,0,2.504921,-45.212751,50.222592
z_gcs_1m_adj_kilian,6.051,stoxx,26,-2.334545,20.271066,-35.677481,31.008391,-42.876677,33.139820,0,-8.861450,-49.505942,31.783043
z_gcs_1m_adj_kilian,6.051,stoxx,27,-7.793219,26.164028,-50.829215,35.242777,-64.045879,35.377426,0,-12.343674,-53.817304,29.129956
z_gcs_1m_adj_kilian,6.051,stoxx,28,9.422026,28.652567,-37.707253,56.551305,-40.719966,68.159789,0,8.270018,-40.200924,56.740961
z_gcs_1m_adj_kilian,6.051,stoxx,29,14.428792,28.010985,-31.645179,60.502762,-33.189883,74.652410,0,13.230220,-37.202471,63.662911
z_gcs_1m_adj_kilian,6.051,stoxx,30,0.220455,30.920769,-50.639684,51.080593,-53.890890,62.061992,0,-0.849799,-51.797231,50.097634
z_gcs_1m_adj_kilian,6.051,stoxx,31,0.537938,28.658030,-46.600326,47.676202,-46.747811,63.585603,0,1.517564,-50.299658,53.334785
z_gcs_1m_adj_kilian,6.051,stoxx,32,17.454047,32.048773,-35.261494,70.169588,-29.016674,94.371103,0,16.987205,-38.479301,72.453711
z_gcs_1m_adj_kilian,6.051,stoxx,33,28.127782,34.034849,-27.854563,84.110126,-22.924492,106.407934,0,24.770332,-30.933334,80.473997
z_gcs_1m_adj_kilian,6.051,stoxx,34,35.613035,30.492837,-14.543218,85.769288,-8.601578,105.746560,0,29.088293,-23.317056,81.493642
z_gcs_1m_adj_kilian,6.051,stoxx,35,22.292070,30.541556,-27.944320,72.528460,-28.101498,84.902261,0,17.354907,-32.081787,66.791601
z_gcs_1m_adj_kilian,6.051,stoxx,36,7.970929,25.536730,-34.033254,49.975111,-34.164675,59.044388,0,3.358659,-41.424167,48.141485
z_gcs_1m_adj_kilian,6.051,stoxx,37,-11.071565,20.069456,-44.082882,21.939752,-49.203531,24.049983,0,-16.297347,-60.468099,27.873406
z_gcs_1m_adj_kilian,6.051,stoxx,38,-6.135346,17.637155,-35.145885,22.875193,-44.937088,20.320387,0,-10.683769,-55.288324,33.920787
z_gcs_1m_adj_kilian,6.051,stoxx,39,-24.244700,17.193561,-52.525591,4.036191,-64.649568,-0.173715,0,-29.339216,-78.532760,19.854328
z_gcs_1m_adj_kilian,6.051,stoxx,40,-42.946493,17.668933,-72.009302,-13.883684,-85.351932,-19.093433,0,-42.883621,-95.427873,9.660631
z_gcs_1m_adj_kilian,6.051,stoxx,41,-35.282753,18.901045,-66.372204,-4.193301,-78.755155,-8.821290,0,-37.358134,-90.737658,16.021390
z_gcs_1m_adj_kilian,6.051,stoxx,42,-30.706592,21.822483,-66.601382,5.188199,-84.171676,-2.337363,0,-35.126407,-89.071661,18.818847
z_gcs_1m_adj_kilian,6.051,stoxx,43,-36.681347,24.180516,-76.454757,3.092063,-98.341664,-5.246676,0,-39.558375,-96.809237,17.692487
z_gcs_1m_adj_kilian,6.051,stoxx,44,-35.336767,22.682096,-72.645494,1.971961,-90.907901,-4.715937,0,-39.710640,-96.719213,17.297934
z_gcs_1m_adj_kilian,6.051,stoxx,45,-18.471305,20.787216,-52.663233,15.720623,-60.045738,15.827602,0,-20.115261,-70.038280,29.807759
z_gcs_1m_adj_kilian,6.051,stoxx,46,-24.357100,24.679936,-64.951983,16.237782,-81.120954,11.428807,0,-22.615408,-71.307944,26.077127
z_gcs_1m_adj_kilian,6.051,stoxx,47,-31.306774,26.651625,-75.144796,12.531249,-92.605512,7.338083,0,-25.664013,-78.091604,26.763577
z_gcs_1m_adj_kilian,6.051,stoxx,48,-33.301383,31.880949,-85.740877,19.138112,-103.439470,14.520041,0,-24.570189,-76.864861,27.724482
z_gc_1m_adj_jk_sum,8.911,ois1m,0,1.000000,0.000000,1.000000,1.000000,1.000000,1.000000,0,1.000000,1.000000,1.000000
z_gc_1m_adj_jk_sum,8.911,ois1m,1,0.862567,0.361808,0.267446,1.457689,-0.078134,1.369099,0,0.960167,0.361103,1.559231
z_gc_1m_adj_jk_sum,8.911,ois1m,2,0.082156,0.568669,-0.853221,1.017533,-1.538551,0.764559,0,0.196034,-0.844406,1.236475
z_gc_1m_adj_jk_sum,8.911,ois1m,3,-0.101665,0.728656,-1.300198,1.096868,-2.141902,0.772723,0,0.068532,-1.313096,1.450160
z_gc_1m_adj_jk_sum,8.911,ois1m,4,0.597387,0.670787,-0.505960,1.700734,-1.146660,1.435871,0,0.739297,-0.762927,2.241521
z_gc_1m_adj_jk_sum,8.911,ois1m,5,0.666548,0.575745,-0.280469,1.613565,-0.657666,1.472592,0,0.724567,-0.736563,2.185697
z_gc_1m_adj_jk_sum,8.911,ois1m,6,0.809762,0.578795,-0.142270,1.761795,-0.463586,1.649014,0,0.904425,-0.740716,2.549566
z_gc_1m_adj_jk_sum,8.911,ois1m,7,0.612540,0.622499,-0.411379,1.636460,-0.725832,1.546288,0,0.671138,-1.040436,2.382712
z_gc_1m_adj_jk_sum,8.911,ois1m,8,0.857370,0.595903,-0.122804,1.837543,-0.274847,1.870405,0,0.814737,-0.848803,2.478276
z_gc_1m_adj_jk_sum,8.911,ois1m,9,0.441238,0.690950,-0.695274,1.577750,-0.940662,1.546758,0,0.373597,-1.553628,2.300822
z_gc_1m_adj_jk_sum,8.911,ois1m,10,0.294669,0.768552,-0.969487,1.558824,-1.204008,1.562780,0,0.109565,-1.925689,2.144819
z_gc_1m_adj_jk_sum,8.911,ois1m,11,0.480537,0.728193,-0.717233,1.678308,-0.903029,1.718465,0,0.217133,-1.751965,2.186231
z_gc_1m_adj_jk_sum,8.911,ois1m,12,0.205831,0.725721,-0.987874,1.399536,-1.136754,1.439557,0,-0.096539,-2.087675,1.894598
z_gc_1m_adj_jk_sum,8.911,ois1m,13,0.402240,0.708415,-0.762999,1.567479,-0.766645,1.748228,0,0.121158,-1.751835,1.994152
z_gc_1m_adj_jk_sum,8.911,ois1m,14,0.867142,0.792182,-0.435882,2.170166,-0.321132,2.530725,0,0.533212,-1.151441,2.217864
z_gc_1m_adj_jk_sum,8.911,ois1m,15,0.885903,0.833440,-0.484983,2.256789,-0.364257,2.636126,0,0.533457,-1.158533,2.225447
z_gc_1m_adj_jk_sum,8.911,ois1m,16,0.738990,0.905493,-0.750413,2.228394,-0.709799,2.504702,0,0.371806,-1.439599,2.183212
z_gc_1m_adj_jk_sum,8.911,ois1m,17,0.856282,0.818166,-0.489482,2.202046,-0.411875,2.492615,0,0.389633,-1.363440,2.142706
z_gc_1m_adj_jk_sum,8.911,ois1m,18,0.714401,0.819365,-0.633335,2.062137,-0.555615,2.353132,0,0.195720,-1.634531,2.025972
z_gc_1m_adj_jk_sum,8.911,ois1m,19,0.495330,0.857164,-0.914579,1.905239,-0.833274,2.209657,0,-0.023980,-2.005376,1.957417
z_gc_1m_adj_jk_sum,8.911,ois1m,20,0.281364,0.794288,-1.025124,1.587851,-0.910068,1.949369,0,-0.318505,-2.336486,1.699477
z_gc_1m_adj_jk_sum,8.911,ois1m,21,0.342536,0.820160,-1.006507,1.691580,-0.846696,2.064873,0,-0.293245,-2.353939,1.767449
z_gc_1m_adj_jk_sum,8.911,ois1m,22,-0.010714,0.860111,-1.425470,1.404042,-1.300880,1.752513,0,-0.630498,-2.853350,1.592353
z_gc_1m_adj_jk_sum,8.911,ois1m,23,-0.165970,0.792368,-1.469300,1.137359,-1.354522,1.458384,0,-0.896241,-3.048746,1.256264
z_gc_1m_adj_jk_sum,8.911,ois1m,24,-0.058068,0.789458,-1.356610,1.240474,-1.242254,1.560320,0,-0.779577,-2.949770,1.390616
z_gc_1m_adj_jk_sum,8.911,ois1m,25,-0.268944,1.010824,-1.931601,1.393713,-1.886262,1.651621,0,-1.047923,-3.544469,1.448622
z_gc_1m_adj_jk_sum,8.911,ois1m,26,-0.444005,0.972516,-2.043653,1.155642,-2.048658,1.355150,0,-1.194951,-3.530944,1.141043
z_gc_1m_adj_jk_sum,8.911,ois1m,27,-1.087475,1.121183,-2.931657,0.756707,-2.937427,0.930655,0,-1.782246,-4.173958,0.609465
z_gc_1m_adj_jk_sum,8.911,ois1m,28,-1.150556,1.169441,-3.074114,0.773003,-3.080133,0.954437,0,-1.793450,-3.970511,0.383610
z_gc_1m_adj_jk_sum,8.911,ois1m,29,-1.064982,1.132842,-2.928341,0.798377,-2.934171,0.974134,0,-1.702205,-3.572546,0.168136
z_gc_1m_adj_jk_sum,8.911,ois1m,30,-1.362250,1.076464,-3.132877,0.408376,-3.084593,0.629209,0,-1.980025,-3.734146,-0.225905
z_gc_1m_adj_jk_sum,8.911,ois1m,31,-1.125960,0.954609,-2.696152,0.444233,-2.653335,0.640068,0,-1.643237,-3.191650,-0.094824
z_gc_1m_adj_jk_sum,8.911,ois1m,32,-1.067458,0.887354,-2.527025,0.392110,-2.442856,0.618515,0,-1.542885,-3.034420,-0.051350
z_gc_1m_adj_jk_sum,8.911,ois1m,33,-1.046375,0.808077,-2.375544,0.282793,-2.298894,0.448567,0,-1.559178,-3.074520,-0.043835
z_gc_1m_adj_jk_sum,8.911,ois1m,34,-0.778802,0.692274,-1.917492,0.359888,-1.886441,0.467292,0,-1.179259,-2.645619,0.287102
z_gc_1m_adj_jk_sum,8.911,ois1m,35,-0.765115,0.603638,-1.758011,0.227781,-1.700754,0.351615,0,-1.124358,-2.541500,0.292784
z_gc_1m_adj_jk_sum,8.911,ois1m,36,-0.473289,0.574278,-1.417892,0.471314,-1.334706,0.617839,0,-0.817623,-2.314742,0.679496
z_gc_1m_adj_jk_sum,8.911,ois1m,37,-0.293357,0.498606,-1.113490,0.526777,-1.091126,0.604134,0,-0.420747,-2.025993,1.184500
z_gc_1m_adj_jk_sum,8.911,ois1m,38,-0.321523,0.476406,-1.105140,0.462095,-1.107592,0.512187,0,-0.384068,-2.059534,1.291399
z_gc_1m_adj_jk_sum,8.911,ois1m,39,-0.295955,0.445219,-1.028275,0.436364,-1.052827,0.460917,0,-0.292802,-2.025558,1.439954
z_gc_1m_adj_jk_sum,8.911,ois1m,40,-0.475058,0.563386,-1.401746,0.451631,-1.517323,0.398191,0,-0.336553,-2.032741,1.359635
z_gc_1m_adj_jk_sum,8.911,ois1m,41,-0.660659,0.674707,-1.770453,0.449136,-1.942602,0.351402,0,-0.561832,-2.160471,1.036807
z_gc_1m_adj_jk_sum,8.911,ois1m,42,-0.631575,0.630329,-1.668374,0.405224,-1.797684,0.345435,0,-0.602557,-2.206494,1.001380
z_gc_1m_adj_jk_sum,8.911,ois1m,43,-0.650499,0.674281,-1.759593,0.458594,-1.931634,0.360922,0,-0.527295,-2.155026,1.100435
z_gc_1m_adj_jk_sum,8.911,ois1m,44,-0.326060,0.652107,-1.398680,0.746560,-1.565063,0.652100,0,-0.175178,-1.835688,1.485331
z_gc_1m_adj_jk_sum,8.911,ois1m,45,-0.313739,0.675993,-1.425647,0.798170,-1.598124,0.700250,0,-0.103336,-1.802564,1.595892
z_gc_1m_adj_jk_sum,8.911,ois1m,46,-0.211423,0.674455,-1.320803,0.897957,-1.526611,0.800260,0,0.118075,-1.656052,1.892202
z_gc_1m_adj_jk_sum,8.911,ois1m,47,0.072447,0.686688,-1.057055,1.201948,-1.232261,1.102479,0,0.538905,-1.443842,2.521652
z_gc_1m_adj_jk_sum,8.911,ois1m,48,0.408555,0.666202,-0.687249,1.504360,-0.823918,1.441168,0,0.802989,-1.322214,2.928192
z_gc_1m_adj_jk_sum,8.911,ip,0,1.592318,1.796945,-1.363393,4.548029,-1.821877,5.186208,0,1.165644,-2.113605,4.444892
z_gc_1m_adj_jk_sum,8.911,ip,1,2.581074,2.144183,-0.945794,6.107941,-1.707293,6.547812,0,3.468441,-0.428364,7.365247
z_gc_1m_adj_jk_sum,8.911,ip,2,5.287279,2.320065,1.471112,9.103446,0.299140,9.115386,0,6.123181,1.480504,10.765857
z_gc_1m_adj_jk_sum,8.911,ip,3,0.466353,3.124522,-4.673028,5.605735,-6.407595,5.309362,0,1.412030,-5.264259,8.088319
z_gc_1m_adj_jk_sum,8.911,ip,4,1.502621,3.327693,-3.970947,6.976188,-5.651919,6.494160,0,1.856272,-6.177242,9.889785
z_gc_1m_adj_jk_sum,8.911,ip,5,4.013101,3.584643,-1.883112,9.909315,-3.335418,9.569299,0,4.063739,-3.513695,11.641174
z_gc_1m_adj_jk_sum,8.911,ip,6,0.579437,4.236778,-6.389442,7.548317,-9.165152,6.510927,0,0.893506,-8.890187,10.677199
z_gc_1m_adj_jk_sum,8.911,ip,7,1.010092,3.619215,-4.942987,6.963171,-5.866417,7.162758,0,1.062376,-8.598241,10.722993
z_gc_1m_adj_jk_sum,8.911,ip,8,0.076013,4.235003,-6.889947,7.041972,-7.335243,7.699018,0,-0.292294,-10.202384,9.617795
z_gc_1m_adj_jk_sum,8.911,ip,9,-0.698776,4.159317,-7.540243,6.142691,-8.393512,6.580028,0,-1.204104,-11.802709,9.394501
z_gc_1m_adj_jk_sum,8.911,ip,10,2.004808,4.927238,-6.099777,10.109392,-6.371496,11.366559,0,0.987118,-8.595818,10.570055
z_gc_1m_adj_jk_sum,8.911,ip,11,3.099878,4.890165,-4.943729,11.143484,-4.235370,13.369225,0,2.519181,-6.023131,11.061493
z_gc_1m_adj_jk_sum,8.911,ip,12,1.963187,3.930818,-4.502434,8.428807,-4.129581,9.824823,0,0.434148,-6.791307,7.659602
z_gc_1m_adj_jk_sum,8.911,ip,13,0.429289,4.421944,-6.844162,7.702740,-6.645822,9.052080,0,-2.391358,-11.039795,6.257079
z_gc_1m_adj_jk_sum,8.911,ip,14,4.125325,4.304845,-2.955515,11.206164,-1.901458,13.811225,0,2.375063,-4.831134,9.581260
z_gc_1m_adj_jk_sum,8.911,ip,15,2.866869,4.209774,-4.057593,9.791332,-3.237304,12.128373,0,0.979051,-6.475502,8.433604
z_gc_1m_adj_jk_sum,8.911,ip,16,1.673941,5.100897,-6.716287,10.064170,-6.232449,12.130780,0,-0.386944,-9.159167,8.385279
z_gc_1m_adj_jk_sum,8.911,ip,17,4.221356,5.219562,-4.364059,12.806770,-3.607987,15.182435,0,1.423197,-7.344321,10.190714
z_gc_1m_adj_jk_sum,8.911,ip,18,5.884964,5.193156,-2.657017,14.426946,-1.385454,17.569565,0,2.710440,-6.295763,11.716643
z_gc_1m_adj_jk_sum,8.911,ip,19,5.072261,5.049104,-3.232775,13.377298,-1.996484,16.180290,0,1.748601,-8.089144,11.586345
z_gc_1m_adj_jk_sum,8.911,ip,20,2.840596,3.983448,-3.711594,9.392785,-2.736232,11.604182,0,-0.428104,-10.170177,9.313969
z_gc_1m_adj_jk_sum,8.911,ip,21,-5.187067,3.355631,-10.706589,0.332454,-11.227203,0.685286,0,-8.671188,-20.227202,2.884827
z_gc_1m_adj_jk_sum,8.911,ip,22,-3.224950,3.618371,-9.176641,2.726741,-9.014344,3.830874,0,-6.086306,-16.760365,4.587753
z_gc_1m_adj_jk_sum,8.911,ip,23,1.479396,4.614818,-6.111305,9.070096,-4.750609,11.862737,0,-2.127712,-11.898305,7.642880
z_gc_1m_adj_jk_sum,8.911,ip,24,-2.468529,4.862056,-10.465900,5.528841,-10.004716,7.012480,0,-5.709313,-16.294403,4.875778
z_gc_1m_adj_jk_sum,8.911,ip,25,-0.907855,4.646843,-8.551232,6.735522,-7.878120,8.618174,0,-4.380346,-14.113412,5.352720
z_gc_1m_adj_jk_sum,8.911,ip,26,-5.311892,4.379888,-12.516167,1.892383,-12.319713,3.009895,0,-8.896801,-17.921707,0.128105
z_gc_1m_adj_jk_sum,8.911,ip,27,-4.534680,5.158838,-13.020214,3.950854,-13.304705,4.493287,0,-6.830880,-15.683074,2.021313
z_gc_1m_adj_jk_sum,8.911,ip,28,-2.083606,6.842181,-13.337992,9.170780,-13.373205,10.232320,0,-4.849877,-13.966302,4.266547
z_gc_1m_adj_jk_sum,8.911,ip,29,-8.741976,6.671581,-19.715751,2.231798,-20.083664,2.933291,0,-11.027201,-19.552274,-2.502128
z_gc_1m_adj_jk_sum,8.911,ip,30,-6.393073,6.336922,-16.816382,4.030236,-17.165840,4.696540,0,-7.478974,-17.052123,2.094175
z_gc_1m_adj_jk_sum,8.911,ip,31,-2.807520,6.112248,-12.861274,7.246234,-12.892730,8.194527,0,-3.839668,-15.070076,7.390740
z_gc_1m_adj_jk_sum,8.911,ip,32,-3.119075,5.678603,-12.459545,6.221395,-11.920909,7.670270,0,-2.938582,-14.953983,9.076820
z_gc_1m_adj_jk_sum,8.911,ip,33,-4.182420,5.399367,-13.063588,4.698748,-13.631312,4.996503,0,-3.841161,-16.419203,8.736882
z_gc_1m_adj_jk_sum,8.911,ip,34,-2.442535,5.178667,-10.960684,6.075615,-11.246268,6.361199,0,-1.584196,-14.959124,11.790732
z_gc_1m_adj_jk_sum,8.911,ip,35,-5.512388,4.938024,-13.634716,2.609939,-14.647733,2.141549,0,-4.790124,-17.069054,7.488805
z_gc_1m_adj_jk_sum,8.911,ip,36,-4.319887,4.675069,-12.009692,3.369918,-12.501258,3.393977,0,-3.227703,-15.257591,8.802186
z_gc_1m_adj_jk_sum,8.911,ip,37,-2.325953,4.056760,-8.998730,4.346823,-9.425284,4.367701,0,-0.685244,-13.784402,12.413915
z_gc_1m_adj_jk_sum,8.911,ip,38,-1.887443,4.807693,-9.795395,6.020509,-10.541291,5.804867,0,-0.363087,-14.462159,13.735986
z_gc_1m_adj_jk_sum,8.911,ip,39,-2.491210,4.007296,-9.082626,4.100206,-9.704343,3.920465,0,-0.285181,-12.887446,12.317083
z_gc_1m_adj_jk_sum,8.911,ip,40,-1.742734,4.794022,-9.628198,6.142731,-11.091077,5.448299,0,0.666625,-12.547081,13.880331
z_gc_1m_adj_jk_sum,8.911,ip,41,-1.267866,5.981909,-11.107231,8.571500,-12.932589,7.405903,0,2.284841,-11.429554,15.999237
z_gc_1m_adj_jk_sum,8.911,ip,42,-2.579933,4.346910,-9.729964,4.570097,-10.839062,3.940432,0,1.035181,-11.102467,13.172830
z_gc_1m_adj_jk_sum,8.911,ip,43,-0.291326,4.421789,-7.564522,6.981870,-8.692726,6.341358,0,2.454088,-10.202272,15.110447
z_gc_1m_adj_jk_sum,8.911,ip,44,1.215838,4.960651,-6.943707,9.375384,-8.457432,8.656815,0,3.953164,-10.617555,18.523884
z_gc_1m_adj_jk_sum,8.911,ip,45,4.463115,4.911762,-3.616014,12.542245,-4.623644,12.076346,0,8.708247,-6.704795,24.121290
z_gc_1m_adj_jk_sum,8.911,ip,46,5.312592,3.961815,-1.204014,11.829198,-1.620584,11.849587,0,8.793570,-7.011519,24.598660
z_gc_1m_adj_jk_sum,8.911,ip,47,2.534036,5.781779,-6.976143,12.044216,-8.162254,11.495793,0,6.875738,-7.731994,21.483470
z_gc_1m_adj_jk_sum,8.911,ip,48,6.535044,5.106385,-1.864212,14.934301,-2.656449,14.705261,0,11.977506,-3.264913,27.219926
z_gc_1m_adj_jk_sum,8.911,hicp,0,0.249887,0.683073,-0.873668,1.373442,-0.808876,1.923416,0,0.017724,-0.724825,0.760274
z_gc_1m_adj_jk_sum,8.911,hicp,1,0.657932,0.785509,-0.634115,1.949980,-0.677433,2.346777,0,0.516189,-0.648246,1.680623
z_gc_1m_adj_jk_sum,8.911,hicp,2,0.352268,0.929242,-1.176199,1.880735,-1.738527,1.792593,0,0.284131,-1.206341,1.774603
z_gc_1m_adj_jk_sum,8.911,hicp,3,-0.204066,1.109655,-2.029286,1.621155,-2.922721,1.293969,0,-0.169884,-2.136571,1.796804
z_gc_1m_adj_jk_sum,8.911,hicp,4,-0.021866,1.081947,-1.801511,1.757778,-2.402150,1.601054,0,0.175890,-1.838978,2.190757
z_gc_1m_adj_jk_sum,8.911,hicp,5,-0.237357,1.187017,-2.189827,1.715113,-2.789445,1.483818,0,-0.055602,-2.313786,2.202581
z_gc_1m_adj_jk_sum,8.911,hicp,6,0.446486,1.374393,-1.814189,2.707161,-2.508459,2.508076,0,0.538881,-1.877969,2.955731
z_gc_1m_adj_jk_sum,8.911,hicp,7,0.946704,1.189908,-1.010521,2.903929,-1.492608,2.850557,0,1.053612,-1.291120,3.398343
z_gc_1m_adj_jk_sum,8.911,hicp,8,-0.767231,1.175480,-2.700724,1.166261,-3.470836,0.878441,0,-0.647680,-3.336519,2.041159
z_gc_1m_adj_jk_sum,8.911,hicp,9,-1.870196,1.384001,-4.146675,0.406283,-5.330199,-0.070995,0,-1.757417,-5.156482,1.641647
z_gc_1m_adj_jk_sum,8.911,hicp,10,-2.542135,1.790059,-5.486519,0.402250,-7.017281,-0.215058,0,-2.624782,-6.576035,1.326470
z_gc_1m_adj_jk_sum,8.911,hicp,11,-2.087027,1.705196,-4.891825,0.717771,-6.264758,0.129728,0,-1.929396,-5.568661,1.709869
z_gc_1m_adj_jk_sum,8.911,hicp,12,-0.724015,1.380152,-2.994162,1.546133,-3.760348,1.277205,0,-0.604059,-3.973108,2.764989
z_gc_1m_adj_jk_sum,8.911,hicp,13,0.022833,1.442909,-2.350541,2.396207,-2.935130,2.259342,0,0.142634,-3.251179,3.536447
z_gc_1m_adj_jk_sum,8.911,hicp,14,0.629809,1.486207,-1.814784,3.074402,-2.268295,3.082051,0,0.733749,-2.515526,3.983024
z_gc_1m_adj_jk_sum,8.911,hicp,15,-0.097392,1.638016,-2.791689,2.596904,-3.373424,2.441532,0,-0.043089,-3.580761,3.494584
z_gc_1m_adj_jk_sum,8.911,hicp,16,-0.100880,1.822155,-3.098058,2.896299,-3.745189,2.814568,0,-0.133271,-3.958740,3.692198
z_gc_1m_adj_jk_sum,8.911,hicp,17,0.537725,1.710910,-2.276472,3.351922,-2.541914,3.531818,0,0.330080,-3.424645,4.084805
z_gc_1m_adj_jk_sum,8.911,hicp,18,0.596404,1.839520,-2.429338,3.622145,-2.622757,3.907540,0,0.277539,-3.520302,4.075379
z_gc_1m_adj_jk_sum,8.911,hicp,19,1.191420,1.862974,-1.872901,4.255740,-1.975637,4.637922,0,0.639954,-3.149881,4.429788
z_gc_1m_adj_jk_sum,8.911,hicp,20,-0.257608,1.729684,-3.102686,2.587469,-3.371040,2.682855,0,-0.910976,-5.089833,3.267880
z_gc_1m_adj_jk_sum,8.911,hicp,21,-1.781666,1.685193,-4.553562,0.990230,-5.152052,0.830383,0,-2.338462,-7.064017,2.387092
z_gc_1m_adj_jk_sum,8.911,hicp,22,-2.630664,1.903905,-5.762310,0.500982,-6.724061,0.129999,0,-3.399563,-8.432343,1.633216
z_gc_1m_adj_jk_sum,8.911,hicp,23,-1.976396,1.710422,-4.789790,0.836998,-5.568282,0.503716,0,-2.746047,-7.498778,2.006685
z_gc_1m_adj_jk_sum,8.911,hicp,24,-1.362169,1.802787,-4.327490,1.603152,-4.877604,1.522291,0,-2.143820,-6.836820,2.549181
z_gc_1m_adj_jk_sum,8.911,hicp,25,-1.825326,1.991223,-5.100596,1.449944,-5.509088,1.460192,0,-2.500739,-7.351901,2.350424
z_gc_1m_adj_jk_sum,8.911,hicp,26,-2.170684,2.012799,-5.481444,1.140077,-5.894362,1.150435,0,-2.793822,-8.062858,2.475215
z_gc_1m_adj_jk_sum,8.911,hicp,27,-3.334087,1.949177,-6.540197,-0.127976,-7.037523,-0.215404,0,-3.992340,-9.708015,1.723335
z_gc_1m_adj_jk_sum,8.911,hicp,28,-3.330331,1.680004,-6.093691,-0.566970,-6.438338,-0.642324,0,-4.185593,-9.729678,1.358491
z_gc_1m_adj_jk_sum,8.911,hicp,29,-2.593122,1.501647,-5.063111,-0.123133,-5.221003,-0.040323,0,-3.782053,-8.815011,1.250905
z_gc_1m_adj_jk_sum,8.911,hicp,30,-2.174984,1.667928,-4.918482,0.568513,-4.927066,0.827286,0,-3.624636,-8.576163,1.326892
z_gc_1m_adj_jk_sum,8.911,hicp,31,-2.202616,1.825866,-5.205897,0.800666,-5.215294,1.083942,0,-3.706854,-8.548204,1.134496
z_gc_1m_adj_jk_sum,8.911,hicp,32,-3.039995,1.573427,-5.628052,-0.451938,-5.714821,-0.365169,0,-4.566573,-9.812234,0.679088
z_gc_1m_adj_jk_sum,8.911,hicp,33,-3.109431,1.381120,-5.381172,-0.837691,-5.595448,-0.830583,0,-4.462167,-9.706316,0.781983
z_gc_1m_adj_jk_sum,8.911,hicp,34,-3.027905,1.240204,-5.067858,-0.987952,-5.384292,-1.167600,0,-4.323653,-9.323008,0.675702
z_gc_1m_adj_jk_sum,8.911,hicp,35,-2.515589,1.108020,-4.338120,-0.693058,-4.565426,-0.798157,0,-3.879550,-8.373126,0.614027
z_gc_1m_adj_jk_sum,8.911,hicp,36,-2.874364,1.146645,-4.760427,-0.988301,-4.880993,-0.982400,0,-4.174859,-8.657421,0.307702
z_gc_1m_adj_jk_sum,8.911,hicp,37,-2.090136,1.463493,-4.497368,0.317096,-4.431725,0.470977,0,-3.153702,-7.461981,1.154577
z_gc_1m_adj_jk_sum,8.911,hicp,38,-2.004830,1.493643,-4.461654,0.451995,-4.394659,0.683729,0,-2.967182,-7.332808,1.398445
z_gc_1m_adj_jk_sum,8.911,hicp,39,-3.709170,1.873211,-6.790328,-0.628012,-6.799968,-0.524711,0,-4.786772,-9.903603,0.330059
z_gc_1m_adj_jk_sum,8.911,hicp,40,-3.078382,1.755842,-5.966486,-0.190279,-6.063314,-0.181243,0,-4.345099,-9.338026,0.647828
z_gc_1m_adj_jk_sum,8.911,hicp,41,-3.181834,1.560875,-5.749244,-0.614423,-5.913365,-0.606390,0,-5.000869,-9.878471,-0.123267
z_gc_1m_adj_jk_sum,8.911,hicp,42,-3.401425,1.880957,-6.495323,-0.307527,-6.505004,-0.109751,0,-5.344641,-10.580049,-0.109232
z_gc_1m_adj_jk_sum,8.911,hicp,43,-1.863954,1.921451,-5.024460,1.296552,-4.938276,1.594658,0,-3.945692,-8.661419,0.770035
z_gc_1m_adj_jk_sum,8.911,hicp,44,-1.594835,1.645965,-4.302207,1.112536,-4.146081,1.450200,0,-3.677458,-8.213412,0.858495
z_gc_1m_adj_jk_sum,8.911,hicp,45,-2.466548,1.361978,-4.706802,-0.226293,-4.781910,-0.151185,0,-4.125454,-8.623307,0.372399
z_gc_1m_adj_jk_sum,8.911,hicp,46,-3.088873,1.407300,-5.403676,-0.774071,-5.762743,-0.977924,0,-4.635086,-8.983759,-0.286412
z_gc_1m_adj_jk_sum,8.911,hicp,47,-3.094061,1.468545,-5.509603,-0.678520,-5.737442,-0.744389,0,-4.401763,-8.377451,-0.426075
z_gc_1m_adj_jk_sum,8.911,hicp,48,-2.411027,1.462694,-4.816945,-0.005109,-4.751338,0.148688,0,-4.052044,-7.859373,-0.244715
z_gc_1m_adj_jk_sum,8.911,stoxx,0,1.236182,12.778905,-19.783246,22.255610,-19.849011,30.627663,0,2.521522,-18.564821,23.607865
z_gc_1m_adj_jk_sum,8.911,stoxx,1,-6.065709,15.886349,-32.196428,20.065011,-36.249772,24.118355,0,-1.666322,-26.219299,22.886654
z_gc_1m_adj_jk_sum,8.911,stoxx,2,1.046480,16.805762,-26.596539,28.689498,-26.683028,36.338580,0,3.674605,-22.319120,29.668331
z_gc_1m_adj_jk_sum,8.911,stoxx,3,6.171669,16.383247,-20.776375,33.119712,-21.679852,38.119001,0,13.528848,-15.715478,42.773173
z_gc_1m_adj_jk_sum,8.911,stoxx,4,32.993023,16.068750,6.562282,59.423765,4.872711,62.720210,0,41.986158,11.466991,72.505326
z_gc_1m_adj_jk_sum,8.911,stoxx,5,29.185446,18.844813,-1.811514,60.182405,-0.024015,67.817313,0,37.059515,-0.649632,74.768662
z_gc_1m_adj_jk_sum,8.911,stoxx,6,5.092135,26.195771,-37.996074,48.180344,-36.821099,58.793466,0,9.979222,-35.836992,55.795437
z_gc_1m_adj_jk_sum,8.911,stoxx,7,-3.929253,24.311114,-43.917477,36.058971,-41.611480,45.908531,0,-2.284224,-50.819779,46.251332
z_gc_1m_adj_jk_sum,8.911,stoxx,8,-5.243152,20.815485,-39.481578,28.995273,-38.547928,36.387817,0,-7.332910,-54.383576,39.717756
z_gc_1m_adj_jk_sum,8.911,stoxx,9,-2.957383,19.999779,-35.854093,29.939326,-32.957052,39.042154,0,-5.663576,-48.818773,37.491621
z_gc_1m_adj_jk_sum,8.911,stoxx,10,-17.990716,19.835684,-50.617513,14.636081,-48.736026,22.672436,0,-24.855815,-65.158606,15.446975
z_gc_1m_adj_jk_sum,8.911,stoxx,11,-8.296016,23.637469,-47.176193,30.584160,-47.297840,37.797048,0,-15.485783,-58.669050,27.697484
z_gc_1m_adj_jk_sum,8.911,stoxx,12,-1.387324,21.619114,-36.947603,34.172955,-35.977907,40.769950,0,-9.107556,-52.561879,34.346768
z_gc_1m_adj_jk_sum,8.911,stoxx,13,-6.552800,19.841333,-39.188888,26.083289,-38.298932,33.129866,0,-16.834007,-58.192603,24.524590
z_gc_1m_adj_jk_sum,8.911,stoxx,14,4.855933,18.154039,-25.004804,34.716670,-22.375125,42.979415,0,-4.053703,-43.126619,35.019214
z_gc_1m_adj_jk_sum,8.911,stoxx,15,23.578933,19.429580,-8.379882,55.537748,-2.651000,69.238445,0,13.666626,-23.935739,51.268991
z_gc_1m_adj_jk_sum,8.911,stoxx,16,29.632819,16.423002,2.619385,56.646253,7.461766,68.226873,0,22.910227,-14.786261,60.606714
z_gc_1m_adj_jk_sum,8.911,stoxx,17,32.896861,16.613777,5.569631,60.224092,11.298952,72.769926,0,26.536742,-15.583129,68.656613
z_gc_1m_adj_jk_sum,8.911,stoxx,18,-3.033739,16.096868,-29.510731,23.443253,-28.788728,28.355154,0,-12.284311,-54.000359,29.431737
z_gc_1m_adj_jk_sum,8.911,stoxx,19,3.714946,18.641273,-26.947220,34.377112,-27.043155,38.201301,0,-2.344134,-42.530684,37.842417
z_gc_1m_adj_jk_sum,8.911,stoxx,20,9.785601,17.240696,-18.572820,38.144023,-16.937478,44.266994,0,2.273293,-35.209317,39.755904
z_gc_1m_adj_jk_sum,8.911,stoxx,21,20.023598,16.433153,-7.006534,47.053730,-3.804474,54.533220,0,11.730439,-25.958143,49.419020
z_gc_1m_adj_jk_sum,8.911,stoxx,22,25.247299,19.030823,-6.055620,56.550218,-1.395854,66.163569,0,21.778956,-16.292647,59.850559
z_gc_1m_adj_jk_sum,8.911,stoxx,23,-1.216799,18.177152,-31.115554,28.681955,-28.482527,36.046363,0,-4.422890,-37.463275,28.617494
z_gc_1m_adj_jk_sum,8.911,stoxx,24,3.412216,17.967891,-26.142335,32.966768,-22.641226,41.144788,0,2.213793,-30.744973,35.172559
z_gc_1m_adj_jk_sum,8.911,stoxx,25,-1.344816,17.834304,-30.679636,27.990005,-28.096272,35.215509,0,-4.242697,-34.914123,26.428729
z_gc_1m_adj_jk_sum,8.911,stoxx,26,-12.008036,19.452526,-44.004593,19.988522,-44.104703,23.979137,0,-16.616532,-45.963559,12.730496
z_gc_1m_adj_jk_sum,8.911,stoxx,27,-10.572155,20.091172,-43.619191,22.474882,-43.722588,25.591955,0,-11.516152,-41.646255,18.613951
z_gc_1m_adj_jk_sum,8.911,stoxx,28,-11.144955,17.081627,-39.241732,16.951821,-38.475559,20.456055,0,-13.813949,-46.759696,19.131798
z_gc_1m_adj_jk_sum,8.911,stoxx,29,2.609523,15.286191,-22.534023,27.753069,-21.848382,30.888975,0,3.375277,-35.836824,42.587378
z_gc_1m_adj_jk_sum,8.911,stoxx,30,-2.882690,16.262579,-29.632252,23.866872,-30.529074,25.576823,0,0.958661,-41.014274,42.931595
z_gc_1m_adj_jk_sum,8.911,stoxx,31,-15.143874,17.699853,-44.257541,13.969792,-45.233623,15.830868,0,-8.871430,-50.786313,33.043453
z_gc_1m_adj_jk_sum,8.911,stoxx,32,-5.272824,19.537358,-37.408919,26.863271,-39.463201,27.940686,0,2.233005,-49.326131,53.792140
z_gc_1m_adj_jk_sum,8.911,stoxx,33,5.126262,21.314155,-29.932404,40.184928,-30.042094,42.426035,0,13.011281,-42.095372,68.117934
z_gc_1m_adj_jk_sum,8.911,stoxx,34,16.762555,17.041105,-11.267568,44.792679,-11.355268,46.584489,0,27.535030,-24.130812,79.200871
z_gc_1m_adj_jk_sum,8.911,stoxx,35,17.496906,19.569785,-14.692525,49.686337,-16.750217,49.787050,0,30.300765,-21.410788,82.012317
z_gc_1m_adj_jk_sum,8.911,stoxx,36,-3.544973,13.537532,-25.812232,18.722285,-27.912531,18.115078,0,8.739034,-31.296890,48.774958
z_gc_1m_adj_jk_sum,8.911,stoxx,37,-13.020165,13.172324,-34.686710,8.646379,-38.706196,6.738320,0,-1.783094,-41.514594,37.948407
z_gc_1m_adj_jk_sum,8.911,stoxx,38,-7.523990,12.216242,-27.617920,12.569939,-30.734850,10.800372,0,4.356880,-36.997932,45.711691
z_gc_1m_adj_jk_sum,8.911,stoxx,39,-5.348499,12.668341,-26.186065,15.489067,-28.151512,14.920846,0,5.141787,-38.604293,48.887868
z_gc_1m_adj_jk_sum,8.911,stoxx,40,-8.739970,14.954616,-33.338124,15.858184,-36.406009,14.439685,0,3.074514,-42.682969,48.831996
z_gc_1m_adj_jk_sum,8.911,stoxx,41,-10.581637,13.531209,-32.838496,11.675221,-35.614374,10.391737,0,2.131921,-45.290992,49.554835
z_gc_1m_adj_jk_sum,8.911,stoxx,42,-0.920324,12.304119,-21.158799,19.318152,-23.682945,18.151061,0,11.692296,-35.763806,59.148399
z_gc_1m_adj_jk_sum,8.911,stoxx,43,2.340434,12.308110,-17.904605,22.585473,-21.660380,20.187193,0,18.457804,-25.849347,62.764955
z_gc_1m_adj_jk_sum,8.911,stoxx,44,-1.428578,11.543646,-20.416186,17.559029,-23.938688,15.309708,0,15.334145,-26.139102,56.807391
z_gc_1m_adj_jk_sum,8.911,stoxx,45,-2.100654,14.657938,-26.210817,22.009509,-30.683633,19.153357,0,15.849490,-25.067701,56.766682
z_gc_1m_adj_jk_sum,8.911,stoxx,46,1.038452,17.544741,-27.820078,29.896983,-33.173792,26.478326,0,17.494559,-23.444335,58.433454
z_gc_1m_adj_jk_sum,8.911,stoxx,47,14.041536,11.738530,-5.266628,33.349699,-5.913965,33.410109,0,31.311361,-14.298564,76.921285
z_gc_1m_adj_jk_sum,8.911,stoxx,48,24.390771,14.031767,1.310568,47.470974,1.238356,48.946363,0,36.856257,-10.537451,84.249965
z_gcs_1m_adj_sum_bs,17.587,ois1m,0,1.000000,0.000000,1.000000,1.000000,1.000000,1.000000,0,1.000000,1.000000,1.000000
z_gcs_1m_adj_sum_bs,17.587,ois1m,1,0.649323,0.238008,0.257835,1.040811,0.185208,1.018235,0,0.741549,0.306795,1.176302
z_gcs_1m_adj_sum_bs,17.587,ois1m,2,0.568418,0.303428,0.069322,1.067513,-0.008096,1.038732,0,0.624663,-0.003149,1.252476
z_gcs_1m_adj_sum_bs,17.587,ois1m,3,0.729664,0.310763,0.218505,1.240823,0.154753,1.211346,0,0.760997,0.085941,1.436052
z_gcs_1m_adj_sum_bs,17.587,ois1m,4,0.832859,0.429110,0.127036,1.538682,0.081917,1.519435,0,0.808054,-0.149919,1.766027
z_gcs_1m_adj_sum_bs,17.587,ois1m,5,0.644370,0.435564,-0.072068,1.360809,-0.074309,1.384828,0,0.520291,-0.673545,1.714128
z_gcs_1m_adj_sum_bs,17.587,ois1m,6,0.288541,0.581810,-0.668451,1.245534,-0.700536,1.248528,0,0.167084,-1.335097,1.669265
z_gcs_1m_adj_sum_bs,17.587,ois1m,7,-0.042876,0.649125,-1.110592,1.024841,-1.178845,1.028181,0,-0.209648,-1.845928,1.426632
z_gcs_1m_adj_sum_bs,17.587,ois1m,8,-0.088375,0.778901,-1.369554,1.192803,-1.412508,1.235757,0,-0.322505,-2.092068,1.447058
z_gcs_1m_adj_sum_bs,17.587,ois1m,9,-0.312315,0.893044,-1.781241,1.156611,-1.830489,1.205859,0,-0.622019,-2.464128,1.220089
z_gcs_1m_adj_sum_bs,17.587,ois1m,10,-0.425320,0.928549,-1.952648,1.102008,-1.957427,1.153214,0,-0.844952,-2.701489,1.011585
z_gcs_1m_adj_sum_bs,17.587,ois1m,11,-0.248334,0.952703,-1.815392,1.318724,-1.820295,1.418897,0,-0.717964,-2.561498,1.125569
z_gcs_1m_adj_sum_bs,17.587,ois1m,12,-0.326857,0.913355,-1.829193,1.175478,-1.788226,1.271514,0,-0.831739,-2.601696,0.938219
z_gcs_1m_adj_sum_bs,17.587,ois1m,13,-0.178175,0.827810,-1.539801,1.183450,-1.461280,1.311882,0,-0.658008,-2.382192,1.066176
z_gcs_1m_adj_sum_bs,17.587,ois1m,14,0.112345,0.822755,-1.240966,1.465656,-1.121787,1.634441,0,-0.432674,-2.075722,1.210374
z_gcs_1m_adj_sum_bs,17.587,ois1m,15,0.184394,0.788559,-1.112670,1.481458,-1.037872,1.643228,0,-0.346990,-1.948885,1.254906
z_gcs_1m_adj_sum_bs,17.587,ois1m,16,0.531735,0.708244,-0.633222,1.696692,-0.566043,1.841986,0,-0.022640,-1.551937,1.506658
z_gcs_1m_adj_sum_bs,17.587,ois1m,17,0.849558,0.761288,-0.402650,2.101766,-0.330439,2.257942,0,0.254873,-1.228641,1.738387
z_gcs_1m_adj_sum_bs,17.587,ois1m,18,0.758225,0.746069,-0.468949,1.985400,-0.398182,2.138453,0,0.102446,-1.385551,1.590443
z_gcs_1m_adj_sum_bs,17.587,ois1m,19,0.834402,0.735330,-0.375107,2.043912,-0.305359,2.194762,0,0.083165,-1.408295,1.574625
z_gcs_1m_adj_sum_bs,17.587,ois1m,20,0.731028,0.709408,-0.435845,1.897901,-0.368555,2.043434,0,-0.046070,-1.533810,1.441670
z_gcs_1m_adj_sum_bs,17.587,ois1m,21,0.560384,0.740008,-0.656821,1.777588,-0.586628,1.892398,0,-0.164977,-1.668115,1.338161
z_gcs_1m_adj_sum_bs,17.587,ois1m,22,0.599307,0.672531,-0.506909,1.705523,-0.443117,1.809863,0,-0.085344,-1.508814,1.338126
z_gcs_1m_adj_sum_bs,17.587,ois1m,23,0.504334,0.628300,-0.529127,1.537795,-0.500946,1.635274,0,-0.193725,-1.558204,1.170755
z_gcs_1m_adj_sum_bs,17.587,ois1m,24,0.433492,0.627502,-0.598657,1.465640,-0.570512,1.531620,0,-0.204008,-1.573903,1.165886
z_gcs_1m_adj_sum_bs,17.587,ois1m,25,0.492728,0.599009,-0.492554,1.478009,-0.495637,1.511042,0,-0.160044,-1.533862,1.213775
z_gcs_1m_adj_sum_bs,17.587,ois1m,26,0.129490,0.588297,-0.838172,1.097152,-0.870615,1.100179,0,-0.509238,-1.894355,0.875880
z_gcs_1m_adj_sum_bs,17.587,ois1m,27,-0.287044,0.636626,-1.334201,0.760113,-1.401140,0.731558,0,-0.872702,-2.278012,0.532608
z_gcs_1m_adj_sum_bs,17.587,ois1m,28,-0.254518,0.675846,-1.366186,0.857150,-1.437249,0.826836,0,-0.812141,-2.152210,0.527927
z_gcs_1m_adj_sum_bs,17.587,ois1m,29,-0.276285,0.630407,-1.313213,0.760642,-1.379498,0.700846,0,-0.807572,-2.049435,0.434290
z_gcs_1m_adj_sum_bs,17.587,ois1m,30,-0.323310,0.583737,-1.283472,0.636852,-1.374037,0.581482,0,-0.830700,-1.992317,0.330918
z_gcs_1m_adj_sum_bs,17.587,ois1m,31,0.049446,0.624833,-0.978313,1.077206,-1.044012,1.049180,0,-0.362101,-1.536818,0.812616
z_gcs_1m_adj_sum_bs,17.587,ois1m,32,0.179034,0.645505,-0.882727,1.240795,-0.950600,1.211842,0,-0.227608,-1.479540,1.024324
z_gcs_1m_adj_sum_bs,17.587,ois1m,33,0.271935,0.616947,-0.742852,1.286722,-0.776875,1.259050,0,-0.193941,-1.461738,1.073856
z_gcs_1m_adj_sum_bs,17.587,ois1m,34,0.411115,0.633388,-0.630716,1.452946,-0.665645,1.424537,0,0.023516,-1.316216,1.363248
z_gcs_1m_adj_sum_bs,17.587,ois1m,35,0.314824,0.630868,-0.722862,1.352510,-0.789196,1.324213,0,-0.057520,-1.395506,1.280466
z_gcs_1m_adj_sum_bs,17.587,ois1m,36,0.430115,0.638703,-0.620458,1.480687,-0.687615,1.452039,0,0.036716,-1.286970,1.360401
z_gcs_1m_adj_sum_bs,17.587,ois1m,37,0.584872,0.651651,-0.486998,1.656743,-0.588099,1.594931,0,0.312007,-1.055971,1.679986
z_gcs_1m_adj_sum_bs,17.587,ois1m,38,0.393957,0.617825,-0.622274,1.410188,-0.749019,1.320694,0,0.156114,-1.198030,1.510257
z_gcs_1m_adj_sum_bs,17.587,ois1m,39,0.341824,0.564732,-0.587077,1.270726,-0.702930,1.188923,0,0.151593,-1.183870,1.487056
z_gcs_1m_adj_sum_bs,17.587,ois1m,40,0.321928,0.558128,-0.596112,1.239967,-0.738516,1.131214,0,0.225498,-1.172335,1.623332
z_gcs_1m_adj_sum_bs,17.587,ois1m,41,0.145077,0.473839,-0.634319,0.924473,-0.731525,0.855835,0,0.035638,-1.314490,1.385766
z_gcs_1m_adj_sum_bs,17.587,ois1m,42,0.338476,0.446122,-0.395330,1.072281,-0.464544,1.029965,0,0.180933,-1.213701,1.575567
z_gcs_1m_adj_sum_bs,17.587,ois1m,43,0.203402,0.394436,-0.445388,0.852193,-0.506583,0.814779,0,0.075372,-1.310304,1.461049
z_gcs_1m_adj_sum_bs,17.587,ois1m,44,0.183352,0.324211,-0.349927,0.716632,-0.367806,0.702090,0,0.023177,-1.341933,1.388287
z_gcs_1m_adj_sum_bs,17.587,ois1m,45,0.116668,0.383405,-0.513977,0.747313,-0.573461,0.710946,0,-0.031863,-1.419136,1.355411
z_gcs_1m_adj_sum_bs,17.587,ois1m,46,-0.011519,0.406040,-0.679396,0.656358,-0.742392,0.617844,0,-0.077982,-1.479839,1.323875
z_gcs_1m_adj_sum_bs,17.587,ois1m,47,-0.075935,0.437403,-0.795398,0.643529,-0.863260,0.580169,0,-0.082041,-1.544912,1.380830
z_gcs_1m_adj_sum_bs,17.587,ois1m,48,-0.074409,0.545278,-0.971311,0.822492,-1.083173,0.743507,0,-0.020871,-1.494645,1.452903
z_gcs_1m_adj_sum_bs,17.587,ip,0,3.927437,2.075083,0.514230,7.340644,0.918568,8.388865,0,3.358070,0.193360,6.522781
z_gcs_1m_adj_sum_bs,17.587,ip,1,1.000334,1.985301,-2.265195,4.265863,-2.573207,4.276080,0,1.335749,-1.884469,4.555967
z_gcs_1m_adj_sum_bs,17.587,ip,2,4.785255,2.154814,1.240901,8.329609,1.229812,8.556180,0,4.545099,0.692725,8.397474
z_gcs_1m_adj_sum_bs,17.587,ip,3,2.372162,2.852497,-2.319779,7.064103,-2.191834,7.506658,0,1.780272,-3.245048,6.805592
z_gcs_1m_adj_sum_bs,17.587,ip,4,2.658900,2.887691,-2.090929,7.408729,-2.250175,7.423590,0,1.319757,-4.224641,6.864155
z_gcs_1m_adj_sum_bs,17.587,ip,5,2.072344,2.881838,-2.667857,6.812546,-2.682688,6.971468,0,0.256936,-5.620636,6.134508
z_gcs_1m_adj_sum_bs,17.587,ip,6,-0.687578,3.062668,-5.725219,4.350063,-6.047247,4.365825,0,-2.563494,-10.342165,5.215178
z_gcs_1m_adj_sum_bs,17.587,ip,7,-3.141537,4.202491,-10.054019,3.770944,-10.285771,4.002696,0,-5.305125,-14.418883,3.808634
z_gcs_1m_adj_sum_bs,17.587,ip,8,-3.709337,4.584286,-11.249816,3.831143,-11.044194,4.313164,0,-6.081595,-15.247149,3.083959
z_gcs_1m_adj_sum_bs,17.587,ip,9,-4.923855,4.687677,-12.634398,2.786688,-12.658522,3.279581,0,-7.432935,-16.759022,1.893152
z_gcs_1m_adj_sum_bs,17.587,ip,10,-6.835022,5.434230,-15.773534,2.103490,-16.073212,2.403168,0,-9.470861,-19.145594,0.203873
z_gcs_1m_adj_sum_bs,17.587,ip,11,-3.336591,5.327474,-12.099506,5.426324,-11.860550,6.252862,0,-5.468665,-13.822914,2.885585
z_gcs_1m_adj_sum_bs,17.587,ip,12,-3.359074,4.921689,-11.454532,4.736385,-11.233776,5.499967,0,-6.756462,-14.596601,1.083677
z_gcs_1m_adj_sum_bs,17.587,ip,13,-1.714741,4.764066,-9.550932,6.121450,-9.099043,7.098781,0,-5.866707,-13.448912,1.715497
z_gcs_1m_adj_sum_bs,17.587,ip,14,2.539348,4.586997,-5.005591,10.084287,-4.111798,11.483993,0,-0.237000,-7.220672,6.746672
z_gcs_1m_adj_sum_bs,17.587,ip,15,2.575483,3.652614,-3.432532,8.583498,-2.720807,9.698079,0,-0.450603,-7.215163,6.313958
z_gcs_1m_adj_sum_bs,17.587,ip,16,0.242726,3.634566,-5.735604,6.221056,-5.027395,7.330131,0,-2.680623,-9.914005,4.552758
z_gcs_1m_adj_sum_bs,17.587,ip,17,3.822566,3.705844,-2.273005,9.918137,-1.736200,10.863670,0,0.731237,-6.305036,7.767509
z_gcs_1m_adj_sum_bs,17.587,ip,18,4.934002,4.033456,-1.700443,11.568447,-1.116182,12.597569,0,1.466502,-5.215969,8.148973
z_gcs_1m_adj_sum_bs,17.587,ip,19,4.416681,3.971630,-2.116068,10.949430,-1.937926,11.565614,0,1.362035,-5.730613,8.454683
z_gcs_1m_adj_sum_bs,17.587,ip,20,6.230760,4.559014,-1.268151,13.729671,-0.835712,14.664936,0,2.570216,-4.390818,9.531250
z_gcs_1m_adj_sum_bs,17.587,ip,21,2.113866,3.711246,-3.990590,8.218323,-3.824128,8.608547,0,-0.924483,-7.738846,5.889880
z_gcs_1m_adj_sum_bs,17.587,ip,22,4.105907,3.361471,-1.423220,9.635035,-1.272446,10.156555,0,1.303119,-5.723083,8.329321
z_gcs_1m_adj_sum_bs,17.587,ip,23,6.527263,3.591577,0.619644,12.434881,1.139897,13.171680,0,3.557863,-3.857750,10.973476
z_gcs_1m_adj_sum_bs,17.587,ip,24,2.256244,2.624862,-2.061270,6.573758,-1.812293,6.980996,0,-0.225214,-6.935964,6.485535
z_gcs_1m_adj_sum_bs,17.587,ip,25,1.330144,2.878943,-3.405296,6.065584,-3.564060,6.080400,0,-1.194743,-8.655732,6.266247
z_gcs_1m_adj_sum_bs,17.587,ip,26,1.650873,3.064553,-3.389868,6.691614,-3.712095,6.554158,0,-0.839281,-8.379338,6.700776
z_gcs_1m_adj_sum_bs,17.587,ip,27,1.161381,2.892982,-3.597150,5.919912,-4.045986,5.645503,0,-0.689190,-8.239916,6.861536
z_gcs_1m_adj_sum_bs,17.587,ip,28,0.764950,3.600317,-5.157043,6.686944,-5.535604,6.525457,0,-1.314760,-9.508474,6.878955
z_gcs_1m_adj_sum_bs,17.587,ip,29,-0.960670,3.740924,-7.113942,5.192601,-7.694333,4.837761,0,-2.733275,-11.361875,5.895325
z_gcs_1m_adj_sum_bs,17.587,ip,30,0.898581,3.391788,-4.680413,6.477576,-5.376226,5.986263,0,-0.788427,-9.885800,8.308946
z_gcs_1m_adj_sum_bs,17.587,ip,31,2.361750,3.002912,-2.577600,7.301100,-2.743199,7.316554,0,0.844549,-8.537471,10.226568
z_gcs_1m_adj_sum_bs,17.587,ip,32,1.981105,4.185217,-4.902965,8.865176,-5.343025,8.677453,0,0.822657,-9.097074,10.742388
z_gcs_1m_adj_sum_bs,17.587,ip,33,0.191508,3.935559,-6.281912,6.664927,-7.286055,6.094847,0,-1.105205,-11.002524,8.792115
z_gcs_1m_adj_sum_bs,17.587,ip,34,3.296849,3.595890,-2.617863,9.211561,-3.355547,8.690683,0,2.333336,-7.719561,12.386232
z_gcs_1m_adj_sum_bs,17.587,ip,35,0.777792,3.959812,-5.735518,7.291103,-6.943840,6.519519,0,0.204681,-9.903754,10.313116
z_gcs_1m_adj_sum_bs,17.587,ip,36,-0.844384,3.537350,-6.662807,4.974040,-7.565349,4.284774,0,-1.344380,-10.925894,8.237134
z_gcs_1m_adj_sum_bs,17.587,ip,37,2.628589,3.324370,-2.839512,8.096691,-3.521495,7.615144,0,1.926657,-7.932900,11.786214
z_gcs_1m_adj_sum_bs,17.587,ip,38,-1.296192,4.025689,-7.917862,5.325478,-8.945002,4.541058,0,-1.479016,-11.428827,8.470795
z_gcs_1m_adj_sum_bs,17.587,ip,39,1.015039,3.542754,-4.812273,6.842352,-5.716194,6.152033,0,0.686865,-9.307664,10.681393
z_gcs_1m_adj_sum_bs,17.587,ip,40,0.444415,3.755157,-5.732268,6.621098,-6.690382,5.889392,0,0.841123,-8.856132,10.538377
z_gcs_1m_adj_sum_bs,17.587,ip,41,-0.390015,3.932758,-6.858826,6.078796,-8.058893,5.115846,0,0.716660,-9.323760,10.757081
z_gcs_1m_adj_sum_bs,17.587,ip,42,-2.375599,4.020653,-8.988985,4.237787,-10.215872,3.454348,0,-1.362222,-11.377827,8.653383
z_gcs_1m_adj_sum_bs,17.587,ip,43,-0.908240,3.668576,-6.942511,5.126030,-7.878535,4.411195,0,-0.495254,-10.751419,9.760911
z_gcs_1m_adj_sum_bs,17.587,ip,44,0.158390,4.528208,-7.289849,7.606629,-8.218794,6.950702,0,1.121636,-9.495609,11.738881
z_gcs_1m_adj_sum_bs,17.587,ip,45,0.194025,4.059368,-6.483041,6.871091,-7.112838,6.486045,0,1.950203,-8.762285,12.662691
z_gcs_1m_adj_sum_bs,17.587,ip,46,3.173092,3.103616,-1.931902,8.278086,-1.947874,8.294058,0,3.647002,-7.162303,14.456308
z_gcs_1m_adj_sum_bs,17.587,ip,47,-0.637920,3.776899,-6.850367,5.574526,-7.625184,5.027429,0,0.917256,-9.544531,11.379043
z_gcs_1m_adj_sum_bs,17.587,ip,48,0.126767,3.549133,-5.711037,5.964572,-6.261672,5.450467,0,2.624120,-7.595368,12.843607
z_gcs_1m_adj_sum_bs,17.587,hicp,0,0.036693,0.601211,-0.952212,1.025598,-1.075548,1.058753,0,0.539420,-0.165059,1.243898
z_gcs_1m_adj_sum_bs,17.587,hicp,1,0.529581,0.831316,-0.837811,1.896973,-0.925221,1.942817,0,0.921077,-0.177301,2.019455
z_gcs_1m_adj_sum_bs,17.587,hicp,2,0.975980,0.918170,-0.534274,2.486235,-0.584908,2.536869,0,1.234540,-0.061479,2.530560
z_gcs_1m_adj_sum_bs,17.587,hicp,3,0.756834,0.868735,-0.672108,2.185777,-0.676579,2.233684,0,1.001764,-0.311372,2.314901
z_gcs_1m_adj_sum_bs,17.587,hicp,4,0.728759,0.845067,-0.661252,2.118770,-0.623347,2.249879,0,0.939388,-0.431398,2.310173
z_gcs_1m_adj_sum_bs,17.587,hicp,5,0.184733,0.845221,-1.205532,1.574998,-1.167621,1.706131,0,0.316710,-1.088962,1.722383
z_gcs_1m_adj_sum_bs,17.587,hicp,6,-0.202090,0.959385,-1.780138,1.375958,-1.881014,1.332926,0,-0.004426,-1.710899,1.702046
z_gcs_1m_adj_sum_bs,17.587,hicp,7,-0.609487,1.009124,-2.269347,1.050374,-2.375453,1.055567,0,-0.476246,-2.412850,1.460359
z_gcs_1m_adj_sum_bs,17.587,hicp,8,-1.552296,0.991881,-3.183795,0.079203,-3.288087,0.034714,0,-1.486058,-3.588016,0.615900
z_gcs_1m_adj_sum_bs,17.587,hicp,9,-1.858293,1.199613,-3.831481,0.114894,-3.957615,0.061087,0,-1.832445,-4.074724,0.409834
z_gcs_1m_adj_sum_bs,17.587,hicp,10,-2.000592,1.364308,-4.244680,0.243495,-4.388132,0.182301,0,-2.202246,-4.514955,0.110463
z_gcs_1m_adj_sum_bs,17.587,hicp,11,-2.085554,1.524029,-4.592359,0.421251,-4.752605,0.429094,0,-2.203316,-4.609525,0.202893
z_gcs_1m_adj_sum_bs,17.587,hicp,12,-1.564954,1.575570,-4.156536,1.026629,-4.243423,1.034738,0,-1.079570,-3.533371,1.374232
z_gcs_1m_adj_sum_bs,17.587,hicp,13,-0.947381,1.702821,-3.748273,1.853511,-3.757036,2.032556,0,-0.590721,-3.194368,2.012925
z_gcs_1m_adj_sum_bs,17.587,hicp,14,-0.507067,1.625797,-3.181264,2.167131,-3.108341,2.419367,0,-0.109526,-2.723798,2.504746
z_gcs_1m_adj_sum_bs,17.587,hicp,15,-0.409129,1.516664,-2.903820,2.085561,-2.759959,2.396700,0,-0.003983,-2.707226,2.699260
z_gcs_1m_adj_sum_bs,17.587,hicp,16,-0.317101,1.590432,-2.933129,2.298927,-2.702750,2.625199,0,0.002025,-2.834892,2.838942
z_gcs_1m_adj_sum_bs,17.587,hicp,17,-0.191700,1.655265,-2.914370,2.530969,-2.591835,3.036067,0,-0.080586,-2.981717,2.820545
z_gcs_1m_adj_sum_bs,17.587,hicp,18,-0.136960,1.652189,-2.854570,2.580649,-2.615244,3.002199,0,0.014726,-2.996952,3.026405
z_gcs_1m_adj_sum_bs,17.587,hicp,19,-0.281810,1.855031,-3.333064,2.769445,-2.971604,3.335500,0,-0.354376,-3.533643,2.824891
z_gcs_1m_adj_sum_bs,17.587,hicp,20,-0.857369,1.699747,-3.653204,1.938466,-3.322002,2.457137,0,-1.040481,-4.317224,2.236262
z_gcs_1m_adj_sum_bs,17.587,hicp,21,-1.036707,1.664291,-3.774222,1.700807,-3.449929,2.208660,0,-1.214860,-4.519952,2.090232
z_gcs_1m_adj_sum_bs,17.587,hicp,22,-1.281748,1.638394,-3.976665,1.413170,-3.821258,1.749280,0,-1.758206,-5.231416,1.715005
z_gcs_1m_adj_sum_bs,17.587,hicp,23,-0.838517,1.812455,-3.819739,2.142706,-3.557199,2.514525,0,-1.381134,-4.821103,2.058835
z_gcs_1m_adj_sum_bs,17.587,hicp,24,-0.679842,1.998062,-3.966360,2.606677,-3.676934,3.016572,0,-0.584704,-4.103756,2.934348
z_gcs_1m_adj_sum_bs,17.587,hicp,25,-1.422195,2.133136,-4.930891,2.086501,-4.621899,2.524106,0,-1.435720,-5.028931,2.157490
z_gcs_1m_adj_sum_bs,17.587,hicp,26,-1.335595,1.917886,-4.490237,1.819047,-4.212424,2.212495,0,-1.344580,-5.043014,2.353854
z_gcs_1m_adj_sum_bs,17.587,hicp,27,-2.029035,1.872675,-5.109312,1.051241,-4.838048,1.435414,0,-1.950322,-5.860028,1.959384
z_gcs_1m_adj_sum_bs,17.587,hicp,28,-1.838217,1.951807,-5.048653,1.372219,-4.765927,1.870216,0,-1.955098,-5.971249,2.061054
z_gcs_1m_adj_sum_bs,17.587,hicp,29,-1.291435,2.117006,-4.773600,2.190730,-4.361094,2.730876,0,-1.596803,-5.660544,2.466938
z_gcs_1m_adj_sum_bs,17.587,hicp,30,-0.345730,2.113637,-3.822354,3.130893,-3.410504,3.670180,0,-0.716955,-4.667869,3.233958
z_gcs_1m_adj_sum_bs,17.587,hicp,31,-0.857334,2.415067,-4.829767,3.115098,-4.359182,3.731294,0,-1.390535,-5.270257,2.489187
z_gcs_1m_adj_sum_bs,17.587,hicp,32,-0.930237,2.153336,-4.472159,2.611686,-4.052574,3.268769,0,-1.675457,-5.416857,2.065944
z_gcs_1m_adj_sum_bs,17.587,hicp,33,-0.878389,2.169490,-4.446883,2.690105,-4.024150,3.243642,0,-1.644290,-5.346526,2.057945
z_gcs_1m_adj_sum_bs,17.587,hicp,34,-1.138262,2.124800,-4.633247,2.356722,-4.325462,2.792617,0,-2.120699,-5.879372,1.637973
z_gcs_1m_adj_sum_bs,17.587,hicp,35,-0.746190,1.848770,-3.787145,2.294765,-3.426906,2.766472,0,-1.843857,-5.379538,1.691824
z_gcs_1m_adj_sum_bs,17.587,hicp,36,-0.708290,1.899586,-3.832831,2.416250,-3.557669,2.805944,0,-1.136178,-4.728602,2.456246
z_gcs_1m_adj_sum_bs,17.587,hicp,37,-0.315795,2.174896,-3.893181,3.261590,-3.469394,3.816507,0,-0.793074,-4.404536,2.818389
z_gcs_1m_adj_sum_bs,17.587,hicp,38,0.068844,1.961411,-3.157389,3.295078,-2.775201,3.795524,0,-0.416058,-3.973511,3.141396
z_gcs_1m_adj_sum_bs,17.587,hicp,39,-0.833474,2.010331,-4.140174,2.473225,-3.748453,2.986154,0,-1.414202,-5.038608,2.210203
z_gcs_1m_adj_sum_bs,17.587,hicp,40,-0.608761,2.145216,-4.137328,2.919806,-3.719325,3.467151,0,-1.300698,-5.010358,2.408962
z_gcs_1m_adj_sum_bs,17.587,hicp,41,-1.019283,1.890968,-4.129648,2.091082,-3.761187,2.573555,0,-1.938704,-5.606665,1.729257
z_gcs_1m_adj_sum_bs,17.587,hicp,42,-0.988263,2.129913,-4.491658,2.515131,-4.183133,2.952075,0,-1.969728,-5.692334,1.752877
z_gcs_1m_adj_sum_bs,17.587,hicp,43,-0.648800,2.386819,-4.574768,3.277169,-4.109688,3.886157,0,-1.974003,-5.681215,1.733209
z_gcs_1m_adj_sum_bs,17.587,hicp,44,-0.326397,2.100099,-3.780752,3.127958,-3.371540,3.663790,0,-1.755716,-5.218104,1.706672
z_gcs_1m_adj_sum_bs,17.587,hicp,45,-0.163758,1.812745,-3.145458,2.817942,-2.792238,3.280458,0,-1.335487,-4.685584,2.014609
z_gcs_1m_adj_sum_bs,17.587,hicp,46,-0.841870,1.771660,-3.755992,2.072252,-3.499360,2.347119,0,-2.147058,-5.487089,1.192972
z_gcs_1m_adj_sum_bs,17.587,hicp,47,-0.606730,1.659980,-3.337154,2.123695,-3.096700,2.464234,0,-1.769301,-4.745916,1.207315
z_gcs_1m_adj_sum_bs,17.587,hicp,48,-0.614300,1.678764,-3.375621,2.147020,-3.132446,2.491413,0,-1.274082,-4.146260,1.598096
z_gcs_1m_adj_sum_bs,17.587,stoxx,0,5.412272,8.213734,-8.098117,18.922662,-6.908328,22.661113,0,4.861473,-9.296681,19.019628
z_gcs_1m_adj_sum_bs,17.587,stoxx,1,11.370966,10.917775,-6.587177,29.329109,-5.551586,32.660628,0,11.730266,-8.189443,31.649975
z_gcs_1m_adj_sum_bs,17.587,stoxx,2,31.635132,13.383503,9.621230,53.649035,12.898229,59.071313,0,27.363801,2.069672,52.657930
z_gcs_1m_adj_sum_bs,17.587,stoxx,3,29.661998,14.254523,6.215393,53.108602,7.567487,56.032866,0,26.202104,1.166312,51.237896
z_gcs_1m_adj_sum_bs,17.587,stoxx,4,35.221907,16.618749,7.886498,62.557316,7.800972,64.304717,0,31.177856,5.679060,56.676653
z_gcs_1m_adj_sum_bs,17.587,stoxx,5,23.772115,23.839312,-15.440065,62.984294,-14.370785,65.490911,0,17.044666,-16.144202,50.233534
z_gcs_1m_adj_sum_bs,17.587,stoxx,6,15.569050,30.320640,-34.303965,65.442066,-34.460006,68.630171,0,5.236375,-33.429227,43.901977
z_gcs_1m_adj_sum_bs,17.587,stoxx,7,17.585261,26.155302,-25.436382,60.606903,-24.263222,64.664804,0,3.831275,-32.909567,40.572118
z_gcs_1m_adj_sum_bs,17.587,stoxx,8,3.809176,22.065822,-32.485872,40.104224,-31.496140,42.424365,0,-11.063717,-46.486979,24.359545
z_gcs_1m_adj_sum_bs,17.587,stoxx,9,6.889906,23.437521,-31.661385,45.441197,-30.610127,49.077443,0,-7.608888,-44.395478,29.177701
z_gcs_1m_adj_sum_bs,17.587,stoxx,10,6.836310,22.749717,-30.583645,44.256265,-28.425752,48.923287,0,-9.903226,-47.372764,27.566311
z_gcs_1m_adj_sum_bs,17.587,stoxx,11,21.815434,21.064550,-12.832667,56.463535,-11.887846,59.731624,0,5.929511,-31.748640,43.607663
z_gcs_1m_adj_sum_bs,17.587,stoxx,12,31.850787,18.158687,1.982404,61.719169,3.704822,65.444358,0,17.098313,-18.436919,52.633545
z_gcs_1m_adj_sum_bs,17.587,stoxx,13,30.753185,15.906621,4.589123,56.917248,6.097923,60.180434,0,17.084488,-16.130821,50.299797
z_gcs_1m_adj_sum_bs,17.587,stoxx,14,42.537256,20.205344,9.302423,75.772090,11.218973,79.917143,0,26.278584,-8.465571,61.022738
z_gcs_1m_adj_sum_bs,17.587,stoxx,15,47.994693,22.724601,10.616050,85.373336,12.771561,90.035206,0,29.691076,-4.446455,63.828608
z_gcs_1m_adj_sum_bs,17.587,stoxx,16,44.095631,21.781539,8.268187,79.923074,9.245168,82.213324,0,29.788546,-1.946786,61.523877
z_gcs_1m_adj_sum_bs,17.587,stoxx,17,39.060134,19.456498,7.057042,71.063226,7.929737,74.081831,0,25.927639,-4.899190,56.754468
z_gcs_1m_adj_sum_bs,17.587,stoxx,18,17.697090,20.012608,-15.220720,50.614900,-16.324343,51.718523,0,3.707228,-25.568194,32.982650
z_gcs_1m_adj_sum_bs,17.587,stoxx,19,28.479206,18.942674,-2.678720,59.637131,-2.776206,60.681751,0,16.826829,-12.806229,46.459886
z_gcs_1m_adj_sum_bs,17.587,stoxx,20,38.762160,15.804286,12.766423,64.757897,13.475303,66.419660,0,27.988856,-1.780410,57.758123
z_gcs_1m_adj_sum_bs,17.587,stoxx,21,27.606795,14.004694,4.571124,50.642466,3.798816,50.714540,0,19.701194,-8.039089,47.441476
z_gcs_1m_adj_sum_bs,17.587,stoxx,22,24.148345,12.735993,3.199501,45.097189,2.497157,45.162733,0,17.336834,-10.887569,45.561238
z_gcs_1m_adj_sum_bs,17.587,stoxx,23,-4.190488,12.903573,-25.414976,17.034001,-26.771740,16.455229,0,-13.461490,-41.970669,15.047689
z_gcs_1m_adj_sum_bs,17.587,stoxx,24,-5.010775,11.659054,-24.188212,14.166663,-25.997072,13.060759,0,-12.085377,-41.294487,17.123732
z_gcs_1m_adj_sum_bs,17.587,stoxx,25,-5.335610,12.117898,-25.267778,14.596558,-27.753721,12.841237,0,-11.515804,-38.850913,15.819305
z_gcs_1m_adj_sum_bs,17.587,stoxx,26,-8.937078,10.786401,-26.679129,8.804973,-29.431240,6.703203,0,-15.536799,-42.028637,10.955040
z_gcs_1m_adj_sum_bs,17.587,stoxx,27,-16.365912,16.284935,-43.152246,10.420422,-47.307288,7.247243,0,-19.869976,-46.705043,6.965090
z_gcs_1m_adj_sum_bs,17.587,stoxx,28,-11.559236,16.032172,-37.929812,14.811341,-42.020362,11.687414,0,-12.914551,-41.406902,15.577800
z_gcs_1m_adj_sum_bs,17.587,stoxx,29,0.750020,13.381820,-21.261115,22.761156,-25.344529,20.153660,0,0.057513,-30.203127,30.318154
z_gcs_1m_adj_sum_bs,17.587,stoxx,30,-10.937892,14.989268,-35.593043,13.717260,-40.166964,10.796546,0,-9.998363,-42.487134,22.490409
z_gcs_1m_adj_sum_bs,17.587,stoxx,31,-14.944811,15.524374,-40.480133,10.590511,-44.441121,7.565530,0,-11.617279,-45.423246,22.188689
z_gcs_1m_adj_sum_bs,17.587,stoxx,32,-6.304076,14.768695,-30.596416,17.988265,-33.626161,15.848966,0,-3.312917,-39.451118,32.825283
z_gcs_1m_adj_sum_bs,17.587,stoxx,33,4.240669,15.385772,-21.066674,29.548011,-24.223009,27.319326,0,5.116834,-30.689513,40.923182
z_gcs_1m_adj_sum_bs,17.587,stoxx,34,17.498528,14.714832,-6.705217,41.702273,-9.723911,39.570776,0,17.466641,-18.725882,53.659164
z_gcs_1m_adj_sum_bs,17.587,stoxx,35,5.088901,14.679555,-19.056818,29.234620,-23.536231,25.640278,0,7.582578,-26.118955,41.284111
z_gcs_1m_adj_sum_bs,17.587,stoxx,36,1.108050,14.019078,-21.951282,24.167381,-26.229153,21.435713,0,3.439004,-27.529229,34.407237
z_gcs_1m_adj_sum_bs,17.587,stoxx,37,-9.272285,11.178531,-27.659332,9.114763,-30.511494,6.936585,0,-7.889148,-38.197496,22.419200
z_gcs_1m_adj_sum_bs,17.587,stoxx,38,-8.894852,10.797008,-26.654351,8.864646,-29.409168,6.760810,0,-6.641869,-37.462073,24.178335
z_gcs_1m_adj_sum_bs,17.587,stoxx,39,-14.086198,8.492809,-28.055626,-0.116771,-29.797895,-1.346985,0,-12.241547,-44.547063,20.063969
z_gcs_1m_adj_sum_bs,17.587,stoxx,40,-29.333600,9.143906,-44.373987,-14.293214,-46.249826,-15.617742,0,-22.321281,-55.198747,10.556185
z_gcs_1m_adj_sum_bs,17.587,stoxx,41,-25.681459,10.526434,-42.995903,-8.367016,-45.155363,-9.891808,0,-19.329238,-52.307399,13.648922
z_gcs_1m_adj_sum_bs,17.587,stoxx,42,-15.255627,10.870984,-33.136804,2.625550,-34.823398,1.594398,0,-10.835573,-44.103107,22.431961
z_gcs_1m_adj_sum_bs,17.587,stoxx,43,-21.762611,11.774795,-41.130425,-2.394797,-43.545981,-4.689159,0,-15.065436,-49.751058,19.620186
z_gcs_1m_adj_sum_bs,17.587,stoxx,44,-23.222431,13.073331,-44.726147,-1.718715,-47.408094,-3.612434,0,-18.087864,-53.464936,17.289208
z_gcs_1m_adj_sum_bs,17.587,stoxx,45,-14.540581,13.325143,-36.458491,7.377329,-37.193324,6.779648,0,-7.152353,-40.130142,25.825436
z_gcs_1m_adj_sum_bs,17.587,stoxx,46,-16.108470,14.793246,-40.441195,8.224254,-41.996651,7.560723,0,-7.227385,-39.373635,24.918865
z_gcs_1m_adj_sum_bs,17.587,stoxx,47,-21.090186,14.045855,-44.193561,2.013189,-44.968139,1.383182,0,-8.985404,-42.938866,24.968058
z_gcs_1m_adj_sum_bs,17.587,stoxx,48,-23.588250,16.011444,-49.924731,2.748231,-50.807704,2.830632,0,-11.229006,-44.695964,22.237952
z_gc_path1y_sum,9.700,ois1m,0,1.000000,0.000000,1.000000,1.000000,1.000000,1.000000,0,1.000000,1.000000,1.000000
z_gc_path1y_sum,9.700,ois1m,1,1.272240,0.310576,0.761388,1.783091,0.775318,1.971035,0,1.207429,0.686317,1.728541
z_gc_path1y_sum,9.700,ois1m,2,1.411136,0.556708,0.495433,2.326840,0.603910,2.719400,0,1.384398,0.568638,2.200159
z_gc_path1y_sum,9.700,ois1m,3,3.081279,0.861235,1.664673,4.497885,2.004735,5.363552,0,3.021224,1.530604,4.511843
z_gc_path1y_sum,9.700,ois1m,4,2.674747,0.812514,1.338281,4.011214,1.577854,4.706032,0,2.753230,0.777214,4.729246
z_gc_path1y_sum,9.700,ois1m,5,1.992047,0.872856,0.556327,3.427767,0.726406,3.955973,0,2.158036,-0.215049,4.531121
z_gc_path1y_sum,9.700,ois1m,6,2.226835,1.018814,0.551035,3.902636,0.749555,4.570108,0,2.435838,-0.492471,5.364146
z_gc_path1y_sum,9.700,ois1m,7,1.542447,1.100261,-0.267323,3.352216,-0.327998,3.687956,0,1.853640,-1.379274,5.086553
z_gc_path1y_sum,9.700,ois1m,8,0.898339,1.177216,-1.038009,2.834688,-1.161789,3.135050,0,1.422738,-1.860646,4.706122
z_gc_path1y_sum,9.700,ois1m,9,0.625897,1.216599,-1.375231,2.627025,-1.503152,2.876606,0,1.281385,-1.875014,4.437784
z_gc_path1y_sum,9.700,ois1m,10,0.083063,1.256869,-1.984303,2.150429,-2.304989,2.282584,0,0.948863,-1.895118,3.792845
z_gc_path1y_sum,9.700,ois1m,11,0.596458,1.171555,-1.330578,2.523494,-1.453763,2.822412,0,1.487358,-1.390718,4.365433
z_gc_path1y_sum,9.700,ois1m,12,0.444772,1.127563,-1.409905,2.299449,-1.584842,2.530764,0,1.363793,-1.463360,4.190947
z_gc_path1y_sum,9.700,ois1m,13,0.273072,1.066971,-1.481939,2.028084,-1.754173,2.086923,0,1.109725,-1.622897,3.842347
z_gc_path1y_sum,9.700,ois1m,14,0.616650,1.072813,-1.147971,2.381271,-1.314414,2.601355,0,1.409880,-1.354533,4.174292
z_gc_path1y_sum,9.700,ois1m,15,0.354743,1.128021,-1.500687,2.210172,-1.732096,2.385180,0,1.146002,-1.444123,3.736127
z_gc_path1y_sum,9.700,ois1m,16,0.514090,1.184961,-1.434997,2.463177,-1.441096,2.884011,0,1.228403,-1.381631,3.838437
z_gc_path1y_sum,9.700,ois1m,17,0.795966,1.221155,-1.212655,2.804587,-1.157881,3.299334,0,1.381199,-1.221920,3.984319
z_gc_path1y_sum,9.700,ois1m,18,0.524337,1.171594,-1.402764,2.451437,-1.525952,2.691785,0,1.116032,-1.385647,3.617712
z_gc_path1y_sum,9.700,ois1m,19,0.897196,1.292844,-1.229343,3.023735,-1.235996,3.482884,0,1.494424,-1.085971,4.074818
z_gc_path1y_sum,9.700,ois1m,20,0.932016,1.400069,-1.370893,3.234925,-1.448102,3.592147,0,1.432679,-1.179518,4.044877
z_gc_path1y_sum,9.700,ois1m,21,1.398770,1.470761,-1.020417,3.817957,-1.101525,4.193216,0,1.714464,-0.967566,4.396493
z_gc_path1y_sum,9.700,ois1m,22,1.686737,1.448893,-0.696480,4.069954,-0.631492,4.656968,0,1.835884,-0.911892,4.583661
z_gc_path1y_sum,9.700,ois1m,23,1.236643,1.331036,-0.952716,3.426002,-1.026117,3.765611,0,1.243433,-1.455813,3.942679
z_gc_path1y_sum,9.700,ois1m,24,1.391633,1.237204,-0.643386,3.426651,-0.649753,3.804180,0,1.234889,-1.480578,3.950356
z_gc_path1y_sum,9.700,ois1m,25,1.020613,1.113582,-0.811066,2.852293,-0.816797,3.192098,0,0.669044,-1.994523,3.332611
z_gc_path1y_sum,9.700,ois1m,26,0.247640,0.899272,-1.231532,1.726811,-1.505941,1.731439,0,-0.176806,-2.777323,2.423711
z_gc_path1y_sum,9.700,ois1m,27,-0.218662,0.911735,-1.718332,1.281008,-2.178892,1.148940,0,-0.811690,-3.591648,1.968268
z_gc_path1y_sum,9.700,ois1m,28,-0.275677,1.017703,-1.949649,1.398296,-2.209313,1.505304,0,-0.848837,-3.675504,1.977831
z_gc_path1y_sum,9.700,ois1m,29,-1.014725,1.213958,-3.011507,0.982058,-3.624734,0.806212,0,-1.526249,-4.219322,1.166824
z_gc_path1y_sum,9.700,ois1m,30,-1.575312,1.334063,-3.769651,0.619026,-4.710361,0.292376,0,-2.072258,-4.762889,0.618372
z_gc_path1y_sum,9.700,ois1m,31,-1.360196,1.405110,-3.671396,0.951005,-4.310927,0.817725,0,-1.867116,-4.720629,0.986396
z_gc_path1y_sum,9.700,ois1m,32,-2.317005,1.630735,-4.999326,0.365315,-6.149232,-0.115513,0,-2.744877,-5.989900,0.500145
z_gc_path1y_sum,9.700,ois1m,33,-1.897274,1.294874,-4.027153,0.232604,-4.940229,-0.149194,0,-2.256270,-5.727117,1.214576
z_gc_path1y_sum,9.700,ois1m,34,-1.204582,1.073889,-2.970972,0.561807,-3.406054,0.459945,0,-1.566726,-5.063338,1.929886
z_gc_path1y_sum,9.700,ois1m,35,-1.810762,1.143010,-3.690846,0.069321,-4.553986,-0.267699,0,-2.067912,-5.843813,1.707988
z_gc_path1y_sum,9.700,ois1m,36,-1.426871,0.939395,-2.972038,0.118295,-3.540509,-0.111719,0,-1.453429,-5.173261,2.266403
z_gc_path1y_sum,9.700,ois1m,37,-0.931913,0.793371,-2.236892,0.373066,-2.558324,0.297812,0,-0.851638,-4.246809,2.543532
z_gc_path1y_sum,9.700,ois1m,38,-1.038181,0.766882,-2.299591,0.223228,-2.610290,0.150486,0,-0.881652,-4.137741,2.374438
z_gc_path1y_sum,9.700,ois1m,39,-1.560475,0.726356,-2.755224,-0.365726,-3.158458,-0.543577,0,-1.364656,-4.668662,1.939349
z_gc_path1y_sum,9.700,ois1m,40,-1.421748,0.709926,-2.589473,-0.254024,-2.841600,-0.321363,0,-1.111007,-4.348064,2.126049
z_gc_path1y_sum,9.700,ois1m,41,-2.077757,0.833630,-3.448958,-0.706557,-3.911744,-0.910675,0,-1.648100,-4.805360,1.509159
z_gc_path1y_sum,9.700,ois1m,42,-2.251056,0.923299,-3.769748,-0.732364,-4.374644,-1.004602,0,-1.818166,-4.821150,1.184818
z_gc_path1y_sum,9.700,ois1m,43,-2.094994,0.940563,-3.642082,-0.547906,-4.305316,-0.825235,0,-1.534693,-4.418882,1.349495
z_gc_path1y_sum,9.700,ois1m,44,-2.286896,1.046137,-4.007638,-0.566153,-4.797625,-0.926917,0,-1.567210,-4.348952,1.214532
z_gc_path1y_sum,9.700,ois1m,45,-1.500557,0.828615,-2.863508,-0.137607,-3.406372,-0.381927,0,-0.695637,-3.149257,1.757983
z_gc_path1y_sum,9.700,ois1m,46,-1.084148,0.697004,-2.230619,0.062322,-2.617558,-0.108342,0,-0.171571,-2.566051,2.222909
z_gc_path1y_sum,9.700,ois1m,47,-1.028223,0.599313,-2.014006,-0.042440,-2.256815,-0.129253,0,-0.058753,-2.445476,2.327971
z_gc_path1y_sum,9.700,ois1m,48,-0.805361,0.627637,-1.837731,0.227010,-2.123398,0.104713,0,0.011031,-2.440925,2.462986
z_gc_path1y_sum,9.700,ip,0,-2.840729,2.470924,-6.905037,1.223580,-9.141586,0.742111,0,-2.091520,-5.693420,1.510379
z_gc_path1y_sum,9.700,ip,1,0.731251,2.290557,-3.036380,4.498881,-4.193446,4.510669,0,1.069134,-2.886313,5.024580
z_gc_path1y_sum,9.700,ip,2,-0.986535,2.859541,-5.690062,3.716992,-7.277526,3.302777,0,0.474767,-5.074282,6.023816
z_gc_path1y_sum,9.700,ip,3,-2.329441,4.007616,-8.921382,4.262501,-10.144291,4.483506,0,-0.038568,-7.053767,6.976632
z_gc_path1y_sum,9.700,ip,4,-0.247450,4.528490,-7.696153,7.201253,-9.530854,7.224558,0,3.300843,-3.868591,10.470277
z_gc_path1y_sum,9.700,ip,5,-2.929588,4.835407,-10.883124,5.023949,-13.325713,4.565293,0,1.593209,-7.531384,10.717803
z_gc_path1y_sum,9.700,ip,6,-1.855564,5.343019,-10.644048,6.932919,-11.740149,7.761869,0,3.311648,-8.771793,15.395088
z_gc_path1y_sum,9.700,ip,7,-7.324784,5.955434,-17.120601,2.471034,-20.426739,1.906139,0,-1.952277,-15.854195,11.949640
z_gc_path1y_sum,9.700,ip,8,-9.901449,6.290535,-20.248458,0.445559,-24.684206,-1.094701,0,-3.788275,-18.348627,10.772078
z_gc_path1y_sum,9.700,ip,9,-7.633724,5.695858,-17.002577,1.735130,-19.595027,1.194857,0,-0.704485,-15.942681,14.533710
z_gc_path1y_sum,9.700,ip,10,-12.635880,7.200974,-24.480428,-0.791332,-29.918217,-2.554517,0,-4.223849,-18.345693,9.897994
z_gc_path1y_sum,9.700,ip,11,-10.403104,6.009393,-20.287676,-0.518531,-24.825647,-1.989953,0,-2.498584,-14.581253,9.584085
z_gc_path1y_sum,9.700,ip,12,-8.192018,5.434959,-17.131730,0.747693,-19.605431,0.503916,0,1.298613,-9.520908,12.118134
z_gc_path1y_sum,9.700,ip,13,-10.806261,5.747464,-20.259998,-1.352525,-24.312801,-2.759812,0,-1.133571,-11.373963,9.106821
z_gc_path1y_sum,9.700,ip,14,-4.659715,5.378754,-13.506978,4.187549,-16.492974,3.408417,0,2.655439,-8.428606,13.739485
z_gc_path1y_sum,9.700,ip,15,-4.950954,6.242977,-15.219738,5.317829,-17.124760,5.662107,0,2.188242,-8.668701,13.045185
z_gc_path1y_sum,9.700,ip,16,-1.303559,6.596761,-12.154265,9.547147,-12.847891,10.900448,0,4.582989,-7.220711,16.386689
z_gc_path1y_sum,9.700,ip,17,4.044205,6.618678,-6.842551,14.930961,-6.876614,17.281561,0,8.305555,-4.350351,20.961460
z_gc_path1y_sum,9.700,ip,18,0.683602,7.139919,-11.060520,12.427723,-11.097264,14.963439,0,5.183305,-7.691557,18.058168
z_gc_path1y_sum,9.700,ip,19,-0.344109,6.951962,-11.779069,11.090851,-12.162445,13.212217,0,2.624465,-9.546786,14.795716
z_gc_path1y_sum,9.700,ip,20,0.266762,7.158910,-11.508597,12.042121,-11.903384,14.226636,0,3.481902,-9.438567,16.402371
z_gc_path1y_sum,9.700,ip,21,1.195339,6.749036,-9.905838,12.296515,-10.278023,14.018507,0,3.222730,-9.907721,16.353181
z_gc_path1y_sum,9.700,ip,22,-2.461721,7.727769,-15.172770,10.249328,-16.371706,11.448264,0,-1.081783,-14.914502,12.750937
z_gc_path1y_sum,9.700,ip,23,1.705829,6.831165,-9.530437,12.942095,-9.565593,15.026600,0,2.079733,-11.814595,15.974061
z_gc_path1y_sum,9.700,ip,24,-1.513402,5.689952,-10.872539,7.845736,-12.608807,7.875019,0,-1.783681,-15.787484,12.220123
z_gc_path1y_sum,9.700,ip,25,-1.234997,5.922293,-10.976302,8.506308,-12.191239,9.129016,0,-2.587379,-16.827790,11.653033
z_gc_path1y_sum,9.700,ip,26,-5.709291,4.847644,-13.682956,2.264374,-15.404579,2.046940,0,-7.546530,-22.199805,7.106744
z_gc_path1y_sum,9.700,ip,27,-9.071148,6.019592,-18.972496,0.830200,-22.916209,-0.643719,0,-11.544197,-27.705557,4.617164
z_gc_path1y_sum,9.700,ip,28,-15.011741,7.359055,-27.116310,-2.907173,-32.673474,-5.077017,0,-16.280288,-35.589956,3.029381
z_gc_path1y_sum,9.700,ip,29,-17.662157,9.009925,-32.482166,-2.842149,-38.835482,-5.498758,0,-19.620210,-40.635049,1.394629
z_gc_path1y_sum,9.700,ip,30,-18.199113,9.827345,-34.363658,-2.034569,-40.802007,-4.440830,0,-18.796629,-41.441901,3.848643
z_gc_path1y_sum,9.700,ip,31,-22.912665,11.435785,-41.722858,-4.102473,-51.502129,-8.046145,0,-21.541167,-45.644626,2.562292
z_gc_path1y_sum,9.700,ip,32,-17.136454,10.602542,-34.576083,0.303176,-40.992173,-2.292895,0,-15.585015,-39.260758,8.090728
z_gc_path1y_sum,9.700,ip,33,-15.846488,9.169211,-30.928497,-0.764478,-36.935672,-3.009593,0,-13.303742,-37.458641,10.851157
z_gc_path1y_sum,9.700,ip,34,-16.396392,9.042727,-31.270355,-1.522429,-37.646801,-4.188710,0,-13.887241,-39.385025,11.610543
z_gc_path1y_sum,9.700,ip,35,-12.870512,7.230148,-24.763047,-0.977977,-29.499852,-2.748305,0,-10.453680,-34.947514,14.040153
z_gc_path1y_sum,9.700,ip,36,-15.188515,8.516257,-29.196512,-1.180519,-36.053345,-4.117381,0,-12.111382,-36.958908,12.736143
z_gc_path1y_sum,9.700,ip,37,-7.732352,6.227026,-17.974899,2.510194,-22.054513,0.674133,0,-4.232837,-26.602719,18.137044
z_gc_path1y_sum,9.700,ip,38,-5.295559,5.177448,-13.811702,3.220585,-16.427071,2.470613,0,-1.861745,-22.587031,18.863542
z_gc_path1y_sum,9.700,ip,39,-5.214671,5.450097,-14.179282,3.749941,-16.659874,2.960475,0,-1.530918,-21.213366,18.151531
z_gc_path1y_sum,9.700,ip,40,-3.549740,6.441327,-14.144780,7.045300,-16.110328,6.756383,0,0.347222,-18.481785,19.176229
z_gc_path1y_sum,9.700,ip,41,-6.958643,4.756486,-14.782367,0.865080,-16.709440,0.176086,0,-2.623544,-20.940784,15.693697
z_gc_path1y_sum,9.700,ip,42,-8.166416,4.220439,-15.108420,-1.224411,-17.029337,-2.046779,0,-4.443602,-22.539373,13.652168
z_gc_path1y_sum,9.700,ip,43,-9.566672,4.706908,-17.308847,-1.824498,-19.215834,-2.506310,0,-5.398597,-23.481426,12.684231
z_gc_path1y_sum,9.700,ip,44,-8.286295,3.480314,-14.010903,-2.561687,-15.246924,-2.891808,0,-4.477818,-22.558815,13.603179
z_gc_path1y_sum,9.700,ip,45,-5.057270,3.722921,-11.180929,1.066390,-12.316965,0.899403,0,-1.335191,-18.220031,15.549649
z_gc_path1y_sum,9.700,ip,46,-2.637741,4.368011,-9.822480,4.546998,-9.626559,5.879881,0,2.726693,-14.884599,20.337986
z_gc_path1y_sum,9.700,ip,47,-0.954403,4.050211,-7.616407,5.707602,-7.839762,6.335978,0,3.305076,-13.909181,20.519334
z_gc_path1y_sum,9.700,ip,48,3.752516,5.427539,-5.174991,12.680024,-4.931546,14.064841,0,7.133481,-10.876890,25.143852
z_gc_path1y_sum,9.700,hicp,0,1.457309,0.830967,0.090490,2.824128,0.252407,3.534727,0,-0.048327,-0.920011,0.823357
z_gc_path1y_sum,9.700,hicp,1,1.970273,0.982221,0.354664,3.585883,0.447831,4.180270,0,0.801253,-0.537845,2.140351
z_gc_path1y_sum,9.700,hicp,2,1.462852,1.075988,-0.306991,3.232696,-0.366327,3.561030,0,0.622546,-1.034747,2.279838
z_gc_path1y_sum,9.700,hicp,3,1.219237,1.154698,-0.680072,3.118545,-0.859219,3.355427,0,0.360351,-1.497304,2.218006
z_gc_path1y_sum,9.700,hicp,4,0.909919,1.331436,-1.280098,3.099936,-1.353522,3.506219,0,0.136249,-2.053487,2.325985
z_gc_path1y_sum,9.700,hicp,5,0.343959,1.190120,-1.613615,2.301533,-1.857764,2.486176,0,-0.193704,-2.844747,2.457339
z_gc_path1y_sum,9.700,hicp,6,0.476150,1.360007,-1.760862,2.713162,-2.107863,2.856161,0,-0.180331,-3.400816,3.040154
z_gc_path1y_sum,9.700,hicp,7,-0.370628,1.599628,-3.001781,2.260526,-3.649864,2.188777,0,-0.735376,-4.248970,2.778219
z_gc_path1y_sum,9.700,hicp,8,-0.526749,1.798207,-3.484536,2.431037,-4.302983,2.350381,0,-0.810732,-4.367621,2.746157
z_gc_path1y_sum,9.700,hicp,9,-0.163915,1.671009,-2.912481,2.584651,-3.589485,2.509700,0,-0.123099,-3.658212,3.412014
z_gc_path1y_sum,9.700,hicp,10,-0.534381,1.636491,-3.226169,2.157407,-3.889187,2.084005,0,-0.191427,-3.538173,3.155320
z_gc_path1y_sum,9.700,hicp,11,-0.627435,1.659491,-3.357055,2.102186,-4.195341,1.944777,0,-0.008882,-3.709331,3.691566
z_gc_path1y_sum,9.700,hicp,12,1.356040,1.701236,-1.442243,4.154323,-1.961369,4.333202,0,0.218859,-3.711571,4.149289
z_gc_path1y_sum,9.700,hicp,13,1.274059,1.771437,-1.639695,4.187813,-2.180243,4.196930,0,0.502670,-3.664279,4.669619
z_gc_path1y_sum,9.700,hicp,14,0.641601,1.718118,-2.184451,3.467654,-2.622823,3.648307,0,-0.046124,-4.013834,3.921586
z_gc_path1y_sum,9.700,hicp,15,0.239862,1.821009,-2.755431,3.235155,-3.220054,3.426627,0,-0.331154,-4.490420,3.828113
z_gc_path1y_sum,9.700,hicp,16,-0.011490,1.825984,-3.014967,2.991987,-3.389561,3.183982,0,-0.438488,-4.696885,3.819910
z_gc_path1y_sum,9.700,hicp,17,-0.060714,1.834295,-3.077861,2.956433,-3.545874,3.149302,0,-0.311066,-4.600245,3.978112
z_gc_path1y_sum,9.700,hicp,18,0.521418,1.924500,-2.644103,3.686939,-2.942682,3.985518,0,0.149037,-4.479275,4.777350
z_gc_path1y_sum,9.700,hicp,19,-0.052034,2.057196,-3.435820,3.331753,-4.063566,3.342340,0,-0.299759,-5.212724,4.613206
z_gc_path1y_sum,9.700,hicp,20,-0.170976,2.109222,-3.640338,3.298385,-4.600342,3.098318,0,-0.170576,-4.987602,4.646449
z_gc_path1y_sum,9.700,hicp,21,0.583627,1.881506,-2.511174,3.678429,-2.897159,3.970338,0,0.843753,-3.844071,5.531576
z_gc_path1y_sum,9.700,hicp,22,0.445183,1.863288,-2.619653,3.510018,-2.629243,4.078594,0,1.049594,-3.676403,5.775591
z_gc_path1y_sum,9.700,hicp,23,-0.036650,1.857831,-3.092510,3.019209,-3.380745,3.307445,0,0.748013,-4.242643,5.738669
z_gc_path1y_sum,9.700,hicp,24,1.412454,2.214567,-2.230185,5.055093,-2.352310,5.620132,0,0.285647,-4.858453,5.429747
z_gc_path1y_sum,9.700,hicp,25,0.107726,2.114338,-3.370050,3.585502,-3.698082,3.913534,0,-0.809791,-6.010528,4.390946
z_gc_path1y_sum,9.700,hicp,26,-0.394176,2.097969,-3.845029,3.056676,-4.380318,3.172371,0,-1.300030,-6.511719,3.911659
z_gc_path1y_sum,9.700,hicp,27,-0.714118,1.968647,-3.952255,2.524019,-4.257684,2.829447,0,-1.582762,-6.849285,3.683761
z_gc_path1y_sum,9.700,hicp,28,-0.800630,1.906523,-3.936582,2.335322,-4.232372,2.631112,0,-1.480316,-6.811418,3.850785
z_gc_path1y_sum,9.700,hicp,29,-2.285654,2.154300,-5.829162,1.257855,-6.809684,1.053512,0,-2.802478,-8.216227,2.611270
z_gc_path1y_sum,9.700,hicp,30,-2.499954,2.205170,-6.127137,1.127228,-7.020554,1.028318,0,-2.905829,-8.643804,2.832147
z_gc_path1y_sum,9.700,hicp,31,-4.286956,2.282726,-8.041706,-0.532206,-9.423089,-0.977004,0,-4.295905,-10.239700,1.647890
z_gc_path1y_sum,9.700,hicp,32,-4.223313,2.373791,-8.127852,-0.318774,-9.920412,-1.018695,0,-3.951796,-9.907936,2.004345
z_gc_path1y_sum,9.700,hicp,33,-3.478763,2.079345,-6.898981,-0.058545,-8.157289,-0.567680,0,-2.703413,-8.576990,3.170165
z_gc_path1y_sum,9.700,hicp,34,-4.024984,2.096907,-7.474089,-0.575879,-8.428489,-0.879624,0,-2.704775,-8.472076,3.062525
z_gc_path1y_sum,9.700,hicp,35,-3.993777,2.155776,-7.539714,-0.447840,-8.520908,-0.760112,0,-2.268694,-7.754388,3.216999
z_gc_path1y_sum,9.700,hicp,36,-2.121150,1.862808,-5.185196,0.942896,-5.660485,0.952482,0,-2.449608,-8.262065,3.362849
z_gc_path1y_sum,9.700,hicp,37,-2.821966,2.026800,-6.155756,0.511823,-6.976906,0.319574,0,-2.771096,-8.630615,3.088423
z_gc_path1y_sum,9.700,hicp,38,-4.052325,1.930323,-7.227424,-0.877227,-8.395552,-1.349874,0,-3.992932,-9.941828,1.955963
z_gc_path1y_sum,9.700,hicp,39,-2.634287,1.875869,-5.719817,0.451243,-6.104644,0.554690,0,-2.659611,-8.328662,3.009440
z_gc_path1y_sum,9.700,hicp,40,-2.294408,1.776635,-5.216712,0.627897,-5.758846,0.548208,0,-2.419365,-7.916933,3.078202
z_gc_path1y_sum,9.700,hicp,41,-2.977941,1.983486,-6.240484,0.284603,-7.242435,-0.101886,0,-2.953884,-8.382130,2.474362
z_gc_path1y_sum,9.700,hicp,42,-2.822194,1.956785,-6.040818,0.396430,-6.833602,0.112983,0,-2.648818,-8.223870,2.926233
z_gc_path1y_sum,9.700,hicp,43,-3.206349,1.972489,-6.450804,0.038106,-7.644448,-0.444865,0,-2.571341,-7.817139,2.674458
z_gc_path1y_sum,9.700,hicp,44,-3.453185,2.124406,-6.947522,0.041152,-8.233098,-0.479016,0,-2.654415,-7.887818,2.578987
z_gc_path1y_sum,9.700,hicp,45,-3.001374,1.706295,-5.807980,-0.194769,-6.328649,-0.271302,0,-1.826091,-6.668190,3.016007
z_gc_path1y_sum,9.700,hicp,46,-3.846876,1.597157,-6.473966,-1.219786,-6.641901,-0.971993,0,-2.388053,-6.955703,2.179597
z_gc_path1y_sum,9.700,hicp,47,-4.452954,1.730584,-7.299511,-1.606397,-7.914122,-1.857079,0,-2.828687,-6.950224,1.292850
z_gc_path1y_sum,9.700,hicp,48,-2.529766,1.262155,-4.605826,-0.453706,-4.864752,-0.510318,0,-2.924748,-7.205679,1.356182
z_gc_path1y_sum,9.700,stoxx,0,0.282657,12.287485,-19.928458,20.493771,-25.521062,21.785755,0,4.249282,-13.779928,22.278491
z_gc_path1y_sum,9.700,stoxx,1,-1.915324,18.266458,-31.960974,28.130326,-43.928177,26.397686,0,5.139029,-21.145197,31.423255
z_gc_path1y_sum,9.700,stoxx,2,0.829883,18.680753,-29.897221,31.556987,-33.729509,34.455239,0,14.336688,-11.238826,39.912203
z_gc_path1y_sum,9.700,stoxx,3,12.634706,22.720217,-24.736726,50.006137,-28.261685,54.667108,0,28.606323,-3.062649,60.275294
z_gc_path1y_sum,9.700,stoxx,4,5.177432,23.566921,-33.586704,43.941567,-41.956410,44.062851,0,23.694018,-11.358656,58.746693
z_gc_path1y_sum,9.700,stoxx,5,-21.606688,26.776701,-65.650442,22.437066,-71.143586,26.591375,0,1.117377,-43.704877,45.939631
z_gc_path1y_sum,9.700,stoxx,6,-43.135824,28.187355,-89.499897,3.228249,-99.510534,3.373312,0,-18.541924,-67.266670,30.182823
z_gc_path1y_sum,9.700,stoxx,7,-45.083055,31.715461,-97.250346,7.084235,-113.271296,4.075909,0,-17.708210,-61.903076,26.486657
z_gc_path1y_sum,9.700,stoxx,8,-35.923131,29.394840,-84.273341,12.427079,-96.182554,11.108613,0,-6.267709,-56.699025,44.163607
z_gc_path1y_sum,9.700,stoxx,9,-32.241939,32.418176,-85.565094,21.081216,-100.320109,19.627143,0,-4.099601,-58.498065,50.298864
z_gc_path1y_sum,9.700,stoxx,10,-24.220062,33.113382,-78.686729,30.246605,-92.102496,30.417019,0,3.381980,-50.510352,57.274312
z_gc_path1y_sum,9.700,stoxx,11,-7.002186,30.898671,-57.825976,43.821605,-71.889394,42.435687,0,19.563289,-36.746364,75.872942
z_gc_path1y_sum,9.700,stoxx,12,0.708600,30.652218,-49.709812,51.127013,-62.128447,51.284761,0,22.924366,-31.962927,77.811660
z_gc_path1y_sum,9.700,stoxx,13,-0.041712,27.966690,-46.042823,45.959399,-54.576757,47.501661,0,14.771118,-44.111241,73.653477
z_gc_path1y_sum,9.700,stoxx,14,1.810022,29.172738,-46.174863,49.794906,-50.700907,55.779588,0,17.792600,-46.090509,81.675709
z_gc_path1y_sum,9.700,stoxx,15,-6.964623,28.045583,-53.095501,39.166256,-57.446672,44.919706,0,11.030001,-52.369432,74.429435
z_gc_path1y_sum,9.700,stoxx,16,18.523142,26.764398,-25.500374,62.546659,-22.961674,76.066597,0,31.261293,-25.272830,87.795415
z_gc_path1y_sum,9.700,stoxx,17,26.873131,24.031784,-12.655637,66.401899,-9.174546,79.743057,0,34.540664,-17.136718,86.218045
z_gc_path1y_sum,9.700,stoxx,18,18.992493,19.695356,-13.403484,51.388470,-11.535308,60.352739,0,23.879228,-25.024435,72.782892
z_gc_path1y_sum,9.700,stoxx,19,13.423366,19.185568,-18.134085,44.980817,-17.273542,52.753781,0,19.096171,-28.288258,66.480601
z_gc_path1y_sum,9.700,stoxx,20,7.377719,17.861101,-22.001178,36.756617,-24.772264,40.420757,0,12.131877,-34.343299,58.607054
z_gc_path1y_sum,9.700,stoxx,21,26.327620,19.643663,-5.983330,58.638570,-3.137874,68.561495,0,22.904875,-23.524062,69.333811
z_gc_path1y_sum,9.700,stoxx,22,30.311466,17.808510,1.019074,59.603858,4.489127,70.380613,0,24.699080,-20.444113,69.842273
z_gc_path1y_sum,9.700,stoxx,23,-1.242852,15.549651,-26.819753,24.334048,-33.897120,22.859107,0,-3.410626,-42.844837,36.023585
z_gc_path1y_sum,9.700,stoxx,24,-16.331247,17.967451,-45.885074,13.222581,-57.656385,8.823185,0,-16.240433,-55.566056,23.085190
z_gc_path1y_sum,9.700,stoxx,25,-16.366698,18.168504,-46.251229,13.517832,-54.520558,11.794484,0,-17.601213,-58.565450,23.363025
z_gc_path1y_sum,9.700,stoxx,26,-26.595411,20.678894,-60.609165,7.418342,-75.190811,2.355040,0,-27.474466,-73.732555,18.783623
z_gc_path1y_sum,9.700,stoxx,27,-49.790006,27.349743,-94.776329,-4.803683,-111.326927,-10.132879,0,-50.251719,-110.307520,9.804082
z_gc_path1y_sum,9.700,stoxx,28,-46.824247,30.105121,-96.342765,2.694270,-110.045002,-0.161309,0,-50.370446,-111.188492,10.447600
z_gc_path1y_sum,9.700,stoxx,29,-61.739108,28.024776,-107.835763,-15.642454,-126.196094,-22.504422,0,-64.738495,-131.115895,1.638905
z_gc_path1y_sum,9.700,stoxx,30,-50.025149,25.017927,-91.175977,-8.874321,-108.817277,-16.250948,0,-48.260321,-115.105766,18.585123
z_gc_path1y_sum,9.700,stoxx,31,-42.446580,31.270972,-93.882752,8.989592,-114.369816,2.896330,0,-40.618941,-113.769578,32.531695
z_gc_path1y_sum,9.700,stoxx,32,-42.826182,28.547049,-89.781900,4.129535,-104.202338,-0.005609,0,-37.350627,-108.231314,33.530059
z_gc_path1y_sum,9.700,stoxx,33,-39.517529,23.490312,-78.155653,-0.879405,-92.370730,-5.456577,0,-29.146649,-99.044065,40.750766
z_gc_path1y_sum,9.700,stoxx,34,-27.580176,18.942358,-58.737582,3.577230,-67.359128,1.780479,0,-9.754142,-79.456327,59.948042
z_gc_path1y_sum,9.700,stoxx,35,-14.700129,15.995379,-41.010186,11.609929,-44.291580,12.492016,0,1.790396,-67.785419,71.366211
z_gc_path1y_sum,9.700,stoxx,36,-14.308519,21.930907,-50.381651,21.764612,-57.073788,21.877477,0,-1.788923,-61.839371,58.261525
z_gc_path1y_sum,9.700,stoxx,37,8.858882,26.744580,-35.132038,52.849802,-29.920760,67.696959,0,19.391662,-36.949305,75.732629
z_gc_path1y_sum,9.700,stoxx,38,12.567155,25.360643,-29.147391,54.281701,-29.277907,62.020409,0,25.421931,-34.800089,85.643950
z_gc_path1y_sum,9.700,stoxx,39,-3.656759,26.405682,-47.090241,39.776723,-52.507271,39.912616,0,12.983241,-45.218469,71.184951
z_gc_path1y_sum,9.700,stoxx,40,-9.534089,12.869074,-30.701833,11.633655,-31.411516,13.630245,0,3.801415,-46.455850,54.058681
z_gc_path1y_sum,9.700,stoxx,41,-26.321916,15.249883,-51.405740,-1.238091,-59.109163,-4.209586,0,-13.325250,-59.832281,33.181781
z_gc_path1y_sum,9.700,stoxx,42,-29.939176,15.609112,-55.613879,-4.264472,-61.157399,-5.745053,0,-14.308220,-61.898466,33.282026
z_gc_path1y_sum,9.700,stoxx,43,-28.755767,18.565096,-59.292633,1.781099,-61.244685,4.661406,0,-12.986297,-65.735096,39.762502
z_gc_path1y_sum,9.700,stoxx,44,-25.323121,16.128782,-51.852606,1.206365,-51.935611,5.321565,0,-9.686494,-62.803272,43.430283
z_gc_path1y_sum,9.700,stoxx,45,-8.952859,17.786699,-38.209376,20.303658,-32.964903,31.067214,0,2.534304,-48.201820,53.270427
z_gc_path1y_sum,9.700,stoxx,46,-19.315955,18.084232,-49.061869,10.429959,-43.729668,22.277778,0,-7.488072,-59.073984,44.097839
z_gc_path1y_sum,9.700,stoxx,47,-26.979046,15.609460,-52.654324,-1.303769,-50.393237,5.020347,0,-13.709904,-66.827893,39.408086
z_gc_path1y_sum,9.700,stoxx,48,-15.845992,12.346757,-36.154600,4.462616,-36.835479,5.760833,0,-8.225558,-64.580679,48.129563
z_ext_jk_mp_pm,14.415,ois1m,0,1.000000,0.000000,1.000000,1.000000,1.000000,1.000000,0,1.000000,1.000000,1.000000
z_ext_jk_mp_pm,14.415,ois1m,1,1.005997,0.217021,0.649028,1.362966,0.604507,1.364082,0,1.036452,0.612573,1.460331
z_ext_jk_mp_pm,14.415,ois1m,2,0.446190,0.382493,-0.182955,1.075334,-0.318796,1.019929,0,0.527309,-0.237219,1.291838
z_ext_jk_mp_pm,14.415,ois1m,3,0.926447,0.477569,0.140917,1.711978,0.019067,1.666679,0,1.041764,0.257865,1.825663
z_ext_jk_mp_pm,14.415,ois1m,4,0.961569,0.439826,0.238120,1.685018,0.103908,1.599317,0,1.131748,0.009535,2.253962
z_ext_jk_mp_pm,14.415,ois1m,5,0.636233,0.475937,-0.146613,1.419079,-0.244250,1.373935,0,0.788912,-0.630758,2.208581
z_ext_jk_mp_pm,14.415,ois1m,6,0.759040,0.512023,-0.083162,1.601243,-0.162600,1.578277,0,0.957420,-0.783605,2.698445
z_ext_jk_mp_pm,14.415,ois1m,7,0.227363,0.640774,-0.826616,1.281343,-0.990107,1.188524,0,0.451232,-1.604701,2.507165
z_ext_jk_mp_pm,14.415,ois1m,8,-0.198502,0.766518,-1.459312,1.062307,-1.654886,0.951275,0,0.072574,-2.194653,2.339800
z_ext_jk_mp_pm,14.415,ois1m,9,-0.715244,0.833745,-2.086633,0.656145,-2.299360,0.535374,0,-0.392453,-2.748265,1.963360
z_ext_jk_mp_pm,14.415,ois1m,10,-1.053550,0.917830,-2.563245,0.456146,-2.843318,0.277303,0,-0.708239,-3.063997,1.647518
z_ext_jk_mp_pm,14.415,ois1m,11,-0.863686,0.885511,-2.320223,0.592851,-2.590433,0.420305,0,-0.565076,-2.807873,1.677722
z_ext_jk_mp_pm,14.415,ois1m,12,-1.034413,0.804018,-2.356904,0.288079,-2.602247,0.131413,0,-0.751318,-2.930110,1.427475
z_ext_jk_mp_pm,14.415,ois1m,13,-0.987347,0.709856,-2.154955,0.180262,-2.371565,0.041944,0,-0.717106,-2.902136,1.467924
z_ext_jk_mp_pm,14.415,ois1m,14,-0.493467,0.621770,-1.516188,0.529254,-1.643742,0.439189,0,-0.270156,-2.291542,1.751231
z_ext_jk_mp_pm,14.415,ois1m,15,-0.461080,0.652507,-1.534359,0.612199,-1.635593,0.550306,0,-0.256257,-2.228225,1.715711
z_ext_jk_mp_pm,14.415,ois1m,16,-0.526193,0.747246,-1.755303,0.702917,-1.833873,0.669400,0,-0.360640,-2.360575,1.639295
z_ext_jk_mp_pm,14.415,ois1m,17,-0.250076,0.671129,-1.353984,0.853833,-1.390994,0.823730,0,-0.213210,-2.137093,1.710672
z_ext_jk_mp_pm,14.415,ois1m,18,-0.339064,0.677026,-1.452672,0.774544,-1.523859,0.744177,0,-0.330567,-2.297475,1.636342
z_ext_jk_mp_pm,14.415,ois1m,19,-0.324863,0.668703,-1.424781,0.775056,-1.461658,0.745062,0,-0.298024,-2.294656,1.698609
z_ext_jk_mp_pm,14.415,ois1m,20,-0.343819,0.609595,-1.346514,0.658876,-1.410611,0.631533,0,-0.426008,-2.410834,1.558819
z_ext_jk_mp_pm,14.415,ois1m,21,-0.055885,0.661615,-1.144145,1.032376,-1.180631,1.035781,0,-0.256774,-2.225551,1.712003
z_ext_jk_mp_pm,14.415,ois1m,22,-0.022821,0.680462,-1.142082,1.096440,-1.145584,1.133965,0,-0.282943,-2.250412,1.684526
z_ext_jk_mp_pm,14.415,ois1m,23,-0.032801,0.663870,-1.124769,1.059167,-1.128186,1.095777,0,-0.432681,-2.377980,1.512619
z_ext_jk_mp_pm,14.415,ois1m,24,0.196285,0.645064,-0.864751,1.257321,-0.835817,1.292894,0,-0.271178,-2.248230,1.705875
z_ext_jk_mp_pm,14.415,ois1m,25,0.044511,0.674886,-1.065577,1.154599,-1.069050,1.158073,0,-0.539831,-2.670056,1.590393
z_ext_jk_mp_pm,14.415,ois1m,26,-0.230463,0.660020,-1.316099,0.855173,-1.418499,0.792568,0,-0.835356,-2.956482,1.285770
z_ext_jk_mp_pm,14.415,ois1m,27,-0.861698,0.866851,-2.287542,0.564145,-2.465373,0.438579,0,-1.511810,-3.799866,0.776247
z_ext_jk_mp_pm,14.415,ois1m,28,-0.864613,0.937569,-2.406777,0.677552,-2.552237,0.541742,0,-1.467468,-3.658638,0.723703
z_ext_jk_mp_pm,14.415,ois1m,29,-0.896571,0.951511,-2.461668,0.668525,-2.656867,0.530695,0,-1.482515,-3.405742,0.440711
z_ext_jk_mp_pm,14.415,ois1m,30,-1.192338,0.798831,-2.506298,0.121621,-2.710117,-0.034034,0,-1.774772,-3.479074,-0.070470
z_ext_jk_mp_pm,14.415,ois1m,31,-0.564992,0.690744,-1.701165,0.571181,-1.773794,0.505661,0,-1.084278,-2.711182,0.542625
z_ext_jk_mp_pm,14.415,ois1m,32,-0.655295,0.565180,-1.584934,0.274345,-1.672619,0.220735,0,-1.118276,-2.790908,0.554357
z_ext_jk_mp_pm,14.415,ois1m,33,-0.370885,0.365806,-0.972582,0.230812,-0.974464,0.232694,0,-0.824268,-2.739542,1.091006
z_ext_jk_mp_pm,14.415,ois1m,34,0.112064,0.448419,-0.625520,0.849648,-0.560565,0.941640,0,-0.261950,-2.324993,1.801093
z_ext_jk_mp_pm,14.415,ois1m,35,-0.034950,0.456843,-0.786390,0.716490,-0.720214,0.787368,0,-0.340969,-2.469193,1.787255
z_ext_jk_mp_pm,14.415,ois1m,36,0.214516,0.537963,-0.670353,1.099386,-0.592428,1.209747,0,-0.016792,-2.240975,2.207391
z_ext_jk_mp_pm,14.415,ois1m,37,0.380569,0.577215,-0.568865,1.330004,-0.485254,1.448417,0,0.335763,-1.809326,2.480851
z_ext_jk_mp_pm,14.415,ois1m,38,0.361961,0.703904,-0.795858,1.519781,-0.658699,1.699379,0,0.392493,-1.746642,2.531629
z_ext_jk_mp_pm,14.415,ois1m,39,0.156316,0.637090,-0.891604,1.204235,-0.767465,1.334932,0,0.222863,-1.859936,2.305661
z_ext_jk_mp_pm,14.415,ois1m,40,0.111675,0.626741,-0.919222,1.142573,-0.828437,1.271147,0,0.316204,-1.755744,2.388153
z_ext_jk_mp_pm,14.415,ois1m,41,-0.274346,0.552512,-1.183148,0.634455,-1.130741,0.720176,0,-0.070987,-1.942687,1.800713
z_ext_jk_mp_pm,14.415,ois1m,42,-0.534521,0.384281,-1.166608,0.097565,-1.168586,0.099543,0,-0.405376,-2.144199,1.333447
z_ext_jk_mp_pm,14.415,ois1m,43,-0.480978,0.411047,-1.157091,0.195134,-1.159206,0.197250,0,-0.237145,-1.941541,1.467252
z_ext_jk_mp_pm,14.415,ois1m,44,-0.444930,0.382789,-1.074562,0.184702,-1.095672,0.167532,0,-0.125259,-1.759070,1.508552
z_ext_jk_mp_pm,14.415,ois1m,45,-0.329509,0.392539,-0.975178,0.316159,-1.016452,0.298553,0,0.060833,-1.551571,1.673237
z_ext_jk_mp_pm,14.415,ois1m,46,-0.152441,0.402040,-0.813737,0.508856,-0.815806,0.531027,0,0.366109,-1.293476,2.025693
z_ext_jk_mp_pm,14.415,ois1m,47,-0.032588,0.392600,-0.678357,0.613181,-0.680378,0.634832,0,0.618615,-1.101068,2.338299
z_ext_jk_mp_pm,14.415,ois1m,48,0.182539,0.336426,-0.370833,0.735911,-0.372564,0.754463,0,0.719524,-1.041316,2.480364
z_ext_jk_mp_pm,14.415,ip,0,0.277983,1.463865,-2.129860,2.685826,-2.722939,2.620167,0,0.352650,-2.050710,2.756011
z_ext_jk_mp_pm,14.415,ip,1,1.260896,1.843860,-1.771985,4.293776,-2.426825,4.118879,0,2.068908,-1.280045,5.417862
z_ext_jk_mp_pm,14.415,ip,2,1.915752,2.169571,-1.652874,5.484378,-2.748825,4.953151,0,3.274586,-1.224602,7.773775
z_ext_jk_mp_pm,14.415,ip,3,-2.861162,2.927364,-7.676248,1.953924,-8.862259,1.383516,0,-0.947723,-7.411028,5.515581
z_ext_jk_mp_pm,14.415,ip,4,-1.078858,3.263094,-6.446170,4.288455,-7.441892,3.815784,0,0.959249,-6.233886,8.152384
z_ext_jk_mp_pm,14.415,ip,5,-1.659612,3.646906,-7.658238,4.339014,-8.953423,3.628401,0,0.606182,-7.460990,8.673355
z_ext_jk_mp_pm,14.415,ip,6,-3.895448,3.682746,-9.953025,2.162130,-11.076801,1.444534,0,-0.901341,-10.782095,8.979414
z_ext_jk_mp_pm,14.415,ip,7,-5.932623,4.041077,-12.579604,0.714357,-13.610670,-0.073061,0,-3.233577,-14.458916,7.991763
z_ext_jk_mp_pm,14.415,ip,8,-9.173543,4.613161,-16.761518,-1.585568,-18.169207,-2.484459,0,-6.384713,-18.914578,6.145151
z_ext_jk_mp_pm,14.415,ip,9,-8.910942,4.251694,-15.904357,-1.917527,-17.201746,-2.745985,0,-5.707909,-17.891205,6.475388
z_ext_jk_mp_pm,14.415,ip,10,-9.100042,5.527534,-18.192027,-0.008058,-19.878734,-1.085118,0,-5.772433,-17.689440,6.144575
z_ext_jk_mp_pm,14.415,ip,11,-8.245736,4.688134,-15.957030,-0.534443,-17.387597,-1.447943,0,-4.981442,-15.213431,5.250548
z_ext_jk_mp_pm,14.415,ip,12,-7.341579,3.877301,-13.719172,-0.963987,-14.902316,-1.719493,0,-3.936272,-11.929492,4.056948
z_ext_jk_mp_pm,14.415,ip,13,-9.328049,3.989802,-15.890690,-2.765408,-17.108164,-3.742326,0,-6.785333,-16.317371,2.746705
z_ext_jk_mp_pm,14.415,ip,14,-4.696065,3.101009,-9.796770,0.404641,-10.432931,-0.044552,0,-2.535159,-10.653591,5.583273
z_ext_jk_mp_pm,14.415,ip,15,-4.928098,3.036799,-9.923187,0.066991,-10.242496,-0.221061,0,-2.782435,-10.841163,5.276293
z_ext_jk_mp_pm,14.415,ip,16,-3.457837,4.289425,-10.513313,3.597639,-10.749860,3.619714,0,-2.036027,-10.621556,6.549501
z_ext_jk_mp_pm,14.415,ip,17,0.685111,4.419471,-6.584272,7.954495,-6.386043,8.198213,0,0.913473,-7.629003,9.455949
z_ext_jk_mp_pm,14.415,ip,18,0.380328,4.338608,-6.756047,7.516703,-6.561445,7.972892,0,0.503680,-8.402389,9.409749
z_ext_jk_mp_pm,14.415,ip,19,0.737305,4.235838,-6.230028,7.704637,-5.828244,8.361812,0,-0.010009,-9.219422,9.199405
z_ext_jk_mp_pm,14.415,ip,20,-0.925704,3.489256,-6.665019,4.813611,-6.508513,5.180494,0,-1.464482,-11.041695,8.112730
z_ext_jk_mp_pm,14.415,ip,21,-4.723773,3.396121,-10.309894,0.862348,-10.666984,0.710020,0,-5.955032,-16.120072,4.210009
z_ext_jk_mp_pm,14.415,ip,22,-4.612592,3.335849,-10.099576,0.874391,-10.450328,0.557974,0,-5.777521,-16.055956,4.500915
z_ext_jk_mp_pm,14.415,ip,23,0.538890,3.279902,-4.856069,5.933849,-4.544958,6.442714,0,-1.608917,-11.476104,8.258270
z_ext_jk_mp_pm,14.415,ip,24,-1.262799,3.937547,-7.739488,5.213889,-7.759752,5.431031,0,-3.509347,-13.986055,6.967361
z_ext_jk_mp_pm,14.415,ip,25,0.581410,2.504819,-3.538651,4.701471,-3.426301,4.839603,0,-2.271502,-11.995525,7.452521
z_ext_jk_mp_pm,14.415,ip,26,-3.722276,3.109839,-8.837505,1.392953,-9.319985,1.097974,0,-6.891870,-16.766420,2.982680
z_ext_jk_mp_pm,14.415,ip,27,-3.165485,3.390085,-8.741680,2.410709,-9.267639,2.089147,0,-5.679446,-15.195818,3.836927
z_ext_jk_mp_pm,14.415,ip,28,-3.223223,4.486929,-10.603564,4.157119,-11.299695,3.507171,0,-5.609612,-15.921118,4.701894
z_ext_jk_mp_pm,14.415,ip,29,-8.661420,4.899547,-16.720458,-0.602382,-17.970559,-1.557076,0,-11.012501,-21.893291,-0.131710
z_ext_jk_mp_pm,14.415,ip,30,-7.037564,5.048129,-15.340997,1.265869,-16.629009,0.282223,0,-8.030704,-19.538757,3.477349
z_ext_jk_mp_pm,14.415,ip,31,-5.950184,4.511428,-13.370824,1.470455,-14.521898,0.591387,0,-6.247800,-18.128399,5.632799
z_ext_jk_mp_pm,14.415,ip,32,-3.267738,3.555510,-9.116032,2.580556,-9.667656,2.243303,0,-2.410753,-15.898769,11.077262
z_ext_jk_mp_pm,14.415,ip,33,-1.596193,3.731881,-7.734591,4.542204,-7.940390,4.561410,0,-0.358070,-15.889096,15.172956
z_ext_jk_mp_pm,14.415,ip,34,-0.936629,3.369447,-6.478877,4.605618,-6.327745,4.791431,0,0.739724,-15.508283,16.987731
z_ext_jk_mp_pm,14.415,ip,35,-1.410816,4.157644,-8.249532,5.427900,-7.855165,5.865061,0,0.081114,-16.383560,16.545788
z_ext_jk_mp_pm,14.415,ip,36,-2.036280,3.761172,-8.222857,4.150297,-8.054155,4.545770,0,-0.148129,-15.707349,15.411090
z_ext_jk_mp_pm,14.415,ip,37,1.397056,3.838808,-4.917221,7.711333,-4.361156,8.498850,0,3.931228,-11.869933,19.732388
z_ext_jk_mp_pm,14.415,ip,38,1.534916,4.386310,-5.679922,8.749754,-5.044549,9.430274,0,3.801898,-11.702561,19.306358
z_ext_jk_mp_pm,14.415,ip,39,0.617894,4.376732,-6.581189,7.816977,-5.947204,8.714848,0,3.515415,-10.293680,17.324511
z_ext_jk_mp_pm,14.415,ip,40,1.324158,4.187419,-5.563533,8.211849,-4.956970,8.861512,0,4.247366,-9.739982,18.234714
z_ext_jk_mp_pm,14.415,ip,41,-0.985000,3.395984,-6.570896,4.600896,-6.418574,4.788172,0,2.910529,-9.604796,15.425854
z_ext_jk_mp_pm,14.415,ip,42,-1.089903,3.228387,-6.400127,4.220322,-5.932483,4.882614,0,2.569708,-9.395650,14.535066
z_ext_jk_mp_pm,14.415,ip,43,-1.169555,2.432434,-5.170553,2.831442,-4.818206,3.330447,0,2.080577,-9.494166,13.655320
z_ext_jk_mp_pm,14.415,ip,44,-0.299874,3.246387,-5.639705,5.039958,-5.169455,5.543623,0,2.675933,-9.603894,14.955761
z_ext_jk_mp_pm,14.415,ip,45,1.542069,2.911716,-3.247277,6.331415,-2.679919,7.074329,0,5.528463,-6.347044,17.403970
z_ext_jk_mp_pm,14.415,ip,46,1.591570,3.286093,-3.813573,6.996712,-3.008961,7.999452,0,5.954914,-6.438516,18.348344
z_ext_jk_mp_pm,14.415,ip,47,1.153742,3.655989,-4.859824,7.167309,-4.695840,7.368923,0,5.603930,-6.140194,17.348054
z_ext_jk_mp_pm,14.415,ip,48,3.610545,3.320239,-1.850763,9.071852,-1.535826,9.586975,0,8.544069,-3.367696,20.455833
z_ext_jk_mp_pm,14.415,hicp,0,0.820507,0.707088,-0.342549,1.983563,-0.169416,2.446809,0,-0.025867,-0.670447,0.618713
z_ext_jk_mp_pm,14.415,hicp,1,1.512692,0.762449,0.258575,2.766809,0.407141,3.151958,0,0.904227,-0.171973,1.980427
z_ext_jk_mp_pm,14.415,hicp,2,0.912826,0.744539,-0.311831,2.137483,-0.427344,2.141315,0,0.505228,-0.808825,1.819281
z_ext_jk_mp_pm,14.415,hicp,3,0.527418,0.782541,-0.759747,1.814584,-0.959410,1.740357,0,0.158317,-1.366214,1.682848
z_ext_jk_mp_pm,14.415,hicp,4,0.477735,0.794169,-0.828557,1.784027,-0.912061,1.788114,0,0.283522,-1.409639,1.976684
z_ext_jk_mp_pm,14.415,hicp,5,0.212687,0.755171,-1.029460,1.454833,-1.108863,1.458720,0,0.118731,-1.781364,2.018826
z_ext_jk_mp_pm,14.415,hicp,6,0.925366,0.879067,-0.520571,2.371303,-0.569049,2.375827,0,0.708739,-1.481699,2.899178
z_ext_jk_mp_pm,14.415,hicp,7,0.627678,0.902327,-0.856518,2.111874,-0.951394,2.071402,0,0.563530,-1.732353,2.859412
z_ext_jk_mp_pm,14.415,hicp,8,-0.679002,0.986264,-2.301261,0.943258,-2.552903,0.800394,0,-0.681258,-3.102054,1.739537
z_ext_jk_mp_pm,14.415,hicp,9,-1.544056,1.097530,-3.349332,0.261221,-3.684240,0.047363,0,-1.408821,-4.189921,1.372278
z_ext_jk_mp_pm,14.415,hicp,10,-2.094175,1.232016,-4.120661,-0.067689,-4.496606,-0.307752,0,-1.920439,-4.785616,0.944739
z_ext_jk_mp_pm,14.415,hicp,11,-1.929285,1.285415,-4.043605,0.185036,-4.435845,-0.065432,0,-1.492473,-4.356606,1.371660
z_ext_jk_mp_pm,14.415,hicp,12,0.047653,1.159163,-1.859000,1.954306,-2.096798,1.786397,0,-0.292762,-3.012008,2.426484
z_ext_jk_mp_pm,14.415,hicp,13,0.680116,1.299475,-1.457330,2.817562,-1.593965,2.759276,0,0.514976,-2.300633,3.330586
z_ext_jk_mp_pm,14.415,hicp,14,0.698756,1.148429,-1.190241,2.587753,-1.253573,2.593663,0,0.509244,-2.230926,3.249413
z_ext_jk_mp_pm,14.415,hicp,15,-0.113713,1.137424,-1.984609,1.757183,-2.047334,1.763037,0,-0.336931,-3.355110,2.681247
z_ext_jk_mp_pm,14.415,hicp,16,-0.130464,1.190731,-2.089043,1.828115,-2.095171,1.893779,0,-0.359296,-3.595649,2.877057
z_ext_jk_mp_pm,14.415,hicp,17,0.263846,1.280395,-1.842216,2.369907,-1.848805,2.440517,0,0.007248,-3.199844,3.214341
z_ext_jk_mp_pm,14.415,hicp,18,0.670614,1.270576,-1.419297,2.760525,-1.362308,2.830592,0,0.291633,-2.892462,3.475729
z_ext_jk_mp_pm,14.415,hicp,19,0.610107,1.312617,-1.548956,2.769171,-1.555712,2.841557,0,0.099253,-3.279373,3.477879
z_ext_jk_mp_pm,14.415,hicp,20,-0.565810,1.347479,-2.782216,1.650597,-2.856525,1.657531,0,-1.035006,-4.547799,2.477786
z_ext_jk_mp_pm,14.415,hicp,21,-1.337133,1.237904,-3.373305,0.699038,-3.503466,0.581618,0,-1.625980,-5.211792,1.959831
z_ext_jk_mp_pm,14.415,hicp,22,-1.635102,1.172501,-3.563695,0.293491,-3.804229,0.123650,0,-1.879912,-5.328901,1.569076
z_ext_jk_mp_pm,14.415,hicp,23,-1.276452,1.303345,-3.420264,0.867360,-3.752808,0.678566,0,-1.476226,-4.926937,1.974485
z_ext_jk_mp_pm,14.415,hicp,24,0.201996,1.295376,-1.928708,2.332699,-2.000143,2.339366,0,-0.820288,-4.277759,2.637184
z_ext_jk_mp_pm,14.415,hicp,25,-0.290341,1.458170,-2.688817,2.108135,-2.769230,2.115639,0,-1.123632,-4.640487,2.393224
z_ext_jk_mp_pm,14.415,hicp,26,-0.955631,1.542545,-3.492891,1.581629,-3.655084,1.512441,0,-1.791250,-5.647932,2.065433
z_ext_jk_mp_pm,14.415,hicp,27,-1.973615,1.405085,-4.284774,0.337543,-4.432513,0.204266,0,-2.868294,-7.002864,1.266275
z_ext_jk_mp_pm,14.415,hicp,28,-1.913513,1.214433,-3.911077,0.084051,-4.099492,-0.031142,0,-2.843805,-6.816023,1.128414
z_ext_jk_mp_pm,14.415,hicp,29,-1.712512,1.322140,-3.887238,0.462215,-4.092364,0.270698,0,-2.843640,-6.588786,0.901506
z_ext_jk_mp_pm,14.415,hicp,30,-1.106257,1.299620,-3.243942,1.031427,-3.445574,0.908154,0,-2.381596,-6.084265,1.321073
z_ext_jk_mp_pm,14.415,hicp,31,-1.693848,1.355732,-3.923829,0.536133,-4.066379,0.407537,0,-2.871454,-6.554187,0.811279
z_ext_jk_mp_pm,14.415,hicp,32,-2.298015,1.368992,-4.549807,-0.046224,-4.830651,-0.244527,0,-3.349459,-7.204806,0.505889
z_ext_jk_mp_pm,14.415,hicp,33,-2.224348,1.205882,-4.207847,-0.240849,-4.515523,-0.475820,0,-2.962586,-6.869337,0.944165
z_ext_jk_mp_pm,14.415,hicp,34,-2.210388,1.298294,-4.345893,-0.074884,-4.677148,-0.327861,0,-2.651803,-6.351717,1.048112
z_ext_jk_mp_pm,14.415,hicp,35,-1.913974,1.344293,-4.125139,0.297190,-4.468130,0.035250,0,-2.270556,-5.625112,1.083999
z_ext_jk_mp_pm,14.415,hicp,36,-1.210133,1.006745,-2.866080,0.445815,-3.022273,0.299984,0,-2.326122,-5.644723,0.992479
z_ext_jk_mp_pm,14.415,hicp,37,-0.537699,1.057127,-2.276519,1.201121,-2.334815,1.206562,0,-1.311491,-4.567827,1.944846
z_ext_jk_mp_pm,14.415,hicp,38,-1.235750,1.225971,-3.252292,0.780793,-3.381199,0.664505,0,-1.972079,-5.321459,1.377300
z_ext_jk_mp_pm,14.415,hicp,39,-1.720337,1.132127,-3.582520,0.141847,-3.531740,0.204279,0,-2.594043,-6.172849,0.984763
z_ext_jk_mp_pm,14.415,hicp,40,-1.123766,1.095524,-2.925742,0.678211,-2.931380,0.683849,0,-2.193368,-5.648806,1.262071
z_ext_jk_mp_pm,14.415,hicp,41,-1.339174,1.061460,-3.085121,0.406773,-3.196730,0.359163,0,-2.787129,-6.188829,0.614571
z_ext_jk_mp_pm,14.415,hicp,42,-1.238462,1.058368,-2.979323,0.502399,-3.090607,0.402009,0,-2.693512,-6.151958,0.764934
z_ext_jk_mp_pm,14.415,hicp,43,-0.459017,1.109645,-2.284221,1.366186,-2.400896,1.316415,0,-1.846411,-4.998721,1.305900
z_ext_jk_mp_pm,14.415,hicp,44,-0.512719,1.064417,-2.263529,1.238092,-2.481890,1.083907,0,-1.823060,-4.866825,1.220704
z_ext_jk_mp_pm,14.415,hicp,45,-1.194216,0.917740,-2.703765,0.315332,-2.800262,0.228281,0,-2.088854,-5.166617,0.988909
z_ext_jk_mp_pm,14.415,hicp,46,-1.726502,1.328444,-3.911599,0.458594,-3.984858,0.465431,0,-2.388073,-5.228676,0.452529
z_ext_jk_mp_pm,14.415,hicp,47,-2.292459,1.214648,-4.290377,-0.294541,-4.478825,-0.470487,0,-2.736846,-5.277335,-0.196356
z_ext_jk_mp_pm,14.415,hicp,48,-1.012540,0.810059,-2.344968,0.319888,-2.389639,0.283554,0,-2.463368,-4.975500,0.048764
z_ext_jk_mp_pm,14.415,stoxx,0,-7.370123,9.490115,-22.979972,8.239727,-26.824858,7.339555,0,-4.653282,-20.032464,10.725899
z_ext_jk_mp_pm,14.415,stoxx,1,-14.670690,12.680427,-35.528137,6.186757,-41.933609,3.715930,0,-7.978456,-28.646638,12.689726
z_ext_jk_mp_pm,14.415,stoxx,2,-5.067797,13.030335,-26.500791,16.365197,-27.219367,17.735289,0,4.114560,-18.891643,27.120763
z_ext_jk_mp_pm,14.415,stoxx,3,6.137070,14.458382,-17.644852,29.918992,-18.442179,31.439238,0,19.831669,-6.835216,46.498554
z_ext_jk_mp_pm,14.415,stoxx,4,11.890704,15.906235,-14.272724,38.054132,-16.740519,37.340680,0,27.039440,-1.023742,55.102621
z_ext_jk_mp_pm,14.415,stoxx,5,-8.641652,18.328758,-38.789777,21.506472,-40.716979,21.600799,0,7.882305,-25.379244,41.143854
z_ext_jk_mp_pm,14.415,stoxx,6,-31.270170,23.250973,-69.514618,6.974278,-71.959374,7.093936,0,-15.290161,-57.630058,27.049736
z_ext_jk_mp_pm,14.415,stoxx,7,-38.626424,20.047491,-71.601612,-5.651237,-74.711907,-7.552814,0,-23.374319,-62.259968,15.511330
z_ext_jk_mp_pm,14.415,stoxx,8,-41.797492,15.854354,-67.875583,-15.719401,-71.128047,-17.223244,0,-27.209857,-63.827478,9.407764
z_ext_jk_mp_pm,14.415,stoxx,9,-41.260065,15.014188,-65.956206,-16.563924,-69.036312,-18.738783,0,-28.048079,-63.097490,7.001331
z_ext_jk_mp_pm,14.415,stoxx,10,-42.006707,15.314269,-67.196438,-16.816975,-71.103819,-19.801016,0,-32.731343,-66.365565,0.902879
z_ext_jk_mp_pm,14.415,stoxx,11,-21.554319,19.252066,-53.221148,10.112511,-57.170640,7.323780,0,-13.544893,-51.491414,24.401627
z_ext_jk_mp_pm,14.415,stoxx,12,-12.832080,18.137316,-42.665310,17.001150,-46.386115,14.373894,0,-7.431354,-47.013147,32.150440
z_ext_jk_mp_pm,14.415,stoxx,13,-16.089748,15.171258,-41.044247,8.864752,-43.398013,7.425703,0,-15.858836,-56.505710,24.788039
z_ext_jk_mp_pm,14.415,stoxx,14,-3.939161,17.912072,-33.401898,25.523575,-33.494080,26.511361,0,-1.993886,-44.049986,40.062214
z_ext_jk_mp_pm,14.415,stoxx,15,3.104211,18.576847,-27.451983,33.660405,-26.618744,35.613693,0,4.610218,-35.746259,44.966696
z_ext_jk_mp_pm,14.415,stoxx,16,17.015239,17.150360,-11.194592,45.225070,-8.710300,48.743404,0,18.362867,-18.283402,55.009136
z_ext_jk_mp_pm,14.415,stoxx,17,24.639633,13.498449,2.436660,46.842606,3.717036,48.936841,0,24.662225,-13.077064,62.401515
z_ext_jk_mp_pm,14.415,stoxx,18,-1.360232,14.547405,-25.288584,22.568120,-26.090821,22.642987,0,-4.307206,-40.828581,32.214169
z_ext_jk_mp_pm,14.415,stoxx,19,0.200080,15.679320,-25.590106,25.990266,-27.238730,25.286992,0,-0.326211,-35.451936,34.799514
z_ext_jk_mp_pm,14.415,stoxx,20,-1.910248,12.516607,-22.498235,18.677739,-23.188481,18.742154,0,-3.943762,-37.666929,29.779406
z_ext_jk_mp_pm,14.415,stoxx,21,18.601703,10.456746,1.401887,35.801519,2.393747,37.423846,0,12.570031,-20.475469,45.615532
z_ext_jk_mp_pm,14.415,stoxx,22,26.670407,11.905883,7.086971,46.253842,8.811581,48.696291,0,22.948521,-10.132419,56.029462
z_ext_jk_mp_pm,14.415,stoxx,23,-2.057756,8.276200,-15.670895,11.555382,-15.299677,12.425594,0,-3.841081,-31.682658,24.000496
z_ext_jk_mp_pm,14.415,stoxx,24,-7.653325,8.032148,-20.865033,5.558384,-21.709585,5.198113,0,-7.172450,-35.484289,21.139389
z_ext_jk_mp_pm,14.415,stoxx,25,-8.906763,9.735517,-24.920263,7.106738,-26.430693,6.183288,0,-9.489859,-38.282262,19.302545
z_ext_jk_mp_pm,14.415,stoxx,26,-12.678230,9.652514,-28.555203,3.198743,-30.535381,1.800541,0,-13.977477,-44.299950,16.344997
z_ext_jk_mp_pm,14.415,stoxx,27,-20.774723,13.468939,-42.929156,1.379710,-46.365707,-1.244761,0,-20.634289,-54.237665,12.969086
z_ext_jk_mp_pm,14.415,stoxx,28,-22.304484,14.488239,-46.135516,1.526548,-49.107726,-0.572126,0,-25.342224,-60.673787,9.989340
z_ext_jk_mp_pm,14.415,stoxx,29,-16.257339,12.022003,-36.031773,3.517096,-37.295843,2.977865,0,-16.890347,-51.270825,17.490131
z_ext_jk_mp_pm,14.415,stoxx,30,-11.746215,10.305015,-28.696455,5.204026,-29.264740,5.257060,0,-7.997274,-48.239022,32.244473
z_ext_jk_mp_pm,14.415,stoxx,31,-13.910753,12.956266,-35.221913,7.400408,-36.584218,6.171459,0,-8.456688,-54.675295,37.761918
z_ext_jk_mp_pm,14.415,stoxx,32,-8.600921,14.967898,-33.220923,16.019081,-33.297953,16.096111,0,-0.990660,-50.464572,48.483252
z_ext_jk_mp_pm,14.415,stoxx,33,-3.178331,14.814473,-27.545970,21.189308,-26.881487,22.746996,0,7.168646,-43.421616,57.758908
z_ext_jk_mp_pm,14.415,stoxx,34,12.974112,16.670328,-14.446138,40.394362,-12.031380,43.814219,0,28.713600,-23.215163,80.642362
z_ext_jk_mp_pm,14.415,stoxx,35,21.350784,19.093477,-10.055190,52.756759,-7.289431,56.673717,0,37.430876,-17.796932,92.658685
z_ext_jk_mp_pm,14.415,stoxx,36,1.228888,14.920309,-23.312836,25.770611,-21.151575,28.831459,0,14.889250,-27.411713,57.190213
z_ext_jk_mp_pm,14.415,stoxx,37,-0.852865,18.670747,-31.563510,29.857780,-27.925448,34.621553,0,11.457520,-28.467918,51.382957
z_ext_jk_mp_pm,14.415,stoxx,38,2.272450,16.004015,-24.051812,28.596711,-20.933372,32.680078,0,16.022743,-23.922539,55.968026
z_ext_jk_mp_pm,14.415,stoxx,39,-1.714798,15.439423,-27.110389,23.680794,-24.101961,26.848136,0,12.067773,-27.207859,51.343405
z_ext_jk_mp_pm,14.415,stoxx,40,-6.845585,10.945483,-24.849302,11.158133,-23.263809,13.403559,0,6.042787,-30.173391,42.258965
z_ext_jk_mp_pm,14.415,stoxx,41,-14.058934,8.719751,-28.401648,0.283780,-28.446523,0.328655,0,-0.539587,-36.762133,35.682959
z_ext_jk_mp_pm,14.415,stoxx,42,-12.219937,8.689601,-26.513059,2.073186,-26.992259,1.683426,0,2.306332,-34.005925,38.618590
z_ext_jk_mp_pm,14.415,stoxx,43,-13.278242,6.955195,-24.718520,-1.837964,-24.058795,-1.106650,0,4.035548,-30.901017,38.972113
z_ext_jk_mp_pm,14.415,stoxx,44,-12.525107,7.284572,-24.507162,-0.543052,-23.816194,0.587123,0,5.681284,-27.600663,38.963232
z_ext_jk_mp_pm,14.415,stoxx,45,-11.557625,10.038132,-28.068882,4.953633,-27.618635,5.507199,0,5.680554,-26.715425,38.076533
z_ext_jk_mp_pm,14.415,stoxx,46,-11.596131,9.790668,-27.700346,4.508085,-27.750733,5.048005,0,4.494895,-28.023745,37.013535
z_ext_jk_mp_pm,14.415,stoxx,47,-7.910055,9.415487,-23.397154,7.577043,-22.504061,8.567048,0,8.818745,-25.911249,43.548738
z_ext_jk_mp_pm,14.415,stoxx,48,4.878786,9.996462,-11.563931,21.321504,-11.115553,22.372595,0,15.875211,-22.205559,53.955982
z_ext_jk_mp_median,5.408,ois1m,0,1.000000,0.000000,1.000000,1.000000,1.000000,1.000000,0,1.000000,1.000000,1.000000
z_ext_jk_mp_median,5.408,ois1m,1,0.908030,0.290493,0.430212,1.385848,0.181799,1.459966,0,0.970782,0.393005,1.548560
z_ext_jk_mp_median,5.408,ois1m,2,0.125953,0.540980,-0.763879,1.015786,-1.578133,0.883325,0,0.273588,-0.789536,1.336712
z_ext_jk_mp_median,5.408,ois1m,3,0.612376,0.701103,-0.540836,1.765589,-1.245547,1.734142,0,0.832787,-0.297595,1.963168
z_ext_jk_mp_median,5.408,ois1m,4,0.737207,0.672853,-0.369538,1.843953,-1.247710,1.679202,0,0.981922,-0.559964,2.523808
z_ext_jk_mp_median,5.408,ois1m,5,0.443679,0.691836,-0.694291,1.581648,-1.216728,1.585209,0,0.699173,-1.204207,2.602552
z_ext_jk_mp_median,5.408,ois1m,6,0.726073,0.797117,-0.585068,2.037214,-0.987729,2.200740,0,0.998863,-1.270799,3.268525
z_ext_jk_mp_median,5.408,ois1m,7,0.049156,0.871493,-1.384322,1.482635,-2.173151,1.399971,0,0.355511,-2.248439,2.959462
z_ext_jk_mp_median,5.408,ois1m,8,-0.088292,0.993281,-1.722093,1.545510,-2.472166,1.500957,0,0.207471,-2.565054,2.979996
z_ext_jk_mp_median,5.408,ois1m,9,-0.720393,1.179157,-2.659934,1.219148,-3.963076,0.930427,0,-0.332089,-3.225820,2.561643
z_ext_jk_mp_median,5.408,ois1m,10,-1.224892,1.411332,-3.546326,1.096543,-5.317755,0.609840,0,-0.828542,-3.865666,2.208582
z_ext_jk_mp_median,5.408,ois1m,11,-0.795731,1.318222,-2.964014,1.372552,-4.420842,0.983869,0,-0.463263,-3.333947,2.407422
z_ext_jk_mp_median,5.408,ois1m,12,-1.026070,1.325955,-3.207072,1.154932,-4.606148,0.763969,0,-0.687774,-3.558699,2.183151
z_ext_jk_mp_median,5.408,ois1m,13,-0.767810,1.237723,-2.803683,1.268064,-4.171549,0.903117,0,-0.474557,-3.282488,2.333375
z_ext_jk_mp_median,5.408,ois1m,14,-0.105857,1.116899,-1.942993,1.731279,-2.898105,1.513647,0,0.114859,-2.514885,2.744602
z_ext_jk_mp_median,5.408,ois1m,15,-0.166267,1.137263,-2.036898,1.704364,-2.952561,1.482764,0,-0.048501,-2.608320,2.511317
z_ext_jk_mp_median,5.408,ois1m,16,-0.456625,1.237162,-2.491576,1.578325,-3.673247,1.275402,0,-0.361307,-3.020808,2.298194
z_ext_jk_mp_median,5.408,ois1m,17,-0.168370,1.105129,-1.986146,1.649406,-2.820681,1.489324,0,-0.132113,-2.728339,2.464113
z_ext_jk_mp_median,5.408,ois1m,18,-0.439447,1.119199,-2.280365,1.401471,-3.405323,1.071471,0,-0.416092,-3.128842,2.296657
z_ext_jk_mp_median,5.408,ois1m,19,-0.727733,1.198130,-2.698482,1.243016,-4.082497,0.769930,0,-0.591835,-3.453898,2.270229
z_ext_jk_mp_median,5.408,ois1m,20,-0.794069,1.188245,-2.748557,1.160420,-3.942917,0.750649,0,-0.695074,-3.539349,2.149200
z_ext_jk_mp_median,5.408,ois1m,21,-0.363791,1.112320,-2.193394,1.465812,-3.033358,1.249072,0,-0.350372,-3.049963,2.349219
z_ext_jk_mp_median,5.408,ois1m,22,-0.357018,1.051028,-2.085805,1.371769,-2.774382,1.219524,0,-0.373812,-2.990615,2.242990
z_ext_jk_mp_median,5.408,ois1m,23,-0.752632,1.043358,-2.468803,0.963538,-3.204523,0.760236,0,-0.884658,-3.481659,1.712343
z_ext_jk_mp_median,5.408,ois1m,24,-0.480225,0.973073,-2.080788,1.120338,-2.766947,0.930731,0,-0.666286,-3.171284,1.838713
z_ext_jk_mp_median,5.408,ois1m,25,-0.749540,1.131675,-2.610980,1.111900,-3.578728,0.778221,0,-1.043542,-3.765555,1.678472
z_ext_jk_mp_median,5.408,ois1m,26,-1.214468,1.195084,-3.180206,0.751270,-4.202178,0.398895,0,-1.506527,-4.357930,1.344876
z_ext_jk_mp_median,5.408,ois1m,27,-1.857713,1.513885,-4.347832,0.632405,-5.566730,0.186031,0,-2.167894,-5.280591,0.944803
z_ext_jk_mp_median,5.408,ois1m,28,-1.754136,1.450086,-4.139315,0.631044,-5.234343,0.275985,0,-2.028540,-4.922886,0.865807
z_ext_jk_mp_median,5.408,ois1m,29,-1.708685,1.368760,-3.960094,0.542724,-4.856832,0.207579,0,-1.946419,-4.567001,0.674162
z_ext_jk_mp_median,5.408,ois1m,30,-1.763950,1.133565,-3.628498,0.100599,-4.314471,-0.120280,0,-1.949281,-4.335052,0.436490
z_ext_jk_mp_median,5.408,ois1m,31,-1.297592,1.103590,-3.112835,0.517652,-3.615130,0.412973,0,-1.456790,-3.744332,0.830751
z_ext_jk_mp_median,5.408,ois1m,32,-1.525886,1.135508,-3.393632,0.341859,-3.910454,0.234152,0,-1.612241,-3.951565,0.727084
z_ext_jk_mp_median,5.408,ois1m,33,-1.284186,0.973331,-2.885172,0.316800,-3.328180,0.224476,0,-1.328452,-3.846784,1.189880
z_ext_jk_mp_median,5.408,ois1m,34,-0.733738,0.782829,-2.021376,0.553901,-2.221112,0.597071,0,-0.729437,-3.246737,1.787862
z_ext_jk_mp_median,5.408,ois1m,35,-0.883760,0.661361,-1.971602,0.204082,-2.074210,0.273622,0,-0.824567,-3.399425,1.750292
z_ext_jk_mp_median,5.408,ois1m,36,-0.402933,0.627286,-1.434727,0.628861,-1.437955,0.820275,0,-0.239563,-2.903369,2.424242
z_ext_jk_mp_median,5.408,ois1m,37,-0.105571,0.632423,-1.145815,0.934673,-1.085827,1.190897,0,0.253520,-2.362871,2.869912
z_ext_jk_mp_median,5.408,ois1m,38,0.049523,0.748145,-1.181066,1.280112,-1.035288,1.695442,0,0.479205,-2.211448,3.169858
z_ext_jk_mp_median,5.408,ois1m,39,0.105998,0.826380,-1.253276,1.465273,-1.050934,1.924035,0,0.595502,-2.179310,3.370315
z_ext_jk_mp_median,5.408,ois1m,40,0.208681,0.852694,-1.193875,1.611238,-0.942455,2.169877,0,0.798032,-2.007765,3.603829
z_ext_jk_mp_median,5.408,ois1m,41,-0.177706,0.803976,-1.500129,1.144718,-1.303273,1.591043,0,0.475095,-2.129655,3.079846
z_ext_jk_mp_median,5.408,ois1m,42,-0.143440,0.699426,-1.293893,1.007014,-1.122636,1.430269,0,0.515455,-2.117863,3.148772
z_ext_jk_mp_median,5.408,ois1m,43,0.184005,0.840610,-1.198675,1.566684,-0.950819,2.117407,0,0.964408,-1.739148,3.667963
z_ext_jk_mp_median,5.408,ois1m,44,0.066946,0.790988,-1.234115,1.368006,-1.040438,1.807120,0,0.982416,-1.605146,3.569978
z_ext_jk_mp_median,5.408,ois1m,45,0.157949,0.834134,-1.214078,1.529977,-1.051544,1.993043,0,1.136241,-1.471353,3.743836
z_ext_jk_mp_median,5.408,ois1m,46,0.321488,0.872688,-1.113956,1.756932,-0.856641,2.372305,0,1.458232,-1.276481,4.192946
z_ext_jk_mp_median,5.408,ois1m,47,0.481615,0.922929,-1.036468,1.999697,-0.718193,2.696643,0,1.681923,-1.161899,4.525746
z_ext_jk_mp_median,5.408,ois1m,48,0.952722,0.954006,-0.616478,2.521921,-0.287486,3.290036,0,1.962418,-1.075697,5.000534
z_ext_jk_mp_median,5.408,ip,0,1.465625,2.272144,-2.271719,5.202969,-3.533091,6.918770,0,1.402218,-2.338451,5.142888
z_ext_jk_mp_median,5.408,ip,1,2.458529,2.917776,-2.340784,7.257843,-3.231133,9.752968,0,3.352291,-1.378305,8.082887
z_ext_jk_mp_median,5.408,ip,2,4.547784,2.509704,0.419689,8.675880,-0.346138,10.194618,0,5.794380,0.509926,11.078833
z_ext_jk_mp_median,5.408,ip,3,-5.240491,4.412413,-12.498264,2.017283,-18.698350,0.936888,0,-3.087168,-12.061642,5.887306
z_ext_jk_mp_median,5.408,ip,4,-0.619376,4.457246,-7.950893,6.712141,-11.539628,6.957942,0,1.723963,-6.705763,10.153690
z_ext_jk_mp_median,5.408,ip,5,-2.120706,4.709598,-9.867305,5.625894,-15.778540,4.237252,0,0.589713,-9.587593,10.767019
z_ext_jk_mp_median,5.408,ip,6,-5.842070,5.429788,-14.773277,3.089137,-22.945904,0.945165,0,-2.904663,-16.010719,10.201393
z_ext_jk_mp_median,5.408,ip,7,-5.230335,4.967219,-13.400683,2.940013,-17.400021,2.717216,0,-2.472529,-16.228784,11.283725
z_ext_jk_mp_median,5.408,ip,8,-9.094489,5.724780,-18.510915,0.321936,-25.410113,-1.366036,0,-6.237067,-20.946915,8.472781
z_ext_jk_mp_median,5.408,ip,9,-7.807697,5.352819,-16.612301,0.996906,-22.795590,-0.581392,0,-4.881893,-19.700931,9.937146
z_ext_jk_mp_median,5.408,ip,10,-9.139818,6.860103,-20.423683,2.144046,-28.005101,0.464325,0,-6.630110,-21.181522,7.921301
z_ext_jk_mp_median,5.408,ip,11,-9.386291,6.477496,-20.040824,1.268242,-27.847156,-0.965546,0,-6.485102,-19.744086,6.773882
z_ext_jk_mp_median,5.408,ip,12,-9.222785,6.103529,-19.262197,0.816627,-26.617843,-1.288197,0,-6.201166,-18.000453,5.598120
z_ext_jk_mp_median,5.408,ip,13,-10.276764,6.906479,-21.636911,1.083382,-30.305552,-1.643666,0,-8.007257,-21.211702,5.197188
z_ext_jk_mp_median,5.408,ip,14,-4.769701,5.458335,-13.747863,4.208460,-19.507205,2.599050,0,-3.005634,-14.344548,8.333281
z_ext_jk_mp_median,5.408,ip,15,-3.792434,5.008450,-12.030601,4.445733,-16.313559,3.469818,0,-2.335442,-13.599276,8.928392
z_ext_jk_mp_median,5.408,ip,16,-2.252069,5.566405,-11.407990,6.903852,-13.941519,7.210819,0,-1.271187,-12.544899,10.002526
z_ext_jk_mp_median,5.408,ip,17,0.361187,6.194479,-9.827824,10.550198,-12.337495,11.201525,0,0.420661,-11.321357,12.162678
z_ext_jk_mp_median,5.408,ip,18,1.133057,5.135758,-7.314513,9.580627,-8.881670,10.634209,0,1.075584,-10.517643,12.668810
z_ext_jk_mp_median,5.408,ip,19,-2.138432,5.792221,-11.665787,7.388923,-15.750150,6.549899,0,-2.721296,-15.009418,9.566827
z_ext_jk_mp_median,5.408,ip,20,-3.952378,4.758145,-11.778830,3.874074,-15.371926,2.946932,0,-3.852473,-15.958412,8.253465
z_ext_jk_mp_median,5.408,ip,21,-9.554011,5.735182,-18.987546,-0.120476,-25.325762,-2.385033,0,-9.874810,-24.318847,4.569228
z_ext_jk_mp_median,5.408,ip,22,-8.999186,6.002690,-18.872733,0.874360,-24.606180,-1.195689,0,-8.987748,-22.848478,4.872981
z_ext_jk_mp_median,5.408,ip,23,2.326936,4.597504,-5.235285,9.889157,-5.029070,12.211569,0,1.536241,-11.139203,14.211684
z_ext_jk_mp_median,5.408,ip,24,-3.532190,5.942033,-13.305965,6.241585,-16.010460,5.975063,0,-4.334111,-17.623906,8.955684
z_ext_jk_mp_median,5.408,ip,25,-2.837112,4.956134,-10.989226,5.315003,-13.244992,5.340509,0,-4.453726,-17.963722,9.056271
z_ext_jk_mp_median,5.408,ip,26,-8.506524,6.195555,-18.697306,1.684258,-22.446524,0.786809,0,-10.109018,-24.307985,4.089949
z_ext_jk_mp_median,5.408,ip,27,-8.380766,7.232998,-20.277989,3.516457,-25.378311,1.745432,0,-9.628246,-24.293003,5.036511
z_ext_jk_mp_median,5.408,ip,28,-6.526096,8.274325,-20.136150,7.083957,-25.143328,5.471675,0,-7.922350,-22.697558,6.852858
z_ext_jk_mp_median,5.408,ip,29,-14.344001,8.034922,-27.560272,-1.127729,-32.020830,-2.291617,0,-15.084895,-31.190585,1.020794
z_ext_jk_mp_median,5.408,ip,30,-7.697984,6.705732,-18.727932,3.331964,-21.109449,3.366474,0,-7.177229,-22.280169,7.925711
z_ext_jk_mp_median,5.408,ip,31,-6.144200,7.145248,-17.897087,5.608687,-21.506483,4.573672,0,-4.863346,-20.509323,10.782630
z_ext_jk_mp_median,5.408,ip,32,-4.249108,5.515858,-13.321888,4.823671,-14.177653,5.679437,0,-1.892806,-18.568912,14.783300
z_ext_jk_mp_median,5.408,ip,33,-3.196328,5.124554,-11.625468,5.232813,-11.651841,6.796552,0,-0.297111,-18.848331,18.254109
z_ext_jk_mp_median,5.408,ip,34,-1.976886,4.870890,-9.988787,6.035015,-10.500944,7.034260,0,1.424232,-18.103637,20.952101
z_ext_jk_mp_median,5.408,ip,35,-2.172908,4.647969,-9.818137,5.472320,-9.377260,7.355428,0,1.170254,-18.747939,21.088447
z_ext_jk_mp_median,5.408,ip,36,-0.887147,4.013565,-7.488875,5.714581,-6.706817,7.942697,0,2.735740,-17.338684,22.810164
z_ext_jk_mp_median,5.408,ip,37,4.289717,5.098179,-4.096041,12.675475,-2.592825,16.525346,0,8.706941,-13.190641,30.604524
z_ext_jk_mp_median,5.408,ip,38,7.003006,7.279976,-4.971489,18.977501,-3.188960,23.382952,0,11.059955,-11.924480,34.044390
z_ext_jk_mp_median,5.408,ip,39,4.657476,6.944060,-6.764486,16.079437,-5.758614,19.240001,0,9.674370,-11.329833,30.678573
z_ext_jk_mp_median,5.408,ip,40,4.434029,7.539954,-7.968092,16.836149,-6.121907,21.021928,0,9.543834,-11.086164,30.173832
z_ext_jk_mp_median,5.408,ip,41,3.675082,7.319136,-8.363825,15.713989,-6.937665,19.411224,0,9.088952,-10.431402,28.609306
z_ext_jk_mp_median,5.408,ip,42,3.600641,7.286644,-8.384823,15.586104,-7.329326,18.902594,0,9.227612,-9.278289,27.733513
z_ext_jk_mp_median,5.408,ip,43,3.851858,6.800424,-7.333844,15.037561,-5.668736,19.152813,0,9.233896,-9.355156,27.822948
z_ext_jk_mp_median,5.408,ip,44,8.174254,8.406829,-5.653749,22.002257,-2.754624,28.770985,0,13.128248,-7.567798,33.824294
z_ext_jk_mp_median,5.408,ip,45,9.620220,8.114512,-3.726965,22.967405,-0.928646,29.095049,0,15.284599,-5.619975,36.189173
z_ext_jk_mp_median,5.408,ip,46,10.706636,8.496584,-3.269000,24.682273,-0.338923,31.948096,0,16.918614,-5.982909,39.820137
z_ext_jk_mp_median,5.408,ip,47,5.586353,8.577885,-8.523012,19.695718,-6.422686,25.315488,0,11.678359,-7.655189,31.011907
z_ext_jk_mp_median,5.408,ip,48,7.305854,8.029802,-5.901995,20.513702,-4.337359,24.569927,0,13.115525,-5.706826,31.937876
z_ext_jk_mp_median,5.408,hicp,0,0.897679,0.943985,-0.655038,2.450396,-0.659896,3.965630,0,-0.199433,-1.287253,0.888388
z_ext_jk_mp_median,5.408,hicp,1,1.231113,1.016689,-0.441191,2.903417,-0.802264,3.671166,0,0.282255,-1.314247,1.878758
z_ext_jk_mp_median,5.408,hicp,2,0.216924,1.346541,-1.997939,2.431786,-4.024680,2.102081,0,-0.556863,-2.891192,1.777466
z_ext_jk_mp_median,5.408,hicp,3,0.073550,1.314217,-2.088144,2.235244,-3.671967,2.044875,0,-0.508277,-3.007123,1.990569
z_ext_jk_mp_median,5.408,hicp,4,0.396942,1.340118,-1.807356,2.601240,-2.551317,2.876160,0,0.013984,-2.691959,2.719927
z_ext_jk_mp_median,5.408,hicp,5,0.469978,1.182695,-1.475382,2.415339,-1.836277,2.835369,0,0.184188,-2.433907,2.802284
z_ext_jk_mp_median,5.408,hicp,6,1.414385,1.282618,-0.695334,3.524105,-1.022589,4.107884,0,0.994696,-2.013210,4.002602
z_ext_jk_mp_median,5.408,hicp,7,1.630646,1.322301,-0.544344,3.805637,-0.485034,4.870283,0,1.370862,-1.813992,4.555715
z_ext_jk_mp_median,5.408,hicp,8,-0.530348,1.289059,-2.650661,1.589965,-3.172918,1.918863,0,-0.596496,-3.842691,2.649698
z_ext_jk_mp_median,5.408,hicp,9,-1.422114,1.476590,-3.850888,1.006661,-5.261248,0.718942,0,-1.393264,-4.956817,2.170289
z_ext_jk_mp_median,5.408,hicp,10,-2.662982,1.913849,-5.810983,0.485019,-8.308836,-0.270671,0,-2.577030,-6.611083,1.457022
z_ext_jk_mp_median,5.408,hicp,11,-2.763857,1.912397,-5.909470,0.381756,-8.501048,-0.373361,0,-2.397026,-6.519999,1.725947
z_ext_jk_mp_median,5.408,hicp,12,0.311492,1.516977,-2.183713,2.806697,-2.798311,3.042050,0,-0.516671,-4.299753,3.266411
z_ext_jk_mp_median,5.408,hicp,13,0.844432,1.856001,-2.208419,3.897283,-2.589171,4.463635,0,0.137135,-3.939498,4.213769
z_ext_jk_mp_median,5.408,hicp,14,0.825956,1.629149,-1.853756,3.505669,-2.106513,4.165713,0,0.072119,-4.143740,4.287979
z_ext_jk_mp_median,5.408,hicp,15,-0.429508,1.829371,-3.438555,2.579540,-4.088250,2.863361,0,-1.134934,-5.738557,3.468689
z_ext_jk_mp_median,5.408,hicp,16,-0.667338,1.906945,-3.803984,2.469308,-4.576576,2.669817,0,-1.313799,-6.197780,3.570181
z_ext_jk_mp_median,5.408,hicp,17,-0.616384,1.828505,-3.624006,2.391239,-4.364818,2.583499,0,-1.275846,-5.981986,3.430293
z_ext_jk_mp_median,5.408,hicp,18,-0.097865,1.924583,-3.263521,3.067792,-4.139488,3.173926,0,-0.841047,-5.595562,3.913467
z_ext_jk_mp_median,5.408,hicp,19,0.346005,2.123292,-3.146500,3.838510,-3.582086,4.486425,0,-0.397032,-5.194982,4.400918
z_ext_jk_mp_median,5.408,hicp,20,-0.867658,2.030254,-4.207129,2.471814,-4.725141,2.888313,0,-1.497009,-6.479483,3.485466
z_ext_jk_mp_median,5.408,hicp,21,-2.341296,2.049806,-5.712927,1.030334,-6.748379,1.040884,0,-2.705657,-8.049667,2.638352
z_ext_jk_mp_median,5.408,hicp,22,-3.252540,2.101922,-6.709894,0.204814,-8.297153,-0.204753,0,-3.480101,-9.032707,2.072505
z_ext_jk_mp_median,5.408,hicp,23,-3.172810,2.191116,-6.776875,0.431255,-8.650600,-0.105247,0,-3.239833,-8.819000,2.339335
z_ext_jk_mp_median,5.408,hicp,24,-0.565882,2.309077,-4.363975,3.232212,-5.068582,3.475003,0,-1.848044,-6.973728,3.277640
z_ext_jk_mp_median,5.408,hicp,25,-1.260606,2.632038,-5.589923,3.068711,-6.393080,3.345460,0,-2.416739,-7.782697,2.949218
z_ext_jk_mp_median,5.408,hicp,26,-2.148511,2.518559,-6.291172,1.994150,-7.311557,2.007111,0,-3.248450,-9.075539,2.578639
z_ext_jk_mp_median,5.408,hicp,27,-3.602388,2.682967,-8.015476,0.810700,-9.504915,0.556211,0,-4.677218,-11.199464,1.845027
z_ext_jk_mp_median,5.408,hicp,28,-3.807365,2.451971,-7.840498,0.225768,-9.079102,-0.006810,0,-4.739729,-11.024948,1.545489
z_ext_jk_mp_median,5.408,hicp,29,-4.113000,2.560529,-8.324695,0.098694,-9.490110,-0.144181,0,-5.104926,-11.322897,1.113045
z_ext_jk_mp_median,5.408,hicp,30,-3.681218,2.794490,-8.277746,0.915309,-9.549648,0.650242,0,-4.828932,-10.977382,1.319518
z_ext_jk_mp_median,5.408,hicp,31,-3.768206,2.939739,-8.603646,1.067234,-9.941658,0.788389,0,-4.728974,-10.597487,1.139538
z_ext_jk_mp_median,5.408,hicp,32,-5.162486,2.908741,-9.946939,-0.378033,-11.561716,-0.944812,0,-5.831326,-12.207895,0.545242
z_ext_jk_mp_median,5.408,hicp,33,-5.006843,2.671329,-9.400788,-0.612899,-11.150899,-1.266983,0,-5.346502,-11.706335,1.013331
z_ext_jk_mp_median,5.408,hicp,34,-5.852944,2.779929,-10.425520,-1.280368,-12.385776,-2.100040,0,-5.799161,-12.213187,0.614864
z_ext_jk_mp_median,5.408,hicp,35,-5.764617,2.476800,-9.838591,-1.690643,-11.708938,-2.544777,0,-5.501833,-11.429478,0.425813
z_ext_jk_mp_median,5.408,hicp,36,-4.156842,2.335686,-7.998704,-0.314980,-9.412136,-0.886881,0,-5.037381,-10.835991,0.761229
z_ext_jk_mp_median,5.408,hicp,37,-2.518932,2.856862,-7.218052,2.180188,-8.089813,2.194891,0,-2.983882,-8.195972,2.228208
z_ext_jk_mp_median,5.408,hicp,38,-3.339410,2.593322,-7.605044,0.926225,-8.785385,0.550573,0,-3.672812,-9.109023,1.763398
z_ext_jk_mp_median,5.408,hicp,39,-4.377306,2.796936,-8.977856,0.223243,-10.111024,-0.042056,0,-4.616450,-10.478310,1.245410
z_ext_jk_mp_median,5.408,hicp,40,-3.673618,2.342575,-7.526812,0.179575,-8.358769,-0.042627,0,-3.890341,-9.396572,1.615891
z_ext_jk_mp_median,5.408,hicp,41,-3.997320,2.108296,-7.465158,-0.529482,-8.108496,-0.624047,0,-4.282919,-9.526271,0.960433
z_ext_jk_mp_median,5.408,hicp,42,-4.300284,2.523635,-8.451294,-0.149274,-9.599918,-0.514831,0,-4.596203,-10.130174,0.937768
z_ext_jk_mp_median,5.408,hicp,43,-2.708740,2.296607,-6.486322,1.068842,-7.531614,0.736170,0,-2.710572,-7.294735,1.873591
z_ext_jk_mp_median,5.408,hicp,44,-3.330930,2.275296,-7.073458,0.411599,-8.109051,0.082014,0,-3.149564,-7.831251,1.532123
z_ext_jk_mp_median,5.408,hicp,45,-3.941135,2.073748,-7.352148,-0.530123,-8.192319,-0.726826,0,-3.368865,-8.026843,1.289113
z_ext_jk_mp_median,5.408,hicp,46,-5.166032,2.053830,-8.544281,-1.787783,-9.479074,-2.085287,0,-4.208746,-8.884849,0.467358
z_ext_jk_mp_median,5.408,hicp,47,-5.895410,2.186971,-9.492657,-2.298163,-10.925443,-2.943000,0,-4.545007,-8.924736,-0.165279
z_ext_jk_mp_median,5.408,hicp,48,-3.037200,2.463673,-7.089582,1.015181,-7.841363,0.904677,0,-3.334444,-7.242935,0.574046
z_ext_jk_mp_median,5.408,stoxx,0,-18.461857,17.476366,-47.207922,10.284208,-88.367323,4.257420,0,-16.120717,-43.374217,11.132783
z_ext_jk_mp_median,5.408,stoxx,1,-22.817762,25.736732,-65.150919,19.515396,-114.183161,11.926827,0,-17.445772,-57.464257,22.572712
z_ext_jk_mp_median,5.408,stoxx,2,-12.634174,25.331275,-54.300413,29.032065,-78.495488,30.428993,0,-4.611103,-43.450034,34.227827
z_ext_jk_mp_median,5.408,stoxx,3,7.487839,25.238705,-34.026136,49.001814,-45.513441,57.965248,0,21.304676,-19.338948,61.948300
z_ext_jk_mp_median,5.408,stoxx,4,18.243916,25.680972,-23.997524,60.485355,-44.674465,60.617519,0,35.727233,-10.023549,81.478014
z_ext_jk_mp_median,5.408,stoxx,5,-2.979920,27.847651,-48.785229,42.825389,-62.852369,47.145851,0,16.126959,-34.862177,67.116095
z_ext_jk_mp_median,5.408,stoxx,6,-24.966947,29.712856,-73.840246,23.906353,-88.849587,30.001837,0,-5.088819,-62.779669,52.602031
z_ext_jk_mp_median,5.408,stoxx,7,-25.974946,25.848870,-68.492553,16.542661,-90.597120,15.383245,0,-6.433740,-61.691161,48.823680
z_ext_jk_mp_median,5.408,stoxx,8,-16.605286,23.600794,-55.425138,22.214566,-75.607271,19.975945,0,-0.843441,-56.770311,55.083429
z_ext_jk_mp_median,5.408,stoxx,9,-12.701292,27.163936,-57.381991,31.979407,-79.252936,29.402809,0,0.125538,-56.122885,56.373961
z_ext_jk_mp_median,5.408,stoxx,10,-27.833522,29.662650,-76.624240,20.957196,-101.990148,16.660453,0,-15.859323,-71.063510,39.344864
z_ext_jk_mp_median,5.408,stoxx,11,-7.756531,32.903730,-61.878350,46.365288,-80.144736,48.179810,0,2.300196,-57.014745,61.615138
z_ext_jk_mp_median,5.408,stoxx,12,6.037218,29.527957,-42.531949,54.606385,-54.495093,59.187541,0,14.743174,-43.179738,72.666086
z_ext_jk_mp_median,5.408,stoxx,13,3.893145,23.656043,-35.017584,42.803873,-45.784546,45.291221,0,8.042689,-46.800043,62.885421
z_ext_jk_mp_median,5.408,stoxx,14,11.060089,24.384737,-29.049234,51.169412,-41.367095,52.514142,0,16.767555,-38.417775,71.952885
z_ext_jk_mp_median,5.408,stoxx,15,13.144271,19.621337,-19.129956,45.418497,-27.079470,47.481610,0,19.706432,-31.902659,71.315522
z_ext_jk_mp_median,5.408,stoxx,16,18.258590,17.554157,-10.615430,47.132609,-17.727433,48.978365,0,23.229706,-24.735794,71.195205
z_ext_jk_mp_median,5.408,stoxx,17,30.348734,22.875134,-7.277513,67.974981,-7.395237,79.530272,0,33.598162,-18.677232,85.873555
z_ext_jk_mp_median,5.408,stoxx,18,-6.417220,25.400987,-48.198125,35.363685,-55.949144,39.304556,0,-2.659575,-52.594014,47.274864
z_ext_jk_mp_median,5.408,stoxx,19,-14.092843,24.792963,-54.873639,26.687952,-72.356308,23.096602,0,-8.004846,-56.649823,40.640132
z_ext_jk_mp_median,5.408,stoxx,20,-13.250430,19.948371,-46.062581,19.561721,-63.121358,14.677290,0,-8.613868,-55.304433,38.076698
z_ext_jk_mp_median,5.408,stoxx,21,16.216870,13.757338,-6.411938,38.845678,-8.546339,43.043680,0,14.710013,-28.914151,58.334177
z_ext_jk_mp_median,5.408,stoxx,22,41.019380,20.375552,7.504579,74.534181,13.512385,92.977039,0,42.196019,-9.646867,94.038904
z_ext_jk_mp_median,5.408,stoxx,23,-6.274539,18.091511,-36.032427,23.483348,-39.743835,27.194756,0,-1.949137,-45.340419,41.442145
z_ext_jk_mp_median,5.408,stoxx,24,-10.143779,20.830773,-44.407352,24.119794,-49.722248,27.351613,0,-6.895165,-51.863053,38.072724
z_ext_jk_mp_median,5.408,stoxx,25,3.499770,20.133775,-29.617343,36.616882,-29.720959,44.774008,0,2.601964,-44.151413,49.355341
z_ext_jk_mp_median,5.408,stoxx,26,-8.290098,14.108209,-31.496036,14.915841,-35.801105,16.399268,0,-8.836867,-52.901929,35.228196
z_ext_jk_mp_median,5.408,stoxx,27,-22.709502,20.856183,-57.014871,11.595867,-69.635915,8.574773,0,-19.722572,-66.268508,26.823363
z_ext_jk_mp_median,5.408,stoxx,28,-23.253328,23.053334,-61.172688,14.666033,-73.970663,11.326674,0,-22.999004,-71.980279,25.982271
z_ext_jk_mp_median,5.408,stoxx,29,-7.759253,15.853582,-33.836075,18.317568,-40.259096,17.606478,0,-5.711136,-53.161450,41.739178
z_ext_jk_mp_median,5.408,stoxx,30,5.692631,17.020492,-22.303587,33.688849,-22.391181,38.882590,0,9.760391,-46.331911,65.852693
z_ext_jk_mp_median,5.408,stoxx,31,5.170853,21.666209,-30.466890,40.808596,-30.578392,48.503272,0,10.143740,-51.606154,71.893634
z_ext_jk_mp_median,5.408,stoxx,32,9.598781,23.909772,-29.729295,48.926856,-27.461367,59.809303,0,17.051695,-49.993621,84.097011
z_ext_jk_mp_median,5.408,stoxx,33,12.868784,22.323066,-23.849392,49.586959,-22.848121,57.514915,0,22.706303,-43.848438,89.261044
z_ext_jk_mp_median,5.408,stoxx,34,22.459357,23.852995,-16.775328,61.694042,-15.705435,70.165346,0,38.560186,-28.103833,105.224204
z_ext_jk_mp_median,5.408,stoxx,35,30.680781,28.152264,-15.625572,76.987135,-11.547615,91.208149,0,47.271893,-24.422211,118.965996
z_ext_jk_mp_median,5.408,stoxx,36,19.836680,23.753961,-19.235109,58.908468,-15.794262,69.719997,0,35.926182,-28.561488,100.413852
z_ext_jk_mp_median,5.408,stoxx,37,17.753612,28.277307,-28.758419,64.265643,-21.834617,82.791419,0,33.450221,-30.293219,97.193660
z_ext_jk_mp_median,5.408,stoxx,38,32.966358,28.007947,-13.102615,79.035331,-4.844371,100.185430,0,48.355995,-22.840801,119.552791
z_ext_jk_mp_median,5.408,stoxx,39,30.827096,29.173537,-17.159102,78.813294,-10.015856,96.467554,0,45.564188,-25.405022,116.533398
z_ext_jk_mp_median,5.408,stoxx,40,22.552363,29.270863,-25.593922,70.698648,-16.963302,89.875348,0,35.435851,-28.366623,99.238325
z_ext_jk_mp_median,5.408,stoxx,41,9.152999,25.547946,-32.869633,51.175630,-27.891523,64.081082,0,24.607952,-32.887497,82.103402
z_ext_jk_mp_median,5.408,stoxx,42,-2.631446,20.206192,-35.867674,30.604782,-34.961353,36.770628,0,14.598894,-39.027085,68.224874
z_ext_jk_mp_median,5.408,stoxx,43,2.915494,17.881505,-26.496965,32.327953,-23.012689,42.254806,0,20.657811,-32.529644,73.845266
z_ext_jk_mp_median,5.408,stoxx,44,-4.745697,19.156818,-36.255858,26.764464,-31.565241,38.357143,0,14.197093,-34.562281,62.956468
z_ext_jk_mp_median,5.408,stoxx,45,-0.995566,18.682181,-31.725019,29.733887,-24.348293,46.643995,0,15.869674,-33.658494,65.397841
z_ext_jk_mp_median,5.408,stoxx,46,-6.464616,18.890130,-37.536114,24.606882,-30.077278,41.705214,0,8.155282,-43.663932,59.974495
z_ext_jk_mp_median,5.408,stoxx,47,0.472109,19.078371,-30.909018,31.853236,-25.283691,44.352362,0,12.886038,-44.725632,70.497708
z_ext_jk_mp_median,5.408,stoxx,48,12.945458,20.712048,-21.122830,47.013746,-13.980205,61.618772,0,16.882206,-43.631903,77.396314
z_ext_jk_mp_pm_bs,14.341,ois1m,0,1.000000,0.000000,1.000000,1.000000,1.000000,1.000000,0,1.000000,1.000000,1.000000
z_ext_jk_mp_pm_bs,14.341,ois1m,1,0.994271,0.218304,0.635192,1.353349,0.579493,1.354472,0,1.036154,0.612152,1.460156
z_ext_jk_mp_pm_bs,14.341,ois1m,2,0.438829,0.382781,-0.190789,1.068447,-0.345871,1.013000,0,0.526423,-0.238621,1.291467
z_ext_jk_mp_pm_bs,14.341,ois1m,3,0.916528,0.480479,0.126210,1.706846,0.003618,1.661271,0,1.040607,0.256200,1.825015
z_ext_jk_mp_pm_bs,14.341,ois1m,4,0.963913,0.442186,0.236582,1.691244,0.101651,1.605082,0,1.129798,0.006806,2.252789
z_ext_jk_mp_pm_bs,14.341,ois1m,5,0.648759,0.474758,-0.132148,1.429666,-0.229543,1.384634,0,0.786614,-0.633751,2.206979
z_ext_jk_mp_pm_bs,14.341,ois1m,6,0.773332,0.512445,-0.069565,1.616229,-0.149069,1.593244,0,0.955162,-0.786335,2.696658
z_ext_jk_mp_pm_bs,14.341,ois1m,7,0.250729,0.637810,-0.798375,1.299832,-0.961110,1.207443,0,0.448735,-1.607698,2.505167
z_ext_jk_mp_pm_bs,14.341,ois1m,8,-0.156137,0.759175,-1.404868,1.092594,-1.560610,0.982625,0,0.070344,-2.197362,2.338050
z_ext_jk_mp_pm_bs,14.341,ois1m,9,-0.660185,0.823594,-2.014877,0.694507,-2.225014,0.575206,0,-0.393861,-2.750193,1.962471
z_ext_jk_mp_pm_bs,14.341,ois1m,10,-0.984042,0.900552,-2.465318,0.497234,-2.695091,0.321758,0,-0.709350,-3.065728,1.647028
z_ext_jk_mp_pm_bs,14.341,ois1m,11,-0.788370,0.863358,-2.208469,0.631728,-2.471919,0.463499,0,-0.565397,-2.808602,1.677808
z_ext_jk_mp_pm_bs,14.341,ois1m,12,-0.956414,0.783610,-2.245338,0.332510,-2.484454,0.179821,0,-0.750855,-2.929857,1.428147
z_ext_jk_mp_pm_bs,14.341,ois1m,13,-0.914226,0.698781,-2.063617,0.235166,-2.276848,0.099006,0,-0.716079,-2.901254,1.469095
z_ext_jk_mp_pm_bs,14.341,ois1m,14,-0.417400,0.617963,-1.433859,0.599060,-1.560632,0.509546,0,-0.268430,-2.289864,1.753005
z_ext_jk_mp_pm_bs,14.341,ois1m,15,-0.383064,0.650607,-1.453217,0.687090,-1.554157,0.625378,0,-0.255214,-2.227452,1.717025
z_ext_jk_mp_pm_bs,14.341,ois1m,16,-0.451986,0.742834,-1.673840,0.769868,-1.751946,0.736549,0,-0.360075,-2.360386,1.640237
z_ext_jk_mp_pm_bs,14.341,ois1m,17,-0.180718,0.662930,-1.271140,0.909705,-1.307699,0.879970,0,-0.212512,-2.136851,1.711827
z_ext_jk_mp_pm_bs,14.341,ois1m,18,-0.266282,0.666206,-1.362093,0.829529,-1.432142,0.799647,0,-0.330061,-2.297563,1.637440
z_ext_jk_mp_pm_bs,14.341,ois1m,19,-0.249543,0.659024,-1.333540,0.834455,-1.369883,0.804895,0,-0.297161,-2.294158,1.699836
z_ext_jk_mp_pm_bs,14.341,ois1m,20,-0.273107,0.599408,-1.259046,0.712832,-1.322072,0.685947,0,-0.424380,-2.409397,1.560636
z_ext_jk_mp_pm_bs,14.341,ois1m,21,0.001310,0.654593,-1.075400,1.078021,-1.111498,1.081389,0,-0.254943,-2.224093,1.714208
z_ext_jk_mp_pm_bs,14.341,ois1m,22,0.023112,0.673653,-1.084948,1.131173,-1.088415,1.168322,0,-0.280839,-2.248752,1.687074
z_ext_jk_mp_pm_bs,14.341,ois1m,23,0.006785,0.655097,-1.070754,1.084324,-1.074125,1.120450,0,-0.430393,-2.376187,1.515402
z_ext_jk_mp_pm_bs,14.341,ois1m,24,0.223762,0.634406,-0.819743,1.267267,-0.791288,1.302252,0,-0.268894,-2.246417,1.708629
z_ext_jk_mp_pm_bs,14.341,ois1m,25,0.065424,0.667513,-1.032537,1.163386,-1.035972,1.200197,0,-0.537315,-2.667598,1.592968
z_ext_jk_mp_pm_bs,14.341,ois1m,26,-0.216223,0.655003,-1.293607,0.861161,-1.395229,0.799032,0,-0.833377,-2.954427,1.287674
z_ext_jk_mp_pm_bs,14.341,ois1m,27,-0.861181,0.871440,-2.294571,0.572210,-2.473344,0.445979,0,-1.510637,-3.798659,0.777386
z_ext_jk_mp_pm_bs,14.341,ois1m,28,-0.865610,0.943056,-2.416799,0.685579,-2.563111,0.548974,0,-1.467175,-3.658731,0.724381
z_ext_jk_mp_pm_bs,14.341,ois1m,29,-0.897911,0.961636,-2.479661,0.683838,-2.676937,0.544542,0,-1.481942,-3.405365,0.441481
z_ext_jk_mp_pm_bs,14.341,ois1m,30,-1.196477,0.811367,-2.531057,0.138103,-2.738074,-0.019995,0,-1.774803,-3.479214,-0.070393
z_ext_jk_mp_pm_bs,14.341,ois1m,31,-0.574355,0.693048,-1.714318,0.565607,-1.787189,0.499869,0,-1.083947,-2.710739,0.542844
z_ext_jk_mp_pm_bs,14.341,ois1m,32,-0.661425,0.569304,-1.597847,0.274997,-1.686173,0.220997,0,-1.116958,-2.789416,0.555500
z_ext_jk_mp_pm_bs,14.341,ois1m,33,-0.370961,0.367372,-0.975235,0.233312,-0.977125,0.235203,0,-0.822723,-2.738046,1.092599
z_ext_jk_mp_pm_bs,14.341,ois1m,34,0.108261,0.438389,-0.612824,0.829347,-0.549322,0.919280,0,-0.259882,-2.323228,1.803463
z_ext_jk_mp_pm_bs,14.341,ois1m,35,-0.036197,0.454906,-0.784451,0.712056,-0.741302,0.782633,0,-0.338713,-2.467546,1.790120
z_ext_jk_mp_pm_bs,14.341,ois1m,36,0.221104,0.537180,-0.662479,1.104687,-0.584667,1.214887,0,-0.013941,-2.238645,2.210763
z_ext_jk_mp_pm_bs,14.341,ois1m,37,0.385193,0.572997,-0.557304,1.327690,-0.474303,1.416588,0,0.339022,-1.806814,2.484859
z_ext_jk_mp_pm_bs,14.341,ois1m,38,0.366323,0.695734,-0.778058,1.510704,-0.677278,1.653431,0,0.394872,-1.745186,2.534930
z_ext_jk_mp_pm_bs,14.341,ois1m,39,0.157295,0.626468,-0.873152,1.187743,-0.782406,1.316261,0,0.225022,-1.858733,2.308777
z_ext_jk_mp_pm_bs,14.341,ois1m,40,0.110819,0.611708,-0.895351,1.116989,-0.806743,1.211893,0,0.317533,-1.755041,2.390107
z_ext_jk_mp_pm_bs,14.341,ois1m,41,-0.272825,0.540248,-1.161453,0.615804,-1.110209,0.672609,0,-0.070987,-1.942687,1.800713
z_ext_jk_mp_pm_bs,14.341,ois1m,42,-0.532523,0.384151,-1.164396,0.099349,-1.166373,0.101326,0,-0.405376,-2.144199,1.333447
z_ext_jk_mp_pm_bs,14.341,ois1m,43,-0.478658,0.412301,-1.156833,0.199516,-1.158954,0.201638,0,-0.237145,-1.941541,1.467252
z_ext_jk_mp_pm_bs,14.341,ois1m,44,-0.436506,0.387432,-1.073776,0.200763,-1.114513,0.183386,0,-0.125259,-1.759070,1.508552
z_ext_jk_mp_pm_bs,14.341,ois1m,45,-0.318123,0.400284,-0.976531,0.340286,-1.018620,0.322332,0,0.060833,-1.551571,1.673237
z_ext_jk_mp_pm_bs,14.341,ois1m,46,-0.144259,0.404376,-0.809399,0.520880,-0.811480,0.522962,0,0.366109,-1.293476,2.025693
z_ext_jk_mp_pm_bs,14.341,ois1m,47,-0.020916,0.397407,-0.674592,0.632760,-0.676637,0.634806,0,0.618615,-1.101068,2.338299
z_ext_jk_mp_pm_bs,14.341,ois1m,48,0.191585,0.342102,-0.371123,0.754294,-0.372884,0.756054,0,0.719524,-1.041316,2.480364
z_ext_jk_mp_pm_bs,14.341,ip,0,0.370450,1.442026,-2.001471,2.742372,-2.513601,2.677692,0,0.354306,-2.048380,2.756993
z_ext_jk_mp_pm_bs,14.341,ip,1,1.252149,1.833101,-1.763033,4.267331,-2.414052,4.093455,0,2.070065,-1.278450,5.418580
z_ext_jk_mp_pm_bs,14.341,ip,2,2.015481,2.143191,-1.509755,5.540717,-2.592380,5.015949,0,3.270395,-1.230716,7.771506
z_ext_jk_mp_pm_bs,14.341,ip,3,-2.684682,2.894477,-7.445673,2.076310,-8.618360,1.512310,0,-0.952510,-7.418576,5.513556
z_ext_jk_mp_pm_bs,14.341,ip,4,-0.793134,3.217954,-6.086197,4.499930,-7.068144,4.033798,0,0.952739,-6.243721,8.149199
z_ext_jk_mp_pm_bs,14.341,ip,5,-1.285192,3.547466,-7.120254,4.549870,-8.380123,3.858634,0,0.603409,-7.464628,8.671447
z_ext_jk_mp_pm_bs,14.341,ip,6,-3.467123,3.584457,-9.363029,2.428784,-10.456813,1.730339,0,-0.902709,-10.784120,8.978703
z_ext_jk_mp_pm_bs,14.341,ip,7,-5.477915,3.954122,-11.981867,1.026037,-12.990747,0.453268,0,-3.230232,-14.454140,7.993676
z_ext_jk_mp_pm_bs,14.341,ip,8,-8.668312,4.515575,-16.095773,-1.240852,-17.473684,-2.120728,0,-6.385563,-18.915513,6.144388
z_ext_jk_mp_pm_bs,14.341,ip,9,-8.340100,4.157540,-15.178645,-1.501554,-16.239427,-2.311666,0,-5.710519,-17.894082,6.473044
z_ext_jk_mp_pm_bs,14.341,ip,10,-8.451002,5.409719,-17.349198,0.447194,-18.729469,-0.606910,0,-5.768775,-17.683995,6.146445
z_ext_jk_mp_pm_bs,14.341,ip,11,-7.676857,4.573762,-15.200027,-0.153688,-16.595694,-1.044902,0,-4.978938,-15.210928,5.253052
z_ext_jk_mp_pm_bs,14.341,ip,12,-6.626956,3.757675,-12.807782,-0.446130,-13.766539,-1.178327,0,-3.936784,-11.931695,4.058127
z_ext_jk_mp_pm_bs,14.341,ip,13,-8.540660,3.835105,-14.848847,-2.232472,-16.019115,-2.979757,0,-6.773019,-16.301459,2.755422
z_ext_jk_mp_pm_bs,14.341,ip,14,-4.107590,3.047048,-9.119538,0.904357,-9.744629,0.615334,0,-2.520583,-10.635842,5.594676
z_ext_jk_mp_pm_bs,14.341,ip,15,-4.349343,3.022922,-9.321607,0.622921,-9.639456,0.487332,0,-2.792223,-10.855471,5.271026
z_ext_jk_mp_pm_bs,14.341,ip,16,-2.960543,4.276491,-9.994745,4.073659,-10.016754,4.095667,0,-2.041189,-10.628702,6.546325
z_ext_jk_mp_pm_bs,14.341,ip,17,1.120455,4.366639,-6.062027,8.302938,-5.866167,8.762074,0,0.914480,-7.629574,9.458534
z_ext_jk_mp_pm_bs,14.341,ip,18,0.854603,4.275784,-6.178435,7.887641,-5.772862,8.337224,0,0.508451,-8.399460,9.416361
z_ext_jk_mp_pm_bs,14.341,ip,19,1.109496,4.128781,-5.681744,7.900736,-5.290114,8.541301,0,-0.000280,-9.210108,9.209548
z_ext_jk_mp_pm_bs,14.341,ip,20,-0.525642,3.413526,-6.140392,5.089108,-5.987283,5.448027,0,-1.454167,-11.033946,8.125613
z_ext_jk_mp_pm_bs,14.341,ip,21,-4.431200,3.292882,-9.847508,0.985108,-10.029099,0.837411,0,-5.955625,-16.122610,4.211360
z_ext_jk_mp_pm_bs,14.341,ip,22,-4.385986,3.247003,-9.726831,0.954859,-10.230591,0.646869,0,-5.778891,-16.059535,4.501752
z_ext_jk_mp_pm_bs,14.341,ip,23,0.721292,3.183252,-4.514691,5.957276,-4.212748,6.451146,0,-1.599744,-11.469510,8.270021
z_ext_jk_mp_pm_bs,14.341,ip,24,-1.151741,3.877815,-7.530178,5.226696,-7.550135,5.440544,0,-3.508307,-13.987590,6.970976
z_ext_jk_mp_pm_bs,14.341,ip,25,0.663182,2.408849,-3.299023,4.625386,-3.190977,4.758226,0,-2.264555,-11.989510,7.460400
z_ext_jk_mp_pm_bs,14.341,ip,26,-3.673753,3.066996,-8.718513,1.371007,-9.194346,1.080091,0,-6.885185,-16.759145,2.988775
z_ext_jk_mp_pm_bs,14.341,ip,27,-3.177843,3.386608,-8.748317,2.392631,-9.273737,1.902069,0,-5.662379,-15.176861,3.852104
z_ext_jk_mp_pm_bs,14.341,ip,28,-3.165648,4.543637,-10.639266,4.307970,-11.344195,3.649808,0,-5.603293,-15.914789,4.708203
z_ext_jk_mp_pm_bs,14.341,ip,29,-8.682925,4.996111,-16.900796,-0.465053,-18.175536,-1.438563,0,-11.012437,-21.893150,-0.131723
z_ext_jk_mp_pm_bs,14.341,ip,30,-7.012057,5.127018,-15.445251,1.421137,-16.753391,0.422119,0,-8.032373,-19.541812,3.477067
z_ext_jk_mp_pm_bs,14.341,ip,31,-5.858767,4.606427,-13.435665,1.718131,-14.610978,0.820552,0,-6.250023,-18.132496,5.632451
z_ext_jk_mp_pm_bs,14.341,ip,32,-3.201666,3.643849,-9.195264,2.791933,-9.760594,2.446301,0,-2.404705,-15.896131,11.086722
z_ext_jk_mp_pm_bs,14.341,ip,33,-1.494955,3.750997,-7.664796,4.674886,-7.871650,4.694190,0,-0.353532,-15.889910,15.182845
z_ext_jk_mp_pm_bs,14.341,ip,34,-0.845503,3.386333,-6.415526,4.724520,-6.263636,4.911264,0,0.758120,-15.499340,17.015581
z_ext_jk_mp_pm_bs,14.341,ip,35,-1.377926,4.141073,-8.189384,5.433533,-7.796588,5.868952,0,0.098923,-16.375250,16.573097
z_ext_jk_mp_pm_bs,14.341,ip,36,-1.985454,3.770030,-8.186602,4.215694,-8.017503,4.423597,0,-0.131783,-15.700363,15.436797
z_ext_jk_mp_pm_bs,14.341,ip,37,1.479227,3.855629,-4.862718,7.821173,-4.304217,8.419360,0,3.947101,-11.862470,19.756672
z_ext_jk_mp_pm_bs,14.341,ip,38,1.574124,4.366843,-5.608694,8.756942,-5.194483,9.434441,0,3.803273,-11.704216,19.310763
z_ext_jk_mp_pm_bs,14.341,ip,39,0.662373,4.316613,-6.437824,7.762569,-5.812547,8.648107,0,3.529717,-10.286798,17.346231
z_ext_jk_mp_pm_bs,14.341,ip,40,1.341562,4.129449,-5.450778,8.133902,-4.852612,8.774571,0,4.269397,-9.728381,18.267175
z_ext_jk_mp_pm_bs,14.341,ip,41,-0.994439,3.409057,-6.601838,4.612960,-6.619383,4.630504,0,2.910529,-9.604796,15.425854
z_ext_jk_mp_pm_bs,14.341,ip,42,-1.148712,3.123580,-6.286545,3.989120,-5.834083,4.629912,0,2.569708,-9.395650,14.535066
z_ext_jk_mp_pm_bs,14.341,ip,43,-1.173709,2.360703,-5.056719,2.709301,-4.714763,3.075556,0,2.080577,-9.494166,13.655320
z_ext_jk_mp_pm_bs,14.341,ip,44,-0.336328,3.244758,-5.673480,5.000823,-5.365703,5.504235,0,2.675933,-9.603894,14.955761
z_ext_jk_mp_pm_bs,14.341,ip,45,1.448908,2.834700,-3.213759,6.111575,-2.661408,6.834838,0,5.528463,-6.347044,17.403970
z_ext_jk_mp_pm_bs,14.341,ip,46,1.641685,3.182962,-3.593822,6.877192,-2.814462,7.848462,0,5.954914,-6.438516,18.348344
z_ext_jk_mp_pm_bs,14.341,ip,47,1.109868,3.656558,-4.904634,7.124370,-4.923452,7.326016,0,5.603930,-6.140194,17.348054
z_ext_jk_mp_pm_bs,14.341,ip,48,3.501349,3.199663,-1.761628,8.764325,-1.458128,9.100758,0,8.544069,-3.367696,20.455833
z_ext_jk_mp_pm_bs,14.341,hicp,0,0.695678,0.678944,-0.421086,1.812441,-0.288791,2.223302,0,-0.026990,-0.671596,0.617616
z_ext_jk_mp_pm_bs,14.341,hicp,1,1.418163,0.749949,0.184607,2.651719,0.330737,3.030553,0,0.903655,-0.172474,1.979783
z_ext_jk_mp_pm_bs,14.341,hicp,2,0.849104,0.751740,-0.387398,2.085607,-0.504028,2.089476,0,0.504804,-0.809293,1.818902
z_ext_jk_mp_pm_bs,14.341,hicp,3,0.459115,0.788401,-0.837688,1.755919,-1.078266,1.681136,0,0.158905,-1.365463,1.683274
z_ext_jk_mp_pm_bs,14.341,hicp,4,0.412833,0.790376,-0.887220,1.712886,-1.009844,1.677434,0,0.279352,-1.414413,1.973117
z_ext_jk_mp_pm_bs,14.341,hicp,5,0.163214,0.749998,-1.070423,1.396851,-1.149283,1.400711,0,0.111286,-1.789606,2.012178
z_ext_jk_mp_pm_bs,14.341,hicp,6,0.867141,0.871632,-0.566567,2.300848,-0.614634,2.305334,0,0.700758,-1.489595,2.891112
z_ext_jk_mp_pm_bs,14.341,hicp,7,0.592085,0.889408,-0.870861,2.055030,-0.964379,2.015137,0,0.557415,-1.738121,2.852951
z_ext_jk_mp_pm_bs,14.341,hicp,8,-0.707857,0.965599,-2.296127,0.880413,-2.542496,0.740542,0,-0.688057,-3.109613,1.733499
z_ext_jk_mp_pm_bs,14.341,hicp,9,-1.544332,1.071612,-3.306976,0.218313,-3.633974,0.009505,0,-1.412012,-4.193740,1.369715
z_ext_jk_mp_pm_bs,14.341,hicp,10,-2.059322,1.196735,-4.027776,-0.090869,-4.392955,-0.324057,0,-1.921592,-4.786838,0.943653
z_ext_jk_mp_pm_bs,14.341,hicp,11,-1.890478,1.246030,-3.940014,0.159059,-4.320236,-0.083734,0,-1.493336,-4.357226,1.370553
z_ext_jk_mp_pm_bs,14.341,hicp,12,-0.028865,1.131334,-1.889744,1.832014,-2.121833,1.668136,0,-0.294611,-3.013553,2.424331
z_ext_jk_mp_pm_bs,14.341,hicp,13,0.633763,1.269820,-1.454905,2.722430,-1.588422,2.665474,0,0.513576,-2.301534,3.328685
z_ext_jk_mp_pm_bs,14.341,hicp,14,0.658900,1.125855,-1.192967,2.510767,-1.255054,2.516561,0,0.509057,-2.230788,3.248902
z_ext_jk_mp_pm_bs,14.341,hicp,15,-0.147174,1.123586,-1.995310,1.700961,-2.057271,1.706743,0,-0.337061,-3.355005,2.680883
z_ext_jk_mp_pm_bs,14.341,hicp,16,-0.154958,1.185861,-2.105525,1.795609,-2.111628,1.861005,0,-0.361201,-3.597841,2.875440
z_ext_jk_mp_pm_bs,14.341,hicp,17,0.261647,1.269557,-1.826589,2.349882,-1.769645,2.419894,0,0.003512,-3.203873,3.210897
z_ext_jk_mp_pm_bs,14.341,hicp,18,0.663024,1.258614,-1.407212,2.733259,-1.350758,2.865598,0,0.288820,-2.895516,3.473156
z_ext_jk_mp_pm_bs,14.341,hicp,19,0.618343,1.290299,-1.504011,2.740696,-1.510651,2.811852,0,0.097516,-3.281050,3.476082
z_ext_jk_mp_pm_bs,14.341,hicp,20,-0.539621,1.314277,-2.701415,1.622172,-2.773892,1.628936,0,-1.036961,-4.549808,2.475887
z_ext_jk_mp_pm_bs,14.341,hicp,21,-1.302305,1.206920,-3.287511,0.682902,-3.414415,0.628767,0,-1.629762,-5.216276,1.956752
z_ext_jk_mp_pm_bs,14.341,hicp,22,-1.566353,1.143356,-3.447007,0.314300,-3.681562,0.148681,0,-1.881620,-5.330912,1.567672
z_ext_jk_mp_pm_bs,14.341,hicp,23,-1.203437,1.263212,-3.281235,0.874362,-3.540378,0.691381,0,-1.479834,-4.931270,1.971601
z_ext_jk_mp_pm_bs,14.341,hicp,24,0.161645,1.278720,-1.941661,2.264952,-2.012178,2.271533,0,-0.825161,-4.283105,2.632784
z_ext_jk_mp_pm_bs,14.341,hicp,25,-0.312148,1.442272,-2.684475,2.060179,-2.764011,2.067601,0,-1.128220,-4.645828,2.389388
z_ext_jk_mp_pm_bs,14.341,hicp,26,-0.978649,1.518352,-3.476117,1.518819,-3.635766,1.450715,0,-1.794232,-5.651606,2.063143
z_ext_jk_mp_pm_bs,14.341,hicp,27,-2.002486,1.381641,-4.275084,0.270112,-4.420359,0.139058,0,-2.870752,-7.006255,1.264751
z_ext_jk_mp_pm_bs,14.341,hicp,28,-1.927600,1.192298,-3.888755,0.033556,-4.073736,-0.079538,0,-2.846057,-6.819068,1.126953
z_ext_jk_mp_pm_bs,14.341,hicp,29,-1.712795,1.294631,-3.842274,0.416683,-4.043131,0.229151,0,-2.847193,-6.593233,0.898848
z_ext_jk_mp_pm_bs,14.341,hicp,30,-1.092269,1.275744,-3.190682,1.006143,-3.388609,0.885134,0,-2.385108,-6.088451,1.318235
z_ext_jk_mp_pm_bs,14.341,hicp,31,-1.652107,1.333417,-3.845382,0.541169,-3.985586,0.414690,0,-2.871600,-6.553714,0.810514
z_ext_jk_mp_pm_bs,14.341,hicp,32,-2.239578,1.332481,-4.431315,-0.047841,-4.704668,-0.240856,0,-3.350861,-7.205880,0.504158
z_ext_jk_mp_pm_bs,14.341,hicp,33,-2.145691,1.165099,-4.062110,-0.229273,-4.301126,-0.398042,0,-2.962409,-6.868269,0.943451
z_ext_jk_mp_pm_bs,14.341,hicp,34,-2.104157,1.258325,-4.173917,-0.034396,-4.494974,-0.279585,0,-2.650954,-6.349821,1.047913
z_ext_jk_mp_pm_bs,14.341,hicp,35,-1.794471,1.295440,-3.925280,0.336338,-4.255807,0.083917,0,-2.269499,-5.622921,1.083923
z_ext_jk_mp_pm_bs,14.341,hicp,36,-1.192873,0.979229,-2.803562,0.417816,-2.955486,0.324932,0,-2.326761,-5.644541,0.991020
z_ext_jk_mp_pm_bs,14.341,hicp,37,-0.505089,1.046316,-2.226126,1.215948,-2.231511,1.221332,0,-1.309989,-4.565170,1.945193
z_ext_jk_mp_pm_bs,14.341,hicp,38,-1.201844,1.211145,-3.193999,0.790312,-3.321347,0.735988,0,-1.968961,-5.316713,1.378790
z_ext_jk_mp_pm_bs,14.341,hicp,39,-1.693303,1.121173,-3.537468,0.150862,-3.487179,0.268750,0,-2.591668,-6.169281,0.985945
z_ext_jk_mp_pm_bs,14.341,hicp,40,-1.107001,1.078984,-2.881771,0.667769,-2.887324,0.727271,0,-2.195776,-5.651441,1.259888
z_ext_jk_mp_pm_bs,14.341,hicp,41,-1.307555,1.040914,-3.019706,0.404595,-3.129154,0.357906,0,-2.787129,-6.188829,0.614571
z_ext_jk_mp_pm_bs,14.341,hicp,42,-1.195447,1.036693,-2.900655,0.509761,-3.009659,0.463261,0,-2.693512,-6.151958,0.764934
z_ext_jk_mp_pm_bs,14.341,hicp,43,-0.385831,1.081745,-2.165143,1.393481,-2.224797,1.344961,0,-1.846411,-4.998721,1.305900
z_ext_jk_mp_pm_bs,14.341,hicp,44,-0.430945,1.032035,-2.128491,1.266602,-2.288608,1.117108,0,-1.823060,-4.866825,1.220704
z_ext_jk_mp_pm_bs,14.341,hicp,45,-1.114927,0.888108,-2.575735,0.345881,-2.669117,0.261641,0,-2.088854,-5.166617,0.988909
z_ext_jk_mp_pm_bs,14.341,hicp,46,-1.637132,1.310098,-3.792051,0.517787,-3.864298,0.524530,0,-2.388073,-5.228676,0.452529
z_ext_jk_mp_pm_bs,14.341,hicp,47,-2.210855,1.181074,-4.153550,-0.268161,-4.336789,-0.439244,0,-2.736846,-5.277335,-0.196356
z_ext_jk_mp_pm_bs,14.341,hicp,48,-1.016928,0.804841,-2.340774,0.306918,-2.385158,0.270818,0,-2.463368,-4.975500,0.048764
z_ext_jk_mp_pm_bs,14.341,stoxx,0,-7.058911,9.496662,-22.679531,8.561708,-26.527069,7.660915,0,-4.672052,-20.052614,10.708510
z_ext_jk_mp_pm_bs,14.341,stoxx,1,-14.202237,12.657648,-35.022215,6.617741,-41.416180,4.151353,0,-8.008719,-28.680484,12.663046
z_ext_jk_mp_pm_bs,14.341,stoxx,2,-3.883965,13.034092,-25.323139,17.555209,-26.041922,18.925697,0,4.082990,-18.916782,27.082763
z_ext_jk_mp_pm_bs,14.341,stoxx,3,7.363917,14.529911,-16.535659,31.263494,-16.610435,32.791261,0,19.831387,-6.833874,46.496648
z_ext_jk_mp_pm_bs,14.341,stoxx,4,13.108954,15.809536,-12.895418,39.113326,-15.348210,38.404211,0,27.008923,-1.050830,55.068676
z_ext_jk_mp_pm_bs,14.341,stoxx,5,-7.027862,18.210445,-36.981379,22.925655,-37.985619,23.019373,0,7.844294,-25.414451,41.103040
z_ext_jk_mp_pm_bs,14.341,stoxx,6,-29.347849,23.267770,-67.619924,8.924226,-68.903057,9.043970,0,-15.319669,-57.660714,27.021376
z_ext_jk_mp_pm_bs,14.341,stoxx,7,-36.329243,20.008398,-69.240128,-3.418358,-72.344359,-5.316227,0,-23.410510,-62.301941,15.480921
z_ext_jk_mp_pm_bs,14.341,stoxx,8,-39.205846,15.641124,-64.933205,-13.478486,-68.141925,-14.962104,0,-27.224362,-63.847460,9.398736
z_ext_jk_mp_pm_bs,14.341,stoxx,9,-38.716162,14.817798,-63.089270,-14.343054,-66.129088,-16.489466,0,-28.066191,-63.120496,6.988113
z_ext_jk_mp_pm_bs,14.341,stoxx,10,-39.567699,15.099421,-64.404037,-14.731361,-68.256600,-16.918567,0,-32.735618,-66.374469,0.903232
z_ext_jk_mp_pm_bs,14.341,stoxx,11,-19.257706,19.161172,-50.775029,12.259617,-54.705874,9.484052,0,-13.537355,-51.485152,24.410442
z_ext_jk_mp_pm_bs,14.341,stoxx,12,-10.922143,18.070865,-40.646070,18.801784,-44.353243,16.184154,0,-7.432731,-47.013206,32.147743
z_ext_jk_mp_pm_bs,14.341,stoxx,13,-14.584578,14.960513,-39.192431,10.023276,-41.513500,8.604217,0,-15.852877,-56.497676,24.791923
z_ext_jk_mp_pm_bs,14.341,stoxx,14,-2.230759,17.404524,-30.858653,26.397136,-30.948223,27.356932,0,-2.004209,-44.054676,40.046257
z_ext_jk_mp_pm_bs,14.341,stoxx,15,5.009754,18.024478,-24.637874,34.657381,-23.829411,36.552590,0,4.608653,-35.738363,44.955669
z_ext_jk_mp_pm_bs,14.341,stoxx,16,18.410703,16.591592,-8.880038,45.701444,-6.476685,49.105149,0,18.359580,-18.277992,54.997152
z_ext_jk_mp_pm_bs,14.341,stoxx,17,25.670357,13.070662,4.171031,47.169682,5.410831,49.197548,0,24.634658,-13.094158,62.363473
z_ext_jk_mp_pm_bs,14.341,stoxx,18,-0.494172,14.240895,-23.918361,22.930016,-24.703695,22.291260,0,-4.297252,-40.815755,32.221251
z_ext_jk_mp_pm_bs,14.341,stoxx,19,0.956883,15.382681,-24.345375,26.259142,-25.962808,25.569173,0,-0.323623,-35.446882,34.799635
z_ext_jk_mp_pm_bs,14.341,stoxx,20,-1.215823,12.256284,-21.375616,18.943970,-22.051505,19.007045,0,-3.937895,-37.662216,29.786426
z_ext_jk_mp_pm_bs,14.341,stoxx,21,18.759766,10.223749,1.943195,35.576337,2.912955,37.162514,0,12.564854,-20.480056,45.609764
z_ext_jk_mp_pm_bs,14.341,stoxx,22,26.560394,11.764201,7.210006,45.910781,8.914093,48.324165,0,22.947733,-10.133783,56.029248
z_ext_jk_mp_pm_bs,14.341,stoxx,23,-1.882985,8.400020,-15.699789,11.933819,-15.323017,12.817050,0,-3.830746,-31.670312,24.008819
z_ext_jk_mp_pm_bs,14.341,stoxx,24,-7.396070,8.199864,-20.883646,6.091507,-21.745832,5.723713,0,-7.181792,-35.494617,21.131034
z_ext_jk_mp_pm_bs,14.341,stoxx,25,-8.600089,9.852690,-24.806322,7.606144,-26.334931,6.671581,0,-9.482330,-38.270992,19.306332
z_ext_jk_mp_pm_bs,14.341,stoxx,26,-12.336509,9.863947,-28.561258,3.888239,-30.584811,2.459411,0,-13.945107,-44.259412,16.369197
z_ext_jk_mp_pm_bs,14.341,stoxx,27,-20.691979,13.662301,-43.164464,1.780507,-46.650351,-0.881642,0,-20.586425,-54.183775,13.010925
z_ext_jk_mp_pm_bs,14.341,stoxx,28,-22.450129,14.614845,-46.489410,1.589153,-49.487593,-0.527861,0,-25.260830,-60.577798,10.056138
z_ext_jk_mp_pm_bs,14.341,stoxx,29,-16.401938,12.143958,-36.376971,3.573095,-37.653864,3.028394,0,-16.796354,-51.174499,17.581791
z_ext_jk_mp_pm_bs,14.341,stoxx,30,-11.769233,10.325223,-28.752714,5.214247,-29.322113,5.267385,0,-7.926060,-48.192333,32.340214
z_ext_jk_mp_pm_bs,14.341,stoxx,31,-14.077096,13.064375,-35.566081,7.411888,-36.939752,6.172685,0,-8.406154,-54.649166,37.836857
z_ext_jk_mp_pm_bs,14.341,stoxx,32,-8.609151,14.882640,-33.088915,15.870613,-33.165507,15.947204,0,-0.941278,-50.436734,48.554178
z_ext_jk_mp_pm_bs,14.341,stoxx,33,-2.835246,14.795045,-27.170929,21.500437,-26.507317,23.056082,0,7.227419,-43.388880,57.843717
z_ext_jk_mp_pm_bs,14.341,stoxx,34,13.589607,16.707167,-13.891238,41.070452,-11.471144,44.497866,0,28.756637,-23.203681,80.716955
z_ext_jk_mp_pm_bs,14.341,stoxx,35,21.671693,19.062720,-9.683692,53.027077,-6.922387,55.984589,0,37.480114,-17.786153,92.746381
z_ext_jk_mp_pm_bs,14.341,stoxx,36,1.337989,14.780311,-22.973460,25.649438,-20.832478,28.681565,0,14.952455,-27.372991,57.277902
z_ext_jk_mp_pm_bs,14.341,stoxx,37,-0.845322,18.529188,-31.323124,29.632480,-27.712644,34.360135,0,11.472039,-28.464733,51.408811
z_ext_jk_mp_pm_bs,14.341,stoxx,38,2.357393,15.745822,-23.542180,28.256965,-20.474049,32.274454,0,16.012053,-23.932492,55.956598
z_ext_jk_mp_pm_bs,14.341,stoxx,39,-1.422960,15.104116,-26.267020,23.421100,-23.323929,26.519654,0,12.036720,-27.230539,51.303980
z_ext_jk_mp_pm_bs,14.341,stoxx,40,-6.978344,10.647583,-24.492060,10.535371,-22.949719,12.719685,0,5.995538,-30.205961,42.197038
z_ext_jk_mp_pm_bs,14.341,stoxx,41,-14.230682,8.499461,-28.211051,-0.250314,-28.254792,-0.206572,0,-0.539587,-36.762133,35.682959
z_ext_jk_mp_pm_bs,14.341,stoxx,42,-12.201786,8.460666,-26.118343,1.714771,-26.584918,1.335280,0,2.306332,-34.005925,38.618590
z_ext_jk_mp_pm_bs,14.341,stoxx,43,-13.354051,6.690054,-24.358210,-2.349891,-24.058137,-1.646456,0,4.035548,-30.901017,38.972113
z_ext_jk_mp_pm_bs,14.341,stoxx,44,-12.534265,7.307228,-24.553585,-0.514945,-23.860468,0.253384,0,5.681284,-27.600663,38.963232
z_ext_jk_mp_pm_bs,14.341,stoxx,45,-11.811554,10.331480,-28.805327,5.182219,-28.341922,5.751963,0,5.680554,-26.715425,38.076533
z_ext_jk_mp_pm_bs,14.341,stoxx,46,-11.819659,10.165738,-28.540810,4.901493,-28.593127,4.953810,0,4.494895,-28.023745,37.013535
z_ext_jk_mp_pm_bs,14.341,stoxx,47,-8.054013,9.459450,-23.613424,7.505398,-22.716161,8.500024,0,8.818745,-25.911249,43.548738
z_ext_jk_mp_pm_bs,14.341,stoxx,48,4.677673,10.022655,-11.808128,21.163473,-11.358576,22.217319,0,15.875211,-22.205559,53.955982
z_ext_jk_mp_median_bs,5.420,ois1m,0,1.000000,0.000000,1.000000,1.000000,1.000000,1.000000,0,1.000000,1.000000,1.000000
z_ext_jk_mp_median_bs,5.420,ois1m,1,0.894070,0.292258,0.413349,1.374792,0.134200,1.434747,0,0.970893,0.393172,1.548613
z_ext_jk_mp_median_bs,5.420,ois1m,2,0.121597,0.540921,-0.768138,1.011332,-1.582303,0.878886,0,0.273919,-0.788976,1.336814
z_ext_jk_mp_median_bs,5.420,ois1m,3,0.607386,0.703906,-0.550437,1.765209,-1.257966,1.733636,0,0.833216,-0.296983,1.963416
z_ext_jk_mp_median_bs,5.420,ois1m,4,0.750214,0.675228,-0.360437,1.860865,-1.241708,1.695533,0,0.982652,-0.558968,2.524272
z_ext_jk_mp_median_bs,5.420,ois1m,5,0.472326,0.692372,-0.666525,1.611177,-1.154749,1.614740,0,0.700021,-1.203182,2.603223
z_ext_jk_mp_median_bs,5.420,ois1m,6,0.757859,0.801649,-0.560736,2.076454,-0.925604,2.280992,0,0.999706,-1.269897,3.269308
z_ext_jk_mp_median_bs,5.420,ois1m,7,0.095709,0.872178,-1.338897,1.530314,-2.084737,1.447585,0,0.356440,-2.247376,2.960256
z_ext_jk_mp_median_bs,5.420,ois1m,8,-0.017341,0.983250,-1.634643,1.599961,-2.327978,1.605021,0,0.208301,-2.564121,2.980723
z_ext_jk_mp_median_bs,5.420,ois1m,9,-0.629009,1.156083,-2.530596,1.272578,-3.750433,0.989507,0,-0.331565,-3.225121,2.561992
z_ext_jk_mp_median_bs,5.420,ois1m,10,-1.114306,1.374511,-3.375175,1.146564,-5.100387,0.672559,0,-0.828130,-3.865010,2.208751
z_ext_jk_mp_median_bs,5.420,ois1m,11,-0.682586,1.277924,-2.784585,1.419413,-4.132982,1.042612,0,-0.463145,-3.333704,2.407415
z_ext_jk_mp_median_bs,5.420,ois1m,12,-0.911342,1.289698,-3.032707,1.210023,-4.393527,0.829751,0,-0.687943,-3.558809,2.182924
z_ext_jk_mp_median_bs,5.420,ois1m,13,-0.664698,1.213778,-2.661184,1.331789,-3.941897,0.973902,0,-0.474932,-3.282828,2.332964
z_ext_jk_mp_median_bs,5.420,ois1m,14,-0.004211,1.101779,-1.816476,1.808054,-2.703570,1.648457,0,0.114229,-2.515518,2.743977
z_ext_jk_mp_median_bs,5.420,ois1m,15,-0.065143,1.120126,-1.907586,1.777299,-2.753445,1.615045,0,-0.048872,-2.608692,2.510947
z_ext_jk_mp_median_bs,5.420,ois1m,16,-0.361440,1.214047,-2.358369,1.635489,-3.457259,1.338226,0,-0.361510,-3.020995,2.297976
z_ext_jk_mp_median_bs,5.420,ois1m,17,-0.081009,1.081322,-1.859626,1.697607,-2.622117,1.540974,0,-0.132362,-2.728533,2.463808
z_ext_jk_mp_median_bs,5.420,ois1m,18,-0.346760,1.089738,-2.139219,1.445699,-3.180078,1.124386,0,-0.416274,-3.128932,2.296384
z_ext_jk_mp_median_bs,5.420,ois1m,19,-0.630522,1.165254,-2.547194,1.286150,-3.834970,0.884308,0,-0.592143,-3.454234,2.269949
z_ext_jk_mp_median_bs,5.420,ois1m,20,-0.703606,1.161147,-2.613523,1.206310,-3.722588,0.863942,0,-0.695656,-3.540085,2.148773
z_ext_jk_mp_median_bs,5.420,ois1m,21,-0.294273,1.095974,-2.096990,1.508443,-2.924610,1.294889,0,-0.351029,-3.050727,2.348668
z_ext_jk_mp_median_bs,5.420,ois1m,22,-0.305920,1.036017,-2.010016,1.398177,-2.688759,1.248106,0,-0.374568,-2.991454,2.242319
z_ext_jk_mp_median_bs,5.420,ois1m,23,-0.714327,1.029992,-2.408512,0.979859,-3.134807,0.779161,0,-0.885479,-3.482584,1.711625
z_ext_jk_mp_median_bs,5.420,ois1m,24,-0.459988,0.962605,-2.043333,1.123357,-2.722111,0.935790,0,-0.667093,-3.172157,1.837971
z_ext_jk_mp_median_bs,5.420,ois1m,25,-0.741327,1.127240,-2.595471,1.112817,-3.559426,0.780447,0,-1.044438,-3.766668,1.677792
z_ext_jk_mp_median_bs,5.420,ois1m,26,-1.213961,1.201337,-3.189985,0.762064,-4.217304,0.407845,0,-1.507238,-4.358875,1.344399
z_ext_jk_mp_median_bs,5.420,ois1m,27,-1.874751,1.533115,-4.396501,0.646998,-5.630883,0.194954,0,-2.168326,-5.281205,0.944553
z_ext_jk_mp_median_bs,5.420,ois1m,28,-1.771067,1.468348,-4.186284,0.644150,-5.221684,0.284620,0,-2.028649,-4.922978,0.865679
z_ext_jk_mp_median_bs,5.420,ois1m,29,-1.724726,1.389589,-4.010396,0.560943,-4.920780,0.220697,0,-1.946635,-4.567291,0.674022
z_ext_jk_mp_median_bs,5.420,ois1m,30,-1.779654,1.153744,-3.677393,0.118085,-4.375577,-0.106726,0,-1.949273,-4.335081,0.436535
z_ext_jk_mp_median_bs,5.420,ois1m,31,-1.319646,1.111289,-3.147554,0.508262,-3.597789,0.402852,0,-1.456919,-3.744600,0.830762
z_ext_jk_mp_median_bs,5.420,ois1m,32,-1.542269,1.145387,-3.426263,0.341726,-3.947582,0.233082,0,-1.612728,-3.952302,0.726846
z_ext_jk_mp_median_bs,5.420,ois1m,33,-1.290751,0.980167,-2.902983,0.321481,-3.349103,0.228508,0,-1.329016,-3.847530,1.189498
z_ext_jk_mp_median_bs,5.420,ois1m,34,-0.744144,0.779613,-2.026493,0.538205,-2.225409,0.581197,0,-0.730192,-3.247636,1.787251
z_ext_jk_mp_median_bs,5.420,ois1m,35,-0.888568,0.662363,-1.978058,0.200922,-2.080821,0.270567,0,-0.825389,-3.400286,1.749509
z_ext_jk_mp_median_bs,5.420,ois1m,36,-0.392390,0.626077,-1.422196,0.637415,-1.425418,0.828461,0,-0.240602,-2.904392,2.423187
z_ext_jk_mp_median_bs,5.420,ois1m,37,-0.095167,0.628482,-1.128928,0.938593,-1.069314,1.193220,0,0.252342,-2.363920,2.868603
z_ext_jk_mp_median_bs,5.420,ois1m,38,0.063181,0.737978,-1.150686,1.277047,-1.006888,1.686733,0,0.478354,-2.212099,3.168807
z_ext_jk_mp_median_bs,5.420,ois1m,39,0.118815,0.811021,-1.215196,1.452827,-1.016614,1.903062,0,0.594739,-2.179829,3.369307
z_ext_jk_mp_median_bs,5.420,ois1m,40,0.223343,0.834159,-1.148727,1.595413,-0.902772,2.100201,0,0.797571,-2.008092,3.603233
z_ext_jk_mp_median_bs,5.420,ois1m,41,-0.153313,0.788758,-1.450705,1.144078,-1.257574,1.581955,0,0.475095,-2.129655,3.079846
z_ext_jk_mp_median_bs,5.420,ois1m,42,-0.115785,0.691495,-1.253193,1.021622,-1.083878,1.440078,0,0.515455,-2.117863,3.148772
z_ext_jk_mp_median_bs,5.420,ois1m,43,0.215452,0.832080,-1.153198,1.584103,-0.907856,2.129237,0,0.964408,-1.739148,3.667963
z_ext_jk_mp_median_bs,5.420,ois1m,44,0.111174,0.788820,-1.186320,1.408667,-0.993175,1.846578,0,0.982416,-1.605146,3.569978
z_ext_jk_mp_median_bs,5.420,ois1m,45,0.208148,0.839854,-1.173289,1.589584,-0.967648,2.055826,0,1.136241,-1.471353,3.743836
z_ext_jk_mp_median_bs,5.420,ois1m,46,0.370172,0.879373,-1.076268,1.816612,-0.816982,2.436699,0,1.458232,-1.276481,4.192946
z_ext_jk_mp_median_bs,5.420,ois1m,47,0.535460,0.935826,-1.003837,2.074758,-0.681114,2.781444,0,1.681923,-1.161899,4.525746
z_ext_jk_mp_median_bs,5.420,ois1m,48,0.997795,0.964205,-0.588181,2.583771,-0.255672,3.311887,0,1.962418,-1.075697,5.000534
z_ext_jk_mp_median_bs,5.420,ip,0,1.593663,2.254885,-2.115292,5.302618,-3.141594,7.230874,0,1.401591,-2.339287,5.142469
z_ext_jk_mp_median_bs,5.420,ip,1,2.458277,2.895134,-2.303794,7.220349,-3.187233,9.696112,0,3.351843,-1.378961,8.082647
z_ext_jk_mp_median_bs,5.420,ip,2,4.719184,2.503970,0.600519,8.837849,-0.038360,10.478316,0,5.795875,0.511452,11.080297
z_ext_jk_mp_median_bs,5.420,ip,3,-4.909321,4.350831,-12.065802,2.247159,-17.961815,1.181842,0,-3.085364,-12.058887,5.888159
z_ext_jk_mp_median_bs,5.420,ip,4,-0.123948,4.387146,-7.340161,7.092264,-10.433741,7.553557,0,1.726370,-6.702519,10.155260
z_ext_jk_mp_median_bs,5.420,ip,5,-1.485291,4.528443,-8.933917,5.963336,-14.164932,4.854530,0,0.590737,-9.586433,10.767907
z_ext_jk_mp_median_bs,5.420,ip,6,-5.143550,5.237812,-13.758984,3.471885,-21.380767,1.665606,0,-2.904150,-16.010144,10.201843
z_ext_jk_mp_median_bs,5.420,ip,7,-4.492764,4.853021,-12.475274,3.489745,-15.897364,3.514721,0,-2.473771,-16.230561,11.283018
z_ext_jk_mp_median_bs,5.420,ip,8,-8.266676,5.531336,-17.364914,0.831562,-23.477849,-0.522806,0,-6.236751,-20.946666,8.473164
z_ext_jk_mp_median_bs,5.420,ip,9,-6.894037,5.174945,-15.406064,1.617990,-20.866388,0.350886,0,-4.880921,-19.699972,9.938129
z_ext_jk_mp_median_bs,5.420,ip,10,-8.127279,6.607111,-18.995010,2.740453,-25.636124,1.122678,0,-6.631470,-21.183631,7.920690
z_ext_jk_mp_median_bs,5.420,ip,11,-8.469503,6.213490,-18.689785,1.750778,-25.867276,-0.081292,0,-6.486021,-19.745213,6.773170
z_ext_jk_mp_median_bs,5.420,ip,12,-8.102167,5.793948,-17.632363,1.428029,-24.325221,-0.570035,0,-6.200984,-17.999772,5.597803
z_ext_jk_mp_median_bs,5.420,ip,13,-9.085828,6.554050,-19.866281,1.694624,-27.764870,-0.565564,0,-8.011752,-21.218099,5.194596
z_ext_jk_mp_median_bs,5.420,ip,14,-3.888147,5.264684,-12.547781,4.771487,-17.576324,3.482410,0,-3.010973,-14.351831,8.329884
z_ext_jk_mp_median_bs,5.420,ip,15,-2.927277,4.891160,-10.972519,5.117965,-14.666061,4.409463,0,-2.331923,-13.595120,8.931273
z_ext_jk_mp_median_bs,5.420,ip,16,-1.519089,5.518311,-10.595902,7.557725,-12.831626,8.137955,0,-1.269323,-12.543162,10.004515
z_ext_jk_mp_median_bs,5.420,ip,17,0.967928,6.070731,-9.017536,10.953392,-11.173534,11.895244,0,0.420297,-11.322056,12.162650
z_ext_jk_mp_median_bs,5.420,ip,18,1.773132,5.007015,-6.462675,10.008938,-7.990547,11.036109,0,1.073865,-10.519173,12.666904
z_ext_jk_mp_median_bs,5.420,ip,19,-1.656812,5.615620,-10.893686,7.580062,-14.853520,6.766619,0,-2.724773,-15.013613,9.564066
z_ext_jk_mp_median_bs,5.420,ip,20,-3.413582,4.617028,-11.007917,4.180752,-14.263597,3.511959,0,-3.856157,-15.962092,8.249778
z_ext_jk_mp_median_bs,5.420,ip,21,-9.145428,5.620700,-18.390658,0.099801,-24.321320,-2.119553,0,-9.874571,-24.318220,4.569077
z_ext_jk_mp_median_bs,5.420,ip,22,-8.679950,5.952870,-18.471550,1.111650,-24.157412,-0.643575,0,-8.987248,-22.847837,4.873340
z_ext_jk_mp_median_bs,5.420,ip,23,2.531873,4.559786,-4.968308,10.032054,-4.763785,12.335413,0,1.532951,-11.141774,14.207677
z_ext_jk_mp_median_bs,5.420,ip,24,-3.396808,5.903017,-13.106408,6.312791,-15.497994,6.048020,0,-4.334479,-17.623842,8.954885
z_ext_jk_mp_median_bs,5.420,ip,25,-2.775648,4.950604,-10.918667,5.367371,-12.924386,5.392849,0,-4.456205,-17.966808,9.054398
z_ext_jk_mp_median_bs,5.420,ip,26,-8.483144,6.201861,-18.684298,1.718010,-22.437331,0.819648,0,-10.111427,-24.311764,4.088910
z_ext_jk_mp_median_bs,5.420,ip,27,-8.467091,7.286993,-20.453128,3.518946,-25.591525,1.734699,0,-9.634473,-24.301977,5.033031
z_ext_jk_mp_median_bs,5.420,ip,28,-6.495763,8.407574,-20.324991,7.333466,-25.412804,5.695219,0,-7.924638,-22.701098,6.851821
z_ext_jk_mp_median_bs,5.420,ip,29,-14.393089,8.184668,-27.855669,-0.930509,-32.399358,-2.116087,0,-15.085002,-31.192283,1.022279
z_ext_jk_mp_median_bs,5.420,ip,30,-7.644085,6.850877,-18.912775,3.624606,-21.003296,3.659863,0,-7.176617,-22.280437,7.927203
z_ext_jk_mp_median_bs,5.420,ip,31,-5.959343,7.266336,-17.911403,5.992717,-21.581966,4.940162,0,-4.862513,-20.509602,10.784576
z_ext_jk_mp_median_bs,5.420,ip,32,-4.106789,5.649370,-13.399175,5.185597,-14.275655,6.062076,0,-1.894940,-18.571660,14.781781
z_ext_jk_mp_median_bs,5.420,ip,33,-2.952288,5.204020,-11.512138,5.607563,-11.538920,7.195551,0,-0.298727,-18.849769,18.252315
z_ext_jk_mp_median_bs,5.420,ip,34,-1.768252,4.914090,-9.851210,6.314707,-10.122204,7.322815,0,1.417677,-18.108409,20.943763
z_ext_jk_mp_median_bs,5.420,ip,35,-2.035882,4.626611,-9.645979,5.574215,-9.207128,7.448669,0,1.163925,-18.752354,21.080203
z_ext_jk_mp_median_bs,5.420,ip,36,-0.716571,4.083952,-7.434074,6.000932,-6.638301,8.268123,0,2.729973,-17.342300,22.802246
z_ext_jk_mp_median_bs,5.420,ip,37,4.509952,5.201458,-4.045685,13.065589,-2.512016,16.733378,0,8.701436,-13.194469,30.597341
z_ext_jk_mp_median_bs,5.420,ip,38,7.195724,7.332580,-4.865297,19.256746,-3.069888,23.694030,0,11.059810,-11.925233,34.044853
z_ext_jk_mp_median_bs,5.420,ip,39,4.847897,6.955383,-6.592690,16.288484,-5.237408,19.454202,0,9.669441,-11.332729,30.671612
z_ext_jk_mp_median_bs,5.420,ip,40,4.589895,7.551071,-7.830512,17.010301,-5.981605,21.202251,0,9.536092,-11.090520,30.162703
z_ext_jk_mp_median_bs,5.420,ip,41,3.833768,7.369751,-8.288393,15.955930,-6.852370,19.678733,0,9.088952,-10.431402,28.609306
z_ext_jk_mp_median_bs,5.420,ip,42,3.704597,7.211698,-8.157591,15.566785,-6.752366,18.849164,0,9.227612,-9.278289,27.733513
z_ext_jk_mp_median_bs,5.420,ip,43,4.021250,6.758773,-7.095942,15.138442,-5.441032,19.228489,0,9.233896,-9.355156,27.822948
z_ext_jk_mp_median_bs,5.420,ip,44,8.306148,8.439447,-5.575506,22.187802,-2.665133,28.560820,0,13.128248,-7.567798,33.824294
z_ext_jk_mp_median_bs,5.420,ip,45,9.684154,8.072255,-3.593525,22.961833,-0.809778,29.057567,0,15.284599,-5.619975,36.189173
z_ext_jk_mp_median_bs,5.420,ip,46,10.950634,8.500359,-3.031213,24.932481,-0.099833,31.776515,0,16.918614,-5.982909,39.820137
z_ext_jk_mp_median_bs,5.420,ip,47,5.707546,8.592531,-8.425911,19.841002,-5.892372,25.470368,0,11.678359,-7.655189,31.011907
z_ext_jk_mp_median_bs,5.420,ip,48,7.312712,7.934561,-5.738480,20.363904,-4.192402,24.372018,0,13.115525,-5.706826,31.937876
z_ext_jk_mp_median_bs,5.420,hicp,0,0.664687,0.907044,-0.827267,2.156641,-0.967991,3.295114,0,-0.199016,-1.286709,0.888677
z_ext_jk_mp_median_bs,5.420,hicp,1,1.047018,1.015500,-0.623331,2.717367,-1.187083,3.281118,0,0.282477,-1.314050,1.879004
z_ext_jk_mp_median_bs,5.420,hicp,2,0.087280,1.377151,-2.177932,2.352493,-4.388461,1.946435,0,-0.556688,-2.890995,1.777619
z_ext_jk_mp_median_bs,5.420,hicp,3,-0.055088,1.339525,-2.258411,2.148235,-3.939712,1.887224,0,-0.508481,-3.007445,1.990483
z_ext_jk_mp_median_bs,5.420,hicp,4,0.288185,1.341398,-1.918218,2.494588,-2.729960,2.702701,0,0.015544,-2.690223,2.721310
z_ext_jk_mp_median_bs,5.420,hicp,5,0.393638,1.185282,-1.555977,2.343253,-1.976925,2.704938,0,0.186938,-2.431153,2.805030
z_ext_jk_mp_median_bs,5.420,hicp,6,1.319028,1.280998,-0.788027,3.426082,-1.178919,3.945074,0,0.997674,-2.010718,4.006065
z_ext_jk_mp_median_bs,5.420,hicp,7,1.569521,1.309997,-0.585233,3.724274,-0.591975,4.713514,0,1.373138,-1.812403,4.558680
z_ext_jk_mp_median_bs,5.420,hicp,8,-0.571659,1.280839,-2.678451,1.535133,-3.261420,1.797893,0,-0.593967,-3.840073,2.652139
z_ext_jk_mp_median_bs,5.420,hicp,9,-1.421512,1.462218,-3.826646,0.983622,-5.223279,0.698704,0,-1.392078,-4.955397,2.171242
z_ext_jk_mp_median_bs,5.420,hicp,10,-2.613367,1.886181,-5.715860,0.489125,-8.177603,-0.255640,0,-2.576602,-6.610570,1.457365
z_ext_jk_mp_median_bs,5.420,hicp,11,-2.698477,1.884237,-5.797771,0.400816,-8.351187,-0.343181,0,-2.396712,-6.519659,1.726235
z_ext_jk_mp_median_bs,5.420,hicp,12,0.160047,1.512486,-2.327771,2.647865,-3.016173,2.806897,0,-0.515995,-4.299155,3.267164
z_ext_jk_mp_median_bs,5.420,hicp,13,0.739013,1.840364,-2.288117,3.766142,-2.757679,4.235704,0,0.137648,-3.939160,4.214455
z_ext_jk_mp_median_bs,5.420,hicp,14,0.733153,1.623245,-1.936848,3.403153,-2.269851,3.979643,0,0.072185,-4.143804,4.288173
z_ext_jk_mp_median_bs,5.420,hicp,15,-0.502135,1.845907,-3.538381,2.534111,-4.286244,2.728201,0,-1.134901,-5.738706,3.468904
z_ext_jk_mp_median_bs,5.420,hicp,16,-0.719525,1.930477,-3.894877,2.455828,-4.677003,2.658811,0,-1.313133,-6.197088,3.570821
z_ext_jk_mp_median_bs,5.420,hicp,17,-0.635023,1.838659,-3.659349,2.389302,-4.404275,2.582630,0,-1.274515,-5.980419,3.431388
z_ext_jk_mp_median_bs,5.420,hicp,18,-0.129372,1.938939,-3.318643,3.059898,-4.201143,3.166823,0,-0.840031,-5.594368,3.914305
z_ext_jk_mp_median_bs,5.420,hicp,19,0.339641,2.123483,-3.153177,3.832459,-3.588802,4.374258,0,-0.396405,-5.194421,4.401612
z_ext_jk_mp_median_bs,5.420,hicp,20,-0.840796,2.022670,-4.167793,2.486201,-4.683870,2.901144,0,-1.496305,-6.478836,3.486227
z_ext_jk_mp_median_bs,5.420,hicp,21,-2.284856,2.044428,-5.647640,1.077928,-6.680375,1.088449,0,-2.704291,-8.048116,2.639535
z_ext_jk_mp_median_bs,5.420,hicp,22,-3.148302,2.098466,-6.599971,0.303367,-8.184621,-0.105526,0,-3.479484,-9.032226,2.073257
z_ext_jk_mp_median_bs,5.420,hicp,23,-3.049934,2.175539,-6.628377,0.528509,-8.380005,-0.004179,0,-3.238539,-8.817551,2.340474
z_ext_jk_mp_median_bs,5.420,hicp,24,-0.650475,2.324935,-4.474653,3.173702,-5.184098,3.301914,0,-1.846321,-6.971880,3.279237
z_ext_jk_mp_median_bs,5.420,hicp,25,-1.315795,2.637367,-5.653877,3.022287,-6.458660,3.299596,0,-2.415115,-7.780862,2.950632
z_ext_jk_mp_median_bs,5.420,hicp,26,-2.199914,2.513595,-6.334410,1.934581,-7.478463,1.821837,0,-3.247399,-9.074378,2.579580
z_ext_jk_mp_median_bs,5.420,hicp,27,-3.654128,2.689557,-8.078056,0.769800,-9.571154,0.380208,0,-4.676346,-11.198473,1.845780
z_ext_jk_mp_median_bs,5.420,hicp,28,-3.834532,2.464326,-7.887988,0.218925,-9.132833,-0.014826,0,-4.738933,-11.024004,1.546137
z_ext_jk_mp_median_bs,5.420,hicp,29,-4.114475,2.568850,-8.339856,0.110907,-9.509059,-0.132758,0,-5.103697,-11.321369,1.113974
z_ext_jk_mp_median_bs,5.420,hicp,30,-3.664787,2.807256,-8.282311,0.952738,-9.560023,0.686460,0,-4.827729,-10.975913,1.320456
z_ext_jk_mp_median_bs,5.420,hicp,31,-3.711030,2.945663,-8.556214,1.134154,-9.749639,0.854747,0,-4.728978,-10.597887,1.139931
z_ext_jk_mp_median_bs,5.420,hicp,32,-5.071068,2.893982,-9.831246,-0.310891,-11.293130,-0.730095,0,-5.830919,-12.207783,0.545945
z_ext_jk_mp_median_bs,5.420,hicp,33,-4.880511,2.652319,-9.243188,-0.517834,-10.980845,-1.167264,0,-5.346628,-11.706984,1.013728
z_ext_jk_mp_median_bs,5.420,hicp,34,-5.683828,2.749667,-10.206628,-1.161029,-12.008062,-1.834295,0,-5.799572,-12.214373,0.615229
z_ext_jk_mp_median_bs,5.420,hicp,35,-5.567402,2.436777,-9.575543,-1.559261,-11.415666,-2.277753,0,-5.502314,-11.430762,0.426133
z_ext_jk_mp_median_bs,5.420,hicp,36,-4.136628,2.357181,-8.013845,-0.259411,-9.440284,-0.836575,0,-5.037274,-10.836485,0.761938
z_ext_jk_mp_median_bs,5.420,hicp,37,-2.474703,2.865920,-7.188721,2.239316,-8.063247,2.254065,0,-2.984499,-8.197284,2.228287
z_ext_jk_mp_median_bs,5.420,hicp,38,-3.289794,2.588040,-7.546742,0.967153,-8.724679,0.592266,0,-3.674016,-9.111151,1.763120
z_ext_jk_mp_median_bs,5.420,hicp,39,-4.328566,2.801275,-8.936252,0.279121,-9.931115,0.013410,0,-4.617374,-10.479985,1.245237
z_ext_jk_mp_median_bs,5.420,hicp,40,-3.628894,2.344196,-7.484754,0.226965,-8.317286,0.004610,0,-3.889532,-9.395732,1.616667
z_ext_jk_mp_median_bs,5.420,hicp,41,-3.934164,2.104324,-7.395469,-0.472859,-8.037595,-0.567246,0,-4.282919,-9.526271,0.960433
z_ext_jk_mp_median_bs,5.420,hicp,42,-4.223638,2.518653,-8.366454,-0.080822,-9.512809,-0.445658,0,-4.596203,-10.130174,0.937768
z_ext_jk_mp_median_bs,5.420,hicp,43,-2.580478,2.274973,-6.322476,1.161519,-7.244173,0.945730,0,-2.710572,-7.294735,1.873591
z_ext_jk_mp_median_bs,5.420,hicp,44,-3.187186,2.242818,-6.876294,0.501921,-7.897104,0.177041,0,-3.149564,-7.831251,1.532123
z_ext_jk_mp_median_bs,5.420,hicp,45,-3.787290,2.045206,-7.151355,-0.423225,-7.877703,-0.617220,0,-3.368865,-8.026843,1.289113
z_ext_jk_mp_median_bs,5.420,hicp,46,-4.995880,2.023798,-8.324731,-1.667028,-9.245855,-1.960182,0,-4.208746,-8.884849,0.467358
z_ext_jk_mp_median_bs,5.420,hicp,47,-5.727118,2.147954,-9.260187,-2.194048,-10.667412,-2.827380,0,-4.545007,-8.924736,-0.165279
z_ext_jk_mp_median_bs,5.420,hicp,48,-3.029349,2.473295,-7.097557,1.038858,-7.852274,0.927922,0,-3.334444,-7.242935,0.574046
z_ext_jk_mp_median_bs,5.420,stoxx,0,-17.830671,17.320497,-46.320354,10.659012,-86.246635,5.552001,0,-16.113613,-43.363730,11.136504
z_ext_jk_mp_median_bs,5.420,stoxx,1,-21.900434,25.508553,-63.858270,20.057402,-111.180370,12.536113,0,-17.434488,-57.449506,22.580530
z_ext_jk_mp_median_bs,5.420,stoxx,2,-10.615551,25.076465,-51.862665,30.631564,-74.560537,33.268263,0,-4.599335,-43.438507,34.239838
z_ext_jk_mp_median_bs,5.420,stoxx,3,9.668836,25.266613,-31.891044,51.228716,-42.127721,61.465392,0,21.304751,-19.339083,61.948585
z_ext_jk_mp_median_bs,5.420,stoxx,4,20.587461,25.448001,-21.270776,62.445699,-40.487742,63.849064,0,35.738399,-10.014584,81.491383
z_ext_jk_mp_median_bs,5.420,stoxx,5,-0.003516,27.749634,-45.647601,45.640570,-58.277746,51.333306,0,16.141067,-34.850845,67.132979
z_ext_jk_mp_median_bs,5.420,stoxx,6,-21.519085,29.747691,-70.449683,27.411513,-82.501852,36.488913,0,-5.077819,-62.769110,52.613471
z_ext_jk_mp_median_bs,5.420,stoxx,7,-22.026462,25.613193,-64.156415,20.103491,-83.498124,20.235306,0,-6.420234,-61.677862,48.837394
z_ext_jk_mp_median_bs,5.420,stoxx,8,-12.500570,23.301126,-50.827511,25.826371,-67.258216,25.946287,0,-0.837952,-56.766436,55.090531
z_ext_jk_mp_median_bs,5.420,stoxx,9,-8.763489,26.767370,-52.791895,35.264917,-71.666809,34.064304,0,0.132298,-56.119746,56.384341
z_ext_jk_mp_median_bs,5.420,stoxx,10,-23.952122,29.198114,-71.978745,24.074501,-94.027595,21.304954,0,-15.857715,-71.063704,39.348274
z_ext_jk_mp_median_bs,5.420,stoxx,11,-4.158801,32.858863,-58.206820,49.889218,-74.805356,53.344209,0,2.297457,-57.018544,61.613458
z_ext_jk_mp_median_bs,5.420,stoxx,12,9.010341,29.622628,-39.714547,57.735228,-50.234916,63.812203,0,14.743729,-43.181050,72.668509
z_ext_jk_mp_median_bs,5.420,stoxx,13,6.145066,23.675779,-32.798125,45.088256,-42.390280,48.761467,0,8.040471,-46.803297,62.884238
z_ext_jk_mp_median_bs,5.420,stoxx,14,13.658740,24.131656,-26.034302,53.351781,-35.811155,55.889137,0,16.771462,-38.417146,71.960070
z_ext_jk_mp_median_bs,5.420,stoxx,15,16.084346,19.453599,-15.913977,48.082669,-21.850172,51.100824,0,19.707253,-31.905646,71.320152
z_ext_jk_mp_median_bs,5.420,stoxx,16,20.418173,17.391356,-8.188062,49.024408,-14.364539,51.722613,0,23.230967,-24.737247,71.199182
z_ext_jk_mp_median_bs,5.420,stoxx,17,31.867624,23.034435,-6.020651,69.755899,-4.987473,82.543382,0,33.608086,-18.672365,85.888537
z_ext_jk_mp_median_bs,5.420,stoxx,18,-5.127295,25.286208,-46.719406,36.464817,-54.435401,41.652190,0,-2.663162,-52.598337,47.272013
z_ext_jk_mp_median_bs,5.420,stoxx,19,-12.899028,24.534709,-53.255033,27.456977,-69.328859,23.903035,0,-8.005731,-56.650566,40.639104
z_ext_jk_mp_median_bs,5.420,stoxx,20,-12.213416,19.896728,-44.940621,20.513790,-60.960400,15.642004,0,-8.615940,-55.304865,38.072985
z_ext_jk_mp_median_bs,5.420,stoxx,21,16.260148,13.670488,-6.225804,38.746099,-8.346731,42.917599,0,14.711861,-28.912120,58.335842
z_ext_jk_mp_median_bs,5.420,stoxx,22,40.699156,20.347313,7.230804,74.167507,13.230283,92.584803,0,42.196256,-9.647998,94.040510
z_ext_jk_mp_median_bs,5.420,stoxx,23,-6.112564,18.537941,-36.604763,24.379635,-39.480857,29.109523,0,-1.952844,-45.346115,41.440426
z_ext_jk_mp_median_bs,5.420,stoxx,24,-9.890607,21.221234,-44.796431,25.015217,-49.149890,28.307614,0,-6.891862,-51.861251,38.077526
z_ext_jk_mp_median_bs,5.420,stoxx,25,3.604131,20.475997,-30.075888,37.284149,-30.181265,44.556125,0,2.599347,-44.156613,49.355306
z_ext_jk_mp_median_bs,5.420,stoxx,26,-8.186432,14.466645,-31.981945,15.609081,-36.396389,17.130196,0,-8.848360,-52.918086,35.221365
z_ext_jk_mp_median_bs,5.420,stoxx,27,-22.764672,21.234655,-57.692572,12.163228,-70.542647,9.087311,0,-19.739911,-66.291952,26.812130
z_ext_jk_mp_median_bs,5.420,stoxx,28,-23.691536,23.369431,-62.130828,14.747757,-73.935812,11.362610,0,-23.028240,-72.017818,25.961337
z_ext_jk_mp_median_bs,5.420,stoxx,29,-8.189631,16.195498,-34.828853,18.449592,-41.390400,17.723165,0,-5.744642,-53.195428,41.706143
z_ext_jk_mp_median_bs,5.420,stoxx,30,5.520282,17.205140,-22.779655,33.820219,-22.868199,39.070305,0,9.735348,-46.350549,65.821245
z_ext_jk_mp_median_bs,5.420,stoxx,31,4.897002,21.861049,-31.061223,40.855227,-31.173728,48.619099,0,10.126294,-51.619030,71.871618
z_ext_jk_mp_median_bs,5.420,stoxx,32,9.646167,24.010323,-29.847299,49.139634,-27.569833,60.067845,0,17.034786,-50.006488,84.076060
z_ext_jk_mp_median_bs,5.420,stoxx,33,13.424899,22.530640,-23.634706,50.484504,-22.624125,58.486180,0,22.685756,-43.861210,89.232723
z_ext_jk_mp_median_bs,5.420,stoxx,34,23.601166,24.124261,-16.079712,63.282043,-14.997651,71.849687,0,38.545130,-28.110747,105.201008
z_ext_jk_mp_median_bs,5.420,stoxx,35,31.482508,28.397402,-15.227062,78.192078,-11.113596,92.536923,0,47.254613,-24.429098,118.938325
z_ext_jk_mp_median_bs,5.420,stoxx,36,20.320190,23.927846,-19.037615,59.677995,-15.571580,70.568667,0,35.904332,-28.574908,100.383572
z_ext_jk_mp_median_bs,5.420,stoxx,37,18.148027,28.436502,-28.625857,64.921912,-21.663076,82.130158,0,33.445982,-30.295971,97.187935
z_ext_jk_mp_median_bs,5.420,stoxx,38,33.498411,28.193809,-12.876277,79.873100,-3.153540,101.163552,0,48.361394,-22.840527,119.563316
z_ext_jk_mp_median_bs,5.420,stoxx,39,31.735008,29.309611,-16.475012,79.945028,-9.298447,97.681632,0,45.576511,-25.401437,116.554459
z_ext_jk_mp_median_bs,5.420,stoxx,40,22.826360,29.064468,-24.980435,70.633155,-16.410672,89.674635,0,35.453849,-28.360386,99.268084
z_ext_jk_mp_median_bs,5.420,stoxx,41,9.363730,25.164195,-32.027688,50.755147,-27.124354,63.466749,0,24.607952,-32.887497,82.103402
z_ext_jk_mp_median_bs,5.420,stoxx,42,-2.135660,19.687183,-34.518195,30.246875,-33.635153,36.254347,0,14.598894,-39.027085,68.224874
z_ext_jk_mp_median_bs,5.420,stoxx,43,3.262367,17.444361,-25.431055,31.955788,-21.159739,41.639962,0,20.657811,-32.529644,73.845266
z_ext_jk_mp_median_bs,5.420,stoxx,44,-4.326874,18.846046,-35.325860,26.672112,-30.711338,38.076728,0,14.197093,-34.562281,62.956468
z_ext_jk_mp_median_bs,5.420,stoxx,45,-0.964929,18.782437,-31.859290,29.929431,-24.442976,46.930286,0,15.869674,-33.658494,65.397841
z_ext_jk_mp_median_bs,5.420,stoxx,46,-6.430792,19.243564,-38.083638,25.222053,-30.485247,42.640295,0,8.155282,-43.663932,59.974495
z_ext_jk_mp_median_bs,5.420,stoxx,47,0.617838,19.022797,-30.671878,31.907554,-25.062937,44.370270,0,12.886038,-44.725632,70.497708
z_ext_jk_mp_median_bs,5.420,stoxx,48,12.816848,20.437409,-20.799698,46.433393,-13.751784,60.844758,0,16.882206,-43.631903,77.396314
