instrument,F_eff,variable,h,theta,se,lo,hi,ar_lo,ar_hi,ar_unbounded,theta_la,lo_la,hi_la
z_gcs_1m_adj_sum,18.970,ois1m,0,1.000000,0.000000,1.000000,1.000000,1.000000,1.000000,0,1.000000,1.000000,1.000000
z_gcs_1m_adj_sum,18.970,ois1m,1,0.648471,0.232104,0.266694,1.030248,0.207473,1.008232,0,0.711255,0.299218,1.123292
z_gcs_1m_adj_sum,18.970,ois1m,2,0.570515,0.286998,0.098446,1.042584,0.068269,1.029711,0,0.620977,0.022694,1.219260
z_gcs_1m_adj_sum,18.970,ois1m,3,0.780499,0.297974,0.290376,1.270622,0.273944,1.272156,0,0.815293,0.169921,1.460665
z_gcs_1m_adj_sum,18.970,ois1m,4,1.053383,0.418075,0.365710,1.741056,0.342655,1.764111,0,1.089952,0.188508,1.991395
z_gcs_1m_adj_sum,18.970,ois1m,5,0.976802,0.483775,0.181063,1.772542,0.202762,1.847598,0,0.995915,-0.142880,2.134710
z_gcs_1m_adj_sum,18.970,ois1m,6,0.824985,0.600023,-0.161966,1.811935,-0.165054,1.875026,0,0.912665,-0.409224,2.234555
z_gcs_1m_adj_sum,18.970,ois1m,7,0.668156,0.663224,-0.422751,1.759062,-0.459326,1.795637,0,0.782619,-0.634520,2.199757
z_gcs_1m_adj_sum,18.970,ois1m,8,0.707158,0.817963,-0.638272,2.052588,-0.642481,2.097695,0,0.857284,-0.716245,2.430812
z_gcs_1m_adj_sum,18.970,ois1m,9,0.536061,0.904377,-0.951507,2.023630,-0.956161,2.073503,0,0.663976,-0.955838,2.283790
z_gcs_1m_adj_sum,18.970,ois1m,10,0.345263,0.974907,-1.258316,1.948843,-1.263334,2.002606,0,0.429856,-1.217029,2.076742
z_gcs_1m_adj_sum,18.970,ois1m,11,0.500327,1.047253,-1.222250,2.222905,-1.227640,2.280657,0,0.598663,-1.070284,2.267609
z_gcs_1m_adj_sum,18.970,ois1m,12,0.597742,1.094645,-1.202789,2.398273,-1.153690,2.513370,0,0.742365,-0.914366,2.399096
z_gcs_1m_adj_sum,18.970,ois1m,13,0.886107,1.049555,-0.840257,2.612471,-0.740703,2.775305,0,1.101583,-0.524642,2.727809
z_gcs_1m_adj_sum,18.970,ois1m,14,1.441281,1.071991,-0.321988,3.204549,-0.166706,3.424464,0,1.575814,-0.087254,3.238881
z_gcs_1m_adj_sum,18.970,ois1m,15,1.819548,1.105596,0.001004,3.638092,0.161154,3.864901,0,1.995248,0.266345,3.724150
z_gcs_1m_adj_sum,18.970,ois1m,16,2.375964,1.226218,0.359016,4.392912,0.536638,4.644466,0,2.573514,0.723647,4.423382
z_gcs_1m_adj_sum,18.970,ois1m,17,2.910427,1.386555,0.629747,5.191108,0.830594,5.475555,0,3.061728,1.034617,5.088838
z_gcs_1m_adj_sum,18.970,ois1m,18,2.897720,1.459874,0.496440,5.299000,0.707908,5.598488,0,2.977885,0.937213,5.018557
z_gcs_1m_adj_sum,18.970,ois1m,19,3.027148,1.516793,0.532246,5.522049,0.676119,5.833214,0,2.985165,0.947162,5.023168
z_gcs_1m_adj_sum,18.970,ois1m,20,2.939691,1.540784,0.405326,5.474055,0.551475,5.713102,0,2.888891,0.790067,4.987715
z_gcs_1m_adj_sum,18.970,ois1m,21,2.893121,1.585669,0.284927,5.501315,0.435333,5.747325,0,2.818769,0.702281,4.935256
z_gcs_1m_adj_sum,18.970,ois1m,22,2.889991,1.531003,0.371715,5.408268,0.516936,5.645797,0,2.870873,0.752642,4.989104
z_gcs_1m_adj_sum,18.970,ois1m,23,2.936042,1.501509,0.466279,5.405805,0.533627,5.563684,0,2.848956,0.736711,4.961201
z_gcs_1m_adj_sum,18.970,ois1m,24,3.081423,1.461759,0.677044,5.485802,0.742609,5.639500,0,3.053100,0.949148,5.157053
z_gcs_1m_adj_sum,18.970,ois1m,25,3.100634,1.383560,0.824881,5.376387,0.886939,5.452685,0,3.103938,1.014993,5.192882
z_gcs_1m_adj_sum,18.970,ois1m,26,2.539887,1.359136,0.304308,4.775467,0.297313,4.782461,0,2.545214,0.469682,4.620746
z_gcs_1m_adj_sum,18.970,ois1m,27,2.276481,1.301420,0.135836,4.417127,0.129138,4.423824,0,2.309749,0.188218,4.431280
z_gcs_1m_adj_sum,18.970,ois1m,28,2.297204,1.314270,0.135422,4.458986,0.128658,4.465750,0,2.347543,0.242032,4.453054
z_gcs_1m_adj_sum,18.970,ois1m,29,2.369757,1.338073,0.168823,4.570691,0.095033,4.577577,0,2.448865,0.336891,4.560840
z_gcs_1m_adj_sum,18.970,ois1m,30,2.212236,1.360779,-0.026046,4.450518,-0.101089,4.389482,0,2.302836,0.241140,4.364533
z_gcs_1m_adj_sum,18.970,ois1m,31,2.483125,1.438604,0.116832,4.849418,0.037498,4.784892,0,2.674938,0.535299,4.814577
z_gcs_1m_adj_sum,18.970,ois1m,32,2.491898,1.442351,0.119441,4.864354,0.039901,4.799659,0,2.726037,0.560203,4.891870
z_gcs_1m_adj_sum,18.970,ois1m,33,2.428775,1.483982,-0.012159,4.869709,-0.093995,4.803147,0,2.677640,0.506805,4.848475
z_gcs_1m_adj_sum,18.970,ois1m,34,2.458048,1.437274,0.093943,4.822153,0.014683,4.757686,0,2.797108,0.641063,4.953152
z_gcs_1m_adj_sum,18.970,ois1m,35,2.195913,1.388737,-0.088357,4.480183,-0.164941,4.417893,0,2.531701,0.433366,4.630035
z_gcs_1m_adj_sum,18.970,ois1m,36,2.102420,1.306125,-0.045964,4.250804,-0.117992,4.192220,0,2.411419,0.356060,4.466778
z_gcs_1m_adj_sum,18.970,ois1m,37,2.152952,1.284704,0.039802,4.266101,-0.031045,4.208478,0,2.539981,0.505616,4.574346
z_gcs_1m_adj_sum,18.970,ois1m,38,1.856109,1.256799,-0.211141,3.923358,-0.343289,3.866986,0,2.267042,0.269153,4.264931
z_gcs_1m_adj_sum,18.970,ois1m,39,1.708254,1.213025,-0.286994,3.703502,-0.353888,3.649093,0,2.156234,0.118800,4.193669
z_gcs_1m_adj_sum,18.970,ois1m,40,1.572750,1.226507,-0.444675,3.590175,-0.512313,3.535161,0,2.057848,-0.015604,4.131300
z_gcs_1m_adj_sum,18.970,ois1m,41,1.307374,1.154671,-0.591890,3.206639,-0.655566,3.154848,0,1.776001,-0.183743,3.735745
z_gcs_1m_adj_sum,18.970,ois1m,42,1.508365,1.190936,-0.450551,3.467281,-0.516227,3.413863,0,1.875555,-0.104424,3.855534
z_gcs_1m_adj_sum,18.970,ois1m,43,1.140363,1.010698,-0.522087,2.802813,-0.577824,2.757479,0,1.549874,-0.310469,3.410217
z_gcs_1m_adj_sum,18.970,ois1m,44,0.862297,0.895629,-0.610882,2.335476,-0.615491,2.340085,0,1.274682,-0.532256,3.081620
z_gcs_1m_adj_sum,18.970,ois1m,45,0.642616,0.861160,-0.773867,2.059099,-0.821356,2.020473,0,1.110785,-0.675847,2.897417
z_gcs_1m_adj_sum,18.970,ois1m,46,0.136819,0.767209,-1.125127,1.398765,-1.129075,1.402713,0,0.706689,-1.023734,2.437111
z_gcs_1m_adj_sum,18.970,ois1m,47,0.216681,0.765460,-1.042389,1.475751,-1.046328,1.479691,0,0.746375,-0.995766,2.488515
z_gcs_1m_adj_sum,18.970,ois1m,48,0.113541,0.660627,-0.973093,1.200176,-0.976493,1.203576,0,0.663583,-0.995096,2.322262
z_gcs_1m_adj_sum,18.970,ip,0,4.978975,2.180507,1.392361,8.565590,1.926266,9.776090,0,4.645551,1.351903,7.939198
z_gcs_1m_adj_sum,18.970,ip,1,1.605286,2.039154,-1.748824,4.959396,-1.861276,5.071848,0,1.939037,-1.298035,5.176108
z_gcs_1m_adj_sum,18.970,ip,2,4.431293,2.254604,0.722799,8.139787,0.823927,8.376851,0,4.451254,0.431236,8.471271
z_gcs_1m_adj_sum,18.970,ip,3,2.725810,2.755246,-1.806167,7.257787,-1.682584,7.685254,0,2.696796,-2.585860,7.979451
z_gcs_1m_adj_sum,18.970,ip,4,3.126851,2.984727,-1.782588,8.036290,-1.797948,8.200887,0,2.877363,-2.871816,8.626542
z_gcs_1m_adj_sum,18.970,ip,5,3.733575,3.060541,-1.300566,8.767716,-1.163290,9.242548,0,3.332338,-2.918477,9.583152
z_gcs_1m_adj_sum,18.970,ip,6,1.526871,3.266822,-3.846572,6.900315,-4.026726,6.917127,0,1.708317,-5.915114,9.331748
z_gcs_1m_adj_sum,18.970,ip,7,-0.612724,4.403283,-7.855479,6.630032,-8.098304,6.872857,0,-0.217864,-9.034639,8.598912
z_gcs_1m_adj_sum,18.970,ip,8,-0.034274,4.382534,-7.242901,7.174353,-7.265455,7.635160,0,0.875617,-7.411596,9.162830
z_gcs_1m_adj_sum,18.970,ip,9,-0.803168,4.525973,-8.247731,6.641394,-8.271023,6.890985,0,0.288850,-8.348332,8.926031
z_gcs_1m_adj_sum,18.970,ip,10,-2.438641,4.845857,-10.409367,5.532085,-10.676599,5.557023,0,-1.156075,-9.733912,7.421763
z_gcs_1m_adj_sum,18.970,ip,11,1.576218,5.476830,-7.432366,10.584802,-7.186711,11.160671,0,3.212328,-4.960512,11.385167
z_gcs_1m_adj_sum,18.970,ip,12,1.053002,5.175648,-7.460181,9.566185,-7.228034,10.110385,0,2.373431,-5.605322,10.352184
z_gcs_1m_adj_sum,18.970,ip,13,3.701647,5.068192,-4.634786,12.038081,-4.154050,12.824392,0,4.299764,-3.449855,12.049384
z_gcs_1m_adj_sum,18.970,ip,14,8.293300,5.629907,-0.967074,17.553673,-0.151561,18.708629,0,9.401360,1.013363,17.789358
z_gcs_1m_adj_sum,18.970,ip,15,8.971219,5.267742,0.306554,17.635884,1.069605,18.979929,0,10.116715,1.713998,18.519432
z_gcs_1m_adj_sum,18.970,ip,16,8.088599,6.315895,-2.300123,18.477322,-1.385243,19.773005,0,9.181195,0.004001,18.358389
z_gcs_1m_adj_sum,18.970,ip,17,12.656392,6.632630,1.746686,23.566098,2.707446,24.926758,0,13.522546,3.494321,23.550771
z_gcs_1m_adj_sum,18.970,ip,18,14.970470,8.140312,1.580848,28.360092,2.352986,29.623032,0,15.316333,4.690903,25.941764
z_gcs_1m_adj_sum,18.970,ip,19,14.602067,8.364431,0.843801,28.360332,1.218977,29.239822,0,14.900539,4.468063,25.333014
z_gcs_1m_adj_sum,18.970,ip,20,16.471068,8.759827,2.062434,30.879702,2.893336,32.238757,0,16.121358,4.541617,27.701098
z_gcs_1m_adj_sum,18.970,ip,21,12.419553,7.960200,-0.673810,25.512917,-0.316767,26.349903,0,12.084606,1.694506,22.474706
z_gcs_1m_adj_sum,18.970,ip,22,13.072933,7.119704,1.362062,24.783804,2.037392,25.532415,0,12.607518,2.050027,23.165008
z_gcs_1m_adj_sum,18.970,ip,23,15.103765,6.726155,4.040226,26.167305,4.678226,26.874536,0,14.210070,3.281474,25.138665
z_gcs_1m_adj_sum,18.970,ip,24,10.169822,5.624225,0.918795,19.420849,1.171062,20.012216,0,9.575133,0.328127,18.822139
z_gcs_1m_adj_sum,18.970,ip,25,9.536193,5.287682,0.838730,18.233655,0.811517,18.525252,0,9.270305,-0.355549,18.896159
z_gcs_1m_adj_sum,18.970,ip,26,10.138824,5.722014,0.726949,19.550699,0.697501,19.580147,0,9.690429,-0.641009,20.021868
z_gcs_1m_adj_sum,18.970,ip,27,9.692932,5.129666,1.255382,18.130482,0.972500,17.900398,0,9.909534,-0.241981,20.061049
z_gcs_1m_adj_sum,18.970,ip,28,9.144066,4.505637,1.732953,16.555178,1.484484,16.353084,0,9.575255,-0.656210,19.806720
z_gcs_1m_adj_sum,18.970,ip,29,8.029114,5.272679,-0.643670,16.701899,-1.461707,16.201766,0,8.479721,-2.476685,19.436127
z_gcs_1m_adj_sum,18.970,ip,30,8.540690,4.190453,1.648007,15.433372,0.997874,14.826370,0,9.173333,-0.918694,19.265360
z_gcs_1m_adj_sum,18.970,ip,31,9.317887,4.599425,1.752506,16.883268,1.268893,16.446996,0,9.948108,-0.580357,20.476573
z_gcs_1m_adj_sum,18.970,ip,32,6.826361,4.980347,-1.365581,15.018303,-2.138264,14.296882,0,8.015348,-2.691143,18.721839
z_gcs_1m_adj_sum,18.970,ip,33,3.364731,5.592269,-5.833733,12.563195,-6.980966,11.753135,0,4.763723,-5.739034,15.266480
z_gcs_1m_adj_sum,18.970,ip,34,6.744691,5.313755,-1.995658,15.485040,-3.085755,14.715323,0,8.379222,-2.611717,19.370160
z_gcs_1m_adj_sum,18.970,ip,35,4.105597,5.517920,-4.970573,13.181768,-6.102554,12.382477,0,6.049090,-4.645574,16.743754
z_gcs_1m_adj_sum,18.970,ip,36,1.521041,5.216173,-7.058800,10.100881,-8.128879,9.345300,0,3.800952,-6.526474,14.128378
z_gcs_1m_adj_sum,18.970,ip,37,4.372833,4.737060,-3.418937,12.164602,-4.390727,11.478422,0,6.284812,-4.196460,16.766084
z_gcs_1m_adj_sum,18.970,ip,38,-1.229661,5.350161,-10.029893,7.570570,-11.394967,6.528072,0,0.902009,-9.176085,10.980103
z_gcs_1m_adj_sum,18.970,ip,39,0.767897,4.796751,-7.122057,8.657851,-8.106093,7.723186,0,2.412859,-8.020625,12.846342
z_gcs_1m_adj_sum,18.970,ip,40,-0.132739,4.828949,-8.075652,7.810175,-9.066293,7.110684,0,2.137236,-7.929206,12.203678
z_gcs_1m_adj_sum,18.970,ip,41,-0.603213,4.286104,-7.653228,6.446801,-8.532507,5.611638,0,2.159776,-8.298992,12.618543
z_gcs_1m_adj_sum,18.970,ip,42,-2.743748,4.378103,-9.945087,4.457591,-10.843239,3.823407,0,-0.371601,-10.251294,9.508093
z_gcs_1m_adj_sum,18.970,ip,43,-2.083118,3.683995,-8.142751,3.976514,-8.898509,3.258675,0,-0.164634,-9.900512,9.571244
z_gcs_1m_adj_sum,18.970,ip,44,-2.448628,4.247093,-9.434473,4.537218,-10.305749,3.709656,0,0.015357,-9.633930,9.664643
z_gcs_1m_adj_sum,18.970,ip,45,-3.845773,3.614865,-9.791696,2.100150,-10.533273,1.395781,0,-0.661751,-10.104885,8.781383
z_gcs_1m_adj_sum,18.970,ip,46,-2.249548,2.430574,-6.247487,1.748392,-6.259995,1.760900,0,-0.618077,-10.259669,9.023516
z_gcs_1m_adj_sum,18.970,ip,47,-5.761757,3.067886,-10.807980,-0.715534,-11.283952,-1.159928,0,-3.336839,-13.259621,6.585943
z_gcs_1m_adj_sum,18.970,ip,48,-3.773040,2.746301,-8.290303,0.744224,-8.441752,0.621042,0,-0.746219,-10.326898,8.834461
z_gcs_1m_adj_sum,18.970,hicp_yoy,0,0.555013,0.440174,-0.169010,1.279035,-0.105249,1.457371,0,0.615305,-0.026963,1.257574
z_gcs_1m_adj_sum,18.970,hicp_yoy,1,0.535179,0.666733,-0.561500,1.631858,-0.564931,1.735299,0,0.572140,-0.432636,1.576915
z_gcs_1m_adj_sum,18.970,hicp_yoy,2,0.884339,0.861073,-0.531999,2.300678,-0.536431,2.391217,0,0.827163,-0.395020,2.049346
z_gcs_1m_adj_sum,18.970,hicp_yoy,3,0.769916,0.904338,-0.717588,2.257420,-0.677025,2.352508,0,0.749502,-0.585138,2.084143
z_gcs_1m_adj_sum,18.970,hicp_yoy,4,0.790370,0.954732,-0.780025,2.360765,-0.689465,2.556625,0,0.837009,-0.638701,2.312719
z_gcs_1m_adj_sum,18.970,hicp_yoy,5,0.543440,1.004952,-1.109560,2.196439,-1.064484,2.352354,0,0.606982,-0.931857,2.145821
z_gcs_1m_adj_sum,18.970,hicp_yoy,6,0.323843,1.111007,-1.503601,2.151288,-1.564869,2.212556,0,0.472963,-1.387147,2.333074
z_gcs_1m_adj_sum,18.970,hicp_yoy,7,-0.221532,1.160285,-2.130032,1.686967,-2.194018,1.750953,0,0.028915,-1.986243,2.044073
z_gcs_1m_adj_sum,18.970,hicp_yoy,8,-0.994442,1.184596,-2.942930,0.954045,-3.008256,0.960142,0,-0.745831,-2.831698,1.340036
z_gcs_1m_adj_sum,18.970,hicp_yoy,9,-1.145695,1.367392,-3.394854,1.103464,-3.470261,1.110501,0,-0.925529,-3.197030,1.345972
z_gcs_1m_adj_sum,18.970,hicp_yoy,10,-1.197736,1.496048,-3.658515,1.263044,-3.741017,1.270743,0,-1.061302,-3.372656,1.250053
z_gcs_1m_adj_sum,18.970,hicp_yoy,11,-1.187932,1.568146,-3.767302,1.391439,-3.775372,1.477916,0,-1.011524,-3.443457,1.420409
z_gcs_1m_adj_sum,18.970,hicp_yoy,12,-0.742361,1.550708,-3.293048,1.808326,-3.223494,1.971377,0,-0.482037,-2.867502,1.903428
z_gcs_1m_adj_sum,18.970,hicp_yoy,13,-0.705944,1.581399,-3.307113,1.895225,-3.236182,2.140574,0,-0.454848,-2.798463,1.888766
z_gcs_1m_adj_sum,18.970,hicp_yoy,14,-0.612789,1.436915,-2.976303,1.750726,-2.840007,2.045504,0,-0.238687,-2.514982,2.037607
z_gcs_1m_adj_sum,18.970,hicp_yoy,15,0.105276,1.372134,-2.151684,2.362235,-1.952925,2.643723,0,0.472058,-1.692736,2.636851
z_gcs_1m_adj_sum,18.970,hicp_yoy,16,0.481288,1.317498,-1.685804,2.648380,-1.494960,2.918660,0,0.844187,-1.221284,2.909658
z_gcs_1m_adj_sum,18.970,hicp_yoy,17,0.988021,1.541102,-1.546866,3.522909,-1.323632,3.916116,0,1.260138,-0.891812,3.412088
z_gcs_1m_adj_sum,18.970,hicp_yoy,18,1.251909,1.475172,-1.174532,3.678351,-0.887090,4.128495,0,1.524742,-0.578780,3.628264
z_gcs_1m_adj_sum,18.970,hicp_yoy,19,1.563415,1.593695,-1.057980,4.184810,-0.747442,4.671120,0,1.605288,-0.473435,3.684010
z_gcs_1m_adj_sum,18.970,hicp_yoy,20,2.033832,1.601778,-0.600858,4.668522,-0.208657,5.157298,0,2.109318,-0.017516,4.236152
z_gcs_1m_adj_sum,18.970,hicp_yoy,21,2.248917,1.563445,-0.322721,4.820556,0.060094,5.297636,0,2.308437,0.144802,4.472073
z_gcs_1m_adj_sum,18.970,hicp_yoy,22,1.942193,1.352796,-0.282959,4.167345,-0.019362,4.512506,0,1.929656,-0.286333,4.145644
z_gcs_1m_adj_sum,18.970,hicp_yoy,23,2.455014,1.370497,0.200748,4.709281,0.467794,5.058958,0,2.222157,0.162218,4.282096
z_gcs_1m_adj_sum,18.970,hicp_yoy,24,2.344524,1.253709,0.282355,4.406692,0.463960,4.663886,0,2.107858,0.212225,4.003492
z_gcs_1m_adj_sum,18.970,hicp_yoy,25,0.982227,1.215964,-1.017856,2.982310,-0.902517,3.170962,0,0.863910,-0.900088,2.627908
z_gcs_1m_adj_sum,18.970,hicp_yoy,26,0.433323,1.041927,-1.280494,2.147140,-1.233760,2.204599,0,0.244004,-1.445310,1.933319
z_gcs_1m_adj_sum,18.970,hicp_yoy,27,-0.687695,0.977235,-2.295104,0.919714,-2.300133,0.973605,0,-0.837670,-2.568233,0.892893
z_gcs_1m_adj_sum,18.970,hicp_yoy,28,-0.714971,1.102507,-2.528434,1.098492,-2.534108,1.104166,0,-0.967979,-2.681168,0.745211
z_gcs_1m_adj_sum,18.970,hicp_yoy,29,-0.322272,0.982376,-1.938137,1.293593,-1.943192,1.298649,0,-0.563421,-2.309588,1.182746
z_gcs_1m_adj_sum,18.970,hicp_yoy,30,0.469261,0.838108,-0.909304,1.847825,-0.913617,1.852138,0,0.174991,-1.365847,1.715829
z_gcs_1m_adj_sum,18.970,hicp_yoy,31,0.315772,0.922134,-1.201003,1.832546,-1.251856,1.791185,0,0.146383,-1.356766,1.649531
z_gcs_1m_adj_sum,18.970,hicp_yoy,32,0.784742,0.778026,-0.494996,2.064481,-0.537901,2.029583,0,0.520165,-0.910980,1.951310
z_gcs_1m_adj_sum,18.970,hicp_yoy,33,0.906797,0.614429,-0.103849,1.917443,-0.137732,1.889884,0,0.740913,-0.598192,2.080018
z_gcs_1m_adj_sum,18.970,hicp_yoy,34,0.758740,0.608413,-0.242009,1.759490,-0.275561,1.762621,0,0.650754,-0.797883,2.099391
z_gcs_1m_adj_sum,18.970,hicp_yoy,35,0.477809,0.678366,-0.638003,1.593621,-0.709330,1.529276,0,0.403910,-0.916252,1.724072
z_gcs_1m_adj_sum,18.970,hicp_yoy,36,0.676859,0.697225,-0.469975,1.823693,-0.543286,1.792419,0,0.663351,-0.751355,2.078056
z_gcs_1m_adj_sum,18.970,hicp_yoy,37,1.458024,0.751602,0.221749,2.694299,0.142721,2.623007,0,1.491080,-0.020894,3.003054
z_gcs_1m_adj_sum,18.970,hicp_yoy,38,1.629207,0.727690,0.432263,2.826150,0.319365,2.757126,0,1.592722,-0.161095,3.346539
z_gcs_1m_adj_sum,18.970,hicp_yoy,39,1.419871,0.876929,-0.022549,2.862290,-0.114755,2.822957,0,1.222344,-0.582993,3.027680
z_gcs_1m_adj_sum,18.970,hicp_yoy,40,1.444528,0.570926,0.505438,2.383617,0.473954,2.358009,0,1.323605,-0.535418,3.182629
z_gcs_1m_adj_sum,18.970,hicp_yoy,41,0.568465,0.828630,-0.794510,1.931439,-0.923069,1.852841,0,0.284653,-1.599579,2.168884
z_gcs_1m_adj_sum,18.970,hicp_yoy,42,-0.208644,0.701477,-1.362470,0.945183,-1.506376,0.843572,0,-0.538118,-2.253677,1.177440
z_gcs_1m_adj_sum,18.970,hicp_yoy,43,0.086602,0.745638,-1.139864,1.313067,-1.255547,1.205059,0,-0.397490,-2.099613,1.304633
z_gcs_1m_adj_sum,18.970,hicp_yoy,44,0.326050,0.932813,-1.208290,1.860391,-1.399654,1.678629,0,-0.048819,-1.747847,1.650208
z_gcs_1m_adj_sum,18.970,hicp_yoy,45,0.449856,1.066736,-1.304769,2.204481,-1.523606,1.996624,0,0.162897,-1.503870,1.829664
z_gcs_1m_adj_sum,18.970,hicp_yoy,46,-0.004637,1.059584,-1.747498,1.738224,-1.964868,1.531760,0,-0.181936,-1.909137,1.545266
z_gcs_1m_adj_sum,18.970,hicp_yoy,47,0.129010,0.961661,-1.452782,1.710802,-1.601980,1.571502,0,0.038445,-1.731705,1.808595
z_gcs_1m_adj_sum,18.970,hicp_yoy,48,0.016024,0.880357,-1.432035,1.464082,-1.568619,1.336559,0,-0.199832,-1.894725,1.495061
z_gcs_1m_adj_sum,18.970,stoxx,0,10.975205,8.426339,-2.884890,24.835299,-1.242987,29.091834,0,10.526833,-3.698280,24.751946
z_gcs_1m_adj_sum,18.970,stoxx,1,17.366749,11.137338,-0.952541,35.686040,0.103876,38.527691,0,17.757068,-2.238761,37.752896
z_gcs_1m_adj_sum,18.970,stoxx,2,36.129689,13.314965,14.228520,58.030858,16.822989,62.759620,0,34.709164,7.889113,61.529215
z_gcs_1m_adj_sum,18.970,stoxx,3,33.772694,13.830991,11.022739,56.522649,12.334658,59.360026,0,34.418741,7.467753,61.369729
z_gcs_1m_adj_sum,18.970,stoxx,4,39.768997,17.349908,11.230937,68.307057,11.141648,69.263841,0,40.427363,11.896920,68.957805
z_gcs_1m_adj_sum,18.970,stoxx,5,33.405862,24.421677,-6.764222,73.575946,-5.668821,76.143797,0,33.300035,-2.991189,69.591259
z_gcs_1m_adj_sum,18.970,stoxx,6,27.864211,30.608457,-22.482221,78.210643,-22.639744,81.429011,0,27.372693,-13.666026,68.411412
z_gcs_1m_adj_sum,18.970,stoxx,7,33.407743,27.308545,-11.510817,78.326302,-10.285930,82.563124,0,31.934981,-9.137444,73.007406
z_gcs_1m_adj_sum,18.970,stoxx,8,17.892795,23.637976,-20.988215,56.773805,-21.109865,58.077354,0,16.513044,-24.088932,57.115019
z_gcs_1m_adj_sum,18.970,stoxx,9,16.768340,25.124388,-24.557600,58.094281,-24.686899,59.479800,0,15.202708,-26.577729,56.983145
z_gcs_1m_adj_sum,18.970,stoxx,10,18.123024,26.459523,-25.399018,61.645066,-24.212213,64.427189,0,14.940676,-28.627132,58.508484
z_gcs_1m_adj_sum,18.970,stoxx,11,37.247796,25.565168,-4.803163,79.298755,-4.934731,80.708581,0,34.960546,-10.585642,80.506734
z_gcs_1m_adj_sum,18.970,stoxx,12,53.478772,22.230099,16.913514,90.044031,19.022119,93.492950,0,52.092033,5.974312,98.209754
z_gcs_1m_adj_sum,18.970,stoxx,13,57.412301,22.317662,20.703014,94.121588,22.819925,97.584093,0,55.275716,9.574915,100.976516
z_gcs_1m_adj_sum,18.970,stoxx,14,72.550472,27.631053,27.101434,117.999510,31.103892,123.667920,0,68.271675,19.853078,116.690272
z_gcs_1m_adj_sum,18.970,stoxx,15,81.608550,31.401012,29.958482,133.258619,34.507033,139.700422,0,77.072805,27.148250,126.997360
z_gcs_1m_adj_sum,18.970,stoxx,16,79.533148,32.626589,25.867185,133.199112,28.961935,138.261009,0,77.352546,31.264686,123.440405
z_gcs_1m_adj_sum,18.970,stoxx,17,74.037951,30.493758,23.880183,124.195719,26.772627,128.926715,0,72.455322,28.257977,116.652667
z_gcs_1m_adj_sum,18.970,stoxx,18,53.443129,30.587839,3.130611,103.755647,4.502587,106.971847,0,50.914491,7.844568,93.984414
z_gcs_1m_adj_sum,18.970,stoxx,19,66.293051,29.381949,17.964046,114.622055,19.281933,117.711461,0,66.009196,19.971321,112.047071
z_gcs_1m_adj_sum,18.970,stoxx,20,73.201992,27.194391,28.471199,117.932785,31.050686,122.151896,0,73.699269,26.892441,120.506097
z_gcs_1m_adj_sum,18.970,stoxx,21,60.189357,26.790626,16.122699,104.256014,17.324356,105.733420,0,61.591345,21.974560,101.208129
z_gcs_1m_adj_sum,18.970,stoxx,22,58.631321,26.232184,15.483219,101.779424,16.659828,103.226034,0,61.204059,19.904331,102.503787
z_gcs_1m_adj_sum,18.970,stoxx,23,33.913794,27.705616,-11.657890,79.485477,-11.800473,79.628061,0,33.980986,-5.485576,73.447547
z_gcs_1m_adj_sum,18.970,stoxx,24,34.591420,24.057094,-4.978978,74.161818,-6.305639,74.285625,0,37.064122,-2.698326,76.826570
z_gcs_1m_adj_sum,18.970,stoxx,25,32.132051,23.486523,-6.499842,70.763944,-8.969364,69.710488,0,35.203358,-5.601708,76.008424
z_gcs_1m_adj_sum,18.970,stoxx,26,21.904152,19.658159,-10.430642,54.238946,-12.497626,52.374298,0,24.748158,-12.601144,62.097460
z_gcs_1m_adj_sum,18.970,stoxx,27,15.970341,19.918900,-16.793334,48.734016,-19.883679,46.844637,0,20.417233,-17.316857,58.151324
z_gcs_1m_adj_sum,18.970,stoxx,28,14.223879,21.218248,-20.677034,49.124791,-23.968968,46.051251,0,19.763130,-17.512642,57.038902
z_gcs_1m_adj_sum,18.970,stoxx,29,23.794037,19.038529,-7.521556,55.109629,-11.427241,52.351829,0,30.856542,-7.613720,69.326803
z_gcs_1m_adj_sum,18.970,stoxx,30,15.216870,22.599539,-21.956064,52.389804,-26.592278,47.986201,0,24.838529,-15.013118,64.690175
z_gcs_1m_adj_sum,18.970,stoxx,31,10.831457,23.395790,-27.651192,49.314107,-32.450754,44.755353,0,22.753731,-17.759257,63.266719
z_gcs_1m_adj_sum,18.970,stoxx,32,12.053342,20.911537,-22.343074,46.449759,-26.633000,43.420647,0,23.904109,-17.024662,64.832880
z_gcs_1m_adj_sum,18.970,stoxx,33,12.015234,21.124942,-22.732205,46.762672,-27.065910,43.702647,0,24.057597,-16.083524,64.198717
z_gcs_1m_adj_sum,18.970,stoxx,34,21.512050,19.338100,-10.296294,53.320394,-13.296530,50.519200,0,33.924205,-6.850117,74.698527
z_gcs_1m_adj_sum,18.970,stoxx,35,10.457741,19.141411,-21.027078,41.942559,-24.953869,38.212786,0,25.065404,-11.569433,61.700242
z_gcs_1m_adj_sum,18.970,stoxx,36,10.113184,18.097897,-19.655207,39.881575,-22.463030,37.260029,0,22.327315,-11.665814,56.320444
z_gcs_1m_adj_sum,18.970,stoxx,37,-1.352093,15.783612,-27.313823,24.609638,-28.973413,23.112506,0,9.968801,-22.142481,42.080083
z_gcs_1m_adj_sum,18.970,stoxx,38,-2.875522,14.878608,-27.348655,21.597610,-29.657017,19.442390,0,9.614581,-21.916383,41.145545
z_gcs_1m_adj_sum,18.970,stoxx,39,-7.546605,12.884949,-28.740460,13.647250,-30.095265,12.425066,0,3.366135,-28.266988,34.999258
z_gcs_1m_adj_sum,18.970,stoxx,40,-30.002796,12.184680,-50.044810,-9.960781,-51.325985,-10.507308,0,-14.984778,-47.343886,17.374331
z_gcs_1m_adj_sum,18.970,stoxx,41,-31.149822,12.578622,-51.839814,-10.459829,-53.162411,-11.024026,0,-17.434142,-50.962820,16.094537
z_gcs_1m_adj_sum,18.970,stoxx,42,-17.541741,11.261264,-36.064872,0.981389,-36.685890,0.476281,0,-5.955103,-40.390944,28.480739
z_gcs_1m_adj_sum,18.970,stoxx,43,-26.225239,12.021691,-45.999161,-6.451317,-47.864282,-8.192702,0,-13.147333,-49.670050,23.375383
z_gcs_1m_adj_sum,18.970,stoxx,44,-30.617043,12.380259,-50.980757,-10.253329,-52.282496,-11.427641,0,-19.548897,-55.962667,16.864873
z_gcs_1m_adj_sum,18.970,stoxx,45,-24.559861,12.910106,-45.795095,-3.324626,-45.216030,-2.612680,0,-13.136059,-46.947264,20.675145
z_gcs_1m_adj_sum,18.970,stoxx,46,-29.020129,11.440255,-47.837673,-10.202585,-47.324536,-9.571696,0,-15.811988,-48.850853,17.226878
z_gcs_1m_adj_sum,18.970,stoxx,47,-24.392752,11.127984,-42.696657,-6.088847,-41.084728,-3.805982,0,-10.032904,-44.542222,24.476415
z_gcs_1m_adj_sum,18.970,stoxx,48,-29.111451,14.315413,-52.658209,-5.564692,-51.300341,-3.343707,0,-15.010330,-51.804614,21.783953
z_gc_1m_adj_sum,14.503,ois1m,0,1.000000,0.000000,1.000000,1.000000,1.000000,1.000000,0,1.000000,1.000000,1.000000
z_gc_1m_adj_sum,14.503,ois1m,1,0.452493,0.298466,-0.038439,0.943426,-0.263824,0.855422,0,0.536711,0.011179,1.062244
z_gc_1m_adj_sum,14.503,ois1m,2,-0.200651,0.461681,-0.960048,0.558747,-1.401021,0.353366,0,-0.134463,-0.964192,0.695266
z_gc_1m_adj_sum,14.503,ois1m,3,-0.479059,0.614129,-1.489212,0.531093,-2.045089,0.288602,0,-0.319505,-1.405802,0.766793
z_gc_1m_adj_sum,14.503,ois1m,4,-0.213749,0.802519,-1.533774,1.106277,-2.179919,0.789399,0,-0.156013,-1.646470,1.334444
z_gc_1m_adj_sum,14.503,ois1m,5,-0.768952,0.795904,-2.078098,0.540194,-2.639327,0.265724,0,-0.719004,-2.509669,1.071661
z_gc_1m_adj_sum,14.503,ois1m,6,-0.641643,0.856985,-2.051258,0.767973,-2.569859,0.515288,0,-0.573075,-2.517867,1.371718
z_gc_1m_adj_sum,14.503,ois1m,7,-0.859412,0.964124,-2.445256,0.726431,-3.028692,0.442156,0,-0.837946,-2.932687,1.256795
z_gc_1m_adj_sum,14.503,ois1m,8,-0.461681,0.905053,-1.950361,1.026999,-2.362293,0.805394,0,-0.640685,-2.727627,1.446257
z_gc_1m_adj_sum,14.503,ois1m,9,-0.510770,0.962915,-2.094624,1.073083,-2.581037,0.837310,0,-0.708539,-2.818824,1.401747
z_gc_1m_adj_sum,14.503,ois1m,10,-0.573545,1.050363,-2.301239,1.154149,-2.831826,0.896964,0,-0.893458,-3.012329,1.225412
z_gc_1m_adj_sum,14.503,ois1m,11,-0.085136,0.986513,-1.707805,1.537533,-2.107487,1.345307,0,-0.451286,-2.413618,1.511046
z_gc_1m_adj_sum,14.503,ois1m,12,-0.167358,1.016798,-1.839841,1.505126,-2.200953,1.357839,0,-0.561971,-2.492037,1.368094
z_gc_1m_adj_sum,14.503,ois1m,13,0.034759,1.035551,-1.668571,1.738089,-1.984565,1.588085,0,-0.351350,-2.201897,1.499197
z_gc_1m_adj_sum,14.503,ois1m,14,0.487584,1.062811,-1.260585,2.235752,-1.425476,2.241222,0,0.097938,-1.720272,1.916148
z_gc_1m_adj_sum,14.503,ois1m,15,0.666630,1.134668,-1.199733,2.532993,-1.319039,2.595565,0,0.266225,-1.568183,2.100634
z_gc_1m_adj_sum,14.503,ois1m,16,0.717882,1.197831,-1.252375,2.688139,-1.378323,2.754195,0,0.402809,-1.504386,2.310003
z_gc_1m_adj_sum,14.503,ois1m,17,0.785812,1.213843,-1.210782,2.782406,-1.277721,2.910037,0,0.531654,-1.461607,2.524916
z_gc_1m_adj_sum,14.503,ois1m,18,0.725891,1.254332,-1.337302,2.789083,-1.406474,2.920972,0,0.491845,-1.567874,2.551563
z_gc_1m_adj_sum,14.503,ois1m,19,0.709037,1.223911,-1.304117,2.722190,-1.371611,2.789685,0,0.556746,-1.520520,2.634012
z_gc_1m_adj_sum,14.503,ois1m,20,0.364097,1.210117,-1.626369,2.354563,-1.693102,2.481802,0,0.279768,-1.826563,2.386098
z_gc_1m_adj_sum,14.503,ois1m,21,0.525498,1.250321,-1.531097,2.582093,-1.537532,2.776076,0,0.480421,-1.656167,2.617009
z_gc_1m_adj_sum,14.503,ois1m,22,0.402339,1.226828,-1.615614,2.420292,-1.621928,2.610630,0,0.415283,-1.720286,2.550851
z_gc_1m_adj_sum,14.503,ois1m,23,0.220804,1.207307,-1.765040,2.206648,-1.771253,2.333592,0,0.187350,-1.959448,2.334148
z_gc_1m_adj_sum,14.503,ois1m,24,0.566745,1.247424,-1.485084,2.618574,-1.491504,2.749737,0,0.579511,-1.615542,2.774565
z_gc_1m_adj_sum,14.503,ois1m,25,0.404660,1.226434,-1.612644,2.421965,-1.680278,2.428277,0,0.449787,-1.804139,2.703714
z_gc_1m_adj_sum,14.503,ois1m,26,0.032450,1.301288,-2.107979,2.172878,-2.244804,2.179575,0,0.123075,-2.179021,2.425171
z_gc_1m_adj_sum,14.503,ois1m,27,-0.258027,1.365474,-2.504033,1.987978,-2.647607,1.926732,0,-0.097348,-2.385905,2.191208
z_gc_1m_adj_sum,14.503,ois1m,28,-0.070507,1.276129,-2.169553,2.028538,-2.239927,2.035106,0,0.069969,-2.073628,2.213566
z_gc_1m_adj_sum,14.503,ois1m,29,0.394793,1.236193,-1.638564,2.428150,-1.644926,2.496321,0,0.482658,-1.557959,2.523275
z_gc_1m_adj_sum,14.503,ois1m,30,0.403184,1.147001,-1.483465,2.289834,-1.432018,2.410437,0,0.530408,-1.432587,2.493402
z_gc_1m_adj_sum,14.503,ois1m,31,0.843636,1.164825,-1.072331,2.759603,-0.903602,2.998563,0,1.049367,-0.892068,2.990803
z_gc_1m_adj_sum,14.503,ois1m,32,1.028278,1.192694,-0.933529,2.990085,-0.701129,3.294396,0,1.283072,-0.709245,3.275389
z_gc_1m_adj_sum,14.503,ois1m,33,1.163941,1.187274,-0.788951,3.116833,-0.557606,3.479126,0,1.483095,-0.540854,3.507044
z_gc_1m_adj_sum,14.503,ois1m,34,1.545601,1.291383,-0.578535,3.669737,-0.262335,4.128367,0,1.964169,-0.115199,4.043537
z_gc_1m_adj_sum,14.503,ois1m,35,1.487732,1.333800,-0.706174,3.681637,-0.379588,4.155332,0,1.888947,-0.204857,3.982751
z_gc_1m_adj_sum,14.503,ois1m,36,1.663615,1.346961,-0.551939,3.879168,-0.222131,4.357537,0,2.077890,-0.056570,4.212349
z_gc_1m_adj_sum,14.503,ois1m,37,1.868815,1.345588,-0.344480,4.082110,-0.015008,4.559991,0,2.343718,0.157309,4.530128
z_gc_1m_adj_sum,14.503,ois1m,38,1.747928,1.338397,-0.453538,3.949395,-0.125827,4.424722,0,2.201075,0.016074,4.386076
z_gc_1m_adj_sum,14.503,ois1m,39,1.684435,1.298757,-0.451831,3.820701,-0.133825,4.346888,0,2.169051,-0.044873,4.382975
z_gc_1m_adj_sum,14.503,ois1m,40,1.499231,1.215626,-0.500296,3.498758,-0.202646,3.930483,0,1.991383,-0.222465,4.205231
z_gc_1m_adj_sum,14.503,ois1m,41,1.248378,1.126637,-0.604775,3.101531,-0.328914,3.501652,0,1.702184,-0.406979,3.811347
z_gc_1m_adj_sum,14.503,ois1m,42,1.360534,1.172799,-0.568548,3.289616,-0.281384,3.706132,0,1.763596,-0.393986,3.921177
z_gc_1m_adj_sum,14.503,ois1m,43,1.205587,1.062428,-0.541952,2.953125,-0.281813,3.277321,0,1.650585,-0.454132,3.755301
z_gc_1m_adj_sum,14.503,ois1m,44,1.278267,1.089350,-0.513553,3.070088,-0.246822,3.456967,0,1.761882,-0.286782,3.810545
z_gc_1m_adj_sum,14.503,ois1m,45,1.191207,1.123483,-0.656758,3.039172,-0.437844,3.381998,0,1.710846,-0.364477,3.786169
z_gc_1m_adj_sum,14.503,ois1m,46,0.881361,1.045909,-0.839006,2.601729,-0.582912,2.973180,0,1.461406,-0.640887,3.563699
z_gc_1m_adj_sum,14.503,ois1m,47,1.167673,1.191740,-0.792565,3.127911,-0.500763,3.551153,0,1.672084,-0.456515,3.800684
z_gc_1m_adj_sum,14.503,ois1m,48,1.265198,1.212101,-0.728531,3.258927,-0.431744,3.689401,0,1.746574,-0.416970,3.910119
z_gc_1m_adj_sum,14.503,ip,0,1.107542,1.652020,-1.609790,3.824873,-1.948696,3.998577,0,0.819519,-2.194238,3.833275
z_gc_1m_adj_sum,14.503,ip,1,-0.415714,2.148954,-3.950428,3.119001,-4.713621,3.022612,0,-0.109481,-4.168476,3.949515
z_gc_1m_adj_sum,14.503,ip,2,2.014099,2.669215,-2.376370,6.404567,-3.724714,6.017922,0,1.995621,-3.332358,7.323600
z_gc_1m_adj_sum,14.503,ip,3,-2.952325,2.566606,-7.174016,1.269366,-8.470528,0.769254,0,-3.136803,-10.178974,3.905368
z_gc_1m_adj_sum,14.503,ip,4,-1.791183,3.724481,-7.917408,4.335043,-10.357488,3.236866,0,-2.532312,-10.358279,5.293655
z_gc_1m_adj_sum,14.503,ip,5,-0.279615,4.062994,-6.962646,6.403416,-9.015053,5.611727,0,-1.256416,-9.764676,7.251844
z_gc_1m_adj_sum,14.503,ip,6,-3.840148,4.973959,-12.021582,4.341286,-15.031556,2.874696,0,-5.326022,-16.157697,5.505653
z_gc_1m_adj_sum,14.503,ip,7,-5.995753,4.748135,-13.805740,1.814234,-16.204243,0.651636,0,-6.763995,-17.690370,4.162380
z_gc_1m_adj_sum,14.503,ip,8,-4.575586,5.322179,-13.329791,4.178620,-15.752161,3.141574,0,-5.759774,-16.078841,4.559293
z_gc_1m_adj_sum,14.503,ip,9,-3.834445,5.239140,-12.452063,4.783173,-14.574681,3.762308,0,-5.690295,-16.167865,4.787275
z_gc_1m_adj_sum,14.503,ip,10,-1.763312,5.017241,-10.015939,6.489315,-12.048656,5.762550,0,-4.216968,-14.522587,6.088651
z_gc_1m_adj_sum,14.503,ip,11,1.596761,4.248333,-5.391126,8.584648,-6.050239,8.818928,0,-0.300292,-9.136808,8.536224
z_gc_1m_adj_sum,14.503,ip,12,1.061121,3.822884,-5.226963,7.349205,-6.011214,7.368879,0,-1.473174,-9.677635,6.731288
z_gc_1m_adj_sum,14.503,ip,13,3.181431,4.306783,-3.902597,10.265459,-4.355440,10.718302,0,0.118351,-7.675952,7.912655
z_gc_1m_adj_sum,14.503,ip,14,6.237218,4.715580,-1.519220,13.993656,-1.307709,15.196819,0,3.855579,-4.268941,11.980100
z_gc_1m_adj_sum,14.503,ip,15,5.885991,5.072737,-2.457918,14.229901,-2.230387,15.524191,0,3.474344,-4.679266,11.627954
z_gc_1m_adj_sum,14.503,ip,16,4.784191,6.245799,-5.489234,15.057617,-4.896798,16.963500,0,2.928393,-6.190668,12.047454
z_gc_1m_adj_sum,14.503,ip,17,7.738556,6.863821,-3.551426,19.028537,-2.900367,21.123007,0,6.246275,-3.872460,16.365009
z_gc_1m_adj_sum,14.503,ip,18,9.108349,7.038642,-2.469186,20.685884,-1.449614,23.185632,0,7.392658,-3.271263,18.056579
z_gc_1m_adj_sum,14.503,ip,19,7.962983,6.595660,-2.885912,18.811879,-2.260290,20.494738,0,6.865001,-3.325996,17.055997
z_gc_1m_adj_sum,14.503,ip,20,7.565767,7.129451,-4.161137,19.292670,-2.771937,22.181142,0,7.053778,-3.811320,17.918875
z_gc_1m_adj_sum,14.503,ip,21,3.035364,5.659015,-6.272888,12.343615,-5.736110,13.787492,0,2.583512,-7.502425,12.669450
z_gc_1m_adj_sum,14.503,ip,22,3.636337,5.884392,-6.042627,13.315300,-5.484471,14.816682,0,3.649193,-6.808870,14.107256
z_gc_1m_adj_sum,14.503,ip,23,7.498900,6.465586,-3.136042,18.133843,-1.876200,20.430072,0,7.068762,-4.050149,18.187674
z_gc_1m_adj_sum,14.503,ip,24,4.130734,5.069436,-4.207746,12.469213,-3.726892,13.509190,0,4.142957,-5.327688,13.613603
z_gc_1m_adj_sum,14.503,ip,25,5.977274,6.086044,-4.033378,15.987926,-3.456095,17.540758,0,6.192966,-4.057360,16.443292
z_gc_1m_adj_sum,14.503,ip,26,3.301410,6.284481,-7.035641,13.638461,-6.439535,14.927700,0,3.581185,-6.441541,13.603911
z_gc_1m_adj_sum,14.503,ip,27,3.464857,5.982104,-6.374829,13.304543,-6.106510,14.232645,0,4.354601,-5.545045,14.254247
z_gc_1m_adj_sum,14.503,ip,28,5.427376,6.490689,-5.248858,16.103610,-4.957727,17.110617,0,5.864057,-4.116087,15.844201
z_gc_1m_adj_sum,14.503,ip,29,2.369442,6.581956,-8.456912,13.195796,-8.161687,14.216963,0,3.339997,-6.807417,13.487410
z_gc_1m_adj_sum,14.503,ip,30,6.566141,6.279979,-3.763506,16.895787,-3.167827,17.870103,0,7.992598,-2.993528,18.978724
z_gc_1m_adj_sum,14.503,ip,31,8.485384,5.813881,-1.077599,18.048367,0.055257,19.531758,0,9.426875,-2.096257,20.950008
z_gc_1m_adj_sum,14.503,ip,32,9.412594,6.033251,-0.511220,19.336409,0.966043,21.479096,0,10.804632,-1.910612,23.519877
z_gc_1m_adj_sum,14.503,ip,33,7.622620,7.975722,-5.496276,20.741516,-3.942178,23.175278,0,9.827701,-3.473590,23.128993
z_gc_1m_adj_sum,14.503,ip,34,10.441990,7.771103,-2.340336,23.224317,-0.826108,25.595641,0,12.817953,-1.471526,27.107431
z_gc_1m_adj_sum,14.503,ip,35,7.068857,7.689732,-5.579626,19.717340,-4.081254,22.063834,0,9.623090,-3.920038,23.166219
z_gc_1m_adj_sum,14.503,ip,36,8.257554,7.495749,-4.071856,20.586963,-2.236494,23.249051,0,10.936486,-2.810443,24.683415
z_gc_1m_adj_sum,14.503,ip,37,9.238560,7.958225,-3.851555,22.328675,-1.902955,25.155010,0,12.177322,-1.649809,26.004452
z_gc_1m_adj_sum,14.503,ip,38,8.151299,8.125643,-5.214194,21.516791,-3.630883,23.996302,0,10.551553,-3.278387,24.381494
z_gc_1m_adj_sum,14.503,ip,39,8.789078,7.564727,-3.653791,21.231947,-1.801540,23.918532,0,11.348567,-2.053673,24.750808
z_gc_1m_adj_sum,14.503,ip,40,7.308771,8.279326,-6.309508,20.927050,-4.696252,23.453457,0,10.008554,-3.436074,23.453181
z_gc_1m_adj_sum,14.503,ip,41,7.823985,7.809367,-5.021280,20.669251,-3.499597,22.661782,0,10.396188,-3.455597,24.247973
z_gc_1m_adj_sum,14.503,ip,42,6.510827,6.440823,-4.083384,17.105039,-2.506325,19.392474,0,9.434457,-3.639923,22.508837
z_gc_1m_adj_sum,14.503,ip,43,8.076306,6.727615,-2.989637,19.142249,-1.678736,21.195156,0,10.294447,-3.286595,23.875488
z_gc_1m_adj_sum,14.503,ip,44,7.801831,7.376352,-4.331188,19.934850,-2.893879,22.185717,0,10.391933,-3.446921,24.230788
z_gc_1m_adj_sum,14.503,ip,45,8.977950,7.377148,-3.156379,21.112279,-1.350057,23.363389,0,12.264970,-1.830366,26.360307
z_gc_1m_adj_sum,14.503,ip,46,8.586883,6.830848,-2.648863,19.822629,-0.976305,22.248580,0,10.562248,-3.826718,24.951214
z_gc_1m_adj_sum,14.503,ip,47,6.180444,6.396341,-4.340601,16.701490,-2.774434,18.973127,0,8.659318,-4.648655,21.967291
z_gc_1m_adj_sum,14.503,ip,48,10.365530,6.521627,-0.361592,21.092652,1.235252,23.408784,0,13.126368,-1.134973,27.387709
z_gc_1m_adj_sum,14.503,hicp_yoy,0,0.226374,0.481711,-0.565970,1.018718,-0.664792,1.069368,0,0.090165,-0.503235,0.683565
z_gc_1m_adj_sum,14.503,hicp_yoy,1,-0.244897,0.804404,-1.568024,1.078231,-2.014586,0.921490,0,-0.401213,-1.536672,0.734245
z_gc_1m_adj_sum,14.503,hicp_yoy,2,-0.235270,1.064683,-1.986518,1.515979,-2.684041,1.255287,0,-0.326709,-1.815717,1.162299
z_gc_1m_adj_sum,14.503,hicp_yoy,3,-0.716806,1.145216,-2.600518,1.166906,-3.293541,0.886496,0,-0.615546,-2.360732,1.129639
z_gc_1m_adj_sum,14.503,hicp_yoy,4,-0.936473,1.135616,-2.804395,0.931449,-3.321266,0.710170,0,-0.677510,-2.556871,1.201852
z_gc_1m_adj_sum,14.503,hicp_yoy,5,-0.949815,1.276845,-3.050038,1.150409,-3.631189,0.901611,0,-0.684911,-2.728537,1.358715
z_gc_1m_adj_sum,14.503,hicp_yoy,6,-0.480476,1.411911,-2.802863,1.841910,-3.516084,1.566794,0,-0.283651,-2.609479,2.042176
z_gc_1m_adj_sum,14.503,hicp_yoy,7,-0.808024,1.348947,-3.026844,1.410796,-3.640813,1.147949,0,-0.645805,-3.139647,1.848038
z_gc_1m_adj_sum,14.503,hicp_yoy,8,-2.188084,1.571340,-4.772708,0.396540,-5.645032,0.011791,0,-1.935246,-4.757799,0.887306
z_gc_1m_adj_sum,14.503,hicp_yoy,9,-1.965871,1.819542,-4.958751,1.027009,-5.968863,0.490511,0,-1.830428,-4.805343,1.144486
z_gc_1m_adj_sum,14.503,hicp_yoy,10,-2.231015,2.049815,-5.602661,1.140631,-6.843099,0.536235,0,-2.316522,-5.542710,0.909666
z_gc_1m_adj_sum,14.503,hicp_yoy,11,-2.116187,1.883194,-5.213766,0.981392,-6.353374,0.426125,0,-2.169907,-5.310594,0.970779
z_gc_1m_adj_sum,14.503,hicp_yoy,12,-1.488565,1.455411,-3.882504,0.905373,-4.472158,0.621781,0,-1.384622,-4.210002,1.440758
z_gc_1m_adj_sum,14.503,hicp_yoy,13,-1.125039,1.443001,-3.498564,1.248487,-3.938891,1.111613,0,-1.075559,-3.814758,1.663641
z_gc_1m_adj_sum,14.503,hicp_yoy,14,-0.648879,1.337046,-2.848125,1.550366,-3.055562,1.557247,0,-0.688488,-3.285265,1.908288
z_gc_1m_adj_sum,14.503,hicp_yoy,15,-0.049389,1.253402,-2.111051,2.012273,-2.305511,2.018724,0,-0.266761,-2.559556,2.026034
z_gc_1m_adj_sum,14.503,hicp_yoy,16,0.294131,1.269472,-1.793965,2.382227,-2.054393,2.388760,0,-0.015081,-2.237295,2.207133
z_gc_1m_adj_sum,14.503,hicp_yoy,17,0.587721,1.132286,-1.274724,2.450166,-1.280552,2.682450,0,0.233306,-2.005001,2.471612
z_gc_1m_adj_sum,14.503,hicp_yoy,18,0.356472,1.187375,-1.596586,2.309530,-1.602696,2.493747,0,0.097110,-2.147745,2.341964
z_gc_1m_adj_sum,14.503,hicp_yoy,19,0.340931,1.235270,-1.690907,2.372769,-1.697264,2.564417,0,0.180755,-2.104261,2.465772
z_gc_1m_adj_sum,14.503,hicp_yoy,20,0.962495,1.184539,-0.985897,2.910888,-1.051220,3.035438,0,0.736113,-1.561054,3.033280
z_gc_1m_adj_sum,14.503,hicp_yoy,21,0.303928,1.213704,-1.692438,2.300294,-1.698685,2.427910,0,0.219348,-2.120824,2.559521
z_gc_1m_adj_sum,14.503,hicp_yoy,22,-0.086958,1.180024,-2.027925,1.854009,-2.152000,1.919083,0,-0.099210,-2.573079,2.374660
z_gc_1m_adj_sum,14.503,hicp_yoy,23,0.044883,1.100220,-1.764819,1.854584,-1.880503,1.860246,0,0.034207,-2.300872,2.369287
z_gc_1m_adj_sum,14.503,hicp_yoy,24,-0.333247,1.196707,-2.301655,1.635161,-2.666826,1.461814,0,-0.392726,-2.864318,2.078866
z_gc_1m_adj_sum,14.503,hicp_yoy,25,-1.183251,1.177241,-3.119640,0.753139,-3.478871,0.582611,0,-1.074595,-3.518801,1.369612
z_gc_1m_adj_sum,14.503,hicp_yoy,26,-1.710819,1.256017,-3.776783,0.355145,-4.285653,0.047605,0,-1.473176,-3.981608,1.035256
z_gc_1m_adj_sum,14.503,hicp_yoy,27,-2.384606,1.518631,-4.882532,0.113320,-5.421868,-0.258523,0,-2.152582,-4.693940,0.388776
z_gc_1m_adj_sum,14.503,hicp_yoy,28,-2.193299,1.440901,-4.563369,0.176772,-5.003055,-0.103993,0,-2.052787,-4.429460,0.323887
z_gc_1m_adj_sum,14.503,hicp_yoy,29,-1.550270,1.201519,-3.526592,0.426052,-3.833155,0.191932,0,-1.444607,-3.650006,0.760791
z_gc_1m_adj_sum,14.503,hicp_yoy,30,-1.134171,1.064155,-2.884551,0.616209,-3.156067,0.462062,0,-1.174030,-3.093189,0.745130
z_gc_1m_adj_sum,14.503,hicp_yoy,31,-0.922943,0.983338,-2.540390,0.694503,-2.840452,0.502896,0,-0.925985,-2.791054,0.939084
z_gc_1m_adj_sum,14.503,hicp_yoy,32,-0.538442,0.721625,-1.725410,0.648525,-1.873448,0.543995,0,-0.449341,-2.001383,1.102701
z_gc_1m_adj_sum,14.503,hicp_yoy,33,0.066510,0.792633,-1.237255,1.370276,-1.320597,1.334723,0,0.216264,-1.305515,1.738042
z_gc_1m_adj_sum,14.503,hicp_yoy,34,0.463557,0.835026,-0.909938,1.837052,-0.872485,1.924852,0,0.719404,-0.935917,2.374726
z_gc_1m_adj_sum,14.503,hicp_yoy,35,0.584430,0.932408,-0.949243,2.118104,-0.860801,2.262764,0,0.700900,-0.916388,2.318188
z_gc_1m_adj_sum,14.503,hicp_yoy,36,0.539601,0.806183,-0.786452,1.865653,-0.669674,2.031039,0,0.540873,-0.995781,2.077527
z_gc_1m_adj_sum,14.503,hicp_yoy,37,1.151467,0.881315,-0.298168,2.601102,-0.214572,2.781900,0,1.120695,-0.603050,2.844439
z_gc_1m_adj_sum,14.503,hicp_yoy,38,1.472877,1.109287,-0.351737,3.297491,-0.135589,3.580522,0,1.400596,-0.621087,3.422278
z_gc_1m_adj_sum,14.503,hicp_yoy,39,0.672942,1.139743,-1.201769,2.547652,-0.979686,2.895440,0,0.733445,-1.247881,2.714771
z_gc_1m_adj_sum,14.503,hicp_yoy,40,1.372524,1.246814,-0.678302,3.423350,-0.435356,3.741470,0,1.508658,-0.564295,3.581611
z_gc_1m_adj_sum,14.503,hicp_yoy,41,0.435555,1.205485,-1.547291,2.418401,-1.372672,2.665702,0,0.508466,-1.501016,2.517948
z_gc_1m_adj_sum,14.503,hicp_yoy,42,0.146749,0.791875,-1.155769,1.449266,-1.080657,1.572123,0,0.231006,-1.505976,1.967989
z_gc_1m_adj_sum,14.503,hicp_yoy,43,0.607735,0.963454,-0.977007,2.192476,-0.837447,2.438298,0,0.675904,-1.037786,2.389594
z_gc_1m_adj_sum,14.503,hicp_yoy,44,1.477145,1.133494,-0.387287,3.341576,-0.223096,3.574108,0,1.467295,-0.314184,3.248775
z_gc_1m_adj_sum,14.503,hicp_yoy,45,0.884304,1.218783,-1.120416,2.889024,-0.882932,3.199992,0,0.979003,-0.939390,2.897395
z_gc_1m_adj_sum,14.503,hicp_yoy,46,0.424328,1.149445,-1.466340,2.314996,-1.299839,2.608273,0,0.551620,-1.384918,2.488159
z_gc_1m_adj_sum,14.503,hicp_yoy,47,0.542830,0.979362,-1.068077,2.153738,-0.877245,2.452587,0,0.678791,-1.318745,2.676328
z_gc_1m_adj_sum,14.503,hicp_yoy,48,1.082817,0.875086,-0.356571,2.522205,-0.142304,2.832988,0,1.037199,-0.999288,3.073687
z_gc_1m_adj_sum,14.503,stoxx,0,16.435237,12.752761,-4.541189,37.411663,-0.143353,47.679502,0,15.688457,-4.780343,36.157256
z_gc_1m_adj_sum,14.503,stoxx,1,21.346642,16.041887,-5.039913,47.733197,-0.309905,59.045076,0,19.853081,-7.361035,47.067198
z_gc_1m_adj_sum,14.503,stoxx,2,24.186898,17.757492,-5.021577,53.395373,0.214284,65.917004,0,20.626506,-7.581659,48.834671
z_gc_1m_adj_sum,14.503,stoxx,3,19.629317,17.122370,-8.534475,47.793109,-5.198119,55.586294,0,19.276433,-9.420942,47.973807
z_gc_1m_adj_sum,14.503,stoxx,4,30.442844,17.509040,1.643036,59.242651,-0.197976,61.083663,0,32.597127,2.340331,62.853923
z_gc_1m_adj_sum,14.503,stoxx,5,15.901424,21.903336,-20.126358,51.929205,-20.239080,56.422595,0,17.758050,-20.366809,55.882909
z_gc_1m_adj_sum,14.503,stoxx,6,5.975671,23.178128,-32.148957,44.100299,-32.268241,48.855208,0,6.803624,-32.136811,45.744059
z_gc_1m_adj_sum,14.503,stoxx,7,16.842786,23.361152,-21.582890,55.268462,-19.367000,62.397033,0,16.045932,-29.158464,61.250327
z_gc_1m_adj_sum,14.503,stoxx,8,18.725765,24.328630,-21.291271,58.742800,-21.416475,62.517299,0,11.264011,-36.684093,59.212114
z_gc_1m_adj_sum,14.503,stoxx,9,28.891723,22.458553,-8.049309,65.832755,-7.041962,71.562973,0,21.630821,-27.498264,70.759906
z_gc_1m_adj_sum,14.503,stoxx,10,20.716514,23.684144,-18.240436,59.673464,-14.809702,68.084801,0,16.400632,-36.139054,68.940319
z_gc_1m_adj_sum,14.503,stoxx,11,32.171255,26.452146,-11.338653,75.681162,-7.506964,85.075546,0,27.954698,-30.008595,85.917990
z_gc_1m_adj_sum,14.503,stoxx,12,37.953010,25.305165,-3.670283,79.576303,1.260520,89.828599,0,34.545643,-24.041117,93.132403
z_gc_1m_adj_sum,14.503,stoxx,13,32.885748,24.068298,-6.703080,72.474576,-3.216699,81.022345,0,29.741035,-23.667267,83.149338
z_gc_1m_adj_sum,14.503,stoxx,14,33.897020,24.609099,-6.581346,74.375387,-1.786174,84.345674,0,34.068097,-14.590602,82.726796
z_gc_1m_adj_sum,14.503,stoxx,15,39.829734,29.929601,-9.400079,89.059547,-2.071708,104.178376,0,42.187548,-7.198369,91.573464
z_gc_1m_adj_sum,14.503,stoxx,16,38.638295,29.085751,-9.203509,86.480099,-2.081757,99.718373,0,42.547626,-2.881666,87.976919
z_gc_1m_adj_sum,14.503,stoxx,17,41.829567,30.592875,-8.491233,92.150368,-2.530101,106.074604,0,45.958847,-0.736913,92.654607
z_gc_1m_adj_sum,14.503,stoxx,18,19.346827,30.040094,-30.064730,68.758384,-25.713314,79.427015,0,23.637390,-21.140124,68.414904
z_gc_1m_adj_sum,14.503,stoxx,19,29.896557,28.888583,-17.620933,77.414047,-13.436317,87.673723,0,34.838714,-10.068998,79.746427
z_gc_1m_adj_sum,14.503,stoxx,20,32.599715,25.300763,-9.016336,74.215767,-2.821353,85.731317,0,35.733282,-7.680742,79.147306
z_gc_1m_adj_sum,14.503,stoxx,21,30.475329,22.733826,-6.918488,67.869145,-1.352028,79.353055,0,33.008109,-4.886058,70.902277
z_gc_1m_adj_sum,14.503,stoxx,22,31.747079,26.361562,-11.613831,75.107990,-3.841029,88.424437,0,38.512614,-3.824809,80.850037
z_gc_1m_adj_sum,14.503,stoxx,23,2.280854,25.175324,-39.128868,43.690577,-34.223365,52.631502,0,8.695174,-31.265266,48.655615
z_gc_1m_adj_sum,14.503,stoxx,24,18.210726,24.816015,-22.607987,59.029439,-17.772496,67.842757,0,23.216504,-18.308162,64.741170
z_gc_1m_adj_sum,14.503,stoxx,25,25.141505,26.381173,-18.251663,68.534673,-13.111196,76.584792,0,25.659809,-18.624044,69.943662
z_gc_1m_adj_sum,14.503,stoxx,26,16.021258,20.775879,-18.152022,50.194538,-17.220148,53.417840,0,14.225867,-23.360305,51.812038
z_gc_1m_adj_sum,14.503,stoxx,27,16.171340,23.808727,-22.990531,55.333210,-20.732187,59.027048,0,17.174965,-22.077300,56.427230
z_gc_1m_adj_sum,14.503,stoxx,28,18.741341,21.932333,-17.334136,54.816819,-14.157158,59.316157,0,18.799576,-21.022985,58.622137
z_gc_1m_adj_sum,14.503,stoxx,29,36.207379,22.414849,-0.661768,73.076525,3.705847,79.916335,0,38.865838,-6.857339,84.589016
z_gc_1m_adj_sum,14.503,stoxx,30,33.443805,26.174535,-9.609474,76.497083,-5.817997,83.175421,0,36.679466,-10.288717,83.647650
z_gc_1m_adj_sum,14.503,stoxx,31,25.588133,26.320437,-17.705133,68.881399,-13.892523,75.596963,0,31.076249,-15.183678,77.336175
z_gc_1m_adj_sum,14.503,stoxx,32,31.786515,27.687302,-13.755043,77.328074,-8.360072,85.776753,0,38.405763,-11.934481,88.746008
z_gc_1m_adj_sum,14.503,stoxx,33,36.291632,26.761031,-7.726347,80.309611,-1.173811,89.813695,0,41.614173,-8.231046,91.459392
z_gc_1m_adj_sum,14.503,stoxx,34,40.807959,25.346598,-0.883484,82.499402,5.322722,92.768484,0,47.777337,-0.480784,96.035458
z_gc_1m_adj_sum,14.503,stoxx,35,34.613424,28.718833,-12.624852,81.851701,-5.592941,92.051090,0,44.690120,-0.876822,90.257061
z_gc_1m_adj_sum,14.503,stoxx,36,19.330137,21.351754,-15.790374,54.450648,-10.562319,63.101234,0,31.847002,-8.511164,72.205168
z_gc_1m_adj_sum,14.503,stoxx,37,5.876605,20.272214,-27.468221,39.221430,-22.504495,46.421034,0,19.129483,-18.974340,57.233306
z_gc_1m_adj_sum,14.503,stoxx,38,12.962582,22.042129,-23.293495,49.218658,-17.896399,55.944734,0,24.860292,-14.124545,63.845129
z_gc_1m_adj_sum,14.503,stoxx,39,11.873057,20.324564,-21.557876,45.303990,-16.581333,52.522185,0,22.041344,-17.758119,61.840806
z_gc_1m_adj_sum,14.503,stoxx,40,3.666645,18.794312,-27.247247,34.580537,-22.645392,41.255269,0,12.402648,-26.668970,51.474265
z_gc_1m_adj_sum,14.503,stoxx,41,0.656133,15.813295,-25.354422,26.666689,-21.482480,32.282723,0,9.907621,-29.733868,49.549110
z_gc_1m_adj_sum,14.503,stoxx,42,15.346561,14.860820,-9.097313,39.790434,-5.458587,45.811241,0,23.365933,-19.373993,66.105859
z_gc_1m_adj_sum,14.503,stoxx,43,15.830006,14.349785,-7.773290,39.433302,-4.977182,43.812087,0,23.677294,-18.506358,65.860946
z_gc_1m_adj_sum,14.503,stoxx,44,9.100860,14.563400,-14.853801,33.055521,-11.287899,37.499489,0,17.644946,-22.670946,57.960839
z_gc_1m_adj_sum,14.503,stoxx,45,10.024177,18.241202,-19.979930,40.028284,-16.425566,45.594521,0,18.534212,-22.615658,59.684083
z_gc_1m_adj_sum,14.503,stoxx,46,-0.076761,16.039507,-26.459401,26.305880,-23.334045,30.398302,0,6.334554,-32.622318,45.291427
z_gc_1m_adj_sum,14.503,stoxx,47,17.315299,16.882694,-10.454261,45.084860,-7.164607,50.236553,0,20.359206,-22.092458,62.810869
z_gc_1m_adj_sum,14.503,stoxx,48,22.646449,20.595181,-11.229609,56.522507,-7.216563,62.807052,0,23.885720,-20.442740,68.214181
z_gcs_1m_adj_kilian,7.725,ois1m,0,1.000000,0.000000,1.000000,1.000000,1.000000,1.000000,0,1.000000,1.000000,1.000000
z_gcs_1m_adj_kilian,7.725,ois1m,1,0.159390,0.490245,-0.646992,0.965771,-1.384883,0.796709,0,0.159411,-0.622326,0.941147
z_gcs_1m_adj_kilian,7.725,ois1m,2,0.160140,0.538001,-0.724793,1.045073,-1.373163,0.913341,0,0.123473,-0.949703,1.196649
z_gcs_1m_adj_kilian,7.725,ois1m,3,0.360671,0.620763,-0.660393,1.381735,-1.315388,1.260777,0,0.325067,-0.859501,1.509634
z_gcs_1m_adj_kilian,7.725,ois1m,4,0.710062,0.767247,-0.551947,1.972072,-1.092969,1.976020,0,0.624352,-0.937911,2.186615
z_gcs_1m_adj_kilian,7.725,ois1m,5,0.013819,0.955554,-1.557928,1.585565,-1.945067,1.733816,0,-0.081249,-2.138936,1.976439
z_gcs_1m_adj_kilian,7.725,ois1m,6,0.045172,1.075712,-1.724216,1.814560,-2.160037,1.981453,0,0.030395,-2.205798,2.266588
z_gcs_1m_adj_kilian,7.725,ois1m,7,-0.152421,1.327422,-2.335836,2.030995,-2.873636,2.236940,0,-0.135997,-2.726665,2.454671
z_gcs_1m_adj_kilian,7.725,ois1m,8,-0.076681,1.523200,-2.582121,2.428759,-3.199240,2.588918,0,-0.083055,-2.921712,2.755603
z_gcs_1m_adj_kilian,7.725,ois1m,9,-0.375635,1.674485,-3.129919,2.378648,-3.892055,2.470990,0,-0.461634,-3.299640,2.376371
z_gcs_1m_adj_kilian,7.725,ois1m,10,-0.402029,1.801488,-3.365213,2.561154,-4.185153,2.660500,0,-0.575180,-3.464175,2.313816
z_gcs_1m_adj_kilian,7.725,ois1m,11,0.077807,1.831689,-2.935053,3.090666,-3.493986,3.283262,0,-0.010716,-2.820851,2.799418
z_gcs_1m_adj_kilian,7.725,ois1m,12,0.236293,1.847519,-2.802606,3.275191,-3.273994,3.561827,0,0.212612,-2.531985,2.957209
z_gcs_1m_adj_kilian,7.725,ois1m,13,0.825182,1.745925,-2.046609,3.696973,-2.230186,4.229736,0,0.954889,-1.686224,3.596001
z_gcs_1m_adj_kilian,7.725,ois1m,14,1.760672,1.795385,-1.192474,4.713818,-1.111944,5.530982,0,1.906040,-0.906772,4.718852
z_gcs_1m_adj_kilian,7.725,ois1m,15,2.492724,1.890637,-0.617098,5.602546,-0.437764,6.652126,0,2.779514,-0.233731,5.792759
z_gcs_1m_adj_kilian,7.725,ois1m,16,3.398055,2.163997,-0.161404,6.957514,0.260259,8.375249,0,3.819337,0.476506,7.162168
z_gcs_1m_adj_kilian,7.725,ois1m,17,4.144811,2.474383,0.074813,8.214809,0.680675,9.959612,0,4.648636,0.917726,8.379545
z_gcs_1m_adj_kilian,7.725,ois1m,18,4.172664,2.654545,-0.193674,8.539001,0.323574,10.410844,0,4.642872,0.918837,8.366908
z_gcs_1m_adj_kilian,7.725,ois1m,19,4.125948,2.745332,-0.389721,8.641618,0.145217,10.440212,0,4.500122,0.753445,8.246800
z_gcs_1m_adj_kilian,7.725,ois1m,20,3.905593,2.776344,-0.661086,8.472273,-0.120105,10.152368,0,4.362080,0.499502,8.224658
z_gcs_1m_adj_kilian,7.725,ois1m,21,4.103967,2.853677,-0.589914,8.797849,-0.033864,10.524741,0,4.548489,0.660152,8.436826
z_gcs_1m_adj_kilian,7.725,ois1m,22,3.908387,2.790166,-0.681027,8.497801,-0.137354,10.186260,0,4.438126,0.607846,8.268406
z_gcs_1m_adj_kilian,7.725,ois1m,23,3.923509,2.645054,-0.427217,8.274235,0.088181,9.610375,0,4.368089,0.661657,8.074520
z_gcs_1m_adj_kilian,7.725,ois1m,24,4.476127,2.763634,-0.069646,9.021900,0.468858,10.556121,0,4.998430,1.059923,8.936937
z_gcs_1m_adj_kilian,7.725,ois1m,25,3.869080,2.606129,-0.417621,8.155781,-0.040114,9.341951,0,4.411492,0.754930,8.068055
z_gcs_1m_adj_kilian,7.725,ois1m,26,3.191568,2.537431,-0.982134,7.365271,-0.741450,8.266431,0,3.727418,0.234821,7.220014
z_gcs_1m_adj_kilian,7.725,ois1m,27,3.216700,2.558338,-0.991392,7.424792,-0.620807,8.461293,0,3.783673,0.236801,7.330545
z_gcs_1m_adj_kilian,7.725,ois1m,28,3.189339,2.580115,-1.054573,7.433252,-0.680834,8.607582,0,3.737088,0.297059,7.177117
z_gcs_1m_adj_kilian,7.725,ois1m,29,3.425757,2.715738,-1.041234,7.892749,-0.647850,8.993020,0,3.965744,0.300034,7.631455
z_gcs_1m_adj_kilian,7.725,ois1m,30,3.435322,2.749044,-1.086453,7.957096,-0.825696,9.070862,0,3.994228,0.362785,7.625672
z_gcs_1m_adj_kilian,7.725,ois1m,31,3.863049,2.921281,-0.942031,8.668129,-0.518873,9.997740,0,4.556222,0.715703,8.396741
z_gcs_1m_adj_kilian,7.725,ois1m,32,3.988932,3.064954,-1.052469,9.030333,-0.455252,10.578584,0,4.729802,0.627690,8.831914
z_gcs_1m_adj_kilian,7.725,ois1m,33,3.873881,3.032637,-1.114363,8.862126,-0.523443,10.545683,0,4.646296,0.570536,8.722056
z_gcs_1m_adj_kilian,7.725,ois1m,34,3.955074,3.013767,-1.002132,8.912280,-0.414888,10.736051,0,4.827695,0.679278,8.976112
z_gcs_1m_adj_kilian,7.725,ois1m,35,3.542879,2.897546,-1.223160,8.308918,-0.658563,9.917480,0,4.326664,0.367796,8.285531
z_gcs_1m_adj_kilian,7.725,ois1m,36,3.562299,2.866884,-1.153305,8.277903,-0.594682,10.012787,0,4.340179,0.405866,8.274492
z_gcs_1m_adj_kilian,7.725,ois1m,37,3.504188,2.785069,-1.076843,8.085218,-0.534162,9.631339,0,4.364984,0.494581,8.235388
z_gcs_1m_adj_kilian,7.725,ois1m,38,2.927158,2.611543,-1.368448,7.222764,-0.990157,8.541975,0,3.760122,0.104201,7.416042
z_gcs_1m_adj_kilian,7.725,ois1m,39,2.641902,2.501478,-1.472664,6.756467,-1.110315,8.020080,0,3.535687,-0.104110,7.175484
z_gcs_1m_adj_kilian,7.725,ois1m,40,2.446310,2.439450,-1.566228,6.458848,-1.212865,7.691127,0,3.368669,-0.216949,6.954287
z_gcs_1m_adj_kilian,7.725,ois1m,41,2.050112,2.331750,-1.785276,5.885499,-1.447513,7.063374,0,2.915149,-0.444094,6.274391
z_gcs_1m_adj_kilian,7.725,ois1m,42,2.267077,2.300127,-1.516295,6.050450,-1.068107,7.327357,0,2.934907,-0.362716,6.232529
z_gcs_1m_adj_kilian,7.725,ois1m,43,1.574775,1.832967,-1.440187,4.589737,-1.174675,5.515653,0,2.225861,-0.670871,5.122593
z_gcs_1m_adj_kilian,7.725,ois1m,44,1.324027,1.768129,-1.584286,4.232340,-1.328166,5.125504,0,1.943241,-0.843568,4.730049
z_gcs_1m_adj_kilian,7.725,ois1m,45,0.783264,1.554761,-1.774090,3.340619,-1.704354,3.892786,0,1.427091,-1.246790,4.100972
z_gcs_1m_adj_kilian,7.725,ois1m,46,0.048344,1.327286,-2.134847,2.231536,-2.141678,2.636552,0,0.742491,-1.844865,3.329847
z_gcs_1m_adj_kilian,7.725,ois1m,47,0.302389,1.337439,-1.897503,2.502281,-1.770642,3.044140,0,0.905092,-1.768018,3.578203
z_gcs_1m_adj_kilian,7.725,ois1m,48,0.184457,1.188723,-1.770818,2.139731,-1.658063,2.680774,0,0.888418,-1.771719,3.548554
z_gcs_1m_adj_kilian,7.725,ip,0,4.176624,3.644722,-1.818409,10.171658,-0.379278,16.021970,0,3.691489,-2.028040,9.411018
z_gcs_1m_adj_kilian,7.725,ip,1,1.425938,3.249113,-3.918377,6.770253,-3.935098,9.386264,0,1.223151,-4.688426,7.134729
z_gcs_1m_adj_kilian,7.725,ip,2,2.637596,3.599258,-3.282656,8.557848,-3.661105,10.915889,0,1.734352,-5.092187,8.560892
z_gcs_1m_adj_kilian,7.725,ip,3,-1.117236,4.412680,-8.375449,6.140976,-8.618793,9.031928,0,-2.244464,-12.489493,8.000564
z_gcs_1m_adj_kilian,7.725,ip,4,1.615513,5.007721,-6.621455,9.852481,-8.149542,11.881341,0,0.370876,-9.388654,10.130406
z_gcs_1m_adj_kilian,7.725,ip,5,-1.673202,5.329980,-10.440239,7.093836,-13.132659,7.387765,0,-3.230125,-14.259591,7.799341
z_gcs_1m_adj_kilian,7.725,ip,6,-6.015237,6.538710,-16.770458,4.739983,-21.381205,4.119763,0,-7.636124,-21.876508,6.604260
z_gcs_1m_adj_kilian,7.725,ip,7,-6.801617,7.941754,-19.864641,6.261406,-24.273477,6.302278,0,-7.688132,-23.327873,7.951610
z_gcs_1m_adj_kilian,7.725,ip,8,-6.027688,8.451192,-19.928662,7.873287,-24.620310,7.494220,0,-6.429074,-20.876543,8.018396
z_gcs_1m_adj_kilian,7.725,ip,9,-8.299211,9.029543,-23.151488,6.553066,-29.518638,5.245104,0,-8.658864,-24.009082,6.691355
z_gcs_1m_adj_kilian,7.725,ip,10,-5.419907,9.609669,-21.226407,10.386592,-27.522147,9.475080,0,-5.331582,-20.711794,10.048629
z_gcs_1m_adj_kilian,7.725,ip,11,0.608537,9.224827,-14.564954,15.782027,-17.379877,16.751984,0,1.670283,-12.275298,15.615865
z_gcs_1m_adj_kilian,7.725,ip,12,-0.504449,8.288641,-14.138050,13.129152,-16.252867,14.415105,0,0.590506,-12.437216,13.618229
z_gcs_1m_adj_kilian,7.725,ip,13,5.578073,8.314513,-8.098085,19.254230,-8.140874,23.038551,0,6.416222,-6.335987,19.168431
z_gcs_1m_adj_kilian,7.725,ip,14,11.974376,9.124375,-3.033886,26.982638,-2.168406,32.048002,0,14.129787,-0.264490,28.524064
z_gcs_1m_adj_kilian,7.725,ip,15,11.771790,8.893202,-2.856225,26.399806,-1.568012,31.336834,0,14.104116,-0.777129,28.985362
z_gcs_1m_adj_kilian,7.725,ip,16,13.942862,10.612213,-3.512675,31.398399,-1.444847,38.350951,0,16.866014,0.457342,33.274686
z_gcs_1m_adj_kilian,7.725,ip,17,20.909102,12.487064,0.369708,41.448495,3.427211,50.878056,0,24.726995,5.298763,44.155226
z_gcs_1m_adj_kilian,7.725,ip,18,22.050818,14.649720,-2.045827,46.147463,0.808724,55.745174,0,25.249639,5.247011,45.252266
z_gcs_1m_adj_kilian,7.725,ip,19,23.839746,15.985690,-2.454374,50.133866,0.660496,60.606833,0,27.674566,6.408886,48.940246
z_gcs_1m_adj_kilian,7.725,ip,20,24.832398,16.812802,-2.822201,52.486997,0.453835,63.501843,0,28.016681,4.824900,51.208461
z_gcs_1m_adj_kilian,7.725,ip,21,20.722948,14.952230,-3.871282,45.317178,-0.957785,54.365466,0,23.660785,3.854048,43.467522
z_gcs_1m_adj_kilian,7.725,ip,22,20.865142,13.559711,-1.438598,43.168882,1.203561,51.374492,0,23.192346,3.341210,43.043481
z_gcs_1m_adj_kilian,7.725,ip,23,24.798546,13.528371,2.546356,47.050736,5.858827,55.913799,0,26.277035,5.100620,47.453451
z_gcs_1m_adj_kilian,7.725,ip,24,17.308079,11.285052,-1.254180,35.870337,0.944753,42.135193,0,18.907387,2.181942,35.632832
z_gcs_1m_adj_kilian,7.725,ip,25,16.281308,11.718418,-2.993775,35.556391,-1.296320,40.889986,0,18.513762,0.953746,36.073777
z_gcs_1m_adj_kilian,7.725,ip,26,18.829366,12.445463,-1.641599,39.300332,0.783445,45.587113,0,20.747511,1.484744,40.010277
z_gcs_1m_adj_kilian,7.725,ip,27,17.845943,11.013500,-0.269653,35.961539,2.427043,42.075644,0,20.079365,2.374401,37.784329
z_gcs_1m_adj_kilian,7.725,ip,28,17.328309,11.961384,-2.346416,37.003035,-0.015697,43.045285,0,19.509834,1.471120,37.548548
z_gcs_1m_adj_kilian,7.725,ip,29,16.954148,11.702549,-2.294833,36.203129,-0.599676,41.529502,0,18.958753,-1.122808,39.040313
z_gcs_1m_adj_kilian,7.725,ip,30,20.931543,10.770963,3.214885,38.648200,5.313647,44.089113,0,23.006938,3.034809,42.979067
z_gcs_1m_adj_kilian,7.725,ip,31,18.259800,12.090690,-1.627616,38.147216,0.123764,43.650249,0,19.966636,0.365171,39.568100
z_gcs_1m_adj_kilian,7.725,ip,32,14.754305,11.764083,-4.595890,34.104500,-2.891820,40.047084,0,16.775440,-2.499419,36.050299
z_gcs_1m_adj_kilian,7.725,ip,33,11.419763,12.173618,-8.604056,31.443583,-8.058026,36.375680,0,14.115238,-3.807337,32.037813
z_gcs_1m_adj_kilian,7.725,ip,34,15.946387,12.250552,-4.203977,36.096751,-2.429440,42.285073,0,18.876050,-1.127520,38.879621
z_gcs_1m_adj_kilian,7.725,ip,35,8.666954,11.387502,-10.063820,27.397727,-9.553049,31.441957,0,11.310540,-5.872585,28.493664
z_gcs_1m_adj_kilian,7.725,ip,36,8.174991,10.393785,-8.921265,25.271246,-8.455066,28.962562,0,11.025065,-6.106179,28.156309
z_gcs_1m_adj_kilian,7.725,ip,37,9.753979,10.404946,-7.360634,26.868592,-6.373687,31.084118,0,12.189668,-5.523018,29.902355
z_gcs_1m_adj_kilian,7.725,ip,38,4.733336,10.287250,-12.187685,21.654357,-12.240627,24.793474,0,7.249551,-8.846255,23.345358
z_gcs_1m_adj_kilian,7.725,ip,39,4.792363,9.191989,-10.327113,19.911839,-9.914819,23.176341,0,6.623991,-9.333278,22.581259
z_gcs_1m_adj_kilian,7.725,ip,40,3.239621,9.556185,-12.478904,18.958146,-13.483703,21.396372,0,6.278124,-9.882988,22.439236
z_gcs_1m_adj_kilian,7.725,ip,41,3.821591,8.117123,-9.529889,17.173070,-9.977519,19.244124,0,7.218632,-9.212725,23.649988
z_gcs_1m_adj_kilian,7.725,ip,42,-1.946654,7.181787,-13.759643,9.866335,-14.873871,10.980563,0,0.641296,-14.694754,15.977346
z_gcs_1m_adj_kilian,7.725,ip,43,-0.411113,6.664245,-11.372821,10.550595,-13.073179,10.918104,0,1.417296,-13.509262,16.343854
z_gcs_1m_adj_kilian,7.725,ip,44,0.239824,6.963134,-11.213513,11.693160,-13.338288,11.728995,0,2.522675,-12.367102,17.412453
z_gcs_1m_adj_kilian,7.725,ip,45,-1.186683,5.783138,-10.699098,8.325732,-11.885488,8.933808,0,1.295808,-13.575416,16.167033
z_gcs_1m_adj_kilian,7.725,ip,46,-0.273700,4.677984,-7.968298,7.420898,-7.758474,9.082267,0,0.540645,-14.469001,15.550291
z_gcs_1m_adj_kilian,7.725,ip,47,-4.904987,4.861093,-12.900773,3.090799,-13.654954,3.844980,0,-3.254479,-19.005988,12.497029
z_gcs_1m_adj_kilian,7.725,ip,48,-1.592451,4.734532,-9.380064,6.195161,-9.641156,7.639886,0,1.021602,-14.501324,16.544529
z_gcs_1m_adj_kilian,7.725,hicp_yoy,0,1.169616,0.701145,0.016335,2.322898,0.012727,2.887422,0,0.915207,-0.098342,1.928756
z_gcs_1m_adj_kilian,7.725,hicp_yoy,1,1.429674,1.095189,-0.371751,3.231099,-0.596425,3.839089,0,1.155633,-0.526157,2.837423
z_gcs_1m_adj_kilian,7.725,hicp_yoy,2,1.432579,1.401298,-0.872352,3.737509,-1.089758,4.585500,0,1.068692,-0.944198,3.081582
z_gcs_1m_adj_kilian,7.725,hicp_yoy,3,0.720998,1.483290,-1.718796,3.160792,-1.948923,3.984235,0,0.409506,-1.818315,2.637326
z_gcs_1m_adj_kilian,7.725,hicp_yoy,4,0.668737,1.694317,-2.118167,3.455641,-2.126886,4.735099,0,0.488996,-2.170255,3.148247
z_gcs_1m_adj_kilian,7.725,hicp_yoy,5,0.041104,1.759052,-2.852279,2.934487,-3.125190,3.647161,0,-0.097154,-2.785715,2.591408
z_gcs_1m_adj_kilian,7.725,hicp_yoy,6,-1.118991,1.951257,-4.328524,2.090542,-5.314194,2.198146,0,-1.223688,-4.653825,2.206449
z_gcs_1m_adj_kilian,7.725,hicp_yoy,7,-2.147304,2.069697,-5.551653,1.257044,-6.804123,1.164211,0,-2.257745,-6.118407,1.602917
z_gcs_1m_adj_kilian,7.725,hicp_yoy,8,-3.146777,2.322144,-6.966363,0.672810,-8.603814,0.336439,0,-3.237455,-7.593798,1.118888
z_gcs_1m_adj_kilian,7.725,hicp_yoy,9,-3.492184,2.939052,-8.326495,1.342127,-10.839814,0.769442,0,-3.512922,-8.529652,1.503808
z_gcs_1m_adj_kilian,7.725,hicp_yoy,10,-3.781775,3.137774,-8.942954,1.379405,-11.626210,0.767998,0,-3.874507,-9.017080,1.268066
z_gcs_1m_adj_kilian,7.725,hicp_yoy,11,-3.402535,3.180817,-8.634514,1.829444,-10.877456,1.368691,0,-3.400401,-8.258324,1.457521
z_gcs_1m_adj_kilian,7.725,hicp_yoy,12,-2.606916,2.888607,-7.358252,2.144421,-8.672991,2.159287,0,-2.336927,-6.762024,2.088170
z_gcs_1m_adj_kilian,7.725,hicp_yoy,13,-2.785333,2.857046,-7.484756,1.914089,-8.785130,1.928793,0,-2.450364,-6.694607,1.793879
z_gcs_1m_adj_kilian,7.725,hicp_yoy,14,-2.061598,2.530035,-6.223136,2.099940,-6.995167,2.239462,0,-1.420585,-5.362706,2.521535
z_gcs_1m_adj_kilian,7.725,hicp_yoy,15,-0.705618,2.265146,-4.431451,3.020215,-5.009395,3.371644,0,0.011258,-3.607334,3.629850
z_gcs_1m_adj_kilian,7.725,hicp_yoy,16,0.074344,2.321329,-3.743902,3.892590,-3.987982,4.484869,0,0.828897,-2.597595,4.255388
z_gcs_1m_adj_kilian,7.725,hicp_yoy,17,0.978200,2.510827,-3.151744,5.108143,-3.039124,6.125396,0,1.710201,-1.646919,5.067321
z_gcs_1m_adj_kilian,7.725,hicp_yoy,18,1.555945,2.548874,-2.636580,5.748469,-2.267366,7.290911,0,2.307998,-0.916954,5.532949
z_gcs_1m_adj_kilian,7.725,hicp_yoy,19,1.990145,2.787816,-2.595403,6.575694,-2.052187,8.402122,0,2.654059,-0.543329,5.851446
z_gcs_1m_adj_kilian,7.725,hicp_yoy,20,2.553144,2.592029,-1.710365,6.816652,-1.205299,8.385210,0,3.342338,-0.038559,6.723236
z_gcs_1m_adj_kilian,7.725,hicp_yoy,21,2.833234,2.527128,-1.323523,6.989990,-0.704746,8.898342,0,3.619091,0.050364,7.187817
z_gcs_1m_adj_kilian,7.725,hicp_yoy,22,2.667917,2.306213,-1.125466,6.461299,-0.445470,8.202827,0,3.442806,-0.160897,7.046508
z_gcs_1m_adj_kilian,7.725,hicp_yoy,23,3.190285,2.396050,-0.750868,7.131437,-0.044383,8.940806,0,3.758724,0.523974,6.993474
z_gcs_1m_adj_kilian,7.725,hicp_yoy,24,1.629752,1.959316,-1.593037,4.852541,-1.211257,5.940248,0,2.179507,-0.686489,5.045502
z_gcs_1m_adj_kilian,7.725,hicp_yoy,25,-0.159393,1.886325,-3.262122,2.943335,-3.083197,3.613256,0,0.432644,-2.215973,3.081261
z_gcs_1m_adj_kilian,7.725,hicp_yoy,26,-0.822410,1.659138,-3.551449,1.906629,-3.725902,2.081082,0,-0.368746,-2.998990,2.261498
z_gcs_1m_adj_kilian,7.725,hicp_yoy,27,-1.943679,1.707129,-4.751656,0.864298,-5.016510,1.043797,0,-1.539748,-4.357110,1.277614
z_gcs_1m_adj_kilian,7.725,hicp_yoy,28,-1.953050,1.843901,-4.985998,1.079897,-5.087682,1.365972,0,-1.774519,-4.578197,1.029158
z_gcs_1m_adj_kilian,7.725,hicp_yoy,29,-0.831232,1.632381,-3.516259,1.853796,-3.443041,2.351911,0,-0.596630,-3.088224,1.894965
z_gcs_1m_adj_kilian,7.725,hicp_yoy,30,0.333976,1.578258,-2.262027,2.929979,-2.033410,3.569405,0,0.552125,-1.550767,2.655017
z_gcs_1m_adj_kilian,7.725,hicp_yoy,31,0.402570,1.580560,-2.197220,3.002361,-2.126326,3.484663,0,0.762746,-1.410775,2.936267
z_gcs_1m_adj_kilian,7.725,hicp_yoy,32,0.995039,1.429330,-1.356000,3.346077,-1.220423,3.925165,0,1.238889,-0.964892,3.442671
z_gcs_1m_adj_kilian,7.725,hicp_yoy,33,1.447546,1.337863,-0.753043,3.648134,-0.559249,4.390844,0,1.735594,-0.625976,4.097164
z_gcs_1m_adj_kilian,7.725,hicp_yoy,34,1.389906,1.322110,-0.784771,3.564583,-0.593259,4.232442,0,1.585045,-0.959468,4.129559
z_gcs_1m_adj_kilian,7.725,hicp_yoy,35,1.418570,1.659688,-1.311375,4.148514,-1.236932,4.737947,0,1.646828,-1.080806,4.374462
z_gcs_1m_adj_kilian,7.725,hicp_yoy,36,2.373582,1.716264,-0.449422,5.196585,-0.286628,5.977737,0,2.526462,-0.506654,5.559579
z_gcs_1m_adj_kilian,7.725,hicp_yoy,37,3.308579,1.839405,0.283027,6.334130,0.457502,7.079359,0,3.521675,0.137953,6.905397
z_gcs_1m_adj_kilian,7.725,hicp_yoy,38,3.171993,1.940227,-0.019397,6.363383,0.261652,7.343482,0,3.257992,-0.247436,6.763420
z_gcs_1m_adj_kilian,7.725,hicp_yoy,39,2.399576,1.780248,-0.528671,5.327823,-0.181783,6.316121,0,2.348862,-0.896231,5.593955
z_gcs_1m_adj_kilian,7.725,hicp_yoy,40,2.410154,1.647553,-0.299830,5.120139,0.021202,6.117150,0,2.532957,-0.626128,5.692043
z_gcs_1m_adj_kilian,7.725,hicp_yoy,41,0.665971,1.753808,-2.218786,3.550728,-2.315502,3.998205,0,0.540199,-2.402843,3.483240
z_gcs_1m_adj_kilian,7.725,hicp_yoy,42,-0.011036,1.222790,-2.022347,2.000275,-2.028640,2.434545,0,-0.237434,-2.774228,2.299360
z_gcs_1m_adj_kilian,7.725,hicp_yoy,43,0.399567,1.513744,-2.090320,2.889455,-2.022423,3.427056,0,-0.003184,-2.395449,2.389080
z_gcs_1m_adj_kilian,7.725,hicp_yoy,44,0.938942,1.778057,-1.985702,3.863585,-1.905950,4.495056,0,0.660396,-1.631104,2.951896
z_gcs_1m_adj_kilian,7.725,hicp_yoy,45,0.146499,1.879749,-2.945413,3.238411,-3.049075,3.812009,0,-0.052205,-2.396263,2.291852
z_gcs_1m_adj_kilian,7.725,hicp_yoy,46,0.213344,1.744039,-2.655345,3.082033,-2.489917,3.875826,0,0.174334,-2.224365,2.573033
z_gcs_1m_adj_kilian,7.725,hicp_yoy,47,0.440226,1.762508,-2.458842,3.339293,-2.115411,4.317742,0,0.401174,-2.241541,3.043889
z_gcs_1m_adj_kilian,7.725,hicp_yoy,48,0.238232,1.468710,-2.177581,2.654045,-1.891397,3.469393,0,0.007302,-2.592364,2.606968
z_gcs_1m_adj_kilian,7.725,stoxx,0,19.309717,12.884549,-1.883480,40.502914,0.627121,56.030681,0,19.161911,-3.434323,41.758144
z_gcs_1m_adj_kilian,7.725,stoxx,1,40.816210,20.524171,7.056953,74.575467,13.108580,101.362514,0,40.847306,3.814470,77.880141
z_gcs_1m_adj_kilian,7.725,stoxx,2,58.337748,29.437653,9.917117,106.758379,24.484447,159.897653,0,57.265709,6.825684,107.705734
z_gcs_1m_adj_kilian,7.725,stoxx,3,62.173570,34.625562,5.219588,119.127552,20.622895,174.706647,0,63.865357,6.652284,121.078430
z_gcs_1m_adj_kilian,7.725,stoxx,4,64.671539,40.485920,-1.921873,131.264951,10.015547,182.080706,0,66.376699,3.526620,129.226777
z_gcs_1m_adj_kilian,7.725,stoxx,5,43.017800,52.531120,-43.388204,129.423804,-33.152325,174.345601,0,42.728017,-33.726801,119.182835
z_gcs_1m_adj_kilian,7.725,stoxx,6,46.112931,53.008403,-41.078133,133.303995,-30.749253,178.633939,0,46.169474,-27.845502,120.184450
z_gcs_1m_adj_kilian,7.725,stoxx,7,46.944889,45.171179,-27.355089,121.244866,-23.070439,153.097159,0,45.979640,-20.243774,112.203054
z_gcs_1m_adj_kilian,7.725,stoxx,8,30.222118,40.944922,-37.126285,97.570521,-43.478741,110.064716,0,26.097985,-40.996657,93.192627
z_gcs_1m_adj_kilian,7.725,stoxx,9,29.614368,42.441343,-40.195429,99.424164,-53.146251,108.130852,0,25.571239,-46.212196,97.354673
z_gcs_1m_adj_kilian,7.725,stoxx,10,31.792432,45.529742,-43.097329,106.682193,-52.437590,118.298941,0,28.565968,-44.269100,101.401036
z_gcs_1m_adj_kilian,7.725,stoxx,11,76.579938,42.205617,7.157875,146.002001,9.050950,167.322016,0,77.382557,5.078085,149.687029
z_gcs_1m_adj_kilian,7.725,stoxx,12,101.080966,39.703706,35.774181,166.387751,45.495778,198.355046,0,105.016412,27.942625,182.090198
z_gcs_1m_adj_kilian,7.725,stoxx,13,106.692374,44.295510,33.832743,179.552005,44.678660,215.216375,0,111.567928,33.221675,189.914181
z_gcs_1m_adj_kilian,7.725,stoxx,14,122.637351,53.951596,33.894872,211.379829,47.105116,252.121182,0,128.288626,40.527320,216.049933
z_gcs_1m_adj_kilian,7.725,stoxx,15,137.983255,64.497459,31.894375,244.072134,47.686812,296.002029,0,146.172142,47.011324,245.332960
z_gcs_1m_adj_kilian,7.725,stoxx,16,130.304923,65.640463,22.335970,238.273877,38.408275,284.560011,0,140.865727,47.045894,234.685559
z_gcs_1m_adj_kilian,7.725,stoxx,17,112.897934,61.389810,11.920683,213.875185,23.882710,257.163987,0,123.110863,32.445465,213.776262
z_gcs_1m_adj_kilian,7.725,stoxx,18,92.605932,60.259361,-6.511897,191.723761,2.216890,228.189495,0,99.833324,15.004759,184.661888
z_gcs_1m_adj_kilian,7.725,stoxx,19,119.669574,58.240392,23.872655,215.466494,38.133026,256.534495,0,128.481384,34.491417,222.471351
z_gcs_1m_adj_kilian,7.725,stoxx,20,119.617599,57.746788,24.632587,214.602612,41.659436,258.209889,0,129.296985,31.597719,226.996251
z_gcs_1m_adj_kilian,7.725,stoxx,21,104.419022,58.403591,8.353664,200.484380,22.653995,241.667460,0,114.928361,26.652294,203.204429
z_gcs_1m_adj_kilian,7.725,stoxx,22,89.193674,58.601404,-7.197057,185.584405,7.151709,223.976902,0,100.298928,11.442885,189.154972
z_gcs_1m_adj_kilian,7.725,stoxx,23,55.258063,53.512351,-32.761922,143.278048,-25.010464,167.634001,0,60.713839,-16.187364,137.615043
z_gcs_1m_adj_kilian,7.725,stoxx,24,65.047053,47.305612,-12.763754,142.857860,-5.911365,164.388838,0,73.213145,-3.061792,149.488082
z_gcs_1m_adj_kilian,7.725,stoxx,25,58.468556,46.383104,-17.824861,134.761973,-13.425255,151.234764,0,65.789029,-7.755616,139.333674
z_gcs_1m_adj_kilian,7.725,stoxx,26,42.071779,37.155572,-19.043698,103.187257,-15.519358,116.382924,0,47.794217,-12.831202,108.419636
z_gcs_1m_adj_kilian,7.725,stoxx,27,34.753279,37.638340,-27.156281,96.662839,-25.468065,106.266125,0,41.336215,-20.767425,103.439854
z_gcs_1m_adj_kilian,7.725,stoxx,28,40.800252,39.465135,-24.114118,105.714623,-22.343964,115.784009,0,48.715658,-16.968677,114.399994
z_gcs_1m_adj_kilian,7.725,stoxx,29,43.812440,39.150309,-20.584088,108.208969,-20.785571,118.198028,0,53.949444,-12.377191,120.276080
z_gcs_1m_adj_kilian,7.725,stoxx,30,34.559909,44.862487,-39.232316,108.352133,-41.706319,117.555509,0,44.878388,-22.659740,112.416516
z_gcs_1m_adj_kilian,7.725,stoxx,31,36.052440,43.918135,-36.186463,108.291343,-36.412482,119.496896,0,47.593003,-21.373350,116.559356
z_gcs_1m_adj_kilian,7.725,stoxx,32,39.750523,41.110892,-27.870877,107.371923,-26.026904,121.972307,0,50.509158,-18.470555,119.488870
z_gcs_1m_adj_kilian,7.725,stoxx,33,38.256742,42.994270,-32.462540,108.976024,-30.534091,126.394996,0,48.608002,-18.767472,115.983476
z_gcs_1m_adj_kilian,7.725,stoxx,34,40.115719,38.159923,-22.651768,102.883207,-19.032161,120.251557,0,50.645358,-14.751708,116.042424
z_gcs_1m_adj_kilian,7.725,stoxx,35,28.657612,37.968634,-33.795233,91.110457,-33.990634,102.696448,0,43.912180,-16.078054,103.902413
z_gcs_1m_adj_kilian,7.725,stoxx,36,17.354506,33.070988,-37.042429,71.751441,-33.905526,85.150032,0,30.613336,-23.537618,84.764289
z_gcs_1m_adj_kilian,7.725,stoxx,37,-3.104934,26.997930,-47.512577,41.302710,-46.301622,50.890927,0,9.635225,-38.354143,57.624593
z_gcs_1m_adj_kilian,7.725,stoxx,38,0.833400,22.109491,-35.533478,37.200277,-35.647261,43.946908,0,15.058412,-32.884983,63.001807
z_gcs_1m_adj_kilian,7.725,stoxx,39,-18.813087,18.076733,-48.546666,10.920493,-49.543533,15.532706,0,-7.362196,-56.989825,42.265434
z_gcs_1m_adj_kilian,7.725,stoxx,40,-47.035055,16.407369,-74.022775,-20.047335,-76.568319,-17.501791,0,-31.453420,-84.285904,21.379064
z_gcs_1m_adj_kilian,7.725,stoxx,41,-45.299799,16.332224,-72.163917,-18.435682,-75.514413,-16.718408,0,-32.541851,-89.779725,24.696022
z_gcs_1m_adj_kilian,7.725,stoxx,42,-34.049467,16.907624,-61.860035,-6.238900,-71.246241,-8.688031,0,-23.875865,-81.111868,33.360139
z_gcs_1m_adj_kilian,7.725,stoxx,43,-46.008636,21.527649,-81.418468,-10.598804,-98.751377,-16.946309,0,-35.349250,-97.542386,26.843886
z_gcs_1m_adj_kilian,7.725,stoxx,44,-46.244031,21.136441,-81.010381,-11.477680,-95.914666,-16.653014,0,-38.895688,-101.598046,23.806671
z_gcs_1m_adj_kilian,7.725,stoxx,45,-34.422258,21.548362,-69.866159,1.021644,-77.518981,1.132540,0,-25.968004,-81.099043,29.163034
z_gcs_1m_adj_kilian,7.725,stoxx,46,-40.947197,19.631527,-73.238186,-8.656208,-81.191829,-9.536754,0,-30.466206,-84.881330,23.948918
z_gcs_1m_adj_kilian,7.725,stoxx,47,-35.296778,23.347991,-73.700805,3.107249,-77.323161,6.729605,0,-24.135109,-81.870760,33.600542
z_gcs_1m_adj_kilian,7.725,stoxx,48,-39.575927,27.060006,-84.085676,4.933822,-90.989938,6.426083,0,-25.979547,-83.861648,31.902555
z_gc_1m_adj_jk_sum,9.320,ois1m,0,1.000000,0.000000,1.000000,1.000000,1.000000,1.000000,0,1.000000,1.000000,1.000000
z_gc_1m_adj_jk_sum,9.320,ois1m,1,0.917336,0.330076,0.374409,1.460264,0.141657,1.412451,0,0.936176,0.325041,1.547312
z_gc_1m_adj_jk_sum,9.320,ois1m,2,0.103989,0.517303,-0.746899,0.954877,-1.370325,0.724753,0,0.079534,-0.985331,1.144399
z_gc_1m_adj_jk_sum,9.320,ois1m,3,-0.138268,0.697652,-1.285804,1.009269,-2.056812,0.698915,0,-0.162700,-1.609928,1.284527
z_gc_1m_adj_jk_sum,9.320,ois1m,4,0.648589,0.637002,-0.399186,1.696363,-1.007615,1.444841,0,0.579149,-0.943938,2.102235
z_gc_1m_adj_jk_sum,9.320,ois1m,5,0.750493,0.552575,-0.158412,1.659397,-0.520429,1.524097,0,0.616521,-0.842268,2.075310
z_gc_1m_adj_jk_sum,9.320,ois1m,6,1.001314,0.559877,0.080399,1.922229,-0.230414,1.813135,0,0.897330,-0.699973,2.494634
z_gc_1m_adj_jk_sum,9.320,ois1m,7,0.976661,0.548270,0.074838,1.878485,-0.202119,1.799066,0,0.866088,-0.727944,2.460119
z_gc_1m_adj_jk_sum,9.320,ois1m,8,1.451326,0.538922,0.564878,2.337773,0.508213,2.421384,0,1.272568,-0.270907,2.816044
z_gc_1m_adj_jk_sum,9.320,ois1m,9,1.134417,0.597381,0.151813,2.117020,-0.000606,2.120095,0,0.913767,-0.877090,2.704625
z_gc_1m_adj_jk_sum,9.320,ois1m,10,0.924886,0.679687,-0.193100,2.042872,-0.366519,2.046370,0,0.610287,-1.297796,2.518370
z_gc_1m_adj_jk_sum,9.320,ois1m,11,1.139350,0.678131,0.023924,2.254777,-0.047379,2.326080,0,0.792703,-1.125808,2.711214
z_gc_1m_adj_jk_sum,9.320,ois1m,12,1.014527,0.725087,-0.178135,2.207189,-0.218121,2.319684,0,0.628720,-1.335399,2.592839
z_gc_1m_adj_jk_sum,9.320,ois1m,13,1.216412,0.771021,-0.051805,2.484629,0.021329,2.758455,0,0.853321,-1.092061,2.798703
z_gc_1m_adj_jk_sum,9.320,ois1m,14,1.775568,0.996415,0.136611,3.414524,0.330766,3.917860,0,1.411590,-0.687563,3.510743
z_gc_1m_adj_jk_sum,9.320,ois1m,15,1.843781,1.115229,0.009392,3.678169,0.226699,4.185761,0,1.527758,-0.720302,3.775819
z_gc_1m_adj_jk_sum,9.320,ois1m,16,1.699953,1.218590,-0.304450,3.704356,-0.127932,4.198063,0,1.430270,-0.953050,3.813591
z_gc_1m_adj_jk_sum,9.320,ois1m,17,1.865201,1.266195,-0.217505,3.947907,-0.034092,4.460902,0,1.490097,-1.112407,4.092601
z_gc_1m_adj_jk_sum,9.320,ois1m,18,1.872133,1.239268,-0.166281,3.910546,0.013231,4.412631,0,1.479250,-1.172333,4.130834
z_gc_1m_adj_jk_sum,9.320,ois1m,19,1.847758,1.146332,-0.037791,3.733306,0.128260,4.197738,0,1.552069,-1.136456,4.240593
z_gc_1m_adj_jk_sum,9.320,ois1m,20,1.710873,1.086237,-0.075828,3.497574,0.135829,3.991971,0,1.424803,-1.309956,4.159562
z_gc_1m_adj_jk_sum,9.320,ois1m,21,1.880371,1.225221,-0.134939,3.895681,0.103800,4.453336,0,1.571813,-1.266234,4.409861
z_gc_1m_adj_jk_sum,9.320,ois1m,22,1.428543,1.157549,-0.475456,3.332543,-0.249903,3.801520,0,1.218139,-1.606724,4.043002
z_gc_1m_adj_jk_sum,9.320,ois1m,23,1.333591,1.157576,-0.570452,3.237634,-0.402773,3.648743,0,1.068345,-1.693227,3.829918
z_gc_1m_adj_jk_sum,9.320,ois1m,24,1.761956,1.087980,-0.027612,3.551524,0.129986,3.883517,0,1.528105,-1.293548,4.349758
z_gc_1m_adj_jk_sum,9.320,ois1m,25,1.503222,0.928367,-0.023806,3.030250,0.064253,3.220701,0,1.296668,-1.586183,4.179520
z_gc_1m_adj_jk_sum,9.320,ois1m,26,1.152282,0.960187,-0.427086,2.731649,-0.480037,2.784600,0,0.946981,-1.934444,3.828406
z_gc_1m_adj_jk_sum,9.320,ois1m,27,0.628569,1.059483,-1.114125,2.371263,-1.225526,2.376715,0,0.437616,-2.454082,3.329315
z_gc_1m_adj_jk_sum,9.320,ois1m,28,0.541604,1.063500,-1.207699,2.290906,-1.266347,2.349554,0,0.393660,-2.347143,3.134463
z_gc_1m_adj_jk_sum,9.320,ois1m,29,0.852693,1.041934,-0.861135,2.566521,-0.918594,2.623980,0,0.679788,-1.990986,3.350563
z_gc_1m_adj_jk_sum,9.320,ois1m,30,0.525003,1.040046,-1.185720,2.235727,-1.191073,2.293081,0,0.335856,-2.310185,2.981898
z_gc_1m_adj_jk_sum,9.320,ois1m,31,0.791668,1.019555,-0.885351,2.468686,-0.890598,2.524911,0,0.757935,-1.924695,3.440565
z_gc_1m_adj_jk_sum,9.320,ois1m,32,0.739120,1.004988,-0.913938,2.392177,-0.919110,2.497848,0,0.754922,-1.939090,3.448933
z_gc_1m_adj_jk_sum,9.320,ois1m,33,0.744146,0.948950,-0.816738,2.305029,-0.774174,2.404808,0,0.814639,-1.843129,3.472408
z_gc_1m_adj_jk_sum,9.320,ois1m,34,1.042765,0.894860,-0.429149,2.514680,-0.389012,2.608771,0,1.276605,-1.340221,3.893430
z_gc_1m_adj_jk_sum,9.320,ois1m,35,1.036112,0.882568,-0.415583,2.487807,-0.375997,2.580606,0,1.129517,-1.403371,3.662405
z_gc_1m_adj_jk_sum,9.320,ois1m,36,1.122176,0.922741,-0.395597,2.639949,-0.308072,2.783109,0,1.208670,-1.307964,3.725303
z_gc_1m_adj_jk_sum,9.320,ois1m,37,1.313409,0.884234,-0.141027,2.767844,-0.012942,2.949241,0,1.545163,-1.006772,4.097098
z_gc_1m_adj_jk_sum,9.320,ois1m,38,1.331732,0.872297,-0.103069,2.766532,-0.020328,2.901866,0,1.629634,-0.987510,4.246778
z_gc_1m_adj_jk_sum,9.320,ois1m,39,1.376109,0.907015,-0.115797,2.868016,0.015587,3.054086,0,1.644229,-1.053508,4.341966
z_gc_1m_adj_jk_sum,9.320,ois1m,40,1.019527,0.756067,-0.224092,2.263146,-0.114573,2.418250,0,1.259673,-1.362711,3.882057
z_gc_1m_adj_jk_sum,9.320,ois1m,41,0.767231,0.678379,-0.348602,1.883065,-0.284256,1.954394,0,0.811239,-1.654598,3.277076
z_gc_1m_adj_jk_sum,9.320,ois1m,42,0.926337,0.712800,-0.246115,2.098789,-0.142863,2.245018,0,0.798722,-1.648897,3.246340
z_gc_1m_adj_jk_sum,9.320,ois1m,43,0.700909,0.641167,-0.353717,1.755535,-0.292900,1.855009,0,0.568121,-1.813067,2.949309
z_gc_1m_adj_jk_sum,9.320,ois1m,44,0.874035,0.639940,-0.178572,1.926642,-0.117872,2.025926,0,0.692495,-1.611667,2.996657
z_gc_1m_adj_jk_sum,9.320,ois1m,45,0.781541,0.581898,-0.175596,1.738678,-0.091306,1.828957,0,0.618032,-1.641086,2.877150
z_gc_1m_adj_jk_sum,9.320,ois1m,46,0.555755,0.616504,-0.458304,1.569813,-0.399826,1.665461,0,0.349483,-1.963362,2.662329
z_gc_1m_adj_jk_sum,9.320,ois1m,47,1.008985,0.785518,-0.283077,2.301047,-0.169292,2.422917,0,0.850537,-1.538001,3.239076
z_gc_1m_adj_jk_sum,9.320,ois1m,48,1.175562,0.824268,-0.180238,2.531363,-0.060840,2.700459,0,1.011287,-1.486139,3.508713
z_gc_1m_adj_jk_sum,9.320,ip,0,2.975345,2.058229,-0.410141,6.360831,-0.626556,7.297627,0,2.773264,-0.691618,6.238146
z_gc_1m_adj_jk_sum,9.320,ip,1,3.667004,2.427072,-0.325174,7.659181,-0.580372,8.642500,0,4.308095,0.299811,8.316380
z_gc_1m_adj_jk_sum,9.320,ip,2,6.134365,2.916325,1.337436,10.931293,0.301714,11.237934,0,6.673123,1.469151,11.877095
z_gc_1m_adj_jk_sum,9.320,ip,3,2.670357,2.939959,-2.165445,7.506158,-3.209560,7.521288,0,3.110409,-3.178000,9.398818
z_gc_1m_adj_jk_sum,9.320,ip,4,3.651906,3.587618,-2.249200,9.553012,-3.523329,9.392094,0,3.276413,-4.835296,11.388123
z_gc_1m_adj_jk_sum,9.320,ip,5,7.213420,3.392297,1.633587,12.793252,0.768054,12.980325,0,6.483459,-1.395147,14.362066
z_gc_1m_adj_jk_sum,9.320,ip,6,4.155373,3.757492,-2.025152,10.335897,-3.923235,9.603736,0,3.922530,-5.015531,12.860591
z_gc_1m_adj_jk_sum,9.320,ip,7,3.960610,3.760570,-2.224976,10.146197,-2.620386,10.729636,0,3.896261,-5.577418,13.369940
z_gc_1m_adj_jk_sum,9.320,ip,8,3.678646,3.668240,-2.355071,9.712364,-2.373949,10.648302,0,3.495171,-5.901360,12.891701
z_gc_1m_adj_jk_sum,9.320,ip,9,4.052050,3.930780,-2.413509,10.517608,-2.826816,11.127455,0,3.853724,-6.080403,13.787851
z_gc_1m_adj_jk_sum,9.320,ip,10,7.979713,4.670396,0.297596,15.661830,0.974120,17.554024,0,7.463947,-2.427870,17.355764
z_gc_1m_adj_jk_sum,9.320,ip,11,9.703911,5.209205,1.135531,18.272291,2.411024,21.424622,0,9.222671,-1.095866,19.541208
z_gc_1m_adj_jk_sum,9.320,ip,12,7.861943,4.168137,1.005969,14.717918,1.818145,16.823437,0,6.982971,-2.610470,16.576412
z_gc_1m_adj_jk_sum,9.320,ip,13,6.852992,4.829243,-1.090406,14.796390,-0.390873,16.994402,0,4.766092,-5.097251,14.629434
z_gc_1m_adj_jk_sum,9.320,ip,14,10.634928,5.877125,0.967918,20.301938,2.700809,23.858458,0,9.220604,-2.023001,20.464208
z_gc_1m_adj_jk_sum,9.320,ip,15,9.050958,6.063136,-0.922014,19.023930,0.562567,22.389858,0,7.798356,-3.798391,19.395103
z_gc_1m_adj_jk_sum,9.320,ip,16,7.584900,7.493731,-4.741192,19.910991,-3.281011,23.696422,0,6.217056,-6.664725,19.098838
z_gc_1m_adj_jk_sum,9.320,ip,17,9.742799,7.508556,-2.607676,22.093275,-1.144607,25.886195,0,7.792929,-5.845816,21.431674
z_gc_1m_adj_jk_sum,9.320,ip,18,12.804156,8.263954,-0.788839,26.397151,1.234620,30.984856,0,10.810157,-4.764604,26.384918
z_gc_1m_adj_jk_sum,9.320,ip,19,12.955900,7.170591,1.161327,24.750473,2.917072,28.372671,0,11.481463,-3.861687,26.824612
z_gc_1m_adj_jk_sum,9.320,ip,20,10.353764,6.731504,-0.718576,21.426103,1.266233,25.163073,0,9.571037,-6.852720,25.994793
z_gc_1m_adj_jk_sum,9.320,ip,21,2.539711,4.957938,-5.615371,10.694793,-4.897195,12.455586,0,1.090112,-12.886911,15.067135
z_gc_1m_adj_jk_sum,9.320,ip,22,3.629140,5.272163,-5.042797,12.301077,-4.015497,14.700683,0,2.848894,-11.721581,17.419368
z_gc_1m_adj_jk_sum,9.320,ip,23,7.894277,5.913106,-1.831917,17.620472,-0.088416,20.607456,0,6.270640,-8.574537,21.115817
z_gc_1m_adj_jk_sum,9.320,ip,24,3.875698,3.783083,-2.346920,10.098316,-1.609772,11.441864,0,2.460280,-10.814712,15.735272
z_gc_1m_adj_jk_sum,9.320,ip,25,6.581121,4.691163,-1.135155,14.297398,-0.221065,15.963447,0,5.671038,-8.238901,19.580978
z_gc_1m_adj_jk_sum,9.320,ip,26,1.614123,4.694203,-6.107154,9.335400,-5.661892,10.298398,0,0.272948,-12.599778,13.145675
z_gc_1m_adj_jk_sum,9.320,ip,27,1.125287,4.934061,-6.990521,9.241095,-7.262616,9.513191,0,1.016913,-12.113064,14.146891
z_gc_1m_adj_jk_sum,9.320,ip,28,2.991456,6.259629,-7.304718,13.287629,-7.649913,13.632825,0,2.824848,-10.143375,15.793071
z_gc_1m_adj_jk_sum,9.320,ip,29,-2.767346,6.224009,-13.004929,7.470237,-13.348161,7.502268,0,-2.592819,-14.966119,9.780481
z_gc_1m_adj_jk_sum,9.320,ip,30,-0.482916,6.052378,-10.438192,9.472360,-10.771959,9.806127,0,0.480232,-12.273449,13.233914
z_gc_1m_adj_jk_sum,9.320,ip,31,4.438544,5.836836,-5.162196,14.039285,-4.900393,14.653007,0,5.196980,-9.332817,19.726776
z_gc_1m_adj_jk_sum,9.320,ip,32,3.311520,5.352219,-5.492096,12.115136,-4.984419,13.213124,0,5.205127,-9.895433,20.305687
z_gc_1m_adj_jk_sum,9.320,ip,33,0.490603,5.059205,-7.831048,8.812254,-7.857085,9.091251,0,2.404934,-11.912899,16.722768
z_gc_1m_adj_jk_sum,9.320,ip,34,2.598695,5.550768,-6.531505,11.728895,-6.560072,12.312539,0,5.297485,-10.031442,20.626412
z_gc_1m_adj_jk_sum,9.320,ip,35,-0.273750,3.980849,-6.821665,6.274164,-6.842152,6.493693,0,1.644321,-12.596884,15.885526
z_gc_1m_adj_jk_sum,9.320,ip,36,0.357624,4.049912,-6.303889,7.019137,-5.919741,7.647466,0,2.578889,-11.753788,16.911565
z_gc_1m_adj_jk_sum,9.320,ip,37,1.841736,4.311554,-5.250138,8.933611,-4.625594,9.818110,0,4.734555,-10.450716,19.919825
z_gc_1m_adj_jk_sum,9.320,ip,38,0.929711,4.312712,-6.164069,8.023490,-5.970628,8.476956,0,2.819050,-12.532419,18.170519
z_gc_1m_adj_jk_sum,9.320,ip,39,0.012314,4.527761,-7.435191,7.459818,-7.232104,7.935896,0,1.668032,-12.604522,15.940587
z_gc_1m_adj_jk_sum,9.320,ip,40,0.559481,3.974757,-5.978412,7.097375,-5.601392,7.515306,0,1.979546,-12.509581,16.468674
z_gc_1m_adj_jk_sum,9.320,ip,41,0.625041,4.215631,-6.309055,7.559137,-6.119968,7.791613,0,2.764776,-12.234672,17.764224
z_gc_1m_adj_jk_sum,9.320,ip,42,-1.253609,3.074624,-6.310915,3.803697,-6.326739,3.973251,0,0.028459,-13.442856,13.499773
z_gc_1m_adj_jk_sum,9.320,ip,43,0.192943,2.786986,-4.391241,4.777128,-4.405584,4.791471,0,0.799406,-12.634647,14.233459
z_gc_1m_adj_jk_sum,9.320,ip,44,0.008095,3.544516,-5.822115,5.838304,-5.840357,5.856546,0,0.220560,-14.085890,14.527010
z_gc_1m_adj_jk_sum,9.320,ip,45,1.873000,3.737324,-4.274351,8.020352,-4.293585,8.226452,0,3.020658,-11.124236,17.165552
z_gc_1m_adj_jk_sum,9.320,ip,46,1.056680,3.317428,-4.400003,6.513363,-4.085333,6.862179,0,1.530870,-13.129261,16.191002
z_gc_1m_adj_jk_sum,9.320,ip,47,-1.399608,4.109923,-8.159830,5.360614,-8.386478,5.176269,0,-1.073784,-14.498002,12.350435
z_gc_1m_adj_jk_sum,9.320,ip,48,1.982085,3.739684,-4.169148,8.133317,-4.375378,8.152563,0,3.166296,-10.740223,17.072816
z_gc_1m_adj_jk_sum,9.320,hicp_yoy,0,-0.102393,0.466377,-0.869515,0.664729,-0.965191,0.830361,0,-0.073924,-0.816007,0.668160
z_gc_1m_adj_jk_sum,9.320,hicp_yoy,1,-0.037696,0.778696,-1.318537,1.243145,-1.595088,1.325022,0,0.143701,-1.104855,1.392257
z_gc_1m_adj_jk_sum,9.320,hicp_yoy,2,-0.195926,1.114007,-2.028305,1.636453,-2.980944,1.363684,0,0.070118,-1.687994,1.828230
z_gc_1m_adj_jk_sum,9.320,hicp_yoy,3,-0.564664,1.302449,-2.707002,1.577674,-3.885909,1.128520,0,-0.260649,-2.426868,1.905570
z_gc_1m_adj_jk_sum,9.320,hicp_yoy,4,-0.346482,1.284198,-2.458800,1.765836,-3.300137,1.515605,0,0.035523,-2.273540,2.344587
z_gc_1m_adj_jk_sum,9.320,hicp_yoy,5,-0.319067,1.372841,-2.577189,1.939055,-3.407958,1.602910,0,0.100621,-2.357411,2.558652
z_gc_1m_adj_jk_sum,9.320,hicp_yoy,6,0.597859,1.496546,-1.863740,3.059458,-2.769369,2.693023,0,0.908083,-1.727436,3.543601
z_gc_1m_adj_jk_sum,9.320,hicp_yoy,7,0.723261,1.288373,-1.395924,2.842447,-2.046741,2.591402,0,1.053642,-1.529375,3.636658
z_gc_1m_adj_jk_sum,9.320,hicp_yoy,8,-0.764563,1.338736,-2.966588,1.437461,-3.843656,1.042730,0,-0.445083,-3.313570,2.423405
z_gc_1m_adj_jk_sum,9.320,hicp_yoy,9,-1.421652,1.509885,-3.905193,1.061888,-5.045377,0.541198,0,-1.133277,-4.561913,2.295360
z_gc_1m_adj_jk_sum,9.320,hicp_yoy,10,-1.704956,1.796100,-4.659277,1.249364,-6.105400,0.629973,0,-1.658778,-5.550184,2.232627
z_gc_1m_adj_jk_sum,9.320,hicp_yoy,11,-1.137015,1.535256,-3.662287,1.388257,-4.744868,0.858818,0,-0.972544,-4.529873,2.584785
z_gc_1m_adj_jk_sum,9.320,hicp_yoy,12,0.097026,1.112584,-1.733012,1.927063,-2.239400,1.765901,0,0.360549,-2.772522,3.493619
z_gc_1m_adj_jk_sum,9.320,hicp_yoy,13,0.412416,1.147622,-1.475255,2.300087,-1.653304,2.363374,0,0.616226,-2.465853,3.698305
z_gc_1m_adj_jk_sum,9.320,hicp_yoy,14,1.415321,1.343123,-0.793921,3.624562,-0.733677,4.034411,0,1.492563,-1.504524,4.489650
z_gc_1m_adj_jk_sum,9.320,hicp_yoy,15,1.596510,1.484234,-0.844837,4.037858,-0.778264,4.490766,0,1.590635,-1.236352,4.417623
z_gc_1m_adj_jk_sum,9.320,hicp_yoy,16,1.801051,1.506401,-0.676759,4.278861,-0.609191,4.663213,0,1.671659,-0.985556,4.328874
z_gc_1m_adj_jk_sum,9.320,hicp_yoy,17,2.248892,1.641484,-0.451109,4.948893,-0.213334,5.696008,0,2.023665,-1.105782,5.153112
z_gc_1m_adj_jk_sum,9.320,hicp_yoy,18,1.274445,1.549875,-1.274872,3.823762,-1.050367,4.374194,0,1.085892,-1.703634,3.875419
z_gc_1m_adj_jk_sum,9.320,hicp_yoy,19,1.530967,1.599533,-1.100031,4.161966,-0.868333,4.730034,0,1.258821,-1.646001,4.163643
z_gc_1m_adj_jk_sum,9.320,hicp_yoy,20,2.189092,1.645794,-0.517999,4.896183,-0.279599,5.562971,0,1.942732,-1.071413,4.956877
z_gc_1m_adj_jk_sum,9.320,hicp_yoy,21,1.944017,1.593078,-0.676363,4.564398,-0.365946,5.209828,0,1.726355,-1.309759,4.762469
z_gc_1m_adj_jk_sum,9.320,hicp_yoy,22,1.435650,1.658366,-1.292119,4.163419,-1.134817,4.669463,0,1.295139,-1.706574,4.296852
z_gc_1m_adj_jk_sum,9.320,hicp_yoy,23,1.400728,1.251767,-0.658245,3.459700,-0.539511,3.779084,0,1.068010,-1.628975,3.764995
z_gc_1m_adj_jk_sum,9.320,hicp_yoy,24,1.132900,1.021478,-0.547282,2.813082,-0.603613,2.869413,0,0.763692,-1.953663,3.481047
z_gc_1m_adj_jk_sum,9.320,hicp_yoy,25,-0.082820,0.957203,-1.657280,1.491639,-1.901507,1.400845,0,-0.296226,-3.061912,2.469460
z_gc_1m_adj_jk_sum,9.320,hicp_yoy,26,-1.153486,0.913452,-2.655980,0.349009,-2.934717,0.216692,0,-1.317403,-4.322953,1.688148
z_gc_1m_adj_jk_sum,9.320,hicp_yoy,27,-1.922137,1.234106,-3.952060,0.107786,-4.266937,-0.070978,0,-2.234185,-5.384188,0.915817
z_gc_1m_adj_jk_sum,9.320,hicp_yoy,28,-1.967648,1.416617,-4.297775,0.362479,-4.588389,0.228108,0,-2.404328,-5.505357,0.696700
z_gc_1m_adj_jk_sum,9.320,hicp_yoy,29,-1.747145,1.150067,-3.638836,0.144547,-3.932271,-0.022045,0,-2.370747,-5.367041,0.625546
z_gc_1m_adj_jk_sum,9.320,hicp_yoy,30,-1.339601,1.074798,-3.107486,0.428285,-3.327977,0.326336,0,-2.057351,-4.693464,0.578762
z_gc_1m_adj_jk_sum,9.320,hicp_yoy,31,-1.678407,1.228921,-3.699801,0.342988,-4.013356,0.164975,0,-2.143009,-4.999688,0.713670
z_gc_1m_adj_jk_sum,9.320,hicp_yoy,32,-1.231984,1.023973,-2.916270,0.452302,-3.177533,0.303976,0,-1.522457,-4.116049,1.071135
z_gc_1m_adj_jk_sum,9.320,hicp_yoy,33,-0.131694,0.855261,-1.538473,1.275085,-1.628400,1.236724,0,-0.244331,-2.428165,1.939504
z_gc_1m_adj_jk_sum,9.320,hicp_yoy,34,0.640714,0.802391,-0.679102,1.960529,-0.683231,2.004778,0,0.739542,-1.394937,2.874021
z_gc_1m_adj_jk_sum,9.320,hicp_yoy,35,0.634898,0.494742,-0.178880,1.448676,-0.107215,1.550170,0,0.644645,-1.268534,2.557825
z_gc_1m_adj_jk_sum,9.320,hicp_yoy,36,0.202047,0.621986,-0.821029,1.225124,-0.699833,1.383821,0,0.148937,-1.632777,1.930652
z_gc_1m_adj_jk_sum,9.320,hicp_yoy,37,1.170572,0.828750,-0.192601,2.533745,0.010322,2.786635,0,1.183698,-1.172637,3.540032
z_gc_1m_adj_jk_sum,9.320,hicp_yoy,38,1.328970,0.942194,-0.220802,2.878742,-0.037212,3.166249,0,1.271483,-1.528207,4.071172
z_gc_1m_adj_jk_sum,9.320,hicp_yoy,39,0.259675,0.839977,-1.121965,1.641315,-1.000291,1.771634,0,0.141668,-2.619282,2.902617
z_gc_1m_adj_jk_sum,9.320,hicp_yoy,40,0.735107,0.868184,-0.692929,2.163143,-0.610578,2.254430,0,0.605038,-2.035221,3.245296
z_gc_1m_adj_jk_sum,9.320,hicp_yoy,41,-0.054381,0.676965,-1.167890,1.059127,-1.137525,1.130307,0,-0.605890,-2.931837,1.720056
z_gc_1m_adj_jk_sum,9.320,hicp_yoy,42,-0.497732,0.431183,-1.206965,0.211501,-1.209184,0.235280,0,-0.948578,-3.136632,1.239476
z_gc_1m_adj_jk_sum,9.320,hicp_yoy,43,0.505975,0.455565,-0.243362,1.255313,-0.177372,1.348770,0,-0.058613,-2.055057,1.937832
z_gc_1m_adj_jk_sum,9.320,hicp_yoy,44,1.597073,0.564588,0.668409,2.525737,0.721962,2.613331,0,1.028802,-1.063978,3.121582
z_gc_1m_adj_jk_sum,9.320,hicp_yoy,45,0.542612,0.608461,-0.458217,1.543442,-0.430926,1.576996,0,-0.027747,-2.124010,2.068515
z_gc_1m_adj_jk_sum,9.320,hicp_yoy,46,-0.109280,0.905018,-1.597903,1.379342,-1.738313,1.293498,0,-0.776486,-3.009637,1.456664
z_gc_1m_adj_jk_sum,9.320,hicp_yoy,47,-0.494425,0.894518,-1.965776,0.976926,-2.059831,0.936804,0,-1.321779,-3.670841,1.027282
z_gc_1m_adj_jk_sum,9.320,hicp_yoy,48,0.146912,0.658397,-0.936054,1.229879,-0.939443,1.233267,0,-0.831942,-3.033885,1.370002
z_gc_1m_adj_jk_sum,9.320,stoxx,0,7.402910,12.896056,-13.809215,28.615035,-11.941174,39.643051,0,7.825877,-13.962886,29.614641
z_gc_1m_adj_jk_sum,9.320,stoxx,1,2.782296,14.734989,-21.454604,27.019195,-22.267185,33.725772,0,4.521186,-19.918051,28.960422
z_gc_1m_adj_jk_sum,9.320,stoxx,2,11.733085,16.985287,-16.205226,39.671395,-14.594110,49.949980,0,12.045184,-15.875862,39.966230
z_gc_1m_adj_jk_sum,9.320,stoxx,3,16.775449,17.595442,-12.166478,45.717377,-11.377259,53.725879,0,20.201534,-12.636074,53.039142
z_gc_1m_adj_jk_sum,9.320,stoxx,4,43.419424,18.737327,12.599264,74.239584,11.565969,79.020345,0,49.509316,14.597819,84.420813
z_gc_1m_adj_jk_sum,9.320,stoxx,5,47.380397,20.680251,13.364411,81.396383,17.394033,92.876950,0,54.207293,9.291540,99.123046
z_gc_1m_adj_jk_sum,9.320,stoxx,6,26.105644,27.707956,-19.469887,71.681175,-15.456290,85.677748,0,31.344453,-22.547133,85.236039
z_gc_1m_adj_jk_sum,9.320,stoxx,7,18.436396,27.379006,-26.598061,63.470853,-21.263162,78.670209,0,21.870222,-40.731661,84.472105
z_gc_1m_adj_jk_sum,9.320,stoxx,8,16.440679,23.851373,-22.791339,55.672697,-18.143812,68.913700,0,16.904079,-48.191189,81.999348
z_gc_1m_adj_jk_sum,9.320,stoxx,9,15.429621,22.649558,-21.825587,52.684828,-17.412238,65.258648,0,16.342195,-44.130819,76.815208
z_gc_1m_adj_jk_sum,9.320,stoxx,10,-4.657344,23.585928,-43.452743,34.138054,-40.036236,44.873103,0,-7.652987,-63.434307,48.128333
z_gc_1m_adj_jk_sum,9.320,stoxx,11,3.421180,30.340478,-46.484466,53.326825,-43.606561,65.619160,0,-0.823308,-60.881809,59.235192
z_gc_1m_adj_jk_sum,9.320,stoxx,12,14.309190,29.225896,-33.763131,62.381511,-29.529654,75.683572,0,7.809524,-54.029786,69.648835
z_gc_1m_adj_jk_sum,9.320,stoxx,13,12.734548,27.078194,-31.805117,57.274214,-26.528833,69.598755,0,2.453604,-53.881876,58.789085
z_gc_1m_adj_jk_sum,9.320,stoxx,14,23.777505,25.422264,-18.038397,65.593408,-13.084777,78.435372,0,17.747792,-38.305985,73.801570
z_gc_1m_adj_jk_sum,9.320,stoxx,15,38.590247,27.327902,-6.360151,83.540646,1.697580,101.444422,0,32.862635,-28.242142,93.967412
z_gc_1m_adj_jk_sum,9.320,stoxx,16,43.259043,24.618289,2.765561,83.752525,10.024353,99.881108,0,39.725489,-21.975825,101.426802
z_gc_1m_adj_jk_sum,9.320,stoxx,17,48.825832,25.016102,7.678006,89.973658,15.054095,106.362867,0,45.872097,-20.620438,112.364631
z_gc_1m_adj_jk_sum,9.320,stoxx,18,13.044481,25.048432,-28.156524,54.245485,-24.528168,63.141345,0,5.760670,-51.740827,63.262167
z_gc_1m_adj_jk_sum,9.320,stoxx,19,22.918849,26.110115,-20.028468,65.866167,-16.246324,76.444586,0,18.945705,-38.413105,76.304515
z_gc_1m_adj_jk_sum,9.320,stoxx,20,26.262719,21.295526,-8.765304,61.290742,-4.615794,70.983324,0,21.289683,-33.555618,76.134985
z_gc_1m_adj_jk_sum,9.320,stoxx,21,39.828023,19.976798,6.969114,72.686933,11.860506,82.778140,0,35.047629,-20.268385,90.363643
z_gc_1m_adj_jk_sum,9.320,stoxx,22,44.880288,21.537731,9.453874,80.306703,14.727465,90.109523,0,46.217258,-13.532450,105.966965
z_gc_1m_adj_jk_sum,9.320,stoxx,23,14.897037,21.692121,-20.783328,50.577401,-17.641146,57.196673,0,16.065342,-35.919720,68.050405
z_gc_1m_adj_jk_sum,9.320,stoxx,24,23.737890,22.074329,-12.571150,60.046929,-9.373603,67.886547,0,28.346496,-26.756987,83.449978
z_gc_1m_adj_jk_sum,9.320,stoxx,25,20.552716,22.246198,-16.039023,57.144455,-12.816580,65.045112,0,24.256369,-31.524990,80.037729
z_gc_1m_adj_jk_sum,9.320,stoxx,26,8.076893,19.612132,-24.182194,40.335980,-24.283125,43.378731,0,9.115745,-39.041845,57.273335
z_gc_1m_adj_jk_sum,9.320,stoxx,27,14.151669,23.082069,-23.814955,52.118294,-23.933744,54.545289,0,16.293916,-34.277575,66.865407
z_gc_1m_adj_jk_sum,9.320,stoxx,28,9.599364,18.249960,-20.419150,39.617877,-20.513071,41.536795,0,8.977478,-40.504980,58.459936
z_gc_1m_adj_jk_sum,9.320,stoxx,29,23.013921,16.018642,-3.334400,49.362243,-2.615906,51.046545,0,28.234985,-27.940260,84.410230
z_gc_1m_adj_jk_sum,9.320,stoxx,30,17.780032,19.759828,-14.721993,50.282056,-15.811676,51.371739,0,26.025617,-29.917456,81.968689
z_gc_1m_adj_jk_sum,9.320,stoxx,31,6.337470,22.954435,-31.419216,44.094156,-31.537348,45.360010,0,16.120893,-38.458092,70.699878
z_gc_1m_adj_jk_sum,9.320,stoxx,32,12.414124,21.637267,-23.176013,48.004262,-22.205503,50.279342,0,22.639291,-35.675004,80.953587
z_gc_1m_adj_jk_sum,9.320,stoxx,33,18.807993,18.814726,-12.139478,49.755463,-10.354833,52.674499,0,29.880049,-27.926909,87.687006
z_gc_1m_adj_jk_sum,9.320,stoxx,34,24.390721,16.821719,-3.278545,52.059987,-2.524030,53.828730,0,37.039095,-18.105290,92.183479
z_gc_1m_adj_jk_sum,9.320,stoxx,35,24.167580,17.363530,-4.392886,52.728046,-4.482245,53.685581,0,36.125581,-17.385351,89.636512
z_gc_1m_adj_jk_sum,9.320,stoxx,36,4.732198,13.748719,-17.882433,27.346829,-17.265753,28.105021,0,13.036707,-32.795208,58.868622
z_gc_1m_adj_jk_sum,9.320,stoxx,37,-8.261422,13.042837,-29.714981,13.192136,-30.434246,13.259259,0,-0.940185,-45.439022,43.558652
z_gc_1m_adj_jk_sum,9.320,stoxx,38,-7.772474,15.504447,-33.275019,17.730071,-33.354811,17.809863,0,0.071352,-46.340186,46.482889
z_gc_1m_adj_jk_sum,9.320,stoxx,39,-3.448111,17.054958,-31.501021,24.604798,-32.441540,24.692569,0,2.019542,-48.567876,52.606959
z_gc_1m_adj_jk_sum,9.320,stoxx,40,-10.155816,17.803772,-39.440415,19.128784,-41.312417,17.440031,0,-6.560360,-58.051730,44.931009
z_gc_1m_adj_jk_sum,9.320,stoxx,41,-16.480898,15.093070,-41.306789,8.344993,-42.893770,7.668014,0,-14.856247,-70.749550,41.037055
z_gc_1m_adj_jk_sum,9.320,stoxx,42,-1.409289,12.120453,-21.345660,18.527082,-22.620082,17.983436,0,1.674558,-54.620393,57.969509
z_gc_1m_adj_jk_sum,9.320,stoxx,43,-0.273800,12.280059,-20.472700,19.925099,-22.377906,18.760291,0,5.192616,-47.363572,57.748805
z_gc_1m_adj_jk_sum,9.320,stoxx,44,-5.856581,11.239407,-24.343760,12.630598,-26.087513,11.002530,0,-0.695291,-48.930081,47.539499
z_gc_1m_adj_jk_sum,9.320,stoxx,45,-9.418071,14.108253,-32.624083,13.787940,-33.402102,13.155134,0,-4.009740,-50.160032,42.140551
z_gc_1m_adj_jk_sum,9.320,stoxx,46,-12.795733,17.104967,-40.930900,15.339433,-41.874177,15.427461,0,-9.645583,-53.926126,34.634959
z_gc_1m_adj_jk_sum,9.320,stoxx,47,4.463769,16.949816,-23.416196,32.343735,-23.503427,33.278456,0,8.198677,-37.685005,54.082360
z_gc_1m_adj_jk_sum,9.320,stoxx,48,14.006385,18.960311,-17.180551,45.193321,-16.330112,46.238913,0,16.680099,-33.752419,67.112616
z_gcs_1m_adj_sum_bs,18.855,ois1m,0,1.000000,0.000000,1.000000,1.000000,1.000000,1.000000,0,1.000000,1.000000,1.000000
z_gcs_1m_adj_sum_bs,18.855,ois1m,1,0.636980,0.233924,0.252209,1.021751,0.192524,0.999563,0,0.712356,0.300308,1.124404
z_gcs_1m_adj_sum_bs,18.855,ois1m,2,0.566162,0.287515,0.093242,1.039082,0.063011,1.026185,0,0.623243,0.025004,1.221482
z_gcs_1m_adj_sum_bs,18.855,ois1m,3,0.760058,0.300639,0.265550,1.254566,0.248971,1.256113,0,0.818209,0.172922,1.463497
z_gcs_1m_adj_sum_bs,18.855,ois1m,4,1.051767,0.417491,0.365056,1.738478,0.342033,1.761501,0,1.093867,0.192528,1.995206
z_gcs_1m_adj_sum_bs,18.855,ois1m,5,0.978931,0.487550,0.176982,1.780880,0.198850,1.856521,0,1.000781,-0.137892,2.139455
z_gcs_1m_adj_sum_bs,18.855,ois1m,6,0.822207,0.604914,-0.172788,1.817202,-0.175902,1.850560,0,0.917604,-0.404093,2.239300
z_gcs_1m_adj_sum_bs,18.855,ois1m,7,0.675993,0.668208,-0.423111,1.775097,-0.459960,1.811946,0,0.787684,-0.629420,2.204788
z_gcs_1m_adj_sum_bs,18.855,ois1m,8,0.751170,0.814936,-0.589280,2.091621,-0.593474,2.136562,0,0.862710,-0.710841,2.436261
z_gcs_1m_adj_sum_bs,18.855,ois1m,9,0.582482,0.900458,-0.898640,2.063604,-0.903274,2.113261,0,0.669050,-0.950685,2.288784
z_gcs_1m_adj_sum_bs,18.855,ois1m,10,0.410623,0.967116,-1.180141,2.001387,-1.185118,2.054720,0,0.435582,-1.211094,2.082259
z_gcs_1m_adj_sum_bs,18.855,ois1m,11,0.573142,1.040122,-1.137706,2.283990,-1.143059,2.341349,0,0.604803,-1.064087,2.273693
z_gcs_1m_adj_sum_bs,18.855,ois1m,12,0.668369,1.088576,-1.122179,2.458917,-1.073353,2.573377,0,0.748775,-0.908051,2.405601
z_gcs_1m_adj_sum_bs,18.855,ois1m,13,0.958247,1.043689,-0.758469,2.674962,-0.659471,2.836887,0,1.109025,-0.517568,2.735618
z_gcs_1m_adj_sum_bs,18.855,ois1m,14,1.510213,1.073182,-0.255015,3.275441,-0.099561,3.495600,0,1.582480,-0.081545,3.246505
z_gcs_1m_adj_sum_bs,18.855,ois1m,15,1.886815,1.113739,0.054878,3.718752,0.216207,3.947232,0,2.002971,0.272652,3.733290
z_gcs_1m_adj_sum_bs,18.855,ois1m,16,2.433293,1.240728,0.392477,4.474108,0.572201,4.728639,0,2.581473,0.729872,4.433074
z_gcs_1m_adj_sum_bs,18.855,ois1m,17,2.959974,1.406202,0.646977,5.272970,0.850671,5.561447,0,3.069982,1.040876,5.099088
z_gcs_1m_adj_sum_bs,18.855,ois1m,18,2.944381,1.485664,0.500680,5.388081,0.715884,5.692860,0,2.986638,0.944025,5.029251
z_gcs_1m_adj_sum_bs,18.855,ois1m,19,3.068428,1.544876,0.527333,5.609522,0.673870,5.849204,0,2.994718,0.954729,5.034707
z_gcs_1m_adj_sum_bs,18.855,ois1m,20,2.970974,1.570378,0.387932,5.554015,0.536888,5.797654,0,2.898969,0.798075,4.999863
z_gcs_1m_adj_sum_bs,18.855,ois1m,21,2.919679,1.617846,0.258560,5.580799,0.412018,5.831802,0,2.829643,0.710860,4.948426
z_gcs_1m_adj_sum_bs,18.855,ois1m,22,2.917539,1.563510,0.345793,5.489285,0.494098,5.653682,0,2.883382,0.762392,5.004371
z_gcs_1m_adj_sum_bs,18.855,ois1m,23,2.977736,1.534685,0.453404,5.502067,0.522240,5.663434,0,2.863381,0.747586,4.979175
z_gcs_1m_adj_sum_bs,18.855,ois1m,24,3.116798,1.494897,0.657911,5.575685,0.724963,5.732868,0,3.067992,0.960454,5.175530
z_gcs_1m_adj_sum_bs,18.855,ois1m,25,3.138483,1.416707,0.808206,5.468759,0.871751,5.546885,0,3.119104,1.026635,5.211574
z_gcs_1m_adj_sum_bs,18.855,ois1m,26,2.570177,1.390371,0.283220,4.857135,0.276065,4.864290,0,2.560682,0.481580,4.639784
z_gcs_1m_adj_sum_bs,18.855,ois1m,27,2.300214,1.331887,0.109455,4.490974,0.102600,4.497828,0,2.325486,0.200474,4.450499
z_gcs_1m_adj_sum_bs,18.855,ois1m,28,2.328890,1.345849,0.115165,4.542615,0.108239,4.549542,0,2.363644,0.254405,4.472883
z_gcs_1m_adj_sum_bs,18.855,ois1m,29,2.407436,1.366983,0.158949,4.655923,0.083565,4.662958,0,2.464793,0.348993,4.580593
z_gcs_1m_adj_sum_bs,18.855,ois1m,30,2.243392,1.387174,-0.038307,4.525090,-0.114804,4.462871,0,2.319108,0.253647,4.384569
z_gcs_1m_adj_sum_bs,18.855,ois1m,31,2.507803,1.467899,0.093324,4.922283,0.012374,4.856442,0,2.691493,0.547678,4.835308
z_gcs_1m_adj_sum_bs,18.855,ois1m,32,2.512739,1.469735,0.095241,4.930238,0.014191,4.864315,0,2.741418,0.571460,4.911375
z_gcs_1m_adj_sum_bs,18.855,ois1m,33,2.441786,1.511636,-0.044634,4.928206,-0.127996,4.860404,0,2.692114,0.517487,4.866741
z_gcs_1m_adj_sum_bs,18.855,ois1m,34,2.457036,1.464776,0.047694,4.866378,-0.033083,4.873916,0,2.811183,0.651316,4.971050
z_gcs_1m_adj_sum_bs,18.855,ois1m,35,2.189829,1.411723,-0.132249,4.511907,-0.210100,4.448586,0,2.545327,0.443127,4.647527
z_gcs_1m_adj_sum_bs,18.855,ois1m,36,2.090648,1.324816,-0.088480,4.269776,-0.161539,4.210353,0,2.423675,0.364862,4.482488
z_gcs_1m_adj_sum_bs,18.855,ois1m,37,2.134584,1.299935,-0.003619,4.272787,-0.075306,4.214480,0,2.551605,0.513985,4.589226
z_gcs_1m_adj_sum_bs,18.855,ois1m,38,1.836814,1.267804,-0.248537,3.922166,-0.381842,3.865300,0,2.279323,0.278256,4.280391
z_gcs_1m_adj_sum_bs,18.855,ois1m,39,1.680448,1.224978,-0.334461,3.695357,-0.402015,3.640412,0,2.168117,0.127706,4.208528
z_gcs_1m_adj_sum_bs,18.855,ois1m,40,1.541085,1.235858,-0.491721,3.573891,-0.559874,3.518458,0,2.069547,-0.006753,4.145846
z_gcs_1m_adj_sum_bs,18.855,ois1m,41,1.266339,1.158035,-0.638458,3.171137,-0.702320,3.119195,0,1.776001,-0.183743,3.735745
z_gcs_1m_adj_sum_bs,18.855,ois1m,42,1.469591,1.193584,-0.493680,3.432862,-0.559502,3.379325,0,1.875555,-0.104424,3.855534
z_gcs_1m_adj_sum_bs,18.855,ois1m,43,1.095315,1.009297,-0.564830,2.755461,-0.620489,2.710190,0,1.549874,-0.310469,3.410217
z_gcs_1m_adj_sum_bs,18.855,ois1m,44,0.806730,0.890562,-0.658115,2.271575,-0.662698,2.276158,0,1.274682,-0.532256,3.081620
z_gcs_1m_adj_sum_bs,18.855,ois1m,45,0.581934,0.854995,-0.824408,1.988276,-0.871558,1.949927,0,1.110785,-0.675847,2.897417
z_gcs_1m_adj_sum_bs,18.855,ois1m,46,0.057637,0.760684,-1.193576,1.308850,-1.235525,1.312765,0,0.706689,-1.023734,2.437111
z_gcs_1m_adj_sum_bs,18.855,ois1m,47,0.137154,0.757594,-1.108977,1.383285,-1.112875,1.387184,0,0.746375,-0.995766,2.488515
z_gcs_1m_adj_sum_bs,18.855,ois1m,48,0.032497,0.658731,-1.051019,1.116012,-1.054409,1.119402,0,0.663583,-0.995096,2.322262
z_gcs_1m_adj_sum_bs,18.855,ip,0,5.019087,2.199733,1.400849,8.637326,1.939461,9.858500,0,4.643448,1.349395,7.937501
z_gcs_1m_adj_sum_bs,18.855,ip,1,1.610514,2.051370,-1.763690,4.984718,-1.876816,5.097844,0,1.932908,-1.305120,5.170935
z_gcs_1m_adj_sum_bs,18.855,ip,2,4.470116,2.259590,0.753421,8.186811,0.854772,8.537378,0,4.452254,0.431929,8.472580
z_gcs_1m_adj_sum_bs,18.855,ip,3,2.804183,2.776052,-1.762016,7.370382,-1.637500,7.801076,0,2.698756,-2.583035,7.980546
z_gcs_1m_adj_sum_bs,18.855,ip,4,3.271017,2.981504,-1.633120,8.175154,-1.648464,8.488649,0,2.884688,-2.865514,8.634890
z_gcs_1m_adj_sum_bs,18.855,ip,5,3.896063,3.070669,-1.154738,8.946864,-0.863474,9.423267,0,3.343740,-2.906045,9.593524
z_gcs_1m_adj_sum_bs,18.855,ip,6,1.834591,3.236442,-3.488883,7.158065,-3.667361,7.174721,0,1.719187,-5.903045,9.341419
z_gcs_1m_adj_sum_bs,18.855,ip,7,-0.467968,4.399807,-7.705007,6.769070,-7.947640,7.011704,0,-0.210443,-9.028219,8.607333
z_gcs_1m_adj_sum_bs,18.855,ip,8,0.212639,4.353181,-6.947706,7.372985,-6.970109,7.830706,0,0.887483,-7.399619,9.174585
z_gcs_1m_adj_sum_bs,18.855,ip,9,-0.413407,4.488827,-7.796871,6.970056,-7.819972,7.217598,0,0.305277,-8.333068,8.943621
z_gcs_1m_adj_sum_bs,18.855,ip,10,-2.032439,4.798823,-9.925801,5.860922,-10.190438,5.885619,0,-1.142587,-9.719940,7.434765
z_gcs_1m_adj_sum_bs,18.855,ip,11,1.929984,5.436739,-7.012656,10.872625,-6.768799,11.444278,0,3.231813,-4.940761,11.404388
z_gcs_1m_adj_sum_bs,18.855,ip,12,1.461913,5.160358,-7.026120,9.949947,-6.794660,10.492540,0,2.405942,-5.572336,10.384219
z_gcs_1m_adj_sum_bs,18.855,ip,13,4.109130,5.062399,-4.217774,12.436035,-3.737587,13.221448,0,4.323250,-3.427669,12.074169
z_gcs_1m_adj_sum_bs,18.855,ip,14,8.621621,5.642316,-0.659162,17.902405,0.158148,19.059905,0,9.427354,1.034807,17.819900
z_gcs_1m_adj_sum_bs,18.855,ip,15,9.360759,5.314329,0.619466,18.102051,1.389266,19.457983,0,10.180973,1.765591,18.596356
z_gcs_1m_adj_sum_bs,18.855,ip,16,8.366148,6.400821,-2.162265,18.894561,-1.235083,20.207666,0,9.232288,0.044738,18.419839
z_gcs_1m_adj_sum_bs,18.855,ip,17,12.881384,6.720095,1.827811,23.934957,2.801242,25.313560,0,13.564150,3.525614,23.602687
z_gcs_1m_adj_sum_bs,18.855,ip,18,15.257392,8.229838,1.720513,28.794271,2.501143,30.071100,0,15.355219,4.720470,25.989967
z_gcs_1m_adj_sum_bs,18.855,ip,19,14.820293,8.467456,0.892567,28.748019,1.272363,29.638341,0,14.935189,4.493936,25.376442
z_gcs_1m_adj_sum_bs,18.855,ip,20,16.620578,8.865812,2.037614,31.203541,2.878568,32.579040,0,16.158354,4.571035,27.745672
z_gcs_1m_adj_sum_bs,18.855,ip,21,12.572218,8.065100,-0.693691,25.838126,-0.331942,26.686142,0,12.138138,1.737722,22.538554
z_gcs_1m_adj_sum_bs,18.855,ip,22,13.178846,7.212785,1.314870,25.042822,1.638390,25.801220,0,12.664472,2.094563,23.234381
z_gcs_1m_adj_sum_bs,18.855,ip,23,15.276265,6.803405,4.085660,26.466870,4.390817,27.182223,0,14.261895,3.322756,25.201035
z_gcs_1m_adj_sum_bs,18.855,ip,24,10.254577,5.712408,0.858503,19.650652,1.114725,19.965670,0,9.638815,0.381192,18.896438
z_gcs_1m_adj_sum_bs,18.855,ip,25,9.594342,5.377378,0.749342,18.439342,0.721668,18.735885,0,9.332147,-0.303710,18.968003
z_gcs_1m_adj_sum_bs,18.855,ip,26,10.204519,5.792597,0.676545,19.732493,0.646735,19.762304,0,9.750987,-0.592240,20.094214
z_gcs_1m_adj_sum_bs,18.855,ip,27,9.701882,5.195525,1.156005,18.247760,0.869490,18.014722,0,9.949436,-0.207667,20.106539
z_gcs_1m_adj_sum_bs,18.855,ip,28,9.217416,4.552081,1.729908,16.704923,1.478878,16.500746,0,9.619313,-0.618410,19.857036
z_gcs_1m_adj_sum_bs,18.855,ip,29,8.081880,5.312160,-0.655846,16.819606,-1.480008,16.315728,0,8.524384,-2.440128,19.488897
z_gcs_1m_adj_sum_bs,18.855,ip,30,8.492015,4.241012,1.516170,15.467859,0.646141,14.853533,0,9.205883,-0.889519,19.301285
z_gcs_1m_adj_sum_bs,18.855,ip,31,9.327314,4.642816,1.690561,16.964068,1.202386,16.523680,0,9.983246,-0.552775,20.519267
z_gcs_1m_adj_sum_bs,18.855,ip,32,6.824851,5.006146,-1.409526,15.059228,-2.186211,14.334069,0,8.040530,-2.671215,18.752275
z_gcs_1m_adj_sum_bs,18.855,ip,33,3.172867,5.635521,-6.096740,12.442475,-7.252847,11.626149,0,4.794018,-5.717527,15.305562
z_gcs_1m_adj_sum_bs,18.855,ip,34,6.563872,5.350822,-2.237447,15.365191,-3.335149,14.590105,0,8.386595,-2.608931,19.382120
z_gcs_1m_adj_sum_bs,18.855,ip,35,3.893670,5.524240,-5.192896,12.980236,-6.326173,12.180029,0,6.053676,-4.646162,16.753515
z_gcs_1m_adj_sum_bs,18.855,ip,36,1.292882,5.214694,-7.284526,9.870291,-8.354302,9.114923,0,3.806372,-6.526493,14.139236
z_gcs_1m_adj_sum_bs,18.855,ip,37,4.108087,4.766074,-3.731407,11.947582,-4.709149,11.257198,0,6.277271,-4.204648,16.759190
z_gcs_1m_adj_sum_bs,18.855,ip,38,-1.497804,5.369085,-10.329163,7.333555,-11.699066,6.287369,0,0.909288,-9.172996,10.991571
z_gcs_1m_adj_sum_bs,18.855,ip,39,0.452762,4.819696,-7.474933,8.380456,-8.463676,7.441321,0,2.393671,-8.041101,12.828443
z_gcs_1m_adj_sum_bs,18.855,ip,40,-0.522313,4.884439,-8.556501,7.511875,-9.558526,6.560124,0,2.096043,-7.967277,12.159363
z_gcs_1m_adj_sum_bs,18.855,ip,41,-0.925740,4.335317,-8.056702,6.205221,-8.946076,5.360469,0,2.159776,-8.298992,12.618543
z_gcs_1m_adj_sum_bs,18.855,ip,42,-3.141025,4.432271,-10.431462,4.149412,-11.340726,3.285768,0,-0.371601,-10.251294,9.508093
z_gcs_1m_adj_sum_bs,18.855,ip,43,-2.388234,3.753310,-8.561879,3.785411,-9.331857,3.054065,0,-0.164634,-9.900512,9.571244
z_gcs_1m_adj_sum_bs,18.855,ip,44,-2.837197,4.380249,-10.042066,4.367672,-10.940658,3.514165,0,0.015357,-9.633930,9.664643
z_gcs_1m_adj_sum_bs,18.855,ip,45,-4.308874,3.738141,-10.457570,1.839821,-11.224436,1.111430,0,-0.661751,-10.104885,8.781383
z_gcs_1m_adj_sum_bs,18.855,ip,46,-2.596906,2.557154,-6.803050,1.609238,-6.944068,1.622398,0,-0.618077,-10.259669,9.023516
z_gcs_1m_adj_sum_bs,18.855,ip,47,-6.229004,3.259473,-11.590360,-0.867648,-12.096055,-1.339794,0,-3.336839,-13.259621,6.585943
z_gcs_1m_adj_sum_bs,18.855,ip,48,-4.263231,2.970905,-9.149935,0.623473,-9.313770,0.490217,0,-0.746219,-10.326898,8.834461
z_gcs_1m_adj_sum_bs,18.855,hicp_yoy,0,0.578136,0.445652,-0.154896,1.311168,-0.090342,1.514005,0,0.616560,-0.025892,1.259011
z_gcs_1m_adj_sum_bs,18.855,hicp_yoy,1,0.560113,0.675692,-0.551302,1.671529,-0.554779,1.776360,0,0.572128,-0.432746,1.577001
z_gcs_1m_adj_sum_bs,18.855,hicp_yoy,2,0.887871,0.867527,-0.539084,2.314827,-0.543549,2.406044,0,0.828343,-0.394132,2.050817
z_gcs_1m_adj_sum_bs,18.855,hicp_yoy,3,0.742924,0.903921,-0.743894,2.229741,-0.703350,2.324785,0,0.749857,-0.584906,2.084620
z_gcs_1m_adj_sum_bs,18.855,hicp_yoy,4,0.757800,0.955882,-0.814486,2.330087,-0.723817,2.526182,0,0.844762,-0.631939,2.321463
z_gcs_1m_adj_sum_bs,18.855,hicp_yoy,5,0.517912,1.006550,-1.137716,2.173540,-1.092569,2.329702,0,0.621522,-0.918192,2.161236
z_gcs_1m_adj_sum_bs,18.855,hicp_yoy,6,0.311193,1.108781,-1.512589,2.134975,-1.573734,2.196120,0,0.487272,-1.372676,2.347220
z_gcs_1m_adj_sum_bs,18.855,hicp_yoy,7,-0.223344,1.157434,-2.127153,1.680465,-2.190981,1.744293,0,0.040062,-1.974652,2.054776
z_gcs_1m_adj_sum_bs,18.855,hicp_yoy,8,-1.000693,1.181420,-2.943956,0.942570,-3.009107,0.948650,0,-0.734819,-2.820060,1.350422
z_gcs_1m_adj_sum_bs,18.855,hicp_yoy,9,-1.149163,1.366396,-3.396685,1.098358,-3.472036,1.105390,0,-0.919690,-3.190735,1.351356
z_gcs_1m_adj_sum_bs,18.855,hicp_yoy,10,-1.170747,1.497258,-3.633518,1.292023,-3.716086,1.299729,0,-1.056096,-3.366883,1.254692
z_gcs_1m_adj_sum_bs,18.855,hicp_yoy,11,-1.161090,1.568231,-3.740600,1.418420,-3.748671,1.504903,0,-1.006563,-3.437826,1.424701
z_gcs_1m_adj_sum_bs,18.855,hicp_yoy,12,-0.752442,1.544625,-3.293124,1.788239,-3.223842,1.950651,0,-0.475616,-2.860600,1.909368
z_gcs_1m_adj_sum_bs,18.855,hicp_yoy,13,-0.708816,1.574415,-3.298498,1.880867,-3.227880,2.125132,0,-0.448964,-2.791916,1.893989
z_gcs_1m_adj_sum_bs,18.855,hicp_yoy,14,-0.611519,1.432914,-2.968453,1.745414,-2.832536,1.967725,0,-0.233970,-2.510195,2.042256
z_gcs_1m_adj_sum_bs,18.855,hicp_yoy,15,0.128555,1.371322,-2.127070,2.384179,-1.928429,2.665501,0,0.478623,-1.686795,2.644041
z_gcs_1m_adj_sum_bs,18.855,hicp_yoy,16,0.510400,1.317542,-1.656764,2.677563,-1.465913,2.947852,0,0.847039,-1.219185,2.913263
z_gcs_1m_adj_sum_bs,18.855,hicp_yoy,17,1.028685,1.544098,-1.511130,3.568500,-1.287462,3.962471,0,1.262239,-0.890867,3.415345
z_gcs_1m_adj_sum_bs,18.855,hicp_yoy,18,1.281674,1.483862,-1.159062,3.722411,-0.869926,4.175206,0,1.524325,-0.580114,3.628764
z_gcs_1m_adj_sum_bs,18.855,hicp_yoy,19,1.577156,1.604311,-1.061700,4.216013,-0.749094,4.705562,0,1.605194,-0.474581,3.684968
z_gcs_1m_adj_sum_bs,18.855,hicp_yoy,20,2.048513,1.612873,-0.604427,4.701453,-0.209509,5.193616,0,2.109562,-0.018677,4.237801
z_gcs_1m_adj_sum_bs,18.855,hicp_yoy,21,2.258673,1.578824,-0.338261,4.855608,-0.030621,5.337380,0,2.318036,0.151710,4.484362
z_gcs_1m_adj_sum_bs,18.855,hicp_yoy,22,1.943055,1.371390,-0.312681,4.198791,-0.045461,4.548696,0,1.939643,-0.278440,4.157726
z_gcs_1m_adj_sum_bs,18.855,hicp_yoy,23,2.457118,1.391042,0.169059,4.745178,0.440108,5.100097,0,2.236706,0.174269,4.299142
z_gcs_1m_adj_sum_bs,18.855,hicp_yoy,24,2.357967,1.273199,0.263740,4.452193,0.448168,4.713386,0,2.121673,0.223136,4.020211
z_gcs_1m_adj_sum_bs,18.855,hicp_yoy,25,0.977407,1.232724,-1.050244,3.005059,-0.933316,3.196311,0,0.878796,-0.886638,2.644229
z_gcs_1m_adj_sum_bs,18.855,hicp_yoy,26,0.410883,1.062809,-1.337283,2.159049,-1.289612,2.217659,0,0.256955,-1.432983,1.946892
z_gcs_1m_adj_sum_bs,18.855,hicp_yoy,27,-0.708950,0.985394,-2.329779,0.911879,-2.334850,0.966220,0,-0.826431,-2.556301,0.903439
z_gcs_1m_adj_sum_bs,18.855,hicp_yoy,28,-0.719155,1.115149,-2.553411,1.115101,-2.559150,1.120840,0,-0.960751,-2.673642,0.752139
z_gcs_1m_adj_sum_bs,18.855,hicp_yoy,29,-0.334212,0.990400,-1.963274,1.294851,-1.968371,1.299948,0,-0.558418,-2.304656,1.187820
z_gcs_1m_adj_sum_bs,18.855,hicp_yoy,30,0.473767,0.848733,-0.922275,1.869808,-0.926643,1.874176,0,0.182521,-1.358622,1.723664
z_gcs_1m_adj_sum_bs,18.855,hicp_yoy,31,0.317436,0.932522,-1.216425,1.851298,-1.267851,1.809471,0,0.151856,-1.351071,1.654782
z_gcs_1m_adj_sum_bs,18.855,hicp_yoy,32,0.784757,0.789633,-0.514074,2.083588,-0.557620,2.048170,0,0.528046,-0.903756,1.959848
z_gcs_1m_adj_sum_bs,18.855,hicp_yoy,33,0.892268,0.631918,-0.147145,1.931680,-0.181993,1.903336,0,0.742074,-0.596939,2.081088
z_gcs_1m_adj_sum_bs,18.855,hicp_yoy,34,0.730529,0.634550,-0.313213,1.774271,-0.348206,1.777537,0,0.650724,-0.798053,2.099500
z_gcs_1m_adj_sum_bs,18.855,hicp_yoy,35,0.461968,0.703709,-0.695531,1.619466,-0.769523,1.552717,0,0.398738,-0.921321,1.718797
z_gcs_1m_adj_sum_bs,18.855,hicp_yoy,36,0.680330,0.713342,-0.493013,1.853674,-0.568018,1.821678,0,0.658210,-0.756382,2.072802
z_gcs_1m_adj_sum_bs,18.855,hicp_yoy,37,1.472835,0.751426,0.236850,2.708820,0.157840,2.637545,0,1.482022,-0.029000,2.993044
z_gcs_1m_adj_sum_bs,18.855,hicp_yoy,38,1.645175,0.732614,0.440133,2.850218,0.326471,2.780727,0,1.584238,-0.168734,3.337210
z_gcs_1m_adj_sum_bs,18.855,hicp_yoy,39,1.417847,0.891761,-0.048968,2.884663,-0.142734,2.844664,0,1.213600,-0.591398,3.018597
z_gcs_1m_adj_sum_bs,18.855,hicp_yoy,40,1.423014,0.585622,0.459752,2.386276,0.427457,2.360009,0,1.320765,-0.538693,3.180224
z_gcs_1m_adj_sum_bs,18.855,hicp_yoy,41,0.551570,0.841502,-0.832577,1.935717,-0.963133,1.855898,0,0.284653,-1.599579,2.168884
z_gcs_1m_adj_sum_bs,18.855,hicp_yoy,42,-0.225119,0.699253,-1.375288,0.925050,-1.518737,0.823761,0,-0.538118,-2.253677,1.177440
z_gcs_1m_adj_sum_bs,18.855,hicp_yoy,43,0.062610,0.751030,-1.172725,1.297945,-1.289245,1.189155,0,-0.397490,-2.099613,1.304633
z_gcs_1m_adj_sum_bs,18.855,hicp_yoy,44,0.312092,0.935036,-1.225907,1.850090,-1.417726,1.667895,0,-0.048819,-1.747847,1.650208
z_gcs_1m_adj_sum_bs,18.855,hicp_yoy,45,0.425407,1.074128,-1.341377,2.192191,-1.561731,1.982893,0,0.162897,-1.503870,1.829664
z_gcs_1m_adj_sum_bs,18.855,hicp_yoy,46,-0.031927,1.062838,-1.780141,1.716286,-2.051320,1.509188,0,-0.181936,-1.909137,1.545266
z_gcs_1m_adj_sum_bs,18.855,hicp_yoy,47,0.092892,0.954882,-1.477749,1.663534,-1.625895,1.525216,0,0.038445,-1.731705,1.808595
z_gcs_1m_adj_sum_bs,18.855,hicp_yoy,48,0.002252,0.867158,-1.424095,1.428599,-1.558631,1.302988,0,-0.199832,-1.894725,1.495061
z_gcs_1m_adj_sum_bs,18.855,stoxx,0,10.948251,8.431578,-2.920460,24.816962,-1.277536,29.076143,0,10.514231,-3.710278,24.738740
z_gcs_1m_adj_sum_bs,18.855,stoxx,1,17.542268,11.184634,-0.854818,35.939354,0.206085,38.793073,0,17.758418,-2.242598,37.759433
z_gcs_1m_adj_sum_bs,18.855,stoxx,2,36.718075,13.541706,14.443950,58.992199,17.759686,63.801487,0,34.732727,7.900398,61.565056
z_gcs_1m_adj_sum_bs,18.855,stoxx,3,34.071317,13.999750,11.043778,57.098856,12.371705,59.970854,0,34.422689,7.463875,61.381503
z_gcs_1m_adj_sum_bs,18.855,stoxx,4,39.735674,17.503052,10.945716,68.525633,10.855638,69.490863,0,40.471356,11.926264,69.016449
z_gcs_1m_adj_sum_bs,18.855,stoxx,5,33.472553,24.654903,-7.081154,74.026259,-5.975292,76.618633,0,33.356545,-2.942986,69.656077
z_gcs_1m_adj_sum_bs,18.855,stoxx,6,28.318423,30.703168,-22.183793,78.820640,-22.341803,82.048967,0,27.440821,-13.610933,68.492575
z_gcs_1m_adj_sum_bs,18.855,stoxx,7,34.213018,27.296953,-10.686474,79.112509,-9.462107,83.347532,0,32.056168,-9.035269,73.147604
z_gcs_1m_adj_sum_bs,18.855,stoxx,8,19.748955,23.477603,-18.868265,58.366175,-18.989089,59.660879,0,16.634485,-23.984143,57.253112
z_gcs_1m_adj_sum_bs,18.855,stoxx,9,18.275158,25.031703,-22.898330,59.448645,-23.027153,60.829053,0,15.336068,-26.458847,57.130982
z_gcs_1m_adj_sum_bs,18.855,stoxx,10,18.963027,26.380155,-24.428467,62.354521,-23.245221,65.128298,0,15.055184,-28.522919,58.633286
z_gcs_1m_adj_sum_bs,18.855,stoxx,11,38.003220,25.450326,-3.858840,79.865281,-3.989817,81.268774,0,35.068617,-10.488438,80.625673
z_gcs_1m_adj_sum_bs,18.855,stoxx,12,53.985431,22.310532,17.287871,90.682991,19.404106,94.144389,0,52.219942,6.078865,98.361019
z_gcs_1m_adj_sum_bs,18.855,stoxx,13,57.753929,22.512909,20.723488,94.784369,22.858919,98.277166,0,55.410371,9.682766,101.137976
z_gcs_1m_adj_sum_bs,18.855,stoxx,14,72.399960,27.881409,26.539123,118.260797,30.577847,123.980567,0,68.415804,19.960750,116.870858
z_gcs_1m_adj_sum_bs,18.855,stoxx,15,81.019205,31.760610,28.777650,133.260760,33.378289,139.776334,0,77.217913,27.261994,127.173832
z_gcs_1m_adj_sum_bs,18.855,stoxx,16,78.665687,33.062048,24.283457,133.047917,27.419512,138.177374,0,77.497590,31.379608,123.615571
z_gcs_1m_adj_sum_bs,18.855,stoxx,17,73.375515,30.881892,22.579324,124.171706,25.508583,128.962920,0,72.630191,28.390772,116.869609
z_gcs_1m_adj_sum_bs,18.855,stoxx,18,52.831179,30.940321,1.938880,103.723478,3.326666,106.976741,0,51.043818,7.951254,94.136383
z_gcs_1m_adj_sum_bs,18.855,stoxx,19,65.787140,29.639686,17.034196,114.540085,18.363643,117.656590,0,66.159558,20.095583,112.223533
z_gcs_1m_adj_sum_bs,18.855,stoxx,20,73.114049,27.353805,28.121043,118.107055,30.715651,122.350899,0,73.897751,27.051703,120.743799
z_gcs_1m_adj_sum_bs,18.855,stoxx,21,60.226021,26.996799,15.820239,104.631804,15.681303,106.120579,0,61.832324,22.172678,101.491969
z_gcs_1m_adj_sum_bs,18.855,stoxx,22,58.207085,26.457827,14.687832,101.726338,15.874562,103.185392,0,61.423393,20.087519,102.759267
z_gcs_1m_adj_sum_bs,18.855,stoxx,23,33.593089,28.002762,-12.467356,79.653534,-12.611469,79.797646,0,34.189217,-5.310576,73.689010
z_gcs_1m_adj_sum_bs,18.855,stoxx,24,34.455048,24.294943,-5.506577,74.416672,-6.846355,73.326956,0,37.265525,-2.529701,77.060752
z_gcs_1m_adj_sum_bs,18.855,stoxx,25,32.733036,23.548793,-6.001282,71.467354,-8.477352,70.411105,0,35.382214,-5.450851,76.215280
z_gcs_1m_adj_sum_bs,18.855,stoxx,26,22.902246,19.601493,-9.339341,55.143832,-11.400367,53.284559,0,24.874287,-12.493612,62.242187
z_gcs_1m_adj_sum_bs,18.855,stoxx,27,16.442829,20.040670,-16.521139,49.406798,-19.630376,47.505867,0,20.521811,-17.221766,58.265388
z_gcs_1m_adj_sum_bs,18.855,stoxx,28,14.714942,21.157202,-20.085558,49.515442,-24.425881,46.450744,0,19.830605,-17.451366,57.112576
z_gcs_1m_adj_sum_bs,18.855,stoxx,29,24.002412,18.980336,-7.217462,55.222287,-11.111210,52.472917,0,30.896965,-7.577001,69.370930
z_gcs_1m_adj_sum_bs,18.855,stoxx,30,15.419518,22.559462,-21.687495,52.526531,-26.315487,48.130738,0,24.874396,-14.985314,64.734106
z_gcs_1m_adj_sum_bs,18.855,stoxx,31,10.726339,23.424582,-27.803670,49.256349,-32.609138,44.691984,0,22.802244,-17.727942,63.332430
z_gcs_1m_adj_sum_bs,18.855,stoxx,32,11.721555,20.911016,-22.674005,46.117115,-26.963825,43.088079,0,23.970654,-16.983272,64.924580
z_gcs_1m_adj_sum_bs,18.855,stoxx,33,11.845131,21.030798,-22.747452,46.437715,-27.061844,43.391328,0,24.087111,-16.077183,64.251405
z_gcs_1m_adj_sum_bs,18.855,stoxx,34,21.092781,19.317655,-10.681934,52.867496,-13.678999,50.069264,0,33.952230,-6.839478,74.743939
z_gcs_1m_adj_sum_bs,18.855,stoxx,35,9.435782,19.106994,-21.992426,40.863991,-25.912156,37.140924,0,25.103285,-11.548799,61.755370
z_gcs_1m_adj_sum_bs,18.855,stoxx,36,8.757229,18.160772,-21.114582,38.629041,-23.932160,35.998387,0,22.338436,-11.665484,56.342355
z_gcs_1m_adj_sum_bs,18.855,stoxx,37,-2.715098,15.804764,-28.711621,23.281425,-30.373435,21.782286,0,10.054488,-22.078542,42.187518
z_gcs_1m_adj_sum_bs,18.855,stoxx,38,-4.087220,14.854623,-28.520900,20.346460,-30.825541,18.194714,0,9.732363,-21.820533,41.285259
z_gcs_1m_adj_sum_bs,18.855,stoxx,39,-8.721803,12.907943,-29.953480,12.509873,-31.310703,11.285508,0,3.497405,-28.154579,35.149389
z_gcs_1m_adj_sum_bs,18.855,stoxx,40,-30.994014,12.090056,-50.880386,-11.107642,-52.151612,-11.649925,0,-14.847652,-47.216605,17.521302
z_gcs_1m_adj_sum_bs,18.855,stoxx,41,-32.280433,12.376196,-52.637463,-11.923402,-53.938775,-12.478520,0,-17.434142,-50.962820,16.094537
z_gcs_1m_adj_sum_bs,18.855,stoxx,42,-18.455844,11.070016,-36.664401,-0.247288,-37.828373,-1.297319,0,-5.955103,-40.390944,28.480739
z_gcs_1m_adj_sum_bs,18.855,stoxx,43,-27.050143,12.251189,-47.201556,-6.898730,-49.102283,-8.673359,0,-13.147333,-49.670050,23.375383
z_gcs_1m_adj_sum_bs,18.855,stoxx,44,-31.566863,12.663702,-52.396800,-10.736927,-54.361528,-11.938125,0,-19.548897,-55.962667,16.864873
z_gcs_1m_adj_sum_bs,18.855,stoxx,45,-25.488649,12.947605,-46.785564,-4.191734,-46.852197,-4.125101,0,-13.136059,-46.947264,20.675145
z_gcs_1m_adj_sum_bs,18.855,stoxx,46,-29.990431,11.445098,-48.815943,-11.164920,-48.302589,-10.533764,0,-15.811988,-48.850853,17.226878
z_gcs_1m_adj_sum_bs,18.855,stoxx,47,-25.105487,11.300069,-43.692445,-6.518528,-42.055589,-4.765363,0,-10.032904,-44.542222,24.476415
z_gcs_1m_adj_sum_bs,18.855,stoxx,48,-29.738508,14.622586,-53.790522,-5.686494,-52.403516,-4.148983,0,-15.010330,-51.804614,21.783953
z_gc_path1y_sum,8.825,ois1m,0,1.000000,0.000000,1.000000,1.000000,1.000000,1.000000,0,1.000000,1.000000,1.000000
z_gc_path1y_sum,8.825,ois1m,1,1.180746,0.311299,0.668705,1.692786,0.651538,1.881168,0,1.143067,0.621767,1.664366
z_gc_path1y_sum,8.825,ois1m,2,1.179024,0.561345,0.255694,2.102354,0.337007,2.554319,0,1.167096,0.318831,2.015361
z_gc_path1y_sum,8.825,ois1m,3,3.200513,0.984764,1.580720,4.820306,2.018796,6.302521,0,3.089970,1.376367,4.803574
z_gc_path1y_sum,8.825,ois1m,4,2.949037,1.080947,1.171037,4.727036,1.543806,6.191876,0,2.930424,0.363150,5.497698
z_gc_path1y_sum,8.825,ois1m,5,2.167402,1.153657,0.269804,4.064999,0.494599,5.282276,0,2.105814,-1.116770,5.328397
z_gc_path1y_sum,8.825,ois1m,6,2.595958,1.352613,0.371108,4.820808,0.769930,6.518535,0,2.415803,-1.609747,6.441353
z_gc_path1y_sum,8.825,ois1m,7,2.079800,1.387090,-0.201760,4.361360,-0.139544,5.478170,0,1.856992,-2.683520,6.397504
z_gc_path1y_sum,8.825,ois1m,8,1.362915,1.468620,-1.052749,3.778579,-1.133738,4.814171,0,1.199962,-3.609195,6.009119
z_gc_path1y_sum,8.825,ois1m,9,0.981468,1.545069,-1.559945,3.522880,-1.645150,4.535127,0,0.899341,-3.930922,5.729605
z_gc_path1y_sum,8.825,ois1m,10,0.475865,1.543702,-2.063299,3.015028,-2.457169,3.717639,0,0.500926,-4.049527,5.051378
z_gc_path1y_sum,8.825,ois1m,11,1.030796,1.547018,-1.513822,3.575414,-1.599135,4.666288,0,0.947648,-3.655765,5.551062
z_gc_path1y_sum,8.825,ois1m,12,0.933790,1.565252,-1.640821,3.508401,-1.727139,4.612133,0,0.820769,-3.824337,5.465876
z_gc_path1y_sum,8.825,ois1m,13,0.797299,1.564477,-1.776037,3.370634,-1.862312,4.395595,0,0.539455,-4.172991,5.251902
z_gc_path1y_sum,8.825,ois1m,14,1.086815,1.701330,-1.711623,3.885253,-1.720379,5.255072,0,0.794506,-4.026384,5.615396
z_gc_path1y_sum,8.825,ois1m,15,0.760766,1.792849,-2.188208,3.709741,-2.287077,5.063605,0,0.430797,-4.236543,5.098137
z_gc_path1y_sum,8.825,ois1m,16,1.165892,2.025744,-2.166161,4.497944,-1.872724,6.635400,0,0.665578,-4.180600,5.511757
z_gc_path1y_sum,8.825,ois1m,17,1.551122,2.125612,-1.945200,5.047443,-1.531016,7.502837,0,0.817422,-4.100700,5.735544
z_gc_path1y_sum,8.825,ois1m,18,1.298727,1.921521,-1.861894,4.459348,-1.775707,6.198606,0,0.550247,-4.314491,5.414985
z_gc_path1y_sum,8.825,ois1m,19,1.755781,2.047084,-1.611372,5.122934,-1.212490,7.487616,0,0.962715,-4.016004,5.941433
z_gc_path1y_sum,8.825,ois1m,20,1.809653,2.072489,-1.599287,5.218593,-1.402704,7.198123,0,0.827759,-4.242397,5.897915
z_gc_path1y_sum,8.825,ois1m,21,2.473640,2.174584,-1.103233,6.050512,-0.788237,8.345017,0,1.412154,-3.789099,6.613408
z_gc_path1y_sum,8.825,ois1m,22,3.003618,2.316549,-0.806765,6.814002,-0.123723,9.837438,0,1.678971,-3.659295,7.017237
z_gc_path1y_sum,8.825,ois1m,23,3.216053,2.256712,-0.495909,6.928015,-0.056180,9.986190,0,1.773483,-4.048787,7.595753
z_gc_path1y_sum,8.825,ois1m,24,3.853035,2.406089,-0.104629,7.810699,0.725119,11.793128,0,2.227583,-3.807974,8.263141
z_gc_path1y_sum,8.825,ois1m,25,3.671395,2.369344,-0.225828,7.568619,0.591248,11.371762,0,1.999461,-3.946751,7.945673
z_gc_path1y_sum,8.825,ois1m,26,2.871450,1.872263,-0.208148,5.951048,0.250282,8.488239,0,1.196812,-4.556761,6.950384
z_gc_path1y_sum,8.825,ois1m,27,2.890193,1.800607,-0.071542,5.851928,0.279313,8.472075,0,1.080831,-4.799764,6.961425
z_gc_path1y_sum,8.825,ois1m,28,3.231071,2.265146,-0.494763,6.956905,0.286381,11.272340,0,1.438626,-4.627136,7.504387
z_gc_path1y_sum,8.825,ois1m,29,2.462480,2.094005,-0.981851,5.906811,-0.783227,8.744494,0,0.638522,-5.292516,6.569560
z_gc_path1y_sum,8.825,ois1m,30,2.164158,1.983201,-1.097917,5.426233,-1.703084,7.221320,0,0.285342,-5.192436,5.763120
z_gc_path1y_sum,8.825,ois1m,31,3.036312,2.307516,-0.759214,6.831837,-0.309586,10.651114,0,1.063705,-4.008520,6.135929
z_gc_path1y_sum,8.825,ois1m,32,1.946658,1.987182,-1.321966,5.215282,-2.027707,6.715896,0,0.010061,-4.698267,4.718389
z_gc_path1y_sum,8.825,ois1m,33,2.955536,1.895892,-0.162929,6.074002,-0.172686,8.358829,0,1.002507,-3.518589,5.523604
z_gc_path1y_sum,8.825,ois1m,34,4.075755,2.441859,0.059254,8.092255,0.779245,12.622261,0,2.064419,-2.621536,6.750374
z_gc_path1y_sum,8.825,ois1m,35,3.397471,2.203051,-0.226225,7.021167,-0.347715,9.455861,0,1.410461,-3.075328,5.896250
z_gc_path1y_sum,8.825,ois1m,36,4.104484,2.416752,0.129281,8.079688,0.358519,11.475578,0,2.084015,-2.389207,6.557238
z_gc_path1y_sum,8.825,ois1m,37,4.727832,2.936932,-0.102991,9.558655,0.322434,13.979168,0,2.669641,-2.010837,7.350119
z_gc_path1y_sum,8.825,ois1m,38,4.597797,3.190391,-0.649929,9.845524,-0.666348,13.849932,0,2.426219,-2.209316,7.061754
z_gc_path1y_sum,8.825,ois1m,39,4.157661,2.993384,-0.766017,9.081339,-0.631753,12.688805,0,1.957616,-2.344952,6.260183
z_gc_path1y_sum,8.825,ois1m,40,4.272083,2.989954,-0.645954,9.190119,-0.212848,13.989433,0,1.938542,-2.324445,6.201529
z_gc_path1y_sum,8.825,ois1m,41,3.132839,2.557419,-1.073741,7.339419,-1.086903,10.421484,0,0.696189,-3.306336,4.698715
z_gc_path1y_sum,8.825,ois1m,42,2.811140,2.321683,-1.007689,6.629970,-1.135722,8.963601,0,0.622116,-3.341624,4.585855
z_gc_path1y_sum,8.825,ois1m,43,2.551882,1.999231,-0.736560,5.840323,-0.846811,7.849843,0,0.408567,-3.403072,4.220207
z_gc_path1y_sum,8.825,ois1m,44,1.982880,1.790324,-0.961940,4.927701,-1.687284,5.921592,0,0.024367,-3.598646,3.647380
z_gc_path1y_sum,8.825,ois1m,45,2.678699,1.967629,-0.557763,5.915161,-0.863034,7.597772,0,0.805960,-2.818600,4.430521
z_gc_path1y_sum,8.825,ois1m,46,2.697053,1.982186,-0.563353,5.957460,-0.573554,7.949847,0,0.745133,-2.858936,4.349203
z_gc_path1y_sum,8.825,ois1m,47,1.984877,1.772509,-0.930641,4.900396,-1.117014,6.416151,0,0.460328,-2.995751,3.916407
z_gc_path1y_sum,8.825,ois1m,48,1.681976,1.459665,-0.718959,4.082911,-0.799454,5.331138,0,-0.039306,-3.369927,3.291315
z_gc_path1y_sum,8.825,ip,0,-1.220651,2.382239,-5.139087,2.697784,-6.938026,2.590932,0,-0.509341,-4.147386,3.128704
z_gc_path1y_sum,8.825,ip,1,0.986864,3.158107,-4.207760,6.181488,-6.118877,6.355646,0,1.516767,-4.102578,7.136112
z_gc_path1y_sum,8.825,ip,2,-0.268706,3.252651,-5.618840,5.081428,-8.562965,4.447638,0,1.217799,-4.865620,7.301218
z_gc_path1y_sum,8.825,ip,3,-1.969424,3.982767,-8.520492,4.581644,-10.134095,5.398695,0,-0.349622,-8.714970,8.015726
z_gc_path1y_sum,8.825,ip,4,1.295645,4.375793,-5.901894,8.493184,-7.674730,9.609651,0,3.055046,-7.626686,13.736779
z_gc_path1y_sum,8.825,ip,5,-0.412283,5.204284,-8.972568,8.148002,-11.601493,8.955427,0,1.535258,-12.784326,15.854841
z_gc_path1y_sum,8.825,ip,6,2.341712,6.612560,-8.534981,13.218405,-8.569011,18.211855,0,4.262748,-15.618382,24.143877
z_gc_path1y_sum,8.825,ip,7,-3.198029,7.026583,-14.755730,8.359672,-18.305183,9.801150,0,-1.804006,-24.585528,20.977517
z_gc_path1y_sum,8.825,ip,8,-4.339009,7.558242,-16.771211,8.093193,-20.967142,9.265827,0,-3.495358,-28.143472,21.152757
z_gc_path1y_sum,8.825,ip,9,-1.746240,7.423717,-13.957168,10.464687,-14.737745,14.957123,0,-1.206996,-27.059166,24.645173
z_gc_path1y_sum,8.825,ip,10,-5.432597,7.995204,-18.583536,7.718343,-22.222524,9.358530,0,-4.619877,-30.307049,21.067295
z_gc_path1y_sum,8.825,ip,11,-2.659965,6.997601,-14.169994,8.850064,-15.605526,12.384877,0,-3.270182,-26.063144,19.522780
z_gc_path1y_sum,8.825,ip,12,-1.398795,7.515967,-13.761461,10.963871,-13.424343,17.015325,0,-2.162412,-22.783166,18.458341
z_gc_path1y_sum,8.825,ip,13,-2.675678,7.461379,-14.948554,9.597199,-15.733091,14.112425,0,-3.308582,-24.114791,17.497626
z_gc_path1y_sum,8.825,ip,14,1.890623,7.870311,-11.054887,14.836134,-12.275937,19.598824,0,-0.191147,-21.292849,20.910554
z_gc_path1y_sum,8.825,ip,15,1.267695,9.342781,-14.099812,16.635203,-14.147893,23.690370,0,-0.969640,-20.547874,18.608593
z_gc_path1y_sum,8.825,ip,16,7.734232,10.803682,-10.036243,25.504707,-7.931106,37.444357,0,4.051057,-17.489393,25.591507
z_gc_path1y_sum,8.825,ip,17,14.717475,11.026965,-3.420269,32.855219,-0.168928,47.798371,0,8.963338,-13.782013,31.708690
z_gc_path1y_sum,8.825,ip,18,10.608269,11.655166,-8.562772,29.779311,-5.126204,44.991008,0,5.373298,-18.304517,29.051113
z_gc_path1y_sum,8.825,ip,19,8.810912,10.814143,-8.976770,26.598595,-6.328888,39.631220,0,2.073982,-20.146414,24.294379
z_gc_path1y_sum,8.825,ip,20,9.569895,10.475964,-7.661532,26.801323,-5.620253,38.902595,0,3.697096,-18.732622,26.126814
z_gc_path1y_sum,8.825,ip,21,9.972166,9.315942,-5.351195,25.295527,-3.070153,36.988397,0,3.990607,-17.759270,25.740485
z_gc_path1y_sum,8.825,ip,22,5.370406,9.319996,-9.959622,20.700435,-9.075587,29.136395,0,0.119964,-20.684562,20.924490
z_gc_path1y_sum,8.825,ip,23,13.958715,10.141227,-2.722120,30.639550,0.775119,46.917704,0,8.453731,-15.211154,32.118617
z_gc_path1y_sum,8.825,ip,24,8.492692,7.125302,-3.227386,20.212770,-2.907791,28.087271,0,2.997991,-19.472931,25.468913
z_gc_path1y_sum,8.825,ip,25,10.853869,7.266044,-1.097710,22.805448,1.044709,33.741908,0,4.303990,-18.425240,27.033219
z_gc_path1y_sum,8.825,ip,26,9.356084,7.210848,-2.504706,21.216874,-0.378562,32.430799,0,3.259015,-19.311966,25.829995
z_gc_path1y_sum,8.825,ip,27,3.397559,6.139307,-6.700702,13.495821,-8.267124,17.824931,0,-2.526690,-25.191949,20.138570
z_gc_path1y_sum,8.825,ip,28,-0.972820,7.163978,-12.756515,10.810875,-17.449969,13.355136,0,-6.563668,-30.835716,17.708379
z_gc_path1y_sum,8.825,ip,29,-3.634728,8.119084,-16.989433,9.719976,-23.932438,11.385577,0,-9.051405,-32.319115,14.216304
z_gc_path1y_sum,8.825,ip,30,-4.633184,9.542552,-20.329285,11.062917,-29.920946,13.497664,0,-8.991310,-32.510366,14.527746
z_gc_path1y_sum,8.825,ip,31,-9.021706,11.456886,-27.866607,9.823194,-48.547963,7.017934,0,-11.983454,-35.496860,11.529953
z_gc_path1y_sum,8.825,ip,32,-2.461661,10.329176,-19.451643,14.528321,-30.350435,16.130855,0,-5.696274,-28.412070,17.019521
z_gc_path1y_sum,8.825,ip,33,1.390564,9.671502,-14.517641,17.298770,-22.304616,19.766418,0,-2.636883,-26.467199,21.193433
z_gc_path1y_sum,8.825,ip,34,2.594718,10.872977,-15.289738,20.479174,-25.675022,22.166077,0,-1.514273,-28.041133,25.012587
z_gc_path1y_sum,8.825,ip,35,7.080314,10.543719,-10.262560,24.423189,-11.898380,35.021170,0,2.705674,-24.245645,29.656993
z_gc_path1y_sum,8.825,ip,36,1.838439,10.569435,-15.546734,19.223612,-25.113620,21.391894,0,-2.039649,-29.470567,25.391269
z_gc_path1y_sum,8.825,ip,37,11.802812,12.296753,-8.423547,32.029171,-11.561019,42.544695,0,8.422275,-18.877727,35.722277
z_gc_path1y_sum,8.825,ip,38,12.866660,13.272177,-8.964129,34.697448,-8.368823,51.355973,0,8.472492,-18.515825,35.460808
z_gc_path1y_sum,8.825,ip,39,10.510490,14.871798,-13.951440,34.972420,-17.745925,46.202804,0,7.157075,-18.710855,33.025004
z_gc_path1y_sum,8.825,ip,40,10.761893,16.550336,-16.460986,37.984773,-22.338778,50.482699,0,5.763413,-19.677725,31.204550
z_gc_path1y_sum,8.825,ip,41,7.205494,11.789010,-12.185702,26.596690,-14.014724,37.856921,0,3.200120,-21.499498,27.899738
z_gc_path1y_sum,8.825,ip,42,2.128885,12.209752,-17.954369,22.212139,-22.901106,29.600826,0,-1.619017,-26.583683,23.345650
z_gc_path1y_sum,8.825,ip,43,-0.456695,9.976480,-16.866544,15.953154,-20.908478,21.491561,0,-2.675678,-27.216178,21.864822
z_gc_path1y_sum,8.825,ip,44,-3.042168,7.911515,-16.055453,9.971116,-17.282896,16.736620,0,-4.526190,-28.736018,19.683639
z_gc_path1y_sum,8.825,ip,45,-3.516551,8.750373,-17.909633,10.876531,-20.142259,16.609306,0,-3.634604,-26.405318,19.136111
z_gc_path1y_sum,8.825,ip,46,-3.210051,9.142020,-18.247335,11.827233,-20.122787,18.730796,0,-2.571039,-25.455886,20.313807
z_gc_path1y_sum,8.825,ip,47,-1.814550,6.727465,-12.880246,9.251145,-14.933108,12.985873,0,-2.404423,-23.977494,19.168648
z_gc_path1y_sum,8.825,ip,48,-1.111160,7.125363,-12.831339,10.609020,-14.649350,14.920908,0,-1.839448,-23.327732,19.648837
z_gc_path1y_sum,8.825,hicp_yoy,0,-0.514887,0.670614,-1.617950,0.588176,-2.224954,0.491035,0,0.043613,-0.870867,0.958092
z_gc_path1y_sum,8.825,hicp_yoy,1,-0.242811,1.134075,-2.108199,1.622577,-2.851184,1.628413,0,0.492181,-1.086524,2.070887
z_gc_path1y_sum,8.825,hicp_yoy,2,-0.359916,1.391394,-2.648556,1.928723,-3.490554,1.935884,0,0.537823,-1.507806,2.583452
z_gc_path1y_sum,8.825,hicp_yoy,3,-0.637163,1.484603,-3.079118,1.804791,-4.125980,1.738201,0,0.158161,-2.112684,2.429007
z_gc_path1y_sum,8.825,hicp_yoy,4,-1.035254,1.677046,-3.793750,1.723241,-4.724756,1.899577,0,-0.291476,-3.005768,2.422815
z_gc_path1y_sum,8.825,hicp_yoy,5,-1.116364,1.632286,-3.801236,1.568508,-4.707394,1.740137,0,-0.423895,-3.842857,2.995068
z_gc_path1y_sum,8.825,hicp_yoy,6,-0.201523,1.768419,-3.110313,2.707268,-3.915203,3.158473,0,0.161280,-4.132077,4.454637
z_gc_path1y_sum,8.825,hicp_yoy,7,-1.228199,2.015496,-4.543395,2.086996,-6.065389,2.097369,0,-0.875068,-5.491925,3.741789
z_gc_path1y_sum,8.825,hicp_yoy,8,-0.933507,2.116038,-4.414080,2.547067,-5.800395,2.663759,0,-0.801522,-5.459538,3.856493
z_gc_path1y_sum,8.825,hicp_yoy,9,-0.764542,1.973673,-4.010944,2.481861,-5.007938,2.788069,0,-0.670329,-5.486745,4.146086
z_gc_path1y_sum,8.825,hicp_yoy,10,-0.316572,2.060592,-3.705945,3.072800,-4.437756,3.701583,0,-0.306915,-5.326692,4.712862
z_gc_path1y_sum,8.825,hicp_yoy,11,-0.263245,1.964799,-3.495051,2.968562,-4.291082,3.568113,0,-0.277692,-5.604859,5.049475
z_gc_path1y_sum,8.825,hicp_yoy,12,0.604780,1.997388,-2.680630,3.890191,-3.090387,4.899164,0,0.338677,-5.423006,6.100360
z_gc_path1y_sum,8.825,hicp_yoy,13,-0.045573,1.833823,-3.061943,2.970797,-3.896601,3.438691,0,-0.449116,-6.351417,5.453184
z_gc_path1y_sum,8.825,hicp_yoy,14,-0.348244,1.774077,-3.266341,2.569853,-3.630287,3.554725,0,-1.205649,-6.496422,4.085124
z_gc_path1y_sum,8.825,hicp_yoy,15,0.094996,1.865351,-2.973232,3.163225,-2.982832,4.665106,0,-0.759794,-5.899898,4.380310
z_gc_path1y_sum,8.825,hicp_yoy,16,0.290619,1.886436,-2.812292,3.393530,-2.916322,4.818065,0,-0.641620,-5.531931,4.248692
z_gc_path1y_sum,8.825,hicp_yoy,17,1.140695,1.800957,-1.821616,4.103006,-1.650789,5.823183,0,0.126963,-4.175791,4.429717
z_gc_path1y_sum,8.825,hicp_yoy,18,1.869826,2.035160,-1.477714,5.217367,-0.979397,7.670032,0,0.845541,-3.338702,5.029783
z_gc_path1y_sum,8.825,hicp_yoy,19,2.278582,2.112157,-1.195608,5.752771,-0.889654,7.981407,0,1.027211,-3.419500,5.473922
z_gc_path1y_sum,8.825,hicp_yoy,20,2.155233,2.064567,-1.240678,5.551144,-1.354531,7.110194,0,0.858053,-3.497867,5.213973
z_gc_path1y_sum,8.825,hicp_yoy,21,2.955324,2.283522,-0.800736,6.711383,-0.127431,9.805890,0,1.560952,-2.748505,5.870410
z_gc_path1y_sum,8.825,hicp_yoy,22,3.261777,2.671191,-1.131941,7.655496,0.056348,12.076708,0,1.653085,-2.772369,6.078540
z_gc_path1y_sum,8.825,hicp_yoy,23,3.971397,2.293921,0.198232,7.744561,1.333387,12.344208,0,2.285565,-2.627444,7.198574
z_gc_path1y_sum,8.825,hicp_yoy,24,3.093838,2.338312,-0.752342,6.940019,0.170949,11.277929,0,1.188769,-3.225350,5.602888
z_gc_path1y_sum,8.825,hicp_yoy,25,2.030633,1.840608,-0.996898,5.058164,-0.178097,8.472761,0,0.218927,-4.138525,4.576379
z_gc_path1y_sum,8.825,hicp_yoy,26,2.684254,1.097168,0.879573,4.488935,1.148219,6.030616,0,1.059555,-3.579998,5.699109
z_gc_path1y_sum,8.825,hicp_yoy,27,3.093204,1.610490,0.444183,5.742224,0.999566,8.568870,0,1.393223,-3.333834,6.120280
z_gc_path1y_sum,8.825,hicp_yoy,28,3.577749,1.852000,0.531481,6.624018,1.262749,10.522749,0,2.114572,-2.885767,7.114911
z_gc_path1y_sum,8.825,hicp_yoy,29,1.576287,1.931485,-1.600723,4.753297,-2.383257,6.018703,0,-0.101142,-4.562614,4.360331
z_gc_path1y_sum,8.825,hicp_yoy,30,0.450628,2.137893,-3.065893,3.967148,-4.145842,5.367781,0,-1.221298,-5.629008,3.186412
z_gc_path1y_sum,8.825,hicp_yoy,31,-0.732477,1.771060,-3.645612,2.180658,-5.602893,2.366878,0,-2.349794,-6.510239,1.810652
z_gc_path1y_sum,8.825,hicp_yoy,32,-0.091063,1.600369,-2.723436,2.541309,-3.931948,3.109674,0,-1.473341,-5.291590,2.344909
z_gc_path1y_sum,8.825,hicp_yoy,33,0.059704,1.770246,-2.852092,2.971501,-4.542936,3.334660,0,-1.132346,-4.925107,2.660416
z_gc_path1y_sum,8.825,hicp_yoy,34,-0.326047,1.440897,-2.696112,2.044017,-4.144424,2.267567,0,-1.069303,-4.911462,2.772857
z_gc_path1y_sum,8.825,hicp_yoy,35,-0.149016,1.361748,-2.388892,2.090860,-3.008686,2.983004,0,-1.013255,-4.680506,2.653996
z_gc_path1y_sum,8.825,hicp_yoy,36,0.561250,1.402308,-1.745342,2.867841,-1.962905,4.207251,0,0.118778,-3.170701,3.408257
z_gc_path1y_sum,8.825,hicp_yoy,37,0.872580,1.942679,-2.322843,4.068003,-2.624242,6.020679,0,0.320584,-3.365103,4.006272
z_gc_path1y_sum,8.825,hicp_yoy,38,-0.345452,1.881649,-3.440489,2.749584,-4.767327,3.417845,0,-0.765701,-4.958664,3.427262
z_gc_path1y_sum,8.825,hicp_yoy,39,1.695052,2.707943,-2.759119,6.149222,-2.637657,9.412690,0,1.210319,-3.209124,5.629761
z_gc_path1y_sum,8.825,hicp_yoy,40,2.180695,2.249470,-1.519355,5.880744,-1.530931,8.704159,0,1.218319,-3.296522,5.733160
z_gc_path1y_sum,8.825,hicp_yoy,41,3.361561,2.518240,-0.780576,7.503698,-0.415799,11.168106,0,2.213276,-2.450598,6.877149
z_gc_path1y_sum,8.825,hicp_yoy,42,3.402059,2.241208,-0.284400,7.088517,-0.183873,9.901561,0,2.440572,-2.001358,6.882502
z_gc_path1y_sum,8.825,hicp_yoy,43,4.646475,1.843042,1.614941,7.678009,1.697608,9.806992,0,3.703848,-0.641947,8.049644
z_gc_path1y_sum,8.825,hicp_yoy,44,3.899631,1.856677,0.845670,6.953592,1.021782,9.191159,0,2.819739,-1.183615,6.823092
z_gc_path1y_sum,8.825,hicp_yoy,45,3.092880,2.375815,-0.814988,7.000748,0.004320,11.051860,0,2.004065,-2.128766,6.136896
z_gc_path1y_sum,8.825,hicp_yoy,46,2.079579,2.459821,-1.966465,6.125624,-1.610151,9.213059,0,0.795198,-3.768112,5.358508
z_gc_path1y_sum,8.825,hicp_yoy,47,1.271336,1.159702,-0.636204,3.178876,-1.048068,3.822681,0,0.089714,-4.009975,4.189402
z_gc_path1y_sum,8.825,hicp_yoy,48,0.629186,0.771427,-0.639698,1.898071,-0.759382,2.442040,0,-0.393331,-4.414521,3.627860
z_gc_path1y_sum,8.825,stoxx,0,2.170609,15.161735,-22.768225,27.109443,-29.669033,29.461731,0,4.470256,-17.445417,26.385929
z_gc_path1y_sum,8.825,stoxx,1,1.880289,21.806215,-33.987743,37.748320,-50.454627,36.770232,0,7.104509,-23.160419,37.369437
z_gc_path1y_sum,8.825,stoxx,2,4.062206,20.693934,-29.976285,38.100698,-38.360358,41.311287,0,9.867721,-18.581426,38.316868
z_gc_path1y_sum,8.825,stoxx,3,20.079298,25.572818,-21.984244,62.142841,-29.787697,68.667653,0,23.189491,-19.268973,65.647955
z_gc_path1y_sum,8.825,stoxx,4,21.225933,30.601142,-29.108466,71.560333,-43.036465,76.307989,0,25.041960,-31.184715,81.268636
z_gc_path1y_sum,8.825,stoxx,5,-4.090739,35.953193,-63.228479,55.047000,-68.806486,73.208625,0,2.037851,-68.864309,72.940010
z_gc_path1y_sum,8.825,stoxx,6,-30.926994,35.660227,-89.582848,27.728860,-105.813472,36.827438,0,-26.198950,-102.296050,49.898149
z_gc_path1y_sum,8.825,stoxx,7,-31.116583,36.924221,-91.851522,29.618356,-117.888503,31.654593,0,-26.700284,-100.662347,47.261779
z_gc_path1y_sum,8.825,stoxx,8,-17.706606,38.675541,-81.322209,45.908997,-100.859018,51.909367,0,-10.484830,-95.705225,74.735566
z_gc_path1y_sum,8.825,stoxx,9,-13.289529,43.990375,-85.647257,59.068200,-105.669317,68.092666,0,-3.665172,-92.733692,85.403347
z_gc_path1y_sum,8.825,stoxx,10,3.378926,45.015727,-70.665355,77.423208,-79.900168,97.911953,0,7.680573,-76.240391,91.601538
z_gc_path1y_sum,8.825,stoxx,11,18.389898,39.682787,-46.882477,83.662274,-57.007396,99.739611,0,18.824471,-64.253470,101.902411
z_gc_path1y_sum,8.825,stoxx,12,26.522246,38.900156,-37.462816,90.507308,-43.498034,112.102588,0,22.277169,-62.897320,107.451658
z_gc_path1y_sum,8.825,stoxx,13,31.621824,42.049246,-37.543031,100.786679,-37.759432,132.540015,0,22.972012,-73.635142,119.579167
z_gc_path1y_sum,8.825,stoxx,14,22.390800,43.607607,-49.337330,94.118931,-49.561751,127.049058,0,15.740711,-82.149473,113.630896
z_gc_path1y_sum,8.825,stoxx,15,7.768069,39.862450,-57.799826,73.335964,-59.998096,101.444826,0,-1.828008,-97.053583,93.397567
z_gc_path1y_sum,8.825,stoxx,16,41.664199,42.959687,-28.998197,112.326596,-18.479362,164.099306,0,28.739919,-61.574676,119.054513
z_gc_path1y_sum,8.825,stoxx,17,49.535486,41.784159,-19.193340,118.264313,-8.962337,170.709549,0,34.602285,-50.736622,119.941193
z_gc_path1y_sum,8.825,stoxx,18,41.095845,33.416708,-13.869748,96.061438,-5.687546,134.662627,0,25.305363,-54.798777,105.409504
z_gc_path1y_sum,8.825,stoxx,19,25.812324,31.276704,-25.633276,77.257924,-17.975061,114.950930,0,12.181119,-65.492590,89.854828
z_gc_path1y_sum,8.825,stoxx,20,13.043202,27.922807,-32.885729,58.972133,-33.029430,80.057939,0,-1.749306,-78.264345,74.765733
z_gc_path1y_sum,8.825,stoxx,21,39.813157,33.530811,-15.340119,94.966433,-8.806518,133.699427,0,20.843883,-56.917621,98.605388
z_gc_path1y_sum,8.825,stoxx,22,52.098577,33.909367,-3.677368,107.874522,8.016400,155.522145,0,31.078275,-45.178783,107.335334
z_gc_path1y_sum,8.825,stoxx,23,17.167573,29.076515,-30.659039,64.994184,-40.985458,78.228254,0,2.318020,-76.813221,81.449260
z_gc_path1y_sum,8.825,stoxx,24,-4.315837,28.532060,-51.246900,42.615226,-69.939575,48.468474,0,-18.861449,-96.653667,58.930770
z_gc_path1y_sum,8.825,stoxx,25,11.789981,24.663384,-28.777676,52.357637,-30.137772,74.681610,0,-2.059873,-81.755581,77.635835
z_gc_path1y_sum,8.825,stoxx,26,-2.069026,23.431543,-40.610484,36.472432,-61.819460,37.764597,0,-15.502502,-91.005575,60.000572
z_gc_path1y_sum,8.825,stoxx,27,-26.714005,29.953355,-75.982891,22.554880,-106.090397,24.206699,0,-39.601209,-126.222590,47.020172
z_gc_path1y_sum,8.825,stoxx,28,-15.086950,33.676653,-70.480115,40.306216,-82.440256,62.369353,0,-31.264378,-115.483756,52.955000
z_gc_path1y_sum,8.825,stoxx,29,-29.230585,37.260307,-90.518337,32.057167,-126.107384,37.837968,0,-45.204089,-129.776828,39.368649
z_gc_path1y_sum,8.825,stoxx,30,-2.316771,36.178455,-61.825034,57.191493,-90.953987,70.040140,0,-12.958405,-97.991394,72.074585
z_gc_path1y_sum,8.825,stoxx,31,6.786834,38.098108,-55.878977,69.452646,-82.743720,84.887956,0,0.083989,-81.582452,81.750431
z_gc_path1y_sum,8.825,stoxx,32,-2.024771,36.429537,-61.946027,57.896485,-76.705321,83.584641,0,-6.128675,-84.790431,72.533082
z_gc_path1y_sum,8.825,stoxx,33,6.274582,39.129925,-58.088416,70.637581,-79.811252,90.403920,0,4.693801,-76.697467,86.085070
z_gc_path1y_sum,8.825,stoxx,34,23.300526,44.957658,-50.648241,97.249294,-62.119025,135.694672,0,21.624983,-65.295251,108.545218
z_gc_path1y_sum,8.825,stoxx,35,33.499807,47.079117,-43.938449,110.938063,-48.888648,162.967379,0,20.842903,-70.197298,111.883104
z_gc_path1y_sum,8.825,stoxx,36,31.186874,55.767645,-60.542738,122.916487,-83.136797,159.452457,0,16.811478,-65.726406,99.349361
z_gc_path1y_sum,8.825,stoxx,37,58.915710,71.918139,-59.379102,177.210522,-52.557406,281.861942,0,39.813232,-47.120816,126.747280
z_gc_path1y_sum,8.825,stoxx,38,57.573158,61.394978,-43.412595,158.558911,-49.868054,223.339599,0,34.916809,-52.444826,122.278445
z_gc_path1y_sum,8.825,stoxx,39,34.508352,49.820262,-47.438687,116.455390,-67.623185,146.603941,0,17.433032,-58.849160,93.715225
z_gc_path1y_sum,8.825,stoxx,40,22.329579,34.925004,-35.116940,79.776099,-26.565426,142.820844,0,2.971290,-66.080370,72.022949
z_gc_path1y_sum,8.825,stoxx,41,-7.128506,28.399146,-53.840945,39.583933,-75.286457,48.249830,0,-24.172870,-88.942752,40.597011
z_gc_path1y_sum,8.825,stoxx,42,-14.859695,30.221003,-64.568822,34.849431,-87.390103,42.560211,0,-28.605119,-91.757521,34.547283
z_gc_path1y_sum,8.825,stoxx,43,-28.157525,37.559823,-89.937937,33.622886,-112.667128,46.962121,0,-37.487718,-107.510901,32.535465
z_gc_path1y_sum,8.825,stoxx,44,-34.547618,37.963121,-96.991396,27.896159,-133.251733,31.887843,0,-37.103188,-107.110484,32.904108
z_gc_path1y_sum,8.825,stoxx,45,-18.366190,29.287207,-66.539359,29.806979,-68.154442,56.316189,0,-23.165355,-82.861299,36.530588
z_gc_path1y_sum,8.825,stoxx,46,-33.026579,28.333932,-79.631750,13.578591,-79.777567,40.641643,0,-41.584871,-102.055846,18.886103
z_gc_path1y_sum,8.825,stoxx,47,-48.600685,21.737299,-84.355360,-12.846010,-90.988417,-0.778628,0,-50.506562,-109.667434,8.654309
z_gc_path1y_sum,8.825,stoxx,48,-44.598861,16.212421,-71.265920,-17.931802,-77.023703,-10.552778,0,-52.199975,-113.960555,9.560605
z_ext_jk_mp_pm,12.570,ois1m,0,1.000000,0.000000,1.000000,1.000000,1.000000,1.000000,0,1.000000,1.000000,1.000000
z_ext_jk_mp_pm,12.570,ois1m,1,0.962561,0.220563,0.599767,1.325356,0.532463,1.326491,0,0.976928,0.558356,1.395499
z_ext_jk_mp_pm,12.570,ois1m,2,0.258798,0.385631,-0.375509,0.893105,-0.608872,0.798682,0,0.299090,-0.501986,1.100167
z_ext_jk_mp_pm,12.570,ois1m,3,0.739308,0.443538,0.009753,1.468863,-0.147768,1.404615,0,0.770779,-0.073740,1.615298
z_ext_jk_mp_pm,12.570,ois1m,4,0.768906,0.561015,-0.153882,1.691694,-0.409226,1.554328,0,0.815913,-0.521996,2.153822
z_ext_jk_mp_pm,12.570,ois1m,5,0.367116,0.695404,-0.776721,1.510954,-1.058461,1.375452,0,0.327198,-1.463410,2.117807
z_ext_jk_mp_pm,12.570,ois1m,6,0.564098,0.726690,-0.631200,1.759396,-0.852946,1.654133,0,0.489021,-1.695345,2.673386
z_ext_jk_mp_pm,12.570,ois1m,7,0.161918,0.895979,-1.311836,1.635673,-1.630040,1.461088,0,0.048775,-2.537407,2.634957
z_ext_jk_mp_pm,12.570,ois1m,8,-0.227556,1.006049,-1.882359,1.427248,-2.239654,1.231216,0,-0.358658,-3.275674,2.558357
z_ext_jk_mp_pm,12.570,ois1m,9,-0.842553,1.063357,-2.591620,0.906514,-3.022435,0.699315,0,-0.939018,-4.035111,2.157075
z_ext_jk_mp_pm,12.570,ois1m,10,-1.279209,1.137451,-3.150149,0.591730,-3.610983,0.313221,0,-1.379081,-4.494508,1.736346
z_ext_jk_mp_pm,12.570,ois1m,11,-1.124303,1.093265,-2.922564,0.673957,-3.365497,0.406267,0,-1.310578,-4.341599,1.720442
z_ext_jk_mp_pm,12.570,ois1m,12,-1.285039,1.055110,-3.020541,0.450462,-3.448015,0.192115,0,-1.512147,-4.483246,1.458952
z_ext_jk_mp_pm,12.570,ois1m,13,-1.349292,1.079236,-3.124477,0.425893,-3.561725,0.161639,0,-1.657261,-4.766745,1.452223
z_ext_jk_mp_pm,12.570,ois1m,14,-0.871177,1.069357,-2.630113,0.887758,-2.956423,0.679390,0,-1.253449,-4.304807,1.797908
z_ext_jk_mp_pm,12.570,ois1m,15,-0.911603,1.153310,-2.808630,0.985424,-3.102893,0.818362,0,-1.321088,-4.375359,1.733183
z_ext_jk_mp_pm,12.570,ois1m,16,-1.023551,1.218219,-3.027342,0.980241,-3.338166,0.803778,0,-1.489340,-4.627312,1.648632
z_ext_jk_mp_pm,12.570,ois1m,17,-0.755547,1.192110,-2.716394,1.205300,-2.960951,1.092224,0,-1.433058,-4.642311,1.776195
z_ext_jk_mp_pm,12.570,ois1m,18,-0.801142,1.195343,-2.767306,1.165022,-3.072293,0.991873,0,-1.524522,-4.831668,1.782624
z_ext_jk_mp_pm,12.570,ois1m,19,-0.695872,1.160659,-2.604987,1.213242,-2.901125,1.045116,0,-1.393792,-4.768734,1.981151
z_ext_jk_mp_pm,12.570,ois1m,20,-0.740517,1.052171,-2.471184,0.990150,-2.739641,0.837739,0,-1.556507,-4.977695,1.864681
z_ext_jk_mp_pm,12.570,ois1m,21,-0.389828,1.010893,-2.052600,1.272943,-2.259981,1.177056,0,-1.257069,-4.634557,2.120419
z_ext_jk_mp_pm,12.570,ois1m,22,-0.374620,0.980982,-1.988192,1.238952,-2.140388,1.145902,0,-1.269998,-4.685973,2.145978
z_ext_jk_mp_pm,12.570,ois1m,23,-0.221091,0.958633,-1.797902,1.355720,-1.946630,1.312722,0,-1.204130,-4.685025,2.276766
z_ext_jk_mp_pm,12.570,ois1m,24,0.215604,0.971582,-1.382505,1.813714,-1.484663,1.770135,0,-0.794599,-4.381674,2.792477
z_ext_jk_mp_pm,12.570,ois1m,25,0.045972,1.070470,-1.714795,1.806739,-1.934398,1.705201,0,-0.961391,-4.699661,2.776879
z_ext_jk_mp_pm,12.570,ois1m,26,-0.373039,1.268316,-2.459233,1.713154,-2.782839,1.466018,0,-1.386584,-5.223091,2.449924
z_ext_jk_mp_pm,12.570,ois1m,27,-0.947213,1.593109,-3.567643,1.673218,-4.133430,1.283139,0,-1.973928,-5.941464,1.993608
z_ext_jk_mp_pm,12.570,ois1m,28,-0.880862,1.692878,-3.665399,1.903676,-4.097331,1.573812,0,-1.837588,-5.669932,1.994756
z_ext_jk_mp_pm,12.570,ois1m,29,-0.728161,1.670001,-3.475068,2.018746,-3.901162,1.693340,0,-1.709244,-5.398051,1.979562
z_ext_jk_mp_pm,12.570,ois1m,30,-0.931771,1.472455,-3.353744,1.490201,-3.803058,1.203288,0,-1.924112,-5.259948,1.411723
z_ext_jk_mp_pm,12.570,ois1m,31,0.025407,1.260608,-2.048109,2.098923,-2.243687,1.979349,0,-0.885307,-3.761797,1.991183
z_ext_jk_mp_pm,12.570,ois1m,32,-0.022427,1.091145,-1.817201,1.772347,-2.041045,1.668848,0,-0.872907,-3.609860,1.864046
z_ext_jk_mp_pm,12.570,ois1m,33,0.461489,0.847407,-0.932371,1.855350,-0.979103,1.859711,0,-0.336624,-2.831700,2.158451
z_ext_jk_mp_pm,12.570,ois1m,34,1.154609,0.973095,-0.445990,2.755209,-0.305034,2.954836,0,0.471229,-1.928093,2.870550
z_ext_jk_mp_pm,12.570,ois1m,35,1.089243,0.995961,-0.548968,2.727454,-0.404699,2.981570,0,0.368061,-1.998742,2.734863
z_ext_jk_mp_pm,12.570,ois1m,36,1.384535,1.117340,-0.453325,3.222395,-0.235608,3.563347,0,0.646186,-1.662918,2.955291
z_ext_jk_mp_pm,12.570,ois1m,37,1.650744,1.203638,-0.329063,3.630552,-0.094530,3.997838,0,1.011371,-1.329783,3.352526
z_ext_jk_mp_pm,12.570,ois1m,38,1.739721,1.383158,-0.535372,4.014813,-0.196700,4.506036,0,1.124561,-1.304221,3.553343
z_ext_jk_mp_pm,12.570,ois1m,39,1.659900,1.420555,-0.676705,3.996504,-0.399905,4.501009,0,0.991793,-1.477044,3.460630
z_ext_jk_mp_pm,12.570,ois1m,40,1.548152,1.321173,-0.624984,3.721288,-0.301490,4.256556,0,0.855761,-1.595212,3.306734
z_ext_jk_mp_pm,12.570,ois1m,41,1.104678,1.136473,-0.764654,2.974010,-0.486385,3.434448,0,0.233548,-2.129256,2.596351
z_ext_jk_mp_pm,12.570,ois1m,42,0.910087,0.979487,-0.701026,2.521199,-0.461195,2.869061,0,0.030754,-2.295067,2.356575
z_ext_jk_mp_pm,12.570,ois1m,43,0.834612,0.864414,-0.587222,2.256447,-0.375567,2.606661,0,0.005356,-2.240015,2.250727
z_ext_jk_mp_pm,12.570,ois1m,44,0.850388,0.824396,-0.505623,2.206399,-0.303767,2.499180,0,0.060951,-2.100426,2.222327
z_ext_jk_mp_pm,12.570,ois1m,45,0.953871,0.869918,-0.477017,2.384759,-0.264014,2.693708,0,0.249214,-1.829313,2.327742
z_ext_jk_mp_pm,12.570,ois1m,46,1.015072,0.960816,-0.565329,2.595474,-0.330070,2.984745,0,0.340401,-1.791907,2.472709
z_ext_jk_mp_pm,12.570,ois1m,47,1.228257,0.918997,-0.283359,2.739872,-0.058339,3.112200,0,0.704210,-1.464713,2.873134
z_ext_jk_mp_pm,12.570,ois1m,48,1.404076,0.916278,-0.103068,2.911220,0.121286,3.236633,0,0.741490,-1.486376,2.969355
z_ext_jk_mp_pm,12.570,ip,0,1.380684,1.648747,-1.331263,4.092632,-1.916810,4.183554,0,1.596591,-1.122120,4.315301
z_ext_jk_mp_pm,12.570,ip,1,1.531234,2.195226,-2.079592,5.142060,-2.859219,5.043596,0,2.450511,-1.553039,6.454061
z_ext_jk_mp_pm,12.570,ip,2,1.913470,2.750075,-2.610001,6.436941,-4.411703,5.626071,0,3.294299,-1.923632,8.512230
z_ext_jk_mp_pm,12.570,ip,3,-2.803927,2.998175,-7.735485,2.127631,-9.549820,1.243609,0,-1.338637,-8.537240,5.859967
z_ext_jk_mp_pm,12.570,ip,4,-1.086207,3.438897,-6.742689,4.570275,-8.135946,3.900194,0,-0.195934,-8.668930,8.277061
z_ext_jk_mp_pm,12.570,ip,5,-1.099577,4.398631,-8.334681,6.135528,-10.336702,5.058507,0,-0.483363,-10.840067,9.873342
z_ext_jk_mp_pm,12.570,ip,6,-3.146399,4.186912,-10.033256,3.740459,-11.729568,2.715278,0,-1.865347,-14.475912,10.745217
z_ext_jk_mp_pm,12.570,ip,7,-5.844954,4.959735,-14.002992,2.313083,-15.764424,1.346661,0,-4.975754,-19.764804,9.813296
z_ext_jk_mp_pm,12.570,ip,8,-8.847614,5.959785,-18.650588,0.955359,-21.065173,-0.503916,0,-8.243086,-24.824022,8.337849
z_ext_jk_mp_pm,12.570,ip,9,-7.925547,5.353637,-16.731496,0.880402,-18.632820,-0.162774,0,-7.411224,-23.922604,9.100157
z_ext_jk_mp_pm,12.570,ip,10,-7.400126,6.632978,-18.310405,3.510152,-20.666083,2.217692,0,-7.254198,-24.174323,9.665926
z_ext_jk_mp_pm,12.570,ip,11,-6.024489,5.549913,-15.153284,3.104306,-17.401811,1.745390,0,-6.563839,-21.478959,8.351281
z_ext_jk_mp_pm,12.570,ip,12,-5.780473,4.433498,-13.072929,1.511982,-14.425795,0.648099,0,-6.823586,-19.626986,5.979814
z_ext_jk_mp_pm,12.570,ip,13,-7.677827,5.033566,-15.957306,0.601652,-17.744959,-0.379157,0,-9.713842,-23.822004,4.394320
z_ext_jk_mp_pm,12.570,ip,14,-3.661192,4.646793,-11.304487,3.982103,-12.490099,3.308998,0,-6.112890,-19.031607,6.805827
z_ext_jk_mp_pm,12.570,ip,15,-4.750649,4.605567,-12.326133,2.824835,-13.270949,2.387980,0,-7.199234,-19.759021,5.360552
z_ext_jk_mp_pm,12.570,ip,16,-3.110660,5.802026,-12.654144,6.432824,-13.264206,6.462684,0,-6.301464,-19.222747,6.619818
z_ext_jk_mp_pm,12.570,ip,17,1.002997,5.678760,-8.337732,10.343726,-8.650895,10.656889,0,-3.767644,-16.863845,9.328557
z_ext_jk_mp_pm,12.570,ip,18,1.268792,6.047567,-8.678570,11.216155,-8.709693,11.549656,0,-3.467047,-17.726133,10.792040
z_ext_jk_mp_pm,12.570,ip,19,2.061703,5.676179,-7.274781,11.398187,-7.587801,11.711208,0,-3.323249,-17.767010,11.120512
z_ext_jk_mp_pm,12.570,ip,20,-0.074287,4.922432,-8.170968,8.022394,-8.442422,8.047727,0,-4.540788,-19.254290,10.172715
z_ext_jk_mp_pm,12.570,ip,21,-4.324674,4.745465,-12.130268,3.480921,-12.866510,3.030797,0,-8.976502,-23.874986,5.921982
z_ext_jk_mp_pm,12.570,ip,22,-4.791123,4.558551,-12.289273,2.707027,-13.224443,2.046704,0,-8.585687,-23.122913,5.951539
z_ext_jk_mp_pm,12.570,ip,23,1.328319,4.676859,-6.364430,9.021067,-6.388499,9.278979,0,-2.981607,-17.034819,11.071604
z_ext_jk_mp_pm,12.570,ip,24,-1.087714,4.897294,-9.143046,6.967618,-10.147708,6.503092,0,-5.097075,-20.127995,9.933845
z_ext_jk_mp_pm,12.570,ip,25,1.902999,3.866991,-4.457636,8.263633,-5.057585,8.090184,0,-2.348469,-16.249187,11.552249
z_ext_jk_mp_pm,12.570,ip,26,-2.046004,5.135043,-10.492399,6.400391,-11.545834,5.656561,0,-6.223588,-20.514119,8.066943
z_ext_jk_mp_pm,12.570,ip,27,-2.790245,5.508665,-11.851192,6.270702,-13.256708,5.472752,0,-5.832700,-19.850253,8.184852
z_ext_jk_mp_pm,12.570,ip,28,-2.326774,6.778930,-13.477122,8.823574,-15.206741,7.841621,0,-5.254696,-19.154346,8.644953
z_ext_jk_mp_pm,12.570,ip,29,-6.819926,7.060373,-18.433206,4.793355,-20.587653,3.417615,0,-9.212479,-22.697826,4.272869
z_ext_jk_mp_pm,12.570,ip,30,-4.580252,6.691336,-15.586521,6.426017,-17.293791,5.122186,0,-5.904119,-18.687239,6.879000
z_ext_jk_mp_pm,12.570,ip,31,-1.547040,5.799721,-11.086732,7.992652,-13.146482,6.572569,0,-2.659358,-14.934953,9.616237
z_ext_jk_mp_pm,12.570,ip,32,1.386226,4.433368,-5.906015,8.678467,-6.593836,8.479614,0,1.431457,-11.700952,14.563866
z_ext_jk_mp_pm,12.570,ip,33,3.479444,4.335264,-3.651432,10.610319,-3.023453,11.716446,0,3.235869,-11.777010,18.248748
z_ext_jk_mp_pm,12.570,ip,34,5.408525,5.844442,-4.204726,15.021776,-3.358138,16.512964,0,5.771006,-11.060548,22.602559
z_ext_jk_mp_pm,12.570,ip,35,5.550520,7.432888,-6.675492,17.776533,-4.855523,20.787940,0,5.765445,-11.783894,23.314783
z_ext_jk_mp_pm,12.570,ip,36,4.579326,7.777957,-8.214275,17.372926,-6.309814,20.135240,0,5.134174,-12.361586,22.629933
z_ext_jk_mp_pm,12.570,ip,37,8.839261,8.998499,-5.961952,23.640474,-3.758637,27.286183,0,10.259580,-7.966171,28.485331
z_ext_jk_mp_pm,12.570,ip,38,8.051333,8.610515,-6.111704,22.214369,-4.003388,25.702888,0,8.393075,-9.484786,26.270936
z_ext_jk_mp_pm,12.570,ip,39,6.649862,9.327310,-8.692197,21.991921,-6.408371,25.304481,0,7.299859,-9.479270,24.078988
z_ext_jk_mp_pm,12.570,ip,40,7.097916,8.572694,-7.002912,21.198744,-4.903856,24.671940,0,6.731542,-9.782976,23.246061
z_ext_jk_mp_pm,12.570,ip,41,5.029612,6.472537,-5.616764,15.675987,-3.708313,18.621939,0,5.453585,-9.956935,20.864105
z_ext_jk_mp_pm,12.570,ip,42,4.386261,7.376129,-7.746391,16.518912,-5.940319,19.507324,0,4.468867,-10.768173,19.705906
z_ext_jk_mp_pm,12.570,ip,43,4.061429,5.970050,-5.758430,13.881288,-3.998139,16.300032,0,4.200505,-10.497269,18.898279
z_ext_jk_mp_pm,12.570,ip,44,3.381770,5.999624,-6.486733,13.250272,-4.717722,15.980979,0,3.579966,-11.488402,18.648335
z_ext_jk_mp_pm,12.570,ip,45,4.122229,6.171531,-6.029037,14.273495,-4.209338,17.082445,0,5.645435,-8.916855,20.207725
z_ext_jk_mp_pm,12.570,ip,46,3.102463,6.275287,-7.219466,13.424391,-5.369175,16.280565,0,4.630417,-10.284213,19.545046
z_ext_jk_mp_pm,12.570,ip,47,2.924964,4.198159,-3.980393,9.830321,-2.742551,11.741098,0,4.083757,-9.484966,17.652479
z_ext_jk_mp_pm,12.570,ip,48,4.613967,4.146243,-2.205997,11.433930,-1.190774,12.906453,0,6.074957,-7.848049,19.997963
z_ext_jk_mp_pm,12.570,hicp_yoy,0,-0.386371,0.443250,-1.115453,0.342712,-1.361522,0.300668,0,0.070348,-0.627905,0.768601
z_ext_jk_mp_pm,12.570,hicp_yoy,1,0.086462,0.664473,-1.006499,1.179423,-1.209261,1.182843,0,0.722068,-0.388872,1.833008
z_ext_jk_mp_pm,12.570,hicp_yoy,2,-0.344351,1.062600,-2.092172,1.403471,-2.735200,1.143289,0,0.427209,-1.078196,1.932614
z_ext_jk_mp_pm,12.570,hicp_yoy,3,-0.641311,1.134245,-2.506978,1.224356,-3.136650,0.889920,0,0.089640,-1.623534,1.802813
z_ext_jk_mp_pm,12.570,hicp_yoy,4,-0.654972,1.020229,-2.333099,1.023155,-2.746441,0.824360,0,0.032632,-1.922537,1.987801
z_ext_jk_mp_pm,12.570,hicp_yoy,5,-0.681675,1.068617,-2.439393,1.076043,-2.765477,0.921250,0,-0.006262,-2.204340,2.191817
z_ext_jk_mp_pm,12.570,hicp_yoy,6,0.443027,1.132895,-1.420420,2.306473,-1.709474,2.199014,0,0.878904,-1.740452,3.498260
z_ext_jk_mp_pm,12.570,hicp_yoy,7,-0.151726,1.094267,-1.951635,1.648182,-2.285546,1.489674,0,0.311600,-2.434406,3.057606
z_ext_jk_mp_pm,12.570,hicp_yoy,8,-1.324696,1.150285,-3.216747,0.567355,-3.625267,0.343217,0,-0.931526,-3.859456,1.996405
z_ext_jk_mp_pm,12.570,hicp_yoy,9,-2.074577,1.283547,-4.185824,0.036671,-4.705849,-0.277610,0,-1.748862,-5.085824,1.588100
z_ext_jk_mp_pm,12.570,hicp_yoy,10,-2.318433,1.526490,-4.829285,0.192420,-5.447737,-0.181346,0,-2.195286,-5.815197,1.424625
z_ext_jk_mp_pm,12.570,hicp_yoy,11,-2.004724,1.464605,-4.413784,0.404337,-5.007163,0.045723,0,-1.839100,-5.484137,1.805937
z_ext_jk_mp_pm,12.570,hicp_yoy,12,-0.605046,1.236563,-2.639010,1.428919,-2.954515,1.249798,0,-0.568833,-4.026150,2.888483
z_ext_jk_mp_pm,12.570,hicp_yoy,13,-0.676294,1.402558,-2.983297,1.630709,-3.200899,1.497671,0,-0.799004,-4.485920,2.887912
z_ext_jk_mp_pm,12.570,hicp_yoy,14,-0.086237,1.157549,-1.990235,1.817761,-1.996192,1.939473,0,-0.601717,-4.017015,2.813582
z_ext_jk_mp_pm,12.570,hicp_yoy,15,-0.312952,1.183245,-2.259217,1.633313,-2.265307,1.698564,0,-0.907235,-4.102145,2.287674
z_ext_jk_mp_pm,12.570,hicp_yoy,16,-0.039630,1.084541,-1.823541,1.744281,-1.774895,1.858317,0,-0.764602,-3.836796,2.307592
z_ext_jk_mp_pm,12.570,hicp_yoy,17,0.459110,0.939720,-1.086591,2.004812,-1.044442,2.103620,0,-0.381920,-3.121706,2.357865
z_ext_jk_mp_pm,12.570,hicp_yoy,18,-0.000632,0.942009,-1.550098,1.548835,-1.507845,1.647883,0,-0.765755,-3.412403,1.880893
z_ext_jk_mp_pm,12.570,hicp_yoy,19,0.403323,0.892629,-1.064920,1.871566,-1.024883,1.965423,0,-0.586699,-3.481415,2.308017
z_ext_jk_mp_pm,12.570,hicp_yoy,20,0.697837,1.011506,-0.965942,2.361616,-0.971147,2.467972,0,-0.367528,-3.333272,2.598215
z_ext_jk_mp_pm,12.570,hicp_yoy,21,0.988839,0.907737,-0.504255,2.481933,-0.508927,2.577379,0,-0.072396,-2.904915,2.760124
z_ext_jk_mp_pm,12.570,hicp_yoy,22,1.150716,1.169420,-0.772809,3.074241,-0.720356,3.255672,0,0.054444,-2.770684,2.879572
z_ext_jk_mp_pm,12.570,hicp_yoy,23,1.512944,0.995866,-0.125110,3.150998,-0.180029,3.205917,0,0.256731,-2.789139,3.302600
z_ext_jk_mp_pm,12.570,hicp_yoy,24,1.165161,0.957475,-0.409746,2.740068,-0.462547,2.744995,0,-0.188474,-3.119827,2.742878
z_ext_jk_mp_pm,12.570,hicp_yoy,25,-0.049271,1.199984,-2.023069,1.924527,-2.209242,1.810704,0,-1.213289,-4.433105,2.006528
z_ext_jk_mp_pm,12.570,hicp_yoy,26,-0.749335,1.316410,-2.914637,1.415967,-3.447976,1.093639,0,-1.737201,-5.198719,1.724318
z_ext_jk_mp_pm,12.570,hicp_yoy,27,-1.149522,1.691090,-3.931118,1.632074,-4.616257,1.133449,0,-2.196843,-5.621469,1.227784
z_ext_jk_mp_pm,12.570,hicp_yoy,28,-1.037147,1.764698,-3.939816,1.865523,-4.654777,1.345195,0,-2.017255,-5.202529,1.168019
z_ext_jk_mp_pm,12.570,hicp_yoy,29,-1.154931,1.773339,-4.071814,1.761952,-4.790275,1.327744,0,-2.381595,-5.576710,0.813520
z_ext_jk_mp_pm,12.570,hicp_yoy,30,-0.832231,1.685454,-3.604557,1.940095,-4.203140,1.527405,0,-2.171791,-5.099157,0.755575
z_ext_jk_mp_pm,12.570,hicp_yoy,31,-1.066968,1.379800,-3.336538,1.202602,-3.895559,0.864753,0,-2.229485,-4.862439,0.403469
z_ext_jk_mp_pm,12.570,hicp_yoy,32,-0.313707,1.080062,-2.090250,1.462837,-2.527834,1.198380,0,-1.221541,-3.480384,1.037302
z_ext_jk_mp_pm,12.570,hicp_yoy,33,0.461141,0.923784,-1.058349,1.980631,-1.432617,1.754439,0,-0.242044,-2.282713,1.798626
z_ext_jk_mp_pm,12.570,hicp_yoy,34,0.854031,0.748795,-0.377628,2.085689,-0.606120,1.939784,0,0.516801,-1.338486,2.372087
z_ext_jk_mp_pm,12.570,hicp_yoy,35,0.797808,0.412889,0.118665,1.476950,0.095896,1.499719,0,0.352148,-1.499371,2.203667
z_ext_jk_mp_pm,12.570,hicp_yoy,36,0.433486,0.502887,-0.393689,1.260662,-0.421421,1.263250,0,0.204309,-1.546266,1.954885
z_ext_jk_mp_pm,12.570,hicp_yoy,37,1.516654,0.778054,0.236869,2.796438,0.349573,2.994956,0,1.283327,-0.943944,3.510598
z_ext_jk_mp_pm,12.570,hicp_yoy,38,1.275722,0.896599,-0.199051,2.750496,-0.069176,2.979260,0,1.030793,-1.444017,3.505604
z_ext_jk_mp_pm,12.570,hicp_yoy,39,1.634383,1.503737,-0.839045,4.107810,-0.395663,4.717044,0,1.392539,-1.542270,4.327349
z_ext_jk_mp_pm,12.570,hicp_yoy,40,2.202195,1.393128,-0.089297,4.493687,0.321472,5.197421,0,1.754693,-1.042705,4.552091
z_ext_jk_mp_pm,12.570,hicp_yoy,41,1.771374,1.413722,-0.553992,4.096739,-0.137151,4.740190,0,1.026291,-1.656970,3.709551
z_ext_jk_mp_pm,12.570,hicp_yoy,42,1.350284,1.191851,-0.610136,3.310704,-0.318307,3.793578,0,0.772521,-1.593842,3.138884
z_ext_jk_mp_pm,12.570,hicp_yoy,43,2.380434,0.974370,0.777737,3.983130,1.016315,4.329174,0,1.739704,-0.575014,4.054421
z_ext_jk_mp_pm,12.570,hicp_yoy,44,2.851606,0.953252,1.283645,4.419566,1.517052,4.758111,0,2.098176,-0.208584,4.404935
z_ext_jk_mp_pm,12.570,hicp_yoy,45,1.867453,1.188400,-0.087291,3.822197,0.263113,4.303673,0,1.135704,-1.245547,3.516954
z_ext_jk_mp_pm,12.570,hicp_yoy,46,1.136004,1.323161,-1.040402,3.312410,-0.716421,3.848484,0,0.269598,-2.159299,2.698496
z_ext_jk_mp_pm,12.570,hicp_yoy,47,0.258176,0.795094,-1.049636,1.565989,-0.934464,1.768854,0,-0.604124,-2.698359,1.490111
z_ext_jk_mp_pm,12.570,hicp_yoy,48,0.571405,0.652149,-0.501285,1.644094,-0.374211,1.843094,0,-0.378628,-2.408590,1.651335
z_ext_jk_mp_pm,12.570,stoxx,0,-4.798046,9.847342,-20.995483,11.399391,-24.492731,11.942436,0,-3.340330,-18.943917,12.263257
z_ext_jk_mp_pm,12.570,stoxx,1,-10.783728,13.396093,-32.818340,11.250885,-40.255133,8.640608,0,-6.014805,-26.986369,14.956759
z_ext_jk_mp_pm,12.570,stoxx,2,-0.170643,13.913072,-23.055609,22.714323,-24.518518,24.177232,0,3.650726,-19.595563,26.897015
z_ext_jk_mp_pm,12.570,stoxx,3,12.295549,17.123951,-15.870844,40.461942,-16.815167,43.118661,0,16.972157,-14.303363,48.247678
z_ext_jk_mp_pm,12.570,stoxx,4,18.901431,20.845838,-15.386921,53.189783,-20.705661,51.212480,0,24.867682,-13.619898,63.355263
z_ext_jk_mp_pm,12.570,stoxx,5,1.238875,22.848665,-36.343834,38.821585,-39.888722,38.939172,0,8.299744,-37.278969,53.878458
z_ext_jk_mp_pm,12.570,stoxx,6,-23.505060,28.433568,-70.274119,23.263998,-74.685484,23.410328,0,-17.965091,-72.600194,36.670013
z_ext_jk_mp_pm,12.570,stoxx,7,-31.657852,25.619111,-73.797540,10.481836,-79.053208,8.051770,0,-27.217546,-80.405937,25.970846
z_ext_jk_mp_pm,12.570,stoxx,8,-36.076318,21.457933,-71.371476,-0.781159,-77.919287,-3.889419,0,-31.158151,-85.456854,23.140552
z_ext_jk_mp_pm,12.570,stoxx,9,-40.739419,21.631963,-76.320833,-5.158006,-84.003346,-9.373072,0,-34.569055,-88.046534,18.908424
z_ext_jk_mp_pm,12.570,stoxx,10,-45.470489,22.431689,-82.367334,-8.573644,-89.212282,-11.822955,0,-44.348032,-92.472367,3.776304
z_ext_jk_mp_pm,12.570,stoxx,11,-26.161611,26.870078,-70.358956,18.035734,-75.871255,15.487010,0,-28.392846,-79.024950,22.239258
z_ext_jk_mp_pm,12.570,stoxx,12,-16.004353,25.260638,-57.554405,25.545700,-62.736534,23.149637,0,-22.686211,-76.809210,31.436787
z_ext_jk_mp_pm,12.570,stoxx,13,-16.449091,23.571116,-55.220127,22.321944,-61.234211,18.907582,0,-28.442849,-88.039466,31.153769
z_ext_jk_mp_pm,12.570,stoxx,14,-7.395773,25.057888,-48.612331,33.820785,-52.499972,32.696847,0,-17.008809,-76.650329,42.632711
z_ext_jk_mp_pm,12.570,stoxx,15,-4.959018,25.072282,-46.199252,36.281215,-50.089125,35.156632,0,-17.370214,-75.847518,41.107090
z_ext_jk_mp_pm,12.570,stoxx,16,11.176942,21.931565,-24.897273,47.251157,-26.106719,48.460603,0,-0.770062,-55.302205,53.762081
z_ext_jk_mp_pm,12.570,stoxx,17,20.586328,21.517342,-14.806550,55.979207,-15.993154,57.165810,0,8.347960,-46.815908,63.511828
z_ext_jk_mp_pm,12.570,stoxx,18,-8.088726,23.726612,-47.115529,30.938078,-51.982957,28.687522,0,-21.939330,-76.088103,32.209443
z_ext_jk_mp_pm,12.570,stoxx,19,-7.328441,24.046019,-46.880621,32.223740,-50.611274,29.942888,0,-17.928743,-70.680454,34.822968
z_ext_jk_mp_pm,12.570,stoxx,20,-12.297682,21.948018,-48.398959,23.803595,-51.804114,22.819146,0,-24.541524,-78.098674,29.015627
z_ext_jk_mp_pm,12.570,stoxx,21,14.054947,17.530039,-14.779401,42.889295,-15.746119,43.856014,0,-0.142575,-51.952673,51.667523
z_ext_jk_mp_pm,12.570,stoxx,22,24.377157,18.477849,-6.016200,54.770513,-5.187401,56.713392,0,13.661537,-35.692148,63.015221
z_ext_jk_mp_pm,12.570,stoxx,23,-8.631562,16.240386,-35.344620,18.081496,-37.052238,17.353055,0,-15.687360,-63.610859,32.236139
z_ext_jk_mp_pm,12.570,stoxx,24,-14.387849,15.723549,-40.250786,11.475088,-42.690237,9.983653,0,-19.495187,-69.579945,30.589572
z_ext_jk_mp_pm,12.570,stoxx,25,-8.814045,15.157384,-33.745724,16.117633,-35.339468,15.437770,0,-13.494212,-64.143792,37.155369
z_ext_jk_mp_pm,12.570,stoxx,26,-13.808700,13.207704,-35.533441,7.916041,-39.563724,5.342471,0,-19.574787,-68.612841,29.463266
z_ext_jk_mp_pm,12.570,stoxx,27,-19.822373,17.816725,-49.128277,9.483531,-54.564986,6.011878,0,-24.594106,-74.801916,25.613705
z_ext_jk_mp_pm,12.570,stoxx,28,-21.646582,19.298554,-53.389879,10.096715,-57.348908,8.266177,0,-29.349339,-79.306970,20.608292
z_ext_jk_mp_pm,12.570,stoxx,29,-12.113192,16.881570,-39.880904,15.654519,-40.811861,15.741398,0,-16.096451,-64.459469,32.266567
z_ext_jk_mp_pm,12.570,stoxx,30,-1.543949,17.819227,-30.853969,27.766071,-29.163750,30.530660,0,0.692021,-48.667182,50.051223
z_ext_jk_mp_pm,12.570,stoxx,31,-1.713599,19.634815,-34.009996,30.582798,-34.111045,31.665586,0,4.550937,-47.008894,56.110768
z_ext_jk_mp_pm,12.570,stoxx,32,2.697718,20.295242,-30.684985,36.080420,-27.745146,41.258678,0,10.466875,-42.013304,62.947055
z_ext_jk_mp_pm,12.570,stoxx,33,8.480053,22.955749,-29.278794,46.238900,-25.953570,52.095976,0,17.772473,-36.243092,71.788038
z_ext_jk_mp_pm,12.570,stoxx,34,24.213709,29.424255,-24.184884,72.612302,-18.451461,83.062220,0,35.302129,-21.976518,92.580775
z_ext_jk_mp_pm,12.570,stoxx,35,33.904416,30.392043,-16.086047,83.894878,-7.124843,97.727706,0,39.886480,-21.625470,101.398431
z_ext_jk_mp_pm,12.570,stoxx,36,14.341939,30.917890,-36.513464,65.197342,-30.489001,74.631824,0,17.264215,-32.958009,67.486439
z_ext_jk_mp_pm,12.570,stoxx,37,11.586000,34.307029,-44.844041,68.016042,-36.443840,81.915410,0,12.689328,-35.794772,61.173428
z_ext_jk_mp_pm,12.570,stoxx,38,12.307661,32.943016,-41.878779,66.494100,-33.812562,79.840844,0,12.381095,-37.409944,62.172135
z_ext_jk_mp_pm,12.570,stoxx,39,9.808596,28.429635,-36.953992,56.571185,-31.414375,65.246385,0,9.544395,-38.362067,57.450858
z_ext_jk_mp_pm,12.570,stoxx,40,2.359875,23.072080,-35.590320,40.310071,-28.787433,50.811244,0,-0.369501,-44.158349,43.419348
z_ext_jk_mp_pm,12.570,stoxx,41,-8.882015,16.682701,-36.322616,18.558586,-33.071931,24.483387,0,-11.642586,-56.323717,33.038544
z_ext_jk_mp_pm,12.570,stoxx,42,-4.392455,14.875363,-28.860250,20.075341,-26.705500,23.870736,0,-5.573227,-50.706762,39.560309
z_ext_jk_mp_pm,12.570,stoxx,43,-9.108950,15.344721,-34.348770,16.130869,-32.126031,20.046019,0,-7.154902,-51.279072,36.969268
z_ext_jk_mp_pm,12.570,stoxx,44,-11.289814,14.073626,-34.438869,11.859241,-31.696572,15.450076,0,-6.392689,-46.198821,33.413442
z_ext_jk_mp_pm,12.570,stoxx,45,-12.602184,13.939795,-35.531105,10.326738,-32.117896,15.277405,0,-8.182315,-46.170053,29.805424
z_ext_jk_mp_pm,12.570,stoxx,46,-16.731969,12.709473,-37.637191,4.173254,-34.525231,8.686977,0,-14.731614,-53.118791,23.655563
z_ext_jk_mp_pm,12.570,stoxx,47,-9.502809,14.811407,-33.865405,14.859787,-31.719919,17.898294,0,-6.006608,-43.415094,31.401877
z_ext_jk_mp_pm,12.570,stoxx,48,4.528189,15.061012,-20.244971,29.301348,-18.063329,32.391060,0,3.022526,-37.445238,43.490290
z_ext_jk_mp_median,3.653,ois1m,0,1.000000,0.000000,1.000000,1.000000,1.000000,1.000000,0,1.000000,1.000000,1.000000
z_ext_jk_mp_median,3.653,ois1m,1,0.902876,0.338902,0.345432,1.460321,-0.249391,1.733187,0,0.925377,0.243839,1.606915
z_ext_jk_mp_median,3.653,ois1m,2,-0.213164,0.757776,-1.459594,1.033266,-5.025040,0.658278,0,-0.217956,-1.807014,1.371102
z_ext_jk_mp_median,3.653,ois1m,3,0.328692,0.851189,-1.071390,1.728774,-3.842137,1.520357,0,0.374780,-1.182579,1.932138
z_ext_jk_mp_median,3.653,ois1m,4,0.608785,0.901454,-0.873975,2.091545,-3.943558,1.870821,0,0.568296,-1.548089,2.684680
z_ext_jk_mp_median,3.653,ois1m,5,0.257865,0.973720,-1.343763,1.859492,-3.637017,1.864503,0,0.165382,-2.579394,2.910158
z_ext_jk_mp_median,3.653,ois1m,6,0.628222,1.033701,-1.072065,2.328509,-2.731306,2.798994,0,0.527496,-2.797369,3.852360
z_ext_jk_mp_median,3.653,ois1m,7,-0.076828,1.200107,-2.050828,1.897172,-5.237288,1.783337,0,-0.221273,-4.122567,3.680021
z_ext_jk_mp_median,3.653,ois1m,8,-0.161155,1.279382,-2.265551,1.943240,-5.342651,1.821886,0,-0.443678,-4.742538,3.855182
z_ext_jk_mp_median,3.653,ois1m,9,-1.046131,1.618605,-3.708499,1.616237,-8.896365,0.977125,0,-1.367595,-6.038623,3.303432
z_ext_jk_mp_median,3.653,ois1m,10,-1.896976,2.031488,-5.238477,1.444524,-12.562290,0.439235,0,-2.324529,-7.380052,2.730993
z_ext_jk_mp_median,3.653,ois1m,11,-1.471058,1.949431,-4.677587,1.735471,-10.730856,0.965731,0,-1.934310,-6.742324,2.873705
z_ext_jk_mp_median,3.653,ois1m,12,-1.844911,2.099855,-5.298865,1.609043,-11.714229,0.779907,0,-2.469554,-7.488046,2.548937
z_ext_jk_mp_median,3.653,ois1m,13,-1.720368,2.164790,-5.281130,1.840394,-12.111358,0.985619,0,-2.369067,-7.482945,2.744811
z_ext_jk_mp_median,3.653,ois1m,14,-0.919392,2.107069,-4.385212,2.546429,-9.769081,2.135858,0,-1.528729,-6.358292,3.300833
z_ext_jk_mp_median,3.653,ois1m,15,-1.353570,2.376338,-5.262298,2.555157,-11.453005,1.973302,0,-1.967483,-6.925575,2.990608
z_ext_jk_mp_median,3.653,ois1m,16,-1.732312,2.566994,-5.954641,2.490017,-13.412134,1.733130,0,-2.287843,-7.523466,2.947781
z_ext_jk_mp_median,3.653,ois1m,17,-1.469067,2.547741,-5.659728,2.721593,-12.169578,2.352544,0,-2.022170,-7.329082,3.284741
z_ext_jk_mp_median,3.653,ois1m,18,-1.965487,2.751246,-6.490884,2.559909,-14.346093,1.748694,0,-2.492960,-8.187271,3.201352
z_ext_jk_mp_median,3.653,ois1m,19,-2.025030,2.805205,-6.639182,2.589122,-14.788714,1.621737,0,-2.337165,-8.165682,3.491353
z_ext_jk_mp_median,3.653,ois1m,20,-2.051651,2.685977,-6.469689,2.366388,-12.661259,1.708717,0,-2.280235,-8.141722,3.581251
z_ext_jk_mp_median,3.653,ois1m,21,-1.429665,2.496872,-5.536654,2.677325,-10.168717,2.565331,0,-1.620083,-7.245971,4.005804
z_ext_jk_mp_median,3.653,ois1m,22,-1.435663,2.442486,-5.453195,2.581869,-9.862240,2.350191,0,-1.421262,-6.988313,4.145789
z_ext_jk_mp_median,3.653,ois1m,23,-1.764963,2.487074,-5.855836,2.325909,-10.469723,1.965648,0,-1.700570,-7.496682,4.095543
z_ext_jk_mp_median,3.653,ois1m,24,-1.394635,2.576310,-5.632288,2.843017,-9.767642,2.598645,0,-1.216128,-7.095681,4.663425
z_ext_jk_mp_median,3.653,ois1m,25,-1.691484,2.711625,-6.151710,2.768741,-10.775427,2.375952,0,-1.440296,-7.530014,4.649422
z_ext_jk_mp_median,3.653,ois1m,26,-2.623149,3.104984,-7.730393,2.484095,-13.180094,1.879077,0,-2.395925,-8.926545,4.134695
z_ext_jk_mp_median,3.653,ois1m,27,-3.210881,3.765356,-9.404340,2.982577,-16.766161,2.248884,0,-2.973979,-10.142858,4.194900
z_ext_jk_mp_median,3.653,ois1m,28,-3.056018,3.736822,-9.202543,3.090506,-16.321735,2.362373,0,-2.761425,-9.606241,4.083391
z_ext_jk_mp_median,3.653,ois1m,29,-2.743474,3.627840,-8.710740,3.223793,-15.259523,2.698287,0,-2.475148,-9.230118,4.279821
z_ext_jk_mp_median,3.653,ois1m,30,-2.838023,3.188651,-8.082886,2.406841,-13.679435,1.944953,0,-2.560171,-8.941156,3.820813
z_ext_jk_mp_median,3.653,ois1m,31,-1.886619,2.949547,-6.738192,2.964954,-10.882737,3.127610,0,-1.447850,-7.248912,4.353213
z_ext_jk_mp_median,3.653,ois1m,32,-2.323467,2.918628,-7.124182,2.477248,-12.100870,2.346337,0,-1.863564,-7.720177,3.993050
z_ext_jk_mp_median,3.653,ois1m,33,-1.782547,2.495988,-5.888082,2.322988,-9.894508,2.211033,0,-1.166667,-6.603787,4.270453
z_ext_jk_mp_median,3.653,ois1m,34,-0.792311,2.053651,-4.170267,2.585644,-6.542534,2.904261,0,0.019521,-4.996969,5.036011
z_ext_jk_mp_median,3.653,ois1m,35,-0.870137,1.605713,-3.511300,1.771027,-5.526705,1.939862,0,-0.159608,-5.078112,4.758896
z_ext_jk_mp_median,3.653,ois1m,36,-0.040438,1.454759,-2.433303,2.352428,-3.459121,3.087294,0,0.729278,-4.047157,5.505713
z_ext_jk_mp_median,3.653,ois1m,37,0.755604,1.302104,-1.386166,2.897375,-1.588183,4.336390,0,1.677664,-3.184630,6.539959
z_ext_jk_mp_median,3.653,ois1m,38,1.232252,1.379635,-1.037045,3.501549,-0.768218,5.854028,0,2.235882,-3.100522,7.572285
z_ext_jk_mp_median,3.653,ois1m,39,1.712665,1.682357,-1.054566,4.479896,-0.558517,7.348561,0,2.628143,-2.967400,8.223687
z_ext_jk_mp_median,3.653,ois1m,40,1.833856,1.815552,-1.152461,4.820174,-0.435584,8.732954,0,2.674650,-3.046620,8.395921
z_ext_jk_mp_median,3.653,ois1m,41,1.412690,1.681363,-1.352906,4.178286,-0.773082,7.549665,0,1.973484,-3.431314,7.378282
z_ext_jk_mp_median,3.653,ois1m,42,1.542919,1.603845,-1.095172,4.181009,-0.461888,7.717722,0,1.937911,-3.432971,7.308792
z_ext_jk_mp_median,3.653,ois1m,43,1.621530,1.628318,-1.056814,4.299874,-0.413867,7.890553,0,1.984076,-3.231352,7.199505
z_ext_jk_mp_median,3.653,ois1m,44,1.477104,1.560189,-1.089179,4.043388,-0.629151,7.093786,0,1.745881,-3.158906,6.650668
z_ext_jk_mp_median,3.653,ois1m,45,1.758420,1.614732,-0.897579,4.414418,-0.179259,8.055876,0,1.981746,-2.979553,6.943045
z_ext_jk_mp_median,3.653,ois1m,46,1.948440,1.925095,-1.218060,5.114940,-0.265420,9.456312,0,1.998919,-3.175326,7.173164
z_ext_jk_mp_median,3.653,ois1m,47,2.334622,2.098022,-1.116316,5.785561,-0.078103,10.412007,0,2.444552,-3.070370,7.959474
z_ext_jk_mp_median,3.653,ois1m,48,2.845730,2.331544,-0.989319,6.680778,0.164454,11.705596,0,2.942242,-3.114695,8.999180
z_ext_jk_mp_median,3.653,ip,0,3.574875,2.920094,-1.228251,8.378002,-2.119307,18.905367,0,3.321778,-1.916382,8.559937
z_ext_jk_mp_median,3.653,ip,1,2.657575,3.725449,-3.470243,8.785394,-6.283502,15.696647,0,3.387318,-3.263810,10.038446
z_ext_jk_mp_median,3.653,ip,2,5.306031,3.480352,-0.418639,11.030701,-3.742884,15.225034,0,5.680566,-2.217849,13.578981
z_ext_jk_mp_median,3.653,ip,3,-6.079937,6.114783,-16.137859,3.977986,-43.380111,0.646324,0,-5.906905,-19.917857,8.104047
z_ext_jk_mp_median,3.653,ip,4,0.337562,5.666917,-8.983686,9.658811,-20.913375,11.104704,0,-0.247594,-13.015579,12.520391
z_ext_jk_mp_median,3.653,ip,5,-0.538334,5.792264,-10.065761,8.989093,-27.761976,7.570836,0,-1.669900,-17.631015,14.291215
z_ext_jk_mp_median,3.653,ip,6,-5.151949,7.065279,-16.773299,6.469402,-42.244664,4.032914,0,-6.092989,-26.980813,14.794836
z_ext_jk_mp_median,3.653,ip,7,-5.542317,6.558788,-16.330563,5.245929,-31.121590,5.279683,0,-6.488820,-29.199649,16.222009
z_ext_jk_mp_median,3.653,ip,8,-9.709354,8.135390,-23.090880,3.672172,-51.606614,0.053114,0,-11.005333,-36.189559,14.178893
z_ext_jk_mp_median,3.653,ip,9,-7.312960,7.679293,-19.944273,5.318353,-44.173566,2.670121,0,-8.698743,-33.912559,16.515072
z_ext_jk_mp_median,3.653,ip,10,-8.259619,9.297303,-23.552321,7.033084,-50.562348,4.291741,0,-10.964511,-36.562868,14.633846
z_ext_jk_mp_median,3.653,ip,11,-8.394150,8.646998,-22.617196,5.828896,-49.467392,2.414598,0,-10.702013,-34.234606,12.830579
z_ext_jk_mp_median,3.653,ip,12,-10.135899,8.713233,-24.467891,4.196093,-54.137723,-0.115681,0,-13.496255,-36.487272,9.494762
z_ext_jk_mp_median,3.653,ip,13,-11.425406,10.166977,-28.148595,5.297783,-63.785337,0.266618,0,-16.224324,-41.847809,9.399162
z_ext_jk_mp_median,3.653,ip,14,-6.489866,9.255037,-21.713046,8.733315,-47.212027,6.004434,0,-10.539608,-33.000552,11.921337
z_ext_jk_mp_median,3.653,ip,15,-6.344264,9.566793,-22.080237,9.391710,-46.046453,7.527585,0,-10.033530,-31.512382,11.445321
z_ext_jk_mp_median,3.653,ip,16,-4.077798,10.471421,-21.301753,13.146156,-39.680630,14.770759,0,-7.625239,-28.509056,13.258579
z_ext_jk_mp_median,3.653,ip,17,-0.365464,11.251571,-18.872652,18.141724,-32.432443,24.387993,0,-3.940634,-25.719818,17.838550
z_ext_jk_mp_median,3.653,ip,18,0.319776,10.587990,-17.095919,17.735470,-30.914796,22.025155,0,-2.900887,-25.264399,19.462624
z_ext_jk_mp_median,3.653,ip,19,-2.657068,11.107756,-20.927701,15.613565,-41.534214,16.226118,0,-4.752280,-28.230898,18.726338
z_ext_jk_mp_median,3.653,ip,20,-4.918439,10.616528,-22.381074,12.544196,-38.360503,14.191312,0,-5.266231,-29.414790,18.882328
z_ext_jk_mp_median,3.653,ip,21,-12.449123,12.068186,-32.299524,7.401277,-61.325278,3.842928,0,-13.446405,-40.029517,13.136707
z_ext_jk_mp_median,3.653,ip,22,-12.843053,12.428442,-33.286020,7.599915,-61.313975,4.556766,0,-12.906569,-39.089984,13.276845
z_ext_jk_mp_median,3.653,ip,23,3.047646,10.782441,-14.687890,20.783183,-18.517235,31.621114,0,3.484331,-22.743779,29.712440
z_ext_jk_mp_median,3.653,ip,24,-7.079705,11.870532,-26.604992,12.445582,-42.097773,13.100198,0,-7.042944,-33.561063,19.475175
z_ext_jk_mp_median,3.653,ip,25,-3.701712,10.197066,-20.474394,13.070970,-32.253498,14.653007,0,-2.993724,-28.535088,22.547639
z_ext_jk_mp_median,3.653,ip,26,-10.097662,12.413813,-30.516567,10.321244,-48.580482,9.143749,0,-9.790513,-36.099198,16.518171
z_ext_jk_mp_median,3.653,ip,27,-11.502563,13.959399,-34.463731,11.458606,-59.662490,9.436536,0,-10.158538,-38.590808,18.273732
z_ext_jk_mp_median,3.653,ip,28,-8.186430,15.217718,-33.217348,16.844488,-57.644012,16.161918,0,-7.255112,-33.747211,19.236986
z_ext_jk_mp_median,3.653,ip,29,-17.554333,15.966556,-43.816981,8.708315,-73.437280,6.395502,0,-15.738971,-44.645238,13.167297
z_ext_jk_mp_median,3.653,ip,30,-9.618702,13.713522,-32.175438,12.938035,-52.130620,12.322934,0,-6.940153,-32.523872,18.643565
z_ext_jk_mp_median,3.653,ip,31,-5.051993,13.157590,-26.694302,16.590316,-53.077195,13.368633,0,-3.176359,-27.654870,21.302152
z_ext_jk_mp_median,3.653,ip,32,-2.191016,9.367326,-17.598895,13.216864,-28.419527,15.606903,0,1.749431,-23.709772,27.208633
z_ext_jk_mp_median,3.653,ip,33,-0.507692,7.199751,-12.350228,11.334845,-15.987157,17.131699,0,2.980044,-23.946714,29.906801
z_ext_jk_mp_median,3.653,ip,34,2.890360,6.482712,-7.772753,13.553473,-11.695743,17.800599,0,7.870515,-21.908827,37.649857
z_ext_jk_mp_median,3.653,ip,35,4.524979,6.394608,-5.993216,15.043174,-5.386664,25.627187,0,9.134352,-22.193947,40.462651
z_ext_jk_mp_median,3.653,ip,36,5.580567,6.911021,-5.787052,16.948185,-4.785965,29.078039,0,9.917106,-22.603632,42.437844
z_ext_jk_mp_median,3.653,ip,37,13.364877,9.754392,-2.679671,29.409425,1.171887,51.894727,0,19.216767,-17.618268,56.051803
z_ext_jk_mp_median,3.653,ip,38,16.277070,12.374012,-4.076368,36.630509,-0.427846,60.823514,0,20.308805,-18.116940,58.734550
z_ext_jk_mp_median,3.653,ip,39,13.937849,13.220437,-7.807835,35.683533,-6.553828,52.277116,0,18.044150,-16.812719,52.901019
z_ext_jk_mp_median,3.653,ip,40,14.350911,14.754095,-9.917416,38.619237,-6.304822,65.252538,0,17.277295,-17.205430,51.760020
z_ext_jk_mp_median,3.653,ip,41,16.262290,14.517327,-7.616589,40.141169,-1.158503,72.154000,0,18.987416,-16.544836,54.519667
z_ext_jk_mp_median,3.653,ip,42,14.226556,15.360207,-11.038736,39.491848,-8.813754,63.379218,0,16.658858,-15.908495,49.226211
z_ext_jk_mp_median,3.653,ip,43,14.663717,14.848302,-9.759566,39.087000,-4.639075,69.602433,0,16.323356,-16.311578,48.958289
z_ext_jk_mp_median,3.653,ip,44,18.741904,16.961115,-9.156646,46.640455,-1.611433,85.738307,0,19.030618,-16.152101,54.213338
z_ext_jk_mp_median,3.653,ip,45,19.502606,16.932085,-8.348196,47.353408,-1.662501,83.844531,0,20.302303,-16.367647,56.972252
z_ext_jk_mp_median,3.653,ip,46,19.096024,16.591359,-8.194333,46.386382,-0.813607,82.143190,0,19.937039,-17.276923,57.151001
z_ext_jk_mp_median,3.653,ip,47,13.734192,13.780153,-8.932142,36.400527,-3.490999,63.342743,0,13.366122,-17.171626,43.903870
z_ext_jk_mp_median,3.653,ip,48,15.024262,12.775153,-5.988994,36.037518,-1.583436,58.459781,0,15.288285,-16.210572,46.787142
z_ext_jk_mp_median,3.653,hicp_yoy,0,-0.530504,0.927120,-2.055480,0.994472,-7.437544,0.721108,0,-0.623585,-2.156045,0.908875
z_ext_jk_mp_median,3.653,hicp_yoy,1,-0.562533,1.440752,-2.932358,1.807293,-9.855380,1.310444,0,-0.647571,-3.012995,1.717853
z_ext_jk_mp_median,3.653,hicp_yoy,2,-1.437939,2.278114,-5.185102,2.309225,-17.156923,0.954081,0,-1.524809,-5.280279,2.230661
z_ext_jk_mp_median,3.653,hicp_yoy,3,-1.672676,2.271272,-5.408585,2.063233,-15.186742,0.939286,0,-1.631520,-5.634424,2.371384
z_ext_jk_mp_median,3.653,hicp_yoy,4,-1.190040,2.073724,-4.601012,2.220932,-11.662345,1.713174,0,-0.911960,-4.980359,3.156439
z_ext_jk_mp_median,3.653,hicp_yoy,5,-0.600361,1.869191,-3.674906,2.474185,-7.703287,2.670724,0,-0.286132,-4.194151,3.621886
z_ext_jk_mp_median,3.653,hicp_yoy,6,1.166999,1.846532,-1.870275,4.204274,-3.449330,6.152636,0,1.397288,-3.188317,5.982893
z_ext_jk_mp_median,3.653,hicp_yoy,7,0.790248,1.713166,-2.027659,3.608155,-3.150033,5.672770,0,1.028817,-3.603331,5.660965
z_ext_jk_mp_median,3.653,hicp_yoy,8,-1.403808,1.793487,-4.353831,1.546215,-7.770686,1.734794,0,-1.064962,-6.031074,3.901150
z_ext_jk_mp_median,3.653,hicp_yoy,9,-2.504647,2.270967,-6.240055,1.230761,-13.859480,0.334062,0,-2.312046,-8.022029,3.397937
z_ext_jk_mp_median,3.653,hicp_yoy,10,-3.259436,2.689650,-7.683516,1.164644,-17.245615,-0.166339,0,-3.337497,-9.664674,2.989680
z_ext_jk_mp_median,3.653,hicp_yoy,11,-3.536701,2.656298,-7.905923,0.832520,-17.880710,-0.614774,0,-3.513234,-10.110720,3.084253
z_ext_jk_mp_median,3.653,hicp_yoy,12,-0.913313,1.704982,-3.717760,1.891133,-5.857762,2.581900,0,-0.891361,-6.728228,4.945507
z_ext_jk_mp_median,3.653,hicp_yoy,13,-0.789336,2.030761,-4.129640,2.550969,-5.561623,4.490643,0,-0.837899,-7.067370,5.391571
z_ext_jk_mp_median,3.653,hicp_yoy,14,0.356877,2.121333,-3.132404,3.846159,-2.931188,8.524008,0,0.046429,-6.159560,6.252418
z_ext_jk_mp_median,3.653,hicp_yoy,15,-0.589782,2.082394,-4.015015,2.835451,-6.420485,3.887365,0,-1.183370,-6.776227,4.409486
z_ext_jk_mp_median,3.653,hicp_yoy,16,-1.010611,1.955396,-4.226951,2.205729,-7.658957,2.606871,0,-1.786790,-7.577070,4.003489
z_ext_jk_mp_median,3.653,hicp_yoy,17,-1.407198,1.624310,-4.078951,1.264555,-8.148087,1.029267,0,-2.219710,-7.582328,3.142909
z_ext_jk_mp_median,3.653,hicp_yoy,18,-2.220635,2.003505,-5.516107,1.074836,-12.137983,0.283745,0,-2.885754,-8.631862,2.860353
z_ext_jk_mp_median,3.653,hicp_yoy,19,-1.592510,1.877229,-4.680277,1.495256,-9.758455,0.941748,0,-2.114192,-7.718366,3.489982
z_ext_jk_mp_median,3.653,hicp_yoy,20,-0.058713,1.604078,-2.697186,2.579761,-4.951150,2.828627,0,-0.615482,-5.853499,4.622534
z_ext_jk_mp_median,3.653,hicp_yoy,21,-0.291202,1.607962,-2.936064,2.353660,-4.471903,3.165916,0,-0.706885,-5.656419,4.242649
z_ext_jk_mp_median,3.653,hicp_yoy,22,-0.148191,1.858986,-3.205951,2.909568,-4.609757,4.034527,0,-0.306714,-5.104790,4.491362
z_ext_jk_mp_median,3.653,hicp_yoy,23,0.443453,1.742189,-2.422194,3.309099,-3.389364,4.624707,0,0.313218,-4.717705,5.344141
z_ext_jk_mp_median,3.653,hicp_yoy,24,-0.434740,1.736589,-3.291176,2.421695,-6.252315,2.170144,0,-0.391797,-5.194941,4.411347
z_ext_jk_mp_median,3.653,hicp_yoy,25,-2.008222,2.246804,-5.703886,1.687442,-9.647356,1.361984,0,-1.871253,-7.064262,3.321756
z_ext_jk_mp_median,3.653,hicp_yoy,26,-3.094416,2.563444,-7.310905,1.122074,-12.835502,0.238061,0,-2.803813,-8.674195,3.066569
z_ext_jk_mp_median,3.653,hicp_yoy,27,-3.419626,3.175046,-8.642111,1.802859,-15.484799,0.866685,0,-3.289651,-9.519273,2.939971
z_ext_jk_mp_median,3.653,hicp_yoy,28,-3.150839,3.127724,-8.295487,1.993809,-14.567031,1.384360,0,-2.991956,-8.917074,2.933162
z_ext_jk_mp_median,3.653,hicp_yoy,29,-3.528981,3.190119,-8.776260,1.718297,-14.534891,1.256197,0,-3.666466,-10.001909,2.668978
z_ext_jk_mp_median,3.653,hicp_yoy,30,-3.454810,3.191110,-8.703718,1.794099,-13.985472,1.331855,0,-3.859021,-10.202509,2.484466
z_ext_jk_mp_median,3.653,hicp_yoy,31,-3.617657,3.286563,-9.023572,1.788258,-16.435253,0.819203,0,-3.874549,-10.142077,2.392979
z_ext_jk_mp_median,3.653,hicp_yoy,32,-3.759246,3.156547,-8.951305,1.432812,-16.227609,0.502093,0,-3.689800,-9.948042,2.568441
z_ext_jk_mp_median,3.653,hicp_yoy,33,-1.751534,2.642083,-6.097374,2.594307,-10.734617,2.343695,0,-1.491638,-6.251755,3.268480
z_ext_jk_mp_median,3.653,hicp_yoy,34,-1.750510,2.682486,-6.162807,2.661787,-10.334465,2.541467,0,-1.362953,-5.871333,3.145427
z_ext_jk_mp_median,3.653,hicp_yoy,35,-1.663560,1.776536,-4.585701,1.258582,-8.325569,0.734764,0,-1.375556,-5.341761,2.590649
z_ext_jk_mp_median,3.653,hicp_yoy,36,-2.160927,1.837819,-5.183871,0.862017,-10.155441,-0.047434,0,-2.147138,-6.228803,1.934527
z_ext_jk_mp_median,3.653,hicp_yoy,37,-0.094104,1.109061,-1.918346,1.730139,-3.698551,1.624940,0,0.200884,-3.120676,3.522443
z_ext_jk_mp_median,3.653,hicp_yoy,38,0.325602,0.929842,-1.203851,1.855056,-2.138478,2.045810,0,0.587474,-3.381073,4.556020
z_ext_jk_mp_median,3.653,hicp_yoy,39,0.210129,1.088296,-1.579959,2.000218,-2.075293,2.549967,0,0.732539,-3.689119,5.154197
z_ext_jk_mp_median,3.653,hicp_yoy,40,1.621787,1.249750,-0.433869,3.677443,-0.127863,5.870937,0,2.046940,-2.744396,6.838275
z_ext_jk_mp_median,3.653,hicp_yoy,41,1.736280,1.690856,-1.044931,4.517491,-0.800005,6.977934,0,1.928432,-2.892949,6.749813
z_ext_jk_mp_median,3.653,hicp_yoy,42,1.360794,1.767177,-1.545953,4.267541,-1.731765,6.220530,0,1.749344,-2.712127,6.210816
z_ext_jk_mp_median,3.653,hicp_yoy,43,2.841628,1.969859,-0.398503,6.081758,0.280810,10.031614,0,3.176513,-2.121397,8.474424
z_ext_jk_mp_median,3.653,hicp_yoy,44,4.030224,2.617102,-0.274527,8.334974,0.627991,13.713503,0,4.252604,-1.672177,10.177386
z_ext_jk_mp_median,3.653,hicp_yoy,45,2.781201,2.879701,-1.955486,7.517888,-0.962411,13.292110,0,2.936317,-2.628274,8.500908
z_ext_jk_mp_median,3.653,hicp_yoy,46,2.490879,3.111823,-2.627614,7.609371,-1.554491,13.226667,0,2.493308,-2.941153,7.927770
z_ext_jk_mp_median,3.653,hicp_yoy,47,1.550244,1.987298,-1.718570,4.819058,-1.132608,8.108327,0,1.366276,-3.144966,5.877519
z_ext_jk_mp_median,3.653,hicp_yoy,48,2.602748,2.244135,-1.088526,6.294022,-0.090214,10.906048,0,2.349075,-2.746318,7.444468
z_ext_jk_mp_median,3.653,stoxx,0,-22.983524,23.974989,-62.418872,16.451825,-231.565932,4.587714,0,-24.277337,-64.909123,16.354448
z_ext_jk_mp_median,3.653,stoxx,1,-26.799916,35.545405,-85.266905,31.667072,-277.395023,15.854570,0,-27.983693,-86.886660,30.919275
z_ext_jk_mp_median,3.653,stoxx,2,-13.202113,33.233026,-67.865576,41.461351,-186.013848,34.985775,0,-15.261007,-71.056702,40.534688
z_ext_jk_mp_median,3.653,stoxx,3,12.993998,29.967070,-36.297446,62.285442,-90.392394,72.928138,0,16.021166,-36.455485,68.497817
z_ext_jk_mp_median,3.653,stoxx,4,28.388827,31.464678,-23.365963,80.143616,-95.896652,85.025247,0,34.582079,-26.640149,95.804307
z_ext_jk_mp_median,3.653,stoxx,5,8.579516,35.189116,-49.301429,66.460461,-114.582389,75.438836,0,15.113414,-56.052649,86.279477
z_ext_jk_mp_median,3.653,stoxx,6,-20.176178,41.465612,-88.381040,48.028684,-177.745503,52.388643,0,-13.309008,-96.542733,69.924717
z_ext_jk_mp_median,3.653,stoxx,7,-21.039248,36.007128,-80.265702,38.187206,-177.670253,32.971443,0,-14.908595,-97.795798,67.978609
z_ext_jk_mp_median,3.653,stoxx,8,-13.270317,34.556969,-70.111474,43.570839,-158.409589,38.565137,0,-12.049837,-100.187418,76.087744
z_ext_jk_mp_median,3.653,stoxx,9,-14.966154,38.737992,-78.684481,48.752173,-179.602621,41.203935,0,-15.634529,-103.406970,72.137912
z_ext_jk_mp_median,3.653,stoxx,10,-36.484873,46.181204,-112.446194,39.476447,-235.064050,28.168812,0,-39.141829,-125.562569,47.278912
z_ext_jk_mp_median,3.653,stoxx,11,-10.510230,47.575492,-88.764952,67.744491,-165.130581,77.504431,0,-14.581165,-101.735798,72.573467
z_ext_jk_mp_median,3.653,stoxx,12,7.160695,45.754733,-68.099143,82.420532,-109.513874,112.396580,0,-0.094866,-87.163132,86.973401
z_ext_jk_mp_median,3.653,stoxx,13,5.574444,40.934348,-61.756567,72.905455,-111.088448,91.536575,0,-5.219015,-95.868043,85.430014
z_ext_jk_mp_median,3.653,stoxx,14,9.541282,38.597149,-53.945378,73.027942,-112.039736,82.875864,0,3.919440,-87.573003,95.411883
z_ext_jk_mp_median,3.653,stoxx,15,4.425399,38.270733,-58.524355,67.375153,-106.559727,84.793938,0,-1.342685,-93.164175,90.478805
z_ext_jk_mp_median,3.653,stoxx,16,11.117156,38.926803,-52.911737,75.146048,-86.199851,108.434162,0,5.883732,-85.361706,97.129169
z_ext_jk_mp_median,3.653,stoxx,17,23.901456,46.846706,-53.154518,100.957431,-72.134292,166.783910,0,21.213517,-75.556473,117.983508
z_ext_jk_mp_median,3.653,stoxx,18,-31.149063,52.033483,-116.736526,54.438401,-208.062905,62.511207,0,-33.375432,-130.945774,64.194910
z_ext_jk_mp_median,3.653,stoxx,19,-36.176534,53.379521,-123.978032,51.624965,-239.018713,46.561724,0,-36.611290,-135.983266,62.760686
z_ext_jk_mp_median,3.653,stoxx,20,-38.798951,47.106258,-116.281851,38.683948,-217.802732,29.505123,0,-40.925794,-139.957281,58.105693
z_ext_jk_mp_median,3.653,stoxx,21,3.277619,34.513910,-53.492711,60.047949,-86.458547,75.756830,0,1.765494,-89.154439,92.685427
z_ext_jk_mp_median,3.653,stoxx,22,40.052048,39.566967,-25.029821,105.133918,-21.276751,178.536433,0,48.875084,-55.792137,153.542306
z_ext_jk_mp_median,3.653,stoxx,23,-19.267006,41.034807,-86.763257,48.229246,-117.750543,71.009571,0,-10.814312,-104.955569,83.326944
z_ext_jk_mp_median,3.653,stoxx,24,-27.788905,42.397448,-97.526501,41.948692,-133.782525,59.125864,0,-19.665028,-117.036601,77.706546
z_ext_jk_mp_median,3.653,stoxx,25,-3.944479,36.611073,-64.164336,56.275378,-77.166626,89.413758,0,4.177511,-96.581482,104.936504
z_ext_jk_mp_median,3.653,stoxx,26,-26.270560,30.312356,-76.129949,23.588829,-120.238864,22.229210,0,-20.473331,-111.995755,71.049093
z_ext_jk_mp_median,3.653,stoxx,27,-36.329396,39.572011,-101.419561,28.760769,-176.810034,21.050019,0,-32.208100,-126.588727,62.172528
z_ext_jk_mp_median,3.653,stoxx,28,-36.908123,42.326431,-106.528906,32.712660,-182.934309,26.581523,0,-37.084812,-128.949828,54.780205
z_ext_jk_mp_median,3.653,stoxx,29,-9.332678,28.303180,-55.887267,37.221911,-89.996742,43.028206,0,-1.469765,-95.115827,92.176296
z_ext_jk_mp_median,3.653,stoxx,30,11.888756,25.355529,-29.817378,53.594891,-40.090079,74.009803,0,22.547299,-76.499106,121.593705
z_ext_jk_mp_median,3.653,stoxx,31,14.148346,31.769825,-38.108366,66.405059,-47.802813,98.338384,0,24.552055,-78.230296,127.334405
z_ext_jk_mp_median,3.653,stoxx,32,12.146079,29.357712,-36.143059,60.435218,-49.505115,87.008244,0,21.146417,-81.771097,124.063931
z_ext_jk_mp_median,3.653,stoxx,33,18.133359,26.625962,-25.662450,61.929169,-47.100246,75.379177,0,27.324573,-73.327344,127.976490
z_ext_jk_mp_median,3.653,stoxx,34,32.788788,30.208916,-16.900457,82.478033,-26.118598,111.331970,0,43.462038,-61.417231,148.341307
z_ext_jk_mp_median,3.653,stoxx,35,51.007536,37.714700,-11.027626,113.042697,0.092691,194.323397,0,62.240963,-58.088308,182.570235
z_ext_jk_mp_median,3.653,stoxx,36,42.891790,38.227516,-19.986878,105.770459,-10.626732,180.510849,0,52.454153,-55.092413,160.000720
z_ext_jk_mp_median,3.653,stoxx,37,38.535888,48.287952,-40.890726,117.962502,-24.238450,222.030107,0,50.485436,-58.246176,159.217049
z_ext_jk_mp_median,3.653,stoxx,38,58.002083,56.528194,-34.978522,150.982688,-9.831750,284.114859,0,70.628236,-59.043475,200.299947
z_ext_jk_mp_median,3.653,stoxx,39,61.102695,54.510227,-28.558651,150.764040,-7.035090,260.065025,0,68.337152,-57.002174,193.676478
z_ext_jk_mp_median,3.653,stoxx,40,50.470749,58.214592,-45.283734,146.225232,-19.386761,277.507658,0,51.196921,-62.864169,165.258012
z_ext_jk_mp_median,3.653,stoxx,41,25.391540,46.463345,-51.033862,101.816942,-37.333976,185.690081,0,24.992791,-69.815145,119.800727
z_ext_jk_mp_median,3.653,stoxx,42,12.481599,37.078880,-48.507731,73.470929,-46.844609,121.864294,0,14.323712,-72.436902,101.084325
z_ext_jk_mp_median,3.653,stoxx,43,16.342679,40.465687,-50.217452,82.902811,-40.309282,153.926014,0,19.412319,-69.822023,108.646662
z_ext_jk_mp_median,3.653,stoxx,44,0.782371,42.741642,-69.521373,71.086115,-65.467173,131.144378,0,3.811863,-75.332308,82.956034
z_ext_jk_mp_median,3.653,stoxx,45,2.454427,40.603397,-64.332218,69.241072,-44.239479,166.898186,0,5.657490,-76.777288,88.092268
z_ext_jk_mp_median,3.653,stoxx,46,-4.251884,42.474867,-74.116823,65.613054,-55.221724,159.276352,0,-8.928738,-96.683756,78.826279
z_ext_jk_mp_median,3.653,stoxx,47,13.602127,42.702956,-56.637984,83.842239,-41.911715,163.062472,0,3.949666,-92.435510,100.334843
z_ext_jk_mp_median,3.653,stoxx,48,21.212400,42.415350,-48.554642,90.979442,-33.927555,167.545357,0,9.044158,-91.484049,109.572366
z_ext_jk_mp_pm_bs,12.303,ois1m,0,1.000000,0.000000,1.000000,1.000000,1.000000,1.000000,0,1.000000,1.000000,1.000000
z_ext_jk_mp_pm_bs,12.303,ois1m,1,0.945361,0.223300,0.578065,1.312657,0.498761,1.313806,0,0.976012,0.557484,1.394539
z_ext_jk_mp_pm_bs,12.303,ois1m,2,0.239350,0.392223,-0.405799,0.884499,-0.643151,0.788462,0,0.297265,-0.504539,1.099069
z_ext_jk_mp_pm_bs,12.303,ois1m,3,0.713263,0.449294,-0.025761,1.452286,-0.185326,1.387204,0,0.768403,-0.076645,1.613451
z_ext_jk_mp_pm_bs,12.303,ois1m,4,0.747976,0.567080,-0.184787,1.680739,-0.442891,1.541888,0,0.812766,-0.525821,2.151352
z_ext_jk_mp_pm_bs,12.303,ois1m,5,0.343035,0.699156,-0.806975,1.493045,-1.090235,1.356811,0,0.323290,-1.467983,2.114562
z_ext_jk_mp_pm_bs,12.303,ois1m,6,0.531756,0.733027,-0.673966,1.737477,-0.897646,1.631296,0,0.485079,-1.699487,2.669645
z_ext_jk_mp_pm_bs,12.303,ois1m,7,0.130256,0.906168,-1.360258,1.620769,-1.682080,1.444199,0,0.044750,-2.541498,2.630998
z_ext_jk_mp_pm_bs,12.303,ois1m,8,-0.249807,1.015637,-1.920380,1.420767,-2.331862,1.222866,0,-0.362945,-3.280074,2.554183
z_ext_jk_mp_pm_bs,12.303,ois1m,9,-0.867870,1.076122,-2.637933,0.902194,-3.073920,0.638702,0,-0.943000,-4.039362,2.153362
z_ext_jk_mp_pm_bs,12.303,ois1m,10,-1.296091,1.150666,-3.188768,0.596586,-3.654956,0.314841,0,-1.383573,-4.499663,1.732517
z_ext_jk_mp_pm_bs,12.303,ois1m,11,-1.137807,1.104454,-2.954472,0.678858,-3.401937,0.408429,0,-1.315437,-4.347259,1.716384
z_ext_jk_mp_pm_bs,12.303,ois1m,12,-1.301510,1.064908,-3.053128,0.450109,-3.484572,0.189362,0,-1.517302,-4.489262,1.454658
z_ext_jk_mp_pm_bs,12.303,ois1m,13,-1.374229,1.095471,-3.176118,0.427660,-3.619944,0.159430,0,-1.663393,-4.774094,1.447308
z_ext_jk_mp_pm_bs,12.303,ois1m,14,-0.880820,1.081636,-2.659952,0.898313,-2.990010,0.687553,0,-1.258877,-4.310777,1.793024
z_ext_jk_mp_pm_bs,12.303,ois1m,15,-0.916820,1.164110,-2.831611,0.997970,-3.186834,0.829344,0,-1.327329,-4.382208,1.727551
z_ext_jk_mp_pm_bs,12.303,ois1m,16,-1.035166,1.229150,-3.056939,0.986606,-3.370552,0.808559,0,-1.495764,-4.634416,1.642888
z_ext_jk_mp_pm_bs,12.303,ois1m,17,-0.772938,1.202264,-2.750486,1.204610,-2.997127,1.090571,0,-1.439632,-4.649384,1.770119
z_ext_jk_mp_pm_bs,12.303,ois1m,18,-0.814182,1.207310,-2.800031,1.171667,-3.108072,0.996783,0,-1.531529,-4.839524,1.776466
z_ext_jk_mp_pm_bs,12.303,ois1m,19,-0.703402,1.171221,-2.629889,1.223086,-2.928722,1.053430,0,-1.401447,-4.777480,1.974587
z_ext_jk_mp_pm_bs,12.303,ois1m,20,-0.754438,1.064176,-2.504851,0.995976,-2.776372,0.841826,0,-1.564592,-4.986984,1.857800
z_ext_jk_mp_pm_bs,12.303,ois1m,21,-0.409021,1.023401,-2.092367,1.274324,-2.302314,1.177251,0,-1.265845,-4.644353,2.112663
z_ext_jk_mp_pm_bs,12.303,ois1m,22,-0.402606,0.993602,-2.036935,1.231724,-2.191088,1.137477,0,-1.280081,-4.697149,2.136987
z_ext_jk_mp_pm_bs,12.303,ois1m,23,-0.245879,0.969591,-1.840715,1.348956,-1.991143,1.305466,0,-1.215822,-4.697392,2.265747
z_ext_jk_mp_pm_bs,12.303,ois1m,24,0.179185,0.980981,-1.434385,1.792754,-1.586580,1.748754,0,-0.806808,-4.394378,2.780761
z_ext_jk_mp_pm_bs,12.303,ois1m,25,0.005265,1.082706,-1.775628,1.786158,-1.997741,1.683460,0,-0.973976,-4.713628,2.765676
z_ext_jk_mp_pm_bs,12.303,ois1m,26,-0.422449,1.283269,-2.533238,1.688341,-2.924823,1.438291,0,-1.399449,-5.237855,2.438957
z_ext_jk_mp_pm_bs,12.303,ois1m,27,-1.010110,1.616047,-3.668271,1.648051,-4.242205,1.252356,0,-1.987164,-5.957609,1.983281
z_ext_jk_mp_pm_bs,12.303,ois1m,28,-0.941642,1.714617,-3.761937,1.878652,-4.285146,1.544552,0,-1.850971,-5.685711,1.983768
z_ext_jk_mp_pm_bs,12.303,ois1m,29,-0.791372,1.690500,-3.571998,1.989253,-4.087848,1.659853,0,-1.722554,-5.413000,1.967891
z_ext_jk_mp_pm_bs,12.303,ois1m,30,-1.002977,1.491866,-3.456879,1.450925,-3.986710,1.160229,0,-1.937874,-5.275827,1.400080
z_ext_jk_mp_pm_bs,12.303,ois1m,31,-0.048052,1.269810,-2.136702,2.040599,-2.397199,1.920153,0,-0.899240,-3.775983,1.977504
z_ext_jk_mp_pm_bs,12.303,ois1m,32,-0.104791,1.100104,-1.914300,1.704718,-2.139982,1.600370,0,-0.885847,-3.622748,1.851053
z_ext_jk_mp_pm_bs,12.303,ois1m,33,0.382810,0.848049,-1.012107,1.777727,-1.101277,1.782091,0,-0.348676,-2.842788,2.145435
z_ext_jk_mp_pm_bs,12.303,ois1m,34,1.069109,0.965554,-0.519086,2.657305,-0.427500,2.855385,0,0.459380,-1.937209,2.855969
z_ext_jk_mp_pm_bs,12.303,ois1m,35,0.997713,0.987551,-0.626664,2.622090,-0.483614,2.874060,0,0.356644,-2.007220,2.720508
z_ext_jk_mp_pm_bs,12.303,ois1m,36,1.297279,1.107318,-0.524097,3.118654,-0.363698,3.456549,0,0.635880,-1.670098,2.941858
z_ext_jk_mp_pm_bs,12.303,ois1m,37,1.559491,1.193151,-0.403068,3.522050,-0.170578,3.886135,0,1.001535,-1.336032,3.339103
z_ext_jk_mp_pm_bs,12.303,ois1m,38,1.648293,1.375337,-0.613936,3.910522,-0.277179,4.398968,0,1.114146,-1.310715,3.539006
z_ext_jk_mp_pm_bs,12.303,ois1m,39,1.564450,1.412351,-0.758661,3.887561,-0.483459,4.389153,0,0.981971,-1.483580,3.447522
z_ext_jk_mp_pm_bs,12.303,ois1m,40,1.447250,1.306382,-0.701557,3.596058,-0.381685,4.125334,0,0.846076,-1.601791,3.293943
z_ext_jk_mp_pm_bs,12.303,ois1m,41,1.003211,1.120168,-0.839301,2.845722,-0.565024,3.299554,0,0.233548,-2.129256,2.596351
z_ext_jk_mp_pm_bs,12.303,ois1m,42,0.808429,0.961707,-0.773437,2.390296,-0.586045,2.731843,0,0.030754,-2.295067,2.356575
z_ext_jk_mp_pm_bs,12.303,ois1m,43,0.724322,0.839044,-0.655782,2.104426,-0.450339,2.444361,0,0.005356,-2.240015,2.250727
z_ext_jk_mp_pm_bs,12.303,ois1m,44,0.733022,0.795811,-0.575970,2.042014,-0.381113,2.324643,0,0.060951,-2.100426,2.222327
z_ext_jk_mp_pm_bs,12.303,ois1m,45,0.834493,0.837677,-0.543363,2.212349,-0.338255,2.509847,0,0.249214,-1.829313,2.327742
z_ext_jk_mp_pm_bs,12.303,ois1m,46,0.877666,0.920226,-0.635970,2.391303,-0.410650,2.764129,0,0.340401,-1.791907,2.472709
z_ext_jk_mp_pm_bs,12.303,ois1m,47,1.100816,0.875891,-0.339897,2.541528,-0.125432,2.896393,0,0.704210,-1.464713,2.873134
z_ext_jk_mp_pm_bs,12.303,ois1m,48,1.283462,0.879322,-0.162894,2.729817,0.052411,3.086071,0,0.741490,-1.486376,2.969355
z_ext_jk_mp_pm_bs,12.303,ip,0,1.430167,1.647586,-1.279871,4.140205,-1.865005,4.231064,0,1.598406,-1.119410,4.316222
z_ext_jk_mp_pm_bs,12.303,ip,1,1.473032,2.205551,-2.154776,5.100841,-2.938069,5.001914,0,2.455505,-1.546512,6.457522
z_ext_jk_mp_pm_bs,12.303,ip,2,1.893517,2.767385,-2.658426,6.445461,-4.471468,5.629487,0,3.293570,-1.924044,8.511184
z_ext_jk_mp_pm_bs,12.303,ip,3,-2.812519,3.003322,-7.752545,2.127506,-9.569994,1.241965,0,-1.339925,-8.539094,5.859244
z_ext_jk_mp_pm_bs,12.303,ip,4,-1.040702,3.445864,-6.708644,4.627241,-8.104724,3.955802,0,-0.201649,-8.675332,8.272035
z_ext_jk_mp_pm_bs,12.303,ip,5,-1.048125,4.418678,-8.316203,6.219954,-10.548283,5.138025,0,-0.492363,-10.850679,9.865954
z_ext_jk_mp_pm_bs,12.303,ip,6,-3.089293,4.204808,-10.005586,3.827001,-11.709149,2.797439,0,-1.873858,-14.484325,10.736608
z_ext_jk_mp_pm_bs,12.303,ip,7,-5.866701,4.985562,-14.067220,2.333818,-15.837824,1.362363,0,-4.981420,-19.767638,9.804798
z_ext_jk_mp_pm_bs,12.303,ip,8,-8.911466,6.011416,-18.799365,0.976433,-21.234868,-0.495484,0,-8.252043,-24.832059,8.327974
z_ext_jk_mp_pm_bs,12.303,ip,9,-7.931053,5.413257,-16.835069,0.972963,-19.028230,-0.081830,0,-7.423955,-23.933755,9.085845
z_ext_jk_mp_pm_bs,12.303,ip,10,-7.358637,6.694535,-18.370166,3.652893,-20.747706,2.348439,0,-7.264660,-24.182076,9.652756
z_ext_jk_mp_pm_bs,12.303,ip,11,-6.091196,5.627298,-15.347278,3.164887,-17.627157,1.787022,0,-6.579029,-21.494198,8.336140
z_ext_jk_mp_pm_bs,12.303,ip,12,-5.727504,4.484251,-13.103441,1.648434,-14.471794,0.774661,0,-6.849799,-19.655680,5.956082
z_ext_jk_mp_pm_bs,12.303,ip,13,-7.551803,5.071944,-15.894408,0.790802,-17.695691,-0.197484,0,-9.733242,-23.844177,4.377692
z_ext_jk_mp_pm_bs,12.303,ip,14,-3.593115,4.695153,-11.315954,4.129725,-12.513906,3.449615,0,-6.133985,-19.054340,6.786370
z_ext_jk_mp_pm_bs,12.303,ip,15,-4.695371,4.660250,-12.360800,2.970058,-13.316833,2.528016,0,-7.251443,-19.817489,5.314602
z_ext_jk_mp_pm_bs,12.303,ip,16,-3.078800,5.872656,-12.738460,6.580860,-13.355949,6.611082,0,-6.342998,-19.264958,6.578962
z_ext_jk_mp_pm_bs,12.303,ip,17,1.032338,5.729529,-8.391898,10.456574,-8.707861,10.772537,0,-3.801007,-16.894471,9.292457
z_ext_jk_mp_pm_bs,12.303,ip,18,1.348715,6.081272,-8.654087,11.351516,-8.685383,11.686877,0,-3.498208,-17.752882,10.756465
z_ext_jk_mp_pm_bs,12.303,ip,19,2.107972,5.700470,-7.268467,11.484411,-7.582827,11.798771,0,-3.350937,-17.791726,11.089852
z_ext_jk_mp_pm_bs,12.303,ip,20,-0.025441,4.953197,-8.172725,8.121844,-8.445876,8.147335,0,-4.570315,-19.281465,10.140835
z_ext_jk_mp_pm_bs,12.303,ip,21,-4.342168,4.772661,-12.192497,3.508162,-13.171591,3.055458,0,-9.019666,-23.922653,5.883320
z_ext_jk_mp_pm_bs,12.303,ip,22,-4.854534,4.597958,-12.417503,2.708434,-13.590655,2.042403,0,-8.631471,-23.172525,5.909583
z_ext_jk_mp_pm_bs,12.303,ip,23,1.280416,4.687290,-6.429491,8.990322,-6.453613,9.248809,0,-3.023275,-17.071761,11.025211
z_ext_jk_mp_pm_bs,12.303,ip,24,-1.200859,4.937689,-9.322635,6.920916,-10.335584,6.452558,0,-5.149508,-20.181675,9.882660
z_ext_jk_mp_pm_bs,12.303,ip,25,1.794485,3.897450,-4.616250,8.205220,-5.220925,8.030406,0,-2.400372,-16.295089,11.494346
z_ext_jk_mp_pm_bs,12.303,ip,26,-2.193640,5.194298,-10.737499,6.350220,-12.062805,5.597807,0,-6.273895,-20.562649,8.014858
z_ext_jk_mp_pm_bs,12.303,ip,27,-3.014759,5.600690,-12.227074,6.197556,-13.656070,5.106241,0,-5.865775,-19.883621,8.152072
z_ext_jk_mp_pm_bs,12.303,ip,28,-2.534124,6.890758,-13.868413,8.800165,-15.626565,7.802013,0,-5.290856,-19.190127,8.608415
z_ext_jk_mp_pm_bs,12.303,ip,29,-7.105824,7.185860,-18.925512,4.713863,-21.118251,3.313673,0,-9.249062,-22.734368,4.236245
z_ext_jk_mp_pm_bs,12.303,ip,30,-4.873205,6.817502,-16.086998,6.340588,-18.167334,5.012173,0,-5.930995,-18.712092,6.850103
z_ext_jk_mp_pm_bs,12.303,ip,31,-1.795098,5.907285,-11.511717,7.921521,-13.609668,6.475101,0,-2.688405,-14.957633,9.580824
z_ext_jk_mp_pm_bs,12.303,ip,32,1.097164,4.471691,-6.258114,8.452442,-6.951881,8.028285,0,1.410336,-11.715869,14.536542
z_ext_jk_mp_pm_bs,12.303,ip,33,3.171121,4.310600,-3.919185,10.261427,-3.294779,11.361261,0,3.210182,-11.793206,18.213571
z_ext_jk_mp_pm_bs,12.303,ip,34,5.100076,5.814768,-4.464366,14.664518,-3.622076,16.148135,0,5.764910,-11.063245,22.593065
z_ext_jk_mp_pm_bs,12.303,ip,35,5.164479,7.409380,-7.022867,17.351826,-5.208653,20.353709,0,5.761563,-11.784649,23.307776
z_ext_jk_mp_pm_bs,12.303,ip,36,4.157472,7.723412,-8.546409,16.861354,-6.655304,19.604295,0,5.129465,-12.364174,22.623104
z_ext_jk_mp_pm_bs,12.303,ip,37,8.488132,8.975584,-6.275391,23.251654,-4.077686,26.888080,0,10.265837,-7.962703,28.494377
z_ext_jk_mp_pm_bs,12.303,ip,38,7.680875,8.571885,-6.418621,21.780370,-4.319764,25.253238,0,8.386731,-9.489579,26.263042
z_ext_jk_mp_pm_bs,12.303,ip,39,6.292739,9.290276,-8.988406,21.573884,-6.713648,24.873292,0,7.315738,-9.468698,24.100174
z_ext_jk_mp_pm_bs,12.303,ip,40,6.731340,8.512874,-7.271091,20.733771,-5.186683,24.182731,0,6.765651,-9.758989,23.290290
z_ext_jk_mp_pm_bs,12.303,ip,41,4.639535,6.386739,-5.865717,15.144786,-3.982563,18.051687,0,5.453585,-9.956935,20.864105
z_ext_jk_mp_pm_bs,12.303,ip,42,3.928438,7.259990,-8.013183,15.870058,-6.235548,18.811417,0,4.468867,-10.768173,19.705906
z_ext_jk_mp_pm_bs,12.303,ip,43,3.661576,5.854626,-5.968428,13.291580,-4.242170,15.663560,0,4.200505,-10.497269,18.898279
z_ext_jk_mp_pm_bs,12.303,ip,44,2.897879,5.857308,-6.736536,12.532294,-5.009487,15.198227,0,3.579966,-11.488402,18.648335
z_ext_jk_mp_pm_bs,12.303,ip,45,3.543187,5.995894,-6.319181,13.405555,-4.551270,16.134564,0,5.645435,-8.916855,20.207725
z_ext_jk_mp_pm_bs,12.303,ip,46,2.698455,6.121769,-7.370960,12.767869,-5.565934,15.554170,0,4.630417,-10.284213,19.545046
z_ext_jk_mp_pm_bs,12.303,ip,47,2.412459,4.005928,-4.176707,9.001625,-2.995544,10.824908,0,4.083757,-9.484966,17.652479
z_ext_jk_mp_pm_bs,12.303,ip,48,4.102054,3.936044,-2.372161,10.576270,-1.408407,11.974142,0,6.074957,-7.848049,19.997963
z_ext_jk_mp_pm_bs,12.303,hicp_yoy,0,-0.393716,0.447098,-1.129126,0.341695,-1.377331,0.299286,0,0.069338,-0.628849,0.767524
z_ext_jk_mp_pm_bs,12.303,hicp_yoy,1,0.100476,0.667552,-0.997549,1.198501,-1.201250,1.201936,0,0.722070,-0.388667,1.832807
z_ext_jk_mp_pm_bs,12.303,hicp_yoy,2,-0.324746,1.063620,-2.074246,1.424753,-2.717891,1.164322,0,0.426276,-1.079031,1.931584
z_ext_jk_mp_pm_bs,12.303,hicp_yoy,3,-0.643952,1.140600,-2.520073,1.232168,-3.210303,0.895858,0,0.089401,-1.623588,1.802390
z_ext_jk_mp_pm_bs,12.303,hicp_yoy,4,-0.677733,1.028189,-2.368953,1.013488,-2.785520,0.813142,0,0.026417,-1.929046,1.981879
z_ext_jk_mp_pm_bs,12.303,hicp_yoy,5,-0.709529,1.078114,-2.482868,1.063811,-2.811850,0.907642,0,-0.018036,-2.215785,2.179713
z_ext_jk_mp_pm_bs,12.303,hicp_yoy,6,0.406778,1.144143,-1.475171,2.288726,-1.767095,2.180200,0,0.867382,-1.750277,3.485041
z_ext_jk_mp_pm_bs,12.303,hicp_yoy,7,-0.198682,1.108985,-2.022800,1.625436,-2.361203,1.464795,0,0.302625,-2.442593,3.047843
z_ext_jk_mp_pm_bs,12.303,hicp_yoy,8,-1.384820,1.162526,-3.297004,0.527365,-3.709871,0.300843,0,-0.940373,-3.868823,1.988077
z_ext_jk_mp_pm_bs,12.303,hicp_yoy,9,-2.108448,1.295883,-4.239986,0.023089,-4.765008,-0.294213,0,-1.753509,-5.091075,1.584058
z_ext_jk_mp_pm_bs,12.303,hicp_yoy,10,-2.329322,1.540372,-4.863008,0.204365,-5.487084,-0.172801,0,-2.199404,-5.819947,1.421140
z_ext_jk_mp_pm_bs,12.303,hicp_yoy,11,-2.015146,1.476982,-4.444566,0.414273,-5.042960,0.052629,0,-1.843069,-5.488400,1.802262
z_ext_jk_mp_pm_bs,12.303,hicp_yoy,12,-0.624339,1.246093,-2.673979,1.425302,-2.991915,1.244801,0,-0.574060,-4.030884,2.882764
z_ext_jk_mp_pm_bs,12.303,hicp_yoy,13,-0.690417,1.419984,-3.026084,1.645249,-3.246389,1.581557,0,-0.803837,-4.490415,2.882742
z_ext_jk_mp_pm_bs,12.303,hicp_yoy,14,-0.100318,1.173983,-2.031349,1.830712,-2.037390,1.954152,0,-0.605583,-4.020335,2.809168
z_ext_jk_mp_pm_bs,12.303,hicp_yoy,15,-0.307311,1.205567,-2.290292,1.675670,-2.296497,1.802431,0,-0.912580,-4.107073,2.281912
z_ext_jk_mp_pm_bs,12.303,hicp_yoy,16,-0.025943,1.107254,-1.847214,1.795327,-1.797550,1.967114,0,-0.766900,-3.838591,2.304791
z_ext_jk_mp_pm_bs,12.303,hicp_yoy,17,0.484840,0.962600,-1.098496,2.068177,-1.055320,2.217521,0,-0.383573,-3.122435,2.355289
z_ext_jk_mp_pm_bs,12.303,hicp_yoy,18,0.016095,0.962487,-1.567056,1.599246,-1.523885,1.748573,0,-0.765356,-3.411087,1.880375
z_ext_jk_mp_pm_bs,12.303,hicp_yoy,19,0.426446,0.914371,-1.077560,1.930453,-1.036547,2.072315,0,-0.586549,-3.480485,2.307386
z_ext_jk_mp_pm_bs,12.303,hicp_yoy,20,0.729814,1.026904,-0.959293,2.418920,-0.964578,2.526896,0,-0.367642,-3.332573,2.597289
z_ext_jk_mp_pm_bs,12.303,hicp_yoy,21,0.999993,0.920123,-0.513474,2.513460,-0.518210,2.610207,0,-0.080191,-2.912219,2.751838
z_ext_jk_mp_pm_bs,12.303,hicp_yoy,22,1.166693,1.187220,-0.786111,3.119497,-0.732860,3.303690,0,0.046316,-2.777822,2.870454
z_ext_jk_mp_pm_bs,12.303,hicp_yoy,23,1.535787,1.008601,-0.123215,3.194788,-0.128405,3.250409,0,0.244661,-2.799829,3.289151
z_ext_jk_mp_pm_bs,12.303,hicp_yoy,24,1.186623,0.961717,-0.395261,2.768508,-0.448296,2.773457,0,-0.199958,-3.131181,2.731266
z_ext_jk_mp_pm_bs,12.303,hicp_yoy,25,-0.051716,1.203629,-2.031509,1.928077,-2.218248,1.813909,0,-1.225867,-4.447271,1.995536
z_ext_jk_mp_pm_bs,12.303,hicp_yoy,26,-0.761622,1.318440,-2.930262,1.407019,-3.464424,1.084194,0,-1.748128,-5.212021,1.715764
z_ext_jk_mp_pm_bs,12.303,hicp_yoy,27,-1.175773,1.702394,-3.975962,1.624417,-4.665681,1.122460,0,-2.206464,-5.633835,1.220906
z_ext_jk_mp_pm_bs,12.303,hicp_yoy,28,-1.054963,1.780790,-3.984102,1.874176,-4.705582,1.349104,0,-2.023376,-5.209897,1.163145
z_ext_jk_mp_pm_bs,12.303,hicp_yoy,29,-1.184637,1.795581,-4.138105,1.768831,-4.865579,1.329177,0,-2.385713,-5.581786,0.810359
z_ext_jk_mp_pm_bs,12.303,hicp_yoy,30,-0.843610,1.699231,-3.638596,1.951377,-4.242072,1.535314,0,-2.178121,-5.106838,0.750596
z_ext_jk_mp_pm_bs,12.303,hicp_yoy,31,-1.071784,1.391604,-3.360769,1.217202,-3.924573,0.876462,0,-2.233966,-4.868566,0.400634
z_ext_jk_mp_pm_bs,12.303,hicp_yoy,32,-0.314874,1.082906,-2.096096,1.466349,-2.534832,1.201195,0,-1.228181,-3.488589,1.032227
z_ext_jk_mp_pm_bs,12.303,hicp_yoy,33,0.459497,0.928001,-1.066928,1.985922,-1.442904,1.758698,0,-0.242939,-2.283989,1.798111
z_ext_jk_mp_pm_bs,12.303,hicp_yoy,34,0.841175,0.745243,-0.384640,2.066990,-0.612048,1.921777,0,0.516837,-1.338332,2.372006
z_ext_jk_mp_pm_bs,12.303,hicp_yoy,35,0.796873,0.416774,0.111341,1.482404,0.109196,1.505388,0,0.356557,-1.494262,2.207376
z_ext_jk_mp_pm_bs,12.303,hicp_yoy,36,0.433134,0.510312,-0.406254,1.272523,-0.434396,1.275149,0,0.208717,-1.541289,1.958724
z_ext_jk_mp_pm_bs,12.303,hicp_yoy,37,1.521340,0.786117,0.228293,2.814388,0.342165,3.014963,0,1.291050,-0.937225,3.519324
z_ext_jk_mp_pm_bs,12.303,hicp_yoy,38,1.281167,0.908051,-0.212444,2.774778,-0.080909,3.006464,0,1.038016,-1.437342,3.513374
z_ext_jk_mp_pm_bs,12.303,hicp_yoy,39,1.643515,1.526862,-0.867948,4.154979,-0.417748,4.773582,0,1.399763,-1.536034,4.335560
z_ext_jk_mp_pm_bs,12.303,hicp_yoy,40,2.192963,1.407940,-0.122892,4.508819,0.362641,5.220035,0,1.757047,-1.040609,4.554702
z_ext_jk_mp_pm_bs,12.303,hicp_yoy,41,1.754083,1.428123,-0.594970,4.103136,-0.173883,4.753142,0,1.026291,-1.656970,3.709551
z_ext_jk_mp_pm_bs,12.303,hicp_yoy,42,1.337403,1.198636,-0.634178,3.308983,-0.340687,3.794606,0,0.772521,-1.593842,3.138884
z_ext_jk_mp_pm_bs,12.303,hicp_yoy,43,2.376550,0.980098,0.764432,3.988668,1.004413,4.385752,0,1.739704,-0.575014,4.054421
z_ext_jk_mp_pm_bs,12.303,hicp_yoy,44,2.842895,0.951725,1.277448,4.408343,1.510481,4.746344,0,2.098176,-0.208584,4.404935
z_ext_jk_mp_pm_bs,12.303,hicp_yoy,45,1.844171,1.183400,-0.102349,3.790691,0.246580,4.329311,0,1.135704,-1.245547,3.516954
z_ext_jk_mp_pm_bs,12.303,hicp_yoy,46,1.096406,1.306560,-1.052693,3.245506,-0.732777,3.774854,0,0.269598,-2.159299,2.698496
z_ext_jk_mp_pm_bs,12.303,hicp_yoy,47,0.184837,0.760693,-1.066392,1.436065,-0.956202,1.630153,0,-0.604124,-2.698359,1.490111
z_ext_jk_mp_pm_bs,12.303,hicp_yoy,48,0.516069,0.620693,-0.504880,1.537018,-0.383935,1.726420,0,-0.378628,-2.408590,1.651335
z_ext_jk_mp_pm_bs,12.303,stoxx,0,-4.679810,9.884678,-20.938658,11.579038,-24.449166,12.124142,0,-3.329586,-18.931321,12.272149
z_ext_jk_mp_pm_bs,12.303,stoxx,1,-10.680232,13.406894,-32.732611,11.372146,-40.175399,9.430109,0,-6.014671,-26.983440,14.954098
z_ext_jk_mp_pm_bs,12.303,stoxx,2,0.298813,13.962043,-22.666703,23.264329,-24.134761,25.430490,0,3.633855,-19.615071,26.882781
z_ext_jk_mp_pm_bs,12.303,stoxx,3,12.415252,17.276128,-16.001449,40.831954,-16.954165,43.512282,0,16.970283,-14.297677,48.238242
z_ext_jk_mp_pm_bs,12.303,stoxx,4,18.818820,20.982650,-15.694567,53.332208,-21.048214,51.341928,0,24.833167,-13.640307,63.306640
z_ext_jk_mp_pm_bs,12.303,stoxx,5,1.238519,22.816999,-36.292105,38.769143,-39.832080,38.886568,0,8.255565,-37.303068,53.814199
z_ext_jk_mp_pm_bs,12.303,stoxx,6,-23.581845,28.474785,-70.418699,23.255009,-74.836459,23.401550,0,-18.017001,-72.631384,36.597382
z_ext_jk_mp_pm_bs,12.303,stoxx,7,-31.646194,25.693021,-73.907452,10.615065,-79.178282,8.177989,0,-27.311235,-80.483237,25.860766
z_ext_jk_mp_pm_bs,12.303,stoxx,8,-35.589023,21.453712,-70.877239,-0.300806,-77.423761,-3.408454,0,-31.252771,-85.532314,23.026771
z_ext_jk_mp_pm_bs,12.303,stoxx,9,-40.185204,21.671629,-75.831860,-4.538547,-83.528461,-8.761342,0,-34.673224,-88.135520,18.789071
z_ext_jk_mp_pm_bs,12.303,stoxx,10,-45.211796,22.494010,-82.211150,-8.212443,-89.075116,-11.470782,0,-44.436361,-92.555033,3.682311
z_ext_jk_mp_pm_bs,12.303,stoxx,11,-25.969162,26.967287,-70.326402,18.388078,-75.858643,15.830133,0,-28.476535,-79.089376,22.136306
z_ext_jk_mp_pm_bs,12.303,stoxx,12,-16.080597,25.400779,-57.861160,25.699967,-63.072038,23.290611,0,-22.788247,-76.885729,31.309234
z_ext_jk_mp_pm_bs,12.303,stoxx,13,-16.668445,23.756841,-55.744971,22.408081,-61.806443,18.966817,0,-28.554112,-88.131724,31.023499
z_ext_jk_mp_pm_bs,12.303,stoxx,14,-7.318371,25.096156,-48.597874,33.961132,-52.491451,32.835478,0,-17.125786,-76.741587,42.490015
z_ext_jk_mp_pm_bs,12.303,stoxx,15,-5.002635,25.053958,-46.212728,36.207458,-50.099759,35.083697,0,-17.486568,-75.938985,40.965850
z_ext_jk_mp_pm_bs,12.303,stoxx,16,10.960987,21.837458,-24.958435,46.880409,-26.162692,48.084666,0,-0.887026,-55.386719,53.612666
z_ext_jk_mp_pm_bs,12.303,stoxx,17,20.237861,21.505569,-15.135653,55.611375,-16.321607,56.797329,0,8.207374,-46.913073,63.327821
z_ext_jk_mp_pm_bs,12.303,stoxx,18,-8.889049,23.892607,-48.188891,30.410793,-53.090373,28.144493,0,-22.042702,-76.182821,32.097416
z_ext_jk_mp_pm_bs,12.303,stoxx,19,-8.376049,24.259661,-48.279640,31.527542,-53.256421,29.226425,0,-18.048729,-70.791874,34.694417
z_ext_jk_mp_pm_bs,12.303,stoxx,20,-13.396377,22.012349,-49.603469,22.810714,-53.018605,21.823381,0,-24.700374,-78.255476,28.854728
z_ext_jk_mp_pm_bs,12.303,stoxx,21,13.024501,17.421742,-15.631714,41.680715,-16.592460,42.641461,0,-0.338190,-52.122051,51.445672
z_ext_jk_mp_pm_bs,12.303,stoxx,22,23.084693,18.358063,-7.111633,53.281019,-7.206111,55.211302,0,13.483367,-35.830980,62.797715
z_ext_jk_mp_pm_bs,12.303,stoxx,23,-9.818655,16.308519,-36.643781,17.006471,-38.358563,16.274975,0,-15.857305,-63.764729,32.050119
z_ext_jk_mp_pm_bs,12.303,stoxx,24,-15.469660,15.874117,-41.580260,10.640940,-44.043071,9.135222,0,-19.659769,-69.731345,30.411808
z_ext_jk_mp_pm_bs,12.303,stoxx,25,-9.456729,15.228635,-34.505605,15.592147,-36.868273,14.909087,0,-13.642530,-64.258898,36.973837
z_ext_jk_mp_pm_bs,12.303,stoxx,26,-14.366106,13.477911,-36.535297,7.803084,-40.648033,5.176865,0,-19.678237,-68.699109,29.342634
z_ext_jk_mp_pm_bs,12.303,stoxx,27,-20.854921,18.249772,-50.873125,9.163282,-56.441977,5.607248,0,-24.680414,-74.873035,25.512206
z_ext_jk_mp_pm_bs,12.303,stoxx,28,-22.795064,19.567641,-54.980969,9.390842,-58.995200,6.556398,0,-29.401103,-79.339430,20.537224
z_ext_jk_mp_pm_bs,12.303,stoxx,29,-13.322401,17.026189,-41.327989,14.683186,-42.266922,14.770810,0,-16.125759,-64.465657,32.214139
z_ext_jk_mp_pm_bs,12.303,stoxx,30,-2.792262,17.642814,-31.812109,26.227585,-31.020765,28.964803,0,0.663151,-48.670594,49.996897
z_ext_jk_mp_pm_bs,12.303,stoxx,31,-3.298431,19.465783,-35.316795,28.719933,-35.416974,29.793401,0,4.510917,-47.023793,56.045627
z_ext_jk_mp_pm_bs,12.303,stoxx,32,1.008337,19.990369,-31.872894,33.889567,-28.977216,38.990038,0,10.410686,-42.040468,62.861840
z_ext_jk_mp_pm_bs,12.303,stoxx,33,7.096228,22.788008,-30.386710,44.579166,-27.085785,50.393444,0,17.747911,-36.247839,71.743661
z_ext_jk_mp_pm_bs,12.303,stoxx,34,22.838899,29.358948,-25.452272,71.130071,-19.731575,81.556795,0,35.278057,-21.987353,92.543467
z_ext_jk_mp_pm_bs,12.303,stoxx,35,32.155908,30.034146,-17.245866,81.557682,-8.390190,95.227614,0,39.852935,-21.643144,101.349014
z_ext_jk_mp_pm_bs,12.303,stoxx,36,12.315966,30.536153,-37.911536,62.543468,-31.961456,71.861465,0,17.255111,-32.956653,67.466876
z_ext_jk_mp_pm_bs,12.303,stoxx,37,9.477972,33.950181,-46.365107,65.321051,-38.052282,79.075843,0,12.616243,-35.842515,61.075002
z_ext_jk_mp_pm_bs,12.303,stoxx,38,10.192948,32.539066,-43.329053,63.714949,-35.361745,76.898033,0,12.280924,-37.480436,62.042284
z_ext_jk_mp_pm_bs,12.303,stoxx,39,7.946076,28.014697,-38.134000,54.026151,-32.675234,62.574734,0,9.436006,-38.442603,57.314616
z_ext_jk_mp_pm_bs,12.303,stoxx,40,0.352790,22.487801,-36.636351,37.341931,-30.005741,47.577172,0,-0.482592,-44.242908,43.277723
z_ext_jk_mp_pm_bs,12.303,stoxx,41,-11.025806,16.096190,-37.501682,15.450071,-34.365281,21.166574,0,-11.642586,-56.323717,33.038544
z_ext_jk_mp_pm_bs,12.303,stoxx,42,-6.289733,14.381244,-29.944775,17.365308,-27.861599,21.034631,0,-5.573227,-50.706762,39.560309
z_ext_jk_mp_pm_bs,12.303,stoxx,43,-11.009224,14.808801,-35.367534,13.349087,-33.222426,17.127499,0,-7.154902,-51.279072,36.969268
z_ext_jk_mp_pm_bs,12.303,stoxx,44,-13.107741,13.590705,-35.462462,9.246981,-33.493799,12.714600,0,-6.392689,-46.198821,33.413442
z_ext_jk_mp_pm_bs,12.303,stoxx,45,-14.405616,13.681482,-36.909651,8.098419,-34.243764,12.957347,0,-8.182315,-46.170053,29.805424
z_ext_jk_mp_pm_bs,12.303,stoxx,46,-18.638336,12.497294,-39.194555,1.917883,-36.134547,6.356251,0,-14.731614,-53.118791,23.655563
z_ext_jk_mp_pm_bs,12.303,stoxx,47,-11.075202,14.874055,-35.540846,13.390442,-34.129988,16.441801,0,-6.006608,-43.415094,31.401877
z_ext_jk_mp_pm_bs,12.303,stoxx,48,3.394764,15.175674,-21.566999,28.356527,-19.368747,31.469761,0,3.022526,-37.445238,43.490290
z_ext_jk_mp_median_bs,3.573,ois1m,0,1.000000,0.000000,1.000000,1.000000,1.000000,1.000000,0,1.000000,1.000000,1.000000
z_ext_jk_mp_median_bs,3.573,ois1m,1,0.879300,0.344418,0.312783,1.445817,-0.395047,1.688683,0,0.925776,0.244269,1.607283
z_ext_jk_mp_median_bs,3.573,ois1m,2,-0.241799,0.777917,-1.521359,1.037761,-5.453844,0.652806,0,-0.217174,-1.805761,1.371414
z_ext_jk_mp_median_bs,3.573,ois1m,3,0.294005,0.868888,-1.135189,1.723200,-4.137326,1.510449,0,0.375807,-1.181144,1.932758
z_ext_jk_mp_median_bs,3.573,ois1m,4,0.581386,0.918630,-0.929626,2.092398,-4.333286,1.867468,0,0.569706,-1.546287,2.685699
z_ext_jk_mp_median_bs,3.573,ois1m,5,0.226777,0.990106,-1.401801,1.855356,-3.931666,1.860452,0,0.167133,-2.577299,2.911565
z_ext_jk_mp_median_bs,3.573,ois1m,6,0.585300,1.050487,-1.142598,2.313198,-2.986357,2.738799,0,0.529290,-2.795586,3.854167
z_ext_jk_mp_median_bs,3.573,ois1m,7,-0.122764,1.226520,-2.140209,1.894682,-5.642103,1.717016,0,-0.219449,-4.120651,3.681754
z_ext_jk_mp_median_bs,3.573,ois1m,8,-0.194801,1.299501,-2.332289,1.942688,-5.717679,1.819425,0,-0.441731,-4.740537,3.857074
z_ext_jk_mp_median_bs,3.573,ois1m,9,-1.087840,1.654028,-3.808473,1.632794,-9.440680,0.979695,0,-1.365798,-6.036532,3.304936
z_ext_jk_mp_median_bs,3.573,ois1m,10,-1.930504,2.074946,-5.343486,1.482478,-13.238958,0.455683,0,-2.322515,-7.377360,2.732330
z_ext_jk_mp_median_bs,3.573,ois1m,11,-1.497698,1.985999,-4.764376,1.768981,-11.328394,0.984801,0,-1.932152,-6.739522,2.875218
z_ext_jk_mp_median_bs,3.573,ois1m,12,-1.878372,2.140772,-5.399629,1.642885,-12.368155,0.797593,0,-2.467234,-7.484911,2.550442
z_ext_jk_mp_median_bs,3.573,ois1m,13,-1.764796,2.216050,-5.409873,1.880281,-12.955847,1.005266,0,-2.366264,-7.479084,2.746556
z_ext_jk_mp_median_bs,3.573,ois1m,14,-0.936489,2.143952,-4.462976,2.589999,-10.369878,2.172242,0,-1.526249,-6.355330,3.302833
z_ext_jk_mp_median_bs,3.573,ois1m,15,-1.364941,2.412558,-5.333246,2.603364,-12.100824,2.012640,0,-1.964664,-6.922087,2.992759
z_ext_jk_mp_median_bs,3.573,ois1m,16,-1.754359,2.607624,-6.043518,2.534801,-14.140572,1.765934,0,-2.284937,-7.519762,2.949888
z_ext_jk_mp_median_bs,3.573,ois1m,17,-1.499511,2.588091,-5.756543,2.757520,-12.887113,2.253221,0,-2.019199,-7.325443,3.287045
z_ext_jk_mp_median_bs,3.573,ois1m,18,-1.991462,2.791420,-6.582940,2.600015,-14.971565,1.776955,0,-2.489796,-8.183121,3.203530
z_ext_jk_mp_median_bs,3.573,ois1m,19,-2.040241,2.838569,-6.709272,2.628789,-15.381516,1.649898,0,-2.333684,-8.161047,3.493678
z_ext_jk_mp_median_bs,3.573,ois1m,20,-2.074895,2.718629,-6.546642,2.396851,-13.085342,1.731185,0,-2.276516,-8.136796,3.583764
z_ext_jk_mp_median_bs,3.573,ois1m,21,-1.457445,2.527985,-5.615610,2.700720,-10.558190,2.587330,0,-1.616024,-7.240938,4.008889
z_ext_jk_mp_median_bs,3.573,ois1m,22,-1.475637,2.476882,-5.549746,2.598472,-10.268570,2.363530,0,-1.416572,-6.982657,4.149513
z_ext_jk_mp_median_bs,3.573,ois1m,23,-1.805163,2.524553,-5.957683,2.347357,-11.019781,1.981667,0,-1.695131,-7.490037,4.099776
z_ext_jk_mp_median_bs,3.573,ois1m,24,-1.452002,2.613789,-5.751302,2.847298,-10.208194,2.599370,0,-1.210485,-7.089066,4.668096
z_ext_jk_mp_median_bs,3.573,ois1m,25,-1.756731,2.754769,-6.287923,2.774461,-11.260685,2.375423,0,-1.434526,-7.522894,4.653841
z_ext_jk_mp_median_bs,3.573,ois1m,26,-2.706399,3.159011,-7.902509,2.489712,-13.762936,1.874167,0,-2.390056,-8.918641,4.138529
z_ext_jk_mp_median_bs,3.573,ois1m,27,-3.320334,3.840140,-9.636803,2.996135,-17.720860,2.247869,0,-2.967652,-10.133770,4.198465
z_ext_jk_mp_median_bs,3.573,ois1m,28,-3.161379,3.808745,-9.426207,3.103449,-17.253735,2.361301,0,-2.755097,-9.597558,4.087365
z_ext_jk_mp_median_bs,3.573,ois1m,29,-2.852548,3.696026,-8.931970,3.226874,-15.973440,2.691491,0,-2.468779,-9.221804,4.284247
z_ext_jk_mp_median_bs,3.573,ois1m,30,-2.954560,3.250621,-8.301356,2.392235,-14.331733,1.758840,0,-2.553627,-8.932343,3.825089
z_ext_jk_mp_median_bs,3.573,ois1m,31,-2.008113,2.998135,-6.939606,2.923379,-11.602144,2.938809,0,-1.441056,-7.240668,4.358555
z_ext_jk_mp_median_bs,3.573,ois1m,32,-2.468768,2.981099,-7.372240,2.434705,-12.902616,2.151936,0,-1.857168,-7.711799,3.997462
z_ext_jk_mp_median_bs,3.573,ois1m,33,-1.921362,2.551447,-6.118118,2.275395,-10.596281,2.160953,0,-1.160702,-6.596576,4.275172
z_ext_jk_mp_median_bs,3.573,ois1m,34,-0.937209,2.090199,-4.375280,2.500862,-7.103295,2.825148,0,0.025378,-4.991286,5.042043
z_ext_jk_mp_median_bs,3.573,ois1m,35,-1.024077,1.640411,-3.722314,1.674159,-6.109353,1.764622,0,-0.153975,-5.072583,4.764632
z_ext_jk_mp_median_bs,3.573,ois1m,36,-0.182223,1.464224,-2.590658,2.226212,-3.842784,2.892648,0,0.734356,-4.043172,5.511885
z_ext_jk_mp_median_bs,3.573,ois1m,37,0.614598,1.284888,-1.498855,2.728052,-1.826690,4.019553,0,1.682434,-3.181914,6.546781
z_ext_jk_mp_median_bs,3.573,ois1m,38,1.095654,1.351343,-1.127109,3.318416,-0.931362,5.622654,0,2.240930,-3.098240,7.580099
z_ext_jk_mp_median_bs,3.573,ois1m,39,1.577798,1.658796,-1.150679,4.306274,-0.661577,7.134764,0,2.632821,-2.965505,8.231148
z_ext_jk_mp_median_bs,3.573,ois1m,40,1.690140,1.780764,-1.238956,4.619236,-0.535815,8.546081,0,2.679285,-3.044824,8.403395
z_ext_jk_mp_median_bs,3.573,ois1m,41,1.254904,1.638605,-1.440362,3.950170,-0.875283,7.235814,0,1.973484,-3.431314,7.378282
z_ext_jk_mp_median_bs,3.573,ois1m,42,1.388775,1.560632,-1.178236,3.955787,-0.562015,7.397209,0,1.937911,-3.432971,7.308792
z_ext_jk_mp_median_bs,3.573,ois1m,43,1.454585,1.579943,-1.144191,4.053360,-0.520345,7.616364,0,1.984076,-3.231352,7.199505
z_ext_jk_mp_median_bs,3.573,ois1m,44,1.297531,1.508894,-1.184378,3.779441,-0.739476,6.729549,0,1.745881,-3.158906,6.650668
z_ext_jk_mp_median_bs,3.573,ois1m,45,1.577177,1.558372,-0.986118,4.140471,-0.370789,7.732747,0,1.981746,-2.979553,6.943045
z_ext_jk_mp_median_bs,3.573,ois1m,46,1.743055,1.862429,-1.320368,4.806479,-0.491860,9.099651,0,1.998919,-3.175326,7.173164
z_ext_jk_mp_median_bs,3.573,ois1m,47,2.148038,2.041987,-1.210732,5.506807,-0.302347,10.213886,0,2.444552,-3.070370,7.959474
z_ext_jk_mp_median_bs,3.573,ois1m,48,2.673922,2.289379,-1.091771,6.439616,0.041137,11.602500,0,2.942242,-3.114695,8.999180
z_ext_jk_mp_median_bs,3.573,ip,0,3.659503,2.953286,-1.198220,8.517226,-1.951740,20.493232,0,3.321015,-1.917479,8.559509
z_ext_jk_mp_median_bs,3.573,ip,1,2.566362,3.750863,-3.603259,8.735983,-6.623252,15.881926,0,3.385158,-3.266305,10.036621
z_ext_jk_mp_median_bs,3.573,ip,2,5.299619,3.513521,-0.479608,11.078846,-4.011210,15.664505,0,5.680965,-2.217841,13.579771
z_ext_jk_mp_median_bs,3.573,ip,3,-6.118076,6.164534,-16.257832,4.021680,-45.262866,0.662912,0,-5.906495,-19.917463,8.104473
z_ext_jk_mp_median_bs,3.573,ip,4,0.415502,5.709118,-8.975162,9.806167,-21.564604,11.548283,0,-0.245020,-13.013099,12.523058
z_ext_jk_mp_median_bs,3.573,ip,5,-0.453839,5.832882,-10.048076,9.140398,-28.743317,8.003840,0,-1.665892,-17.626568,14.294784
z_ext_jk_mp_median_bs,3.573,ip,6,-5.103097,7.127026,-16.826011,6.619817,-43.945386,4.162036,0,-6.089235,-26.977014,14.798544
z_ext_jk_mp_median_bs,3.573,ip,7,-5.582848,6.645310,-16.513411,5.347714,-32.496354,5.381913,0,-6.486284,-29.198707,16.226138
z_ext_jk_mp_median_bs,3.573,ip,8,-9.837821,8.289661,-23.473100,3.797457,-54.187507,0.109772,0,-11.001342,-36.185944,14.183261
z_ext_jk_mp_median_bs,3.573,ip,9,-7.351299,7.802857,-20.185856,5.483258,-46.365583,2.792415,0,-8.692993,-33.907587,16.521602
z_ext_jk_mp_median_bs,3.573,ip,10,-8.247478,9.422913,-23.746792,7.251835,-52.535171,4.473455,0,-10.959865,-36.559373,14.639643
z_ext_jk_mp_median_bs,3.573,ip,11,-8.551647,8.834665,-23.083377,5.980084,-52.283238,2.491685,0,-10.695327,-34.227331,12.836676
z_ext_jk_mp_median_bs,3.573,ip,12,-10.109285,8.830797,-24.634653,4.416084,-56.470969,0.046132,0,-13.484483,-36.471371,9.502405
z_ext_jk_mp_median_bs,3.573,ip,13,-11.292769,10.269082,-28.183905,5.598368,-66.232356,0.516675,0,-16.215437,-41.835588,9.404714
z_ext_jk_mp_median_bs,3.573,ip,14,-6.423985,9.372858,-21.840964,8.992994,-49.070487,6.229373,0,-10.529990,-32.988685,11.928705
z_ext_jk_mp_median_bs,3.573,ip,15,-6.223165,9.691686,-22.164570,9.718241,-47.897416,7.829781,0,-10.009916,-31.481707,11.461875
z_ext_jk_mp_median_bs,3.573,ip,16,-3.997695,10.620809,-21.467370,13.471981,-41.170525,15.650801,0,-7.606408,-28.488484,13.275668
z_ext_jk_mp_median_bs,3.573,ip,17,-0.307317,11.400910,-19.060146,18.445511,-33.369957,24.774685,0,-3.925504,-25.706137,17.855129
z_ext_jk_mp_median_bs,3.573,ip,18,0.453647,10.690604,-17.130832,18.038126,-31.618166,22.903916,0,-2.886760,-25.251901,19.478381
z_ext_jk_mp_median_bs,3.573,ip,19,-2.616437,11.222183,-21.075285,15.842412,-43.016296,16.461275,0,-4.739661,-28.218361,18.739038
z_ext_jk_mp_median_bs,3.573,ip,20,-4.850206,10.709202,-22.465276,12.764864,-39.119653,14.426357,0,-5.252617,-29.401195,18.895961
z_ext_jk_mp_median_bs,3.573,ip,21,-12.495065,12.196221,-32.556064,7.565933,-63.109382,3.969833,0,-13.426492,-40.002362,13.149377
z_ext_jk_mp_median_bs,3.573,ip,22,-12.945243,12.583594,-33.643413,7.752927,-63.279618,4.671788,0,-12.885367,-39.062033,13.291299
z_ext_jk_mp_median_bs,3.573,ip,23,3.047763,10.870907,-14.833288,20.928813,-19.237596,32.399211,0,3.504216,-22.731163,29.739594
z_ext_jk_mp_median_bs,3.573,ip,24,-7.231868,12.013630,-26.992531,12.528795,-43.873440,13.191303,0,-7.018717,-33.534291,19.496857
z_ext_jk_mp_median_bs,3.573,ip,25,-3.844030,10.331990,-20.838640,13.150581,-33.290200,14.753551,0,-2.969856,-28.513641,22.573928
z_ext_jk_mp_median_bs,3.573,ip,26,-10.330645,12.596937,-31.050763,10.389472,-50.640844,9.194607,0,-9.767543,-36.073279,16.538192
z_ext_jk_mp_median_bs,3.573,ip,27,-11.916492,14.240341,-35.339769,11.506785,-63.181720,9.444019,0,-10.142817,-38.572716,18.287083
z_ext_jk_mp_median_bs,3.573,ip,28,-8.539988,15.525117,-34.076533,16.996556,-60.549129,16.300198,0,-7.237981,-33.729677,19.253715
z_ext_jk_mp_median_bs,3.573,ip,29,-18.090754,16.338702,-44.965527,8.784020,-77.727016,5.600364,0,-15.721727,-44.624141,13.180688
z_ext_jk_mp_median_bs,3.573,ip,30,-10.089631,14.011121,-33.135874,12.956612,-54.925218,12.328163,0,-6.927363,-32.511179,18.656453
z_ext_jk_mp_median_bs,3.573,ip,31,-5.442716,13.433184,-27.538338,16.652905,-55.817157,13.363741,0,-3.162163,-27.642912,21.318587
z_ext_jk_mp_median_bs,3.573,ip,32,-2.678010,9.557304,-18.398377,13.042357,-30.872058,15.003003,0,1.759960,-23.703181,27.223102
z_ext_jk_mp_median_bs,3.573,ip,33,-0.993494,7.308080,-13.014217,11.027228,-17.436675,16.545898,0,2.992830,-23.939490,29.925151
z_ext_jk_mp_median_bs,3.573,ip,34,2.379602,6.521379,-8.347112,13.106316,-12.945639,17.052706,0,7.873621,-21.908690,37.655932
z_ext_jk_mp_median_bs,3.573,ip,35,3.900624,6.331140,-6.513175,14.314423,-6.229200,24.476829,0,9.136419,-22.194843,40.467682
z_ext_jk_mp_median_bs,3.573,ip,36,4.926240,6.792881,-6.247054,16.099534,-5.602725,27.682390,0,9.919593,-22.604179,42.443365
z_ext_jk_mp_median_bs,3.573,ip,37,12.861631,9.670215,-3.044457,28.767720,0.773862,51.542492,0,19.213922,-17.620640,56.048484
z_ext_jk_mp_median_bs,3.573,ip,38,15.803629,12.371540,-4.545743,36.153001,-0.897949,61.578326,0,20.311994,-18.117984,58.741972
z_ext_jk_mp_median_bs,3.573,ip,39,13.443500,13.215844,-8.294628,35.181629,-7.701850,52.430240,0,18.036548,-16.816062,52.889158
z_ext_jk_mp_median_bs,3.573,ip,40,13.790713,14.728398,-10.435346,38.016772,-6.829044,65.340106,0,17.260850,-17.211328,51.733029
z_ext_jk_mp_median_bs,3.573,ip,41,15.794626,14.517058,-8.083809,39.673062,-1.625843,73.137006,0,18.987416,-16.544836,54.519667
z_ext_jk_mp_median_bs,3.573,ip,42,13.639699,15.323398,-11.565047,38.844446,-9.345398,63.440743,0,16.658858,-15.908495,49.226211
z_ext_jk_mp_median_bs,3.573,ip,43,14.165857,14.799116,-10.176523,38.508237,-5.072994,70.402498,0,16.323356,-16.311578,48.958289
z_ext_jk_mp_median_bs,3.573,ip,44,18.173924,16.904931,-9.632212,45.980060,-2.111993,86.638893,0,19.030618,-16.152101,54.213338
z_ext_jk_mp_median_bs,3.573,ip,45,18.782932,16.806194,-8.860797,46.426661,-2.224811,84.327088,0,20.302303,-16.367647,56.972252
z_ext_jk_mp_median_bs,3.573,ip,46,18.674987,16.526347,-8.508435,45.858410,-1.156629,83.127742,0,19.937039,-17.276923,57.151001
z_ext_jk_mp_median_bs,3.573,ip,47,13.082834,13.602215,-9.290819,35.456486,-3.919935,62.730918,0,13.366122,-17.171626,43.903870
z_ext_jk_mp_median_bs,3.573,ip,48,14.367814,12.572324,-6.311818,35.047447,-1.976207,57.742332,0,15.288285,-16.210572,46.787142
z_ext_jk_mp_median_bs,3.573,hicp_yoy,0,-0.543220,0.942250,-2.093084,1.006643,-8.081221,0.728817,0,-0.623157,-2.155474,0.909159
z_ext_jk_mp_median_bs,3.573,hicp_yoy,1,-0.547599,1.449995,-2.932628,1.837430,-10.262563,1.337394,0,-0.647603,-3.013179,1.717973
z_ext_jk_mp_median_bs,3.573,hicp_yoy,2,-1.410305,2.285650,-5.169864,2.349254,-17.866983,1.103910,0,-1.524466,-5.279848,2.230917
z_ext_jk_mp_median_bs,3.573,hicp_yoy,3,-1.675742,2.294172,-5.449320,2.097835,-15.784901,0.962556,0,-1.631474,-5.634459,2.371511
z_ext_jk_mp_median_bs,3.573,hicp_yoy,4,-1.207624,2.101785,-4.664754,2.249505,-12.241998,1.734875,0,-0.909188,-4.976841,3.158464
z_ext_jk_mp_median_bs,3.573,hicp_yoy,5,-0.609847,1.896057,-3.728583,2.508889,-8.004468,2.708252,0,-0.280849,-4.188578,3.626879
z_ext_jk_mp_median_bs,3.573,hicp_yoy,6,1.144408,1.871462,-1.933873,4.222688,-3.627819,6.290927,0,1.402547,-3.184692,5.989787
z_ext_jk_mp_median_bs,3.573,hicp_yoy,7,0.744216,1.734807,-2.109286,3.597719,-3.332579,5.688415,0,1.032922,-3.600348,5.666192
z_ext_jk_mp_median_bs,3.573,hicp_yoy,8,-1.479001,1.826568,-4.483438,1.525436,-8.328631,1.717493,0,-1.060943,-6.026566,3.904681
z_ext_jk_mp_median_bs,3.573,hicp_yoy,9,-2.550426,2.312596,-6.354309,1.253456,-14.460297,0.340319,0,-2.309950,-8.019345,3.399445
z_ext_jk_mp_median_bs,3.573,hicp_yoy,10,-3.279380,2.737380,-7.781969,1.223209,-18.061231,-0.131393,0,-3.335659,-9.662183,2.990865
z_ext_jk_mp_median_bs,3.573,hicp_yoy,11,-3.562275,2.705608,-8.012605,0.888054,-18.713681,-0.586106,0,-3.511503,-10.108384,3.085378
z_ext_jk_mp_median_bs,3.573,hicp_yoy,12,-0.934358,1.731622,-3.782623,1.913907,-6.042644,2.615468,0,-0.889001,-6.726063,4.948062
z_ext_jk_mp_median_bs,3.573,hicp_yoy,13,-0.802991,2.071165,-4.209754,2.603773,-5.773787,4.685597,0,-0.835692,-7.065384,5.393999
z_ext_jk_mp_median_bs,3.573,hicp_yoy,14,0.343502,2.156740,-3.204021,3.891024,-3.107283,8.862626,0,0.048202,-6.158239,6.254644
z_ext_jk_mp_median_bs,3.573,hicp_yoy,15,-0.578292,2.126382,-4.075879,2.919296,-6.744800,4.099749,0,-1.180953,-6.773980,4.412075
z_ext_jk_mp_median_bs,3.573,hicp_yoy,16,-1.001427,1.991037,-4.276391,2.273537,-7.970055,2.681991,0,-1.785760,-7.576170,4.004649
z_ext_jk_mp_median_bs,3.573,hicp_yoy,17,-1.390970,1.651454,-4.107371,1.325430,-8.409651,1.086211,0,-2.218995,-7.581916,3.143926
z_ext_jk_mp_median_bs,3.573,hicp_yoy,18,-2.224448,2.038686,-5.577788,1.128892,-12.621745,0.323909,0,-2.885960,-8.632722,2.860803
z_ext_jk_mp_median_bs,3.573,hicp_yoy,19,-1.580243,1.907830,-4.718344,1.557858,-10.070087,1.090719,0,-2.114284,-7.719161,3.490594
z_ext_jk_mp_median_bs,3.573,hicp_yoy,20,-0.019976,1.627488,-2.696955,2.657003,-4.983813,2.990876,0,-0.615434,-5.854091,4.623223
z_ext_jk_mp_median_bs,3.573,hicp_yoy,21,-0.273542,1.639251,-2.969870,2.422786,-4.535594,3.332810,0,-0.703286,-5.652744,4.246173
z_ext_jk_mp_median_bs,3.573,hicp_yoy,22,-0.121119,1.893179,-3.235121,2.992884,-4.664748,4.327852,0,-0.302940,-5.101192,4.495313
z_ext_jk_mp_median_bs,3.573,hicp_yoy,23,0.491806,1.771904,-2.422717,3.406329,-3.406383,4.921567,0,0.318867,-4.712637,5.350371
z_ext_jk_mp_median_bs,3.573,hicp_yoy,24,-0.398401,1.743804,-3.266704,2.469902,-6.327336,2.304496,0,-0.386479,-5.189089,4.416132
z_ext_jk_mp_median_bs,3.573,hicp_yoy,25,-2.008760,2.267627,-5.738674,1.721155,-9.945455,1.392681,0,-1.865496,-7.056622,3.325629
z_ext_jk_mp_median_bs,3.573,hicp_yoy,26,-3.114628,2.585604,-7.367568,1.138313,-13.198484,0.246658,0,-2.798839,-8.666808,3.069129
z_ext_jk_mp_median_bs,3.573,hicp_yoy,27,-3.469804,3.215162,-8.758274,1.818666,-16.169692,0.870664,0,-3.285069,-9.512242,2.942103
z_ext_jk_mp_median_bs,3.573,hicp_yoy,28,-3.196019,3.168966,-8.408503,2.016466,-15.079640,1.398982,0,-2.989098,-8.913242,2.935047
z_ext_jk_mp_median_bs,3.573,hicp_yoy,29,-3.600433,3.244703,-8.937495,1.736629,-15.281365,1.266622,0,-3.664557,-9.999487,2.670372
z_ext_jk_mp_median_bs,3.573,hicp_yoy,30,-3.493962,3.227372,-8.802516,1.814592,-14.467026,1.347095,0,-3.856077,-10.198319,2.486166
z_ext_jk_mp_median_bs,3.573,hicp_yoy,31,-3.649713,3.325198,-9.119178,1.819751,-16.950507,0.839305,0,-3.872439,-10.138945,2.394068
z_ext_jk_mp_median_bs,3.573,hicp_yoy,32,-3.791563,3.190864,-9.040066,1.456941,-16.714561,0.516103,0,-3.686611,-9.942948,2.569725
z_ext_jk_mp_median_bs,3.573,hicp_yoy,33,-1.779592,2.665754,-6.164368,2.605184,-11.109732,2.352327,0,-1.491251,-6.251405,3.268903
z_ext_jk_mp_median_bs,3.573,hicp_yoy,34,-1.801746,2.703127,-6.247994,2.644501,-10.722064,2.523256,0,-1.363045,-5.871727,3.145636
z_ext_jk_mp_median_bs,3.573,hicp_yoy,35,-1.704852,1.787357,-4.644792,1.235088,-8.675543,0.708080,0,-1.377815,-5.345682,2.590053
z_ext_jk_mp_median_bs,3.573,hicp_yoy,36,-2.204842,1.867692,-5.276922,0.867237,-10.609455,-0.056997,0,-2.149391,-6.233109,1.934326
z_ext_jk_mp_median_bs,3.573,hicp_yoy,37,-0.127774,1.126849,-1.981276,1.725728,-3.902719,1.562500,0,0.197128,-3.124874,3.519130
z_ext_jk_mp_median_bs,3.573,hicp_yoy,38,0.302222,0.949416,-1.259427,1.863872,-2.261200,2.058641,0,0.583976,-3.384483,4.552436
z_ext_jk_mp_median_bs,3.573,hicp_yoy,39,0.190154,1.109048,-1.634068,2.014375,-2.194299,2.574607,0,0.729098,-3.692439,5.150634
z_ext_jk_mp_median_bs,3.573,hicp_yoy,40,1.594640,1.262589,-0.482135,3.671414,-0.172985,6.013702,0,2.045808,-2.745311,6.836927
z_ext_jk_mp_median_bs,3.573,hicp_yoy,41,1.708598,1.715066,-1.112434,4.529630,-0.864000,7.196808,0,1.928432,-2.892949,6.749813
z_ext_jk_mp_median_bs,3.573,hicp_yoy,42,1.340542,1.789060,-1.602200,4.283284,-1.790313,6.349910,0,1.749344,-2.712127,6.210816
z_ext_jk_mp_median_bs,3.573,hicp_yoy,43,2.842063,2.009061,-0.462549,6.146674,0.230283,10.376041,0,3.176513,-2.121397,8.474424
z_ext_jk_mp_median_bs,3.573,hicp_yoy,44,4.029610,2.657176,-0.341055,8.400275,0.708140,14.259736,0,4.252604,-1.672177,10.177386
z_ext_jk_mp_median_bs,3.573,hicp_yoy,45,2.755786,2.900971,-2.015887,7.527459,-1.015476,13.489380,0,2.936317,-2.628274,8.500908
z_ext_jk_mp_median_bs,3.573,hicp_yoy,46,2.445402,3.117669,-2.682707,7.573511,-1.607567,13.513126,0,2.493308,-2.941153,7.927770
z_ext_jk_mp_median_bs,3.573,hicp_yoy,47,1.450320,1.948174,-1.754142,4.654781,-1.179716,8.074112,0,1.366276,-3.144966,5.877519
z_ext_jk_mp_median_bs,3.573,hicp_yoy,48,2.538077,2.220148,-1.113742,6.189895,-0.126101,10.974639,0,2.349075,-2.746318,7.444468
z_ext_jk_mp_median_bs,3.573,stoxx,0,-22.937435,24.147617,-62.656731,16.781860,-247.510272,4.832324,0,-24.282265,-64.919003,16.354472
z_ext_jk_mp_median_bs,3.573,stoxx,1,-26.756988,35.784592,-85.617404,32.103428,-291.562969,16.184523,0,-27.984252,-86.890036,30.921531
z_ext_jk_mp_median_bs,3.573,stoxx,2,-12.587282,33.336762,-67.421375,42.246812,-190.938957,35.751023,0,-15.254247,-71.047612,40.539118
z_ext_jk_mp_median_bs,3.573,stoxx,3,13.171290,30.261623,-36.604651,62.947231,-92.744392,75.207618,0,16.021955,-36.457034,68.500945
z_ext_jk_mp_median_bs,3.573,stoxx,4,28.454160,31.785013,-23.827534,80.735853,-98.685891,87.256433,0,34.597933,-26.631588,95.827454
z_ext_jk_mp_median_bs,3.573,stoxx,5,8.784655,35.413335,-49.465097,67.034407,-118.703350,77.840657,0,15.133484,-56.040646,86.307615
z_ext_jk_mp_median_bs,3.573,stoxx,6,-20.165820,41.780981,-88.889418,48.557778,-185.200695,55.039946,0,-13.285250,-96.524829,69.954328
z_ext_jk_mp_median_bs,3.573,stoxx,7,-20.782248,36.332803,-80.544391,38.979895,-184.279862,33.716957,0,-14.865603,-97.760296,68.029090
z_ext_jk_mp_median_bs,3.573,stoxx,8,-12.327553,34.828204,-69.614851,44.959745,-162.088831,39.914753,0,-12.006250,-100.157086,76.144586
z_ext_jk_mp_median_bs,3.573,stoxx,9,-13.804728,38.925547,-77.831556,50.222099,-181.184582,44.583593,0,-15.586627,-103.368733,72.195479
z_ext_jk_mp_median_bs,3.573,stoxx,10,-35.884209,46.510603,-112.387343,40.618925,-240.530861,31.556165,0,-39.101523,-125.521950,47.318904
z_ext_jk_mp_median_bs,3.573,stoxx,11,-9.959745,48.023166,-88.950824,69.031335,-168.436194,78.883113,0,-14.543326,-101.705387,72.618735
z_ext_jk_mp_median_bs,3.573,stoxx,12,7.429167,46.317021,-68.755553,83.613886,-110.679236,116.274166,0,-0.048419,-87.132317,87.035480
z_ext_jk_mp_median_bs,3.573,stoxx,13,5.644293,41.509497,-62.632754,73.921340,-116.808724,94.889712,0,-5.168298,-95.828182,85.491586
z_ext_jk_mp_median_bs,3.573,stoxx,14,10.163714,39.026697,-54.029490,74.356918,-114.721717,86.265773,0,3.973098,-87.534150,95.480346
z_ext_jk_mp_median_bs,3.573,stoxx,15,4.844369,38.667872,-58.758621,68.447359,-109.225855,87.980294,0,-1.289776,-93.125921,90.546369
z_ext_jk_mp_median_bs,3.573,stoxx,16,11.191274,39.367694,-53.562820,75.945368,-87.227960,113.547278,0,5.936891,-85.324008,97.197790
z_ext_jk_mp_median_bs,3.573,stoxx,17,23.801736,47.531710,-54.380969,101.984442,-73.638269,173.526623,0,21.277531,-75.519318,118.074380
z_ext_jk_mp_median_bs,3.573,stoxx,18,-32.362644,52.854308,-119.300245,54.574957,-217.352723,62.775112,0,-33.328724,-130.895016,64.237568
z_ext_jk_mp_median_bs,3.573,stoxx,19,-37.804710,54.412290,-127.304962,51.695543,-255.453870,46.534340,0,-36.556798,-135.917030,62.803435
z_ext_jk_mp_median_bs,3.573,stoxx,20,-40.469147,48.044680,-119.495613,38.557319,-230.245632,29.195639,0,-40.852755,-139.862568,58.157058
z_ext_jk_mp_median_bs,3.573,stoxx,21,1.887951,34.883760,-55.490728,59.266630,-94.042388,75.143847,0,1.856140,-89.071843,92.784122
z_ext_jk_mp_median_bs,3.573,stoxx,22,38.546286,39.635543,-26.648381,103.740953,-22.888806,179.252464,0,48.958911,-55.757526,153.675348
z_ext_jk_mp_median_bs,3.573,stoxx,23,-20.878438,41.577435,-89.267233,47.510357,-124.822026,70.591919,0,-10.734520,-104.889902,83.420861
z_ext_jk_mp_median_bs,3.573,stoxx,24,-29.277771,43.002688,-100.010899,41.455356,-141.084761,56.727605,0,-19.588644,-116.968886,77.791597
z_ext_jk_mp_median_bs,3.573,stoxx,25,-4.692417,37.003145,-65.557173,56.172340,-80.548863,89.665602,0,4.246784,-96.543075,105.036643
z_ext_jk_mp_median_bs,3.573,stoxx,26,-27.257903,31.104812,-78.420767,23.904960,-126.793303,20.954556,0,-20.425744,-111.958655,71.107167
z_ext_jk_mp_median_bs,3.573,stoxx,27,-38.165233,40.977280,-105.566861,29.236394,-191.830034,21.251823,0,-32.166897,-126.551535,62.217741
z_ext_jk_mp_median_bs,3.573,stoxx,28,-39.015029,43.591307,-110.716348,32.686290,-198.123299,24.192366,0,-37.060606,-128.932298,54.811086
z_ext_jk_mp_median_bs,3.573,stoxx,29,-11.326574,29.151880,-59.277149,36.624001,-100.239808,39.689216,0,-1.454775,-95.114274,92.204725
z_ext_jk_mp_median_bs,3.573,stoxx,30,9.975756,25.415038,-31.828262,51.779774,-44.666576,70.971848,0,22.562123,-76.502159,121.626405
z_ext_jk_mp_median_bs,3.573,stoxx,31,11.774027,31.852213,-40.618200,64.166254,-53.523009,94.589780,0,24.572671,-78.230631,127.375973
z_ext_jk_mp_median_bs,3.573,stoxx,32,9.582822,29.420417,-38.809458,57.975103,-55.142096,83.133866,0,21.174895,-81.765224,124.115014
z_ext_jk_mp_median_bs,3.573,stoxx,33,15.988742,26.789317,-28.075764,60.053248,-53.663483,70.906843,0,27.337270,-73.328958,128.003499
z_ext_jk_mp_median_bs,3.573,stoxx,34,30.701013,30.204051,-18.980229,80.382256,-31.217291,109.231545,0,43.474297,-61.416602,148.365197
z_ext_jk_mp_median_bs,3.573,stoxx,35,48.479216,37.106751,-12.555958,109.514389,-1.614898,191.340206,0,62.258542,-58.089398,182.606481
z_ext_jk_mp_median_bs,3.573,stoxx,36,40.064125,37.527788,-21.663594,101.791844,-14.351168,175.164164,0,52.459874,-55.099476,160.019224
z_ext_jk_mp_median_bs,3.573,stoxx,37,35.707145,47.719923,-42.785143,114.199433,-26.328754,219.428848,0,50.521536,-58.243582,159.286654
z_ext_jk_mp_median_bs,3.573,stoxx,38,55.411728,56.087523,-36.844038,147.667494,-11.893300,282.566196,0,70.677267,-59.041635,200.396169
z_ext_jk_mp_median_bs,3.573,stoxx,39,59.047591,54.275965,-30.228427,148.323609,-8.797365,262.582459,0,68.388651,-56.996710,193.774011
z_ext_jk_mp_median_bs,3.573,stoxx,40,48.005256,57.689542,-46.885597,142.896108,-21.222195,275.878947,0,51.250822,-62.857294,165.358937
z_ext_jk_mp_median_bs,3.573,stoxx,41,22.405382,45.771566,-52.882144,97.692908,-41.674810,180.317283,0,24.992791,-69.815145,119.800727
z_ext_jk_mp_median_bs,3.573,stoxx,42,9.670300,36.412834,-50.223482,69.564083,-50.410876,117.088161,0,14.323712,-72.436902,101.084325
z_ext_jk_mp_median_bs,3.573,stoxx,43,13.595497,39.584010,-51.514406,78.705400,-43.801318,148.181132,0,19.412319,-69.822023,108.646662
z_ext_jk_mp_median_bs,3.573,stoxx,44,-1.976201,42.129797,-71.273550,67.321149,-69.383876,126.519680,0,3.811863,-75.332308,82.956034
z_ext_jk_mp_median_bs,3.573,stoxx,45,-0.252558,39.965770,-65.990400,65.485283,-48.211482,163.607097,0,5.657490,-76.777288,88.092268
z_ext_jk_mp_median_bs,3.573,stoxx,46,-7.125812,42.039691,-76.274950,62.023326,-57.573441,156.828983,0,-8.928738,-96.683756,78.826279
z_ext_jk_mp_median_bs,3.573,stoxx,47,11.381250,42.576100,-58.650202,81.412702,-43.967679,162.526404,0,3.949666,-92.435510,100.334843
z_ext_jk_mp_median_bs,3.573,stoxx,48,19.600743,42.337393,-50.038071,89.239557,-35.437867,167.781618,0,9.044158,-91.484049,109.572366
