scale_estimator,equation,block,block_held_at_1,h,lambda_h,tau_mean,tau_median,p_tau_gt1
block,mps,mps,1,1,0.0084568,1.00000,1.00000,0.0000
block,mps,mps,1,2,0.0244432,1.00000,1.00000,0.0000
block,mps,mps,1,3,0.0370386,1.00000,1.00000,0.0000
block,mps,mps,1,4,0.0438451,1.00000,1.00000,0.0000
block,mps,mps,1,5,0.0474677,1.00000,1.00000,0.0000
block,mps,mps,1,6,0.0540061,1.00000,1.00000,0.0000
block,mps,mps,1,7,0.0583155,1.00000,1.00000,0.0000
block,mps,mps,1,8,0.0682113,1.00000,1.00000,0.0000
block,mps,mps,1,9,0.0830743,1.00000,1.00000,0.0000
block,mps,mps,1,10,0.0908248,1.00000,1.00000,0.0000
block,mps,mps,1,11,0.100372,1.00000,1.00000,0.0000
block,mps,mps,1,12,0.105848,1.00000,1.00000,0.0000
block,mps,mps,1,13,0.077748,1.00000,1.00000,0.0000
block,mps,mps,1,14,0.0769064,1.00000,1.00000,0.0000
block,mps,mps,1,15,0.088325,1.00000,1.00000,0.0000
block,mps,mps,1,16,0.109167,1.00000,1.00000,0.0000
block,mps,mps,1,17,0.149182,1.00000,1.00000,0.0000
block,mps,mps,1,18,0.18695,1.00000,1.00000,0.0000
block,mps,mps,1,19,0.220328,1.00000,1.00000,0.0000
block,mps,mps,1,20,0.281343,1.00000,1.00000,0.0000
block,mps,mps,1,21,0.341132,1.00000,1.00000,0.0000
block,mps,mps,1,22,0.364882,1.00000,1.00000,0.0000
block,mps,mps,1,23,0.381136,1.00000,1.00000,0.0000
block,mps,mps,1,24,0.398061,1.00000,1.00000,0.0000
block,mps,mps,1,25,0.366267,1.00000,1.00000,0.0000
block,mps,mps,1,26,0.386535,1.00000,1.00000,0.0000
block,mps,mps,1,27,0.402315,1.00000,1.00000,0.0000
block,mps,mps,1,28,0.41433,1.00000,1.00000,0.0000
block,mps,mps,1,29,0.425385,1.00000,1.00000,0.0000
block,mps,mps,1,30,0.436437,1.00000,1.00000,0.0000
block,mps,mps,1,31,0.435744,1.00000,1.00000,0.0000
block,mps,mps,1,32,0.474666,1.00000,1.00000,0.0000
block,mps,mps,1,33,0.49041,1.00000,1.00000,0.0000
block,mps,mps,1,34,0.475684,1.00000,1.00000,0.0000
block,mps,mps,1,35,0.449463,1.00000,1.00000,0.0000
block,mps,mps,1,36,0.452284,1.00000,1.00000,0.0000
block,mps,mps,1,37,0.442336,1.00000,1.00000,0.0000
block,mps,mps,1,38,0.435726,1.00000,1.00000,0.0000
block,mps,mps,1,39,0.445805,1.00000,1.00000,0.0000
block,mps,mps,1,40,0.442494,1.00000,1.00000,0.0000
block,mps,mps,1,41,0.423832,1.00000,1.00000,0.0000
block,mps,mps,1,42,0.400616,1.00000,1.00000,0.0000
block,mps,mps,1,43,0.39024,1.00000,1.00000,0.0000
block,mps,mps,1,44,0.382201,1.00000,1.00000,0.0000
block,mps,mps,1,45,0.366187,1.00000,1.00000,0.0000
block,mps,mps,1,46,0.334726,1.00000,1.00000,0.0000
block,mps,mps,1,47,0.298015,1.00000,1.00000,0.0000
block,mps,mps,1,48,0.291808,1.00000,1.00000,0.0000
block,mps,i1y,0,1,0.0084568,0.49257,0.30096,0.1273
block,mps,i1y,0,2,0.0244432,0.31608,0.22551,0.0413
block,mps,i1y,0,3,0.0370386,0.41911,0.27929,0.0867
block,mps,i1y,0,4,0.0438451,0.47864,0.35482,0.1073
block,mps,i1y,0,5,0.0474677,0.48061,0.32764,0.0973
block,mps,i1y,0,6,0.0540061,0.45463,0.32914,0.0940
block,mps,i1y,0,7,0.0583155,0.66667,0.46931,0.2073
block,mps,i1y,0,8,0.0682113,0.79266,0.45512,0.2113
block,mps,i1y,0,9,0.0830743,0.38436,0.30132,0.0493
block,mps,i1y,0,10,0.0908248,0.57645,0.37702,0.1607
block,mps,i1y,0,11,0.100372,0.57733,0.46521,0.1493
block,mps,i1y,0,12,0.105848,0.54934,0.39592,0.1440
block,mps,i1y,0,13,0.077748,0.61447,0.38264,0.1633
block,mps,i1y,0,14,0.0769064,0.80653,0.59573,0.2907
block,mps,i1y,0,15,0.088325,0.88342,0.65746,0.2927
block,mps,i1y,0,16,0.109167,0.71251,0.50696,0.2267
block,mps,i1y,0,17,0.149182,0.53820,0.33530,0.1753
block,mps,i1y,0,18,0.18695,0.57570,0.44483,0.1467
block,mps,i1y,0,19,0.220328,0.54766,0.40333,0.1420
block,mps,i1y,0,20,0.281343,0.52548,0.36423,0.1367
block,mps,i1y,0,21,0.341132,0.42998,0.23093,0.1067
block,mps,i1y,0,22,0.364882,0.64173,0.44611,0.1833
block,mps,i1y,0,23,0.381136,0.85174,0.65348,0.2853
block,mps,i1y,0,24,0.398061,0.57205,0.41746,0.1793
block,mps,i1y,0,25,0.366267,0.54065,0.31022,0.1640
block,mps,i1y,0,26,0.386535,0.56983,0.44412,0.1673
block,mps,i1y,0,27,0.402315,0.64005,0.47046,0.1853
block,mps,i1y,0,28,0.41433,0.47707,0.34043,0.1193
block,mps,i1y,0,29,0.425385,0.47643,0.36535,0.1100
block,mps,i1y,0,30,0.436437,0.54072,0.36151,0.1540
block,mps,i1y,0,31,0.435744,0.45158,0.32024,0.0993
block,mps,i1y,0,32,0.474666,0.33077,0.22302,0.0473
block,mps,i1y,0,33,0.49041,0.43370,0.26362,0.0827
block,mps,i1y,0,34,0.475684,0.36371,0.25594,0.0567
block,mps,i1y,0,35,0.449463,0.30075,0.18549,0.0500
block,mps,i1y,0,36,0.452284,0.31670,0.18891,0.0560
block,mps,i1y,0,37,0.442336,0.30734,0.19989,0.0367
block,mps,i1y,0,38,0.435726,0.34325,0.21593,0.0687
block,mps,i1y,0,39,0.445805,0.35829,0.23361,0.0653
block,mps,i1y,0,40,0.442494,0.37729,0.23725,0.0727
block,mps,i1y,0,41,0.423832,0.37501,0.26756,0.0513
block,mps,i1y,0,42,0.400616,0.51935,0.39464,0.1253
block,mps,i1y,0,43,0.39024,0.30849,0.21254,0.0360
block,mps,i1y,0,44,0.382201,0.42571,0.32394,0.0767
block,mps,i1y,0,45,0.366187,0.33671,0.22884,0.0473
block,mps,i1y,0,46,0.334726,0.45417,0.32354,0.0873
block,mps,i1y,0,47,0.298015,0.51302,0.36665,0.1380
block,mps,i1y,0,48,0.291808,0.52475,0.35098,0.1300
block,mps,ip,0,1,0.0084568,1.00200,0.64396,0.2940
block,mps,ip,0,2,0.0244432,0.63774,0.45824,0.1833
block,mps,ip,0,3,0.0370386,0.47590,0.32214,0.1013
block,mps,ip,0,4,0.0438451,0.67650,0.49919,0.1960
block,mps,ip,0,5,0.0474677,0.59031,0.37836,0.1847
block,mps,ip,0,6,0.0540061,0.57308,0.44404,0.1327
block,mps,ip,0,7,0.0583155,0.54677,0.34678,0.1713
block,mps,ip,0,8,0.0682113,0.64212,0.41225,0.1747
block,mps,ip,0,9,0.0830743,0.56420,0.38998,0.1547
block,mps,ip,0,10,0.0908248,0.76313,0.53214,0.2440
block,mps,ip,0,11,0.100372,0.65667,0.45612,0.1773
block,mps,ip,0,12,0.105848,0.76442,0.59452,0.2660
block,mps,ip,0,13,0.077748,0.64615,0.44659,0.2207
block,mps,ip,0,14,0.0769064,0.95460,0.66920,0.3313
block,mps,ip,0,15,0.088325,0.88913,0.69207,0.3220
block,mps,ip,0,16,0.109167,0.81092,0.66899,0.2753
block,mps,ip,0,17,0.149182,0.76922,0.51268,0.1880
block,mps,ip,0,18,0.18695,0.78601,0.54701,0.2700
block,mps,ip,0,19,0.220328,0.66557,0.33627,0.1813
block,mps,ip,0,20,0.281343,1.03016,0.46535,0.2680
block,mps,ip,0,21,0.341132,1.16410,0.56528,0.3433
block,mps,ip,0,22,0.364882,1.42215,0.71225,0.3713
block,mps,ip,0,23,0.381136,1.12538,0.65794,0.3580
block,mps,ip,0,24,0.398061,1.04072,0.63507,0.3360
block,mps,ip,0,25,0.366267,0.73577,0.41678,0.2120
block,mps,ip,0,26,0.386535,0.95893,0.50665,0.2713
block,mps,ip,0,27,0.402315,0.60786,0.45923,0.1633
block,mps,ip,0,28,0.41433,0.51885,0.36547,0.1420
block,mps,ip,0,29,0.425385,0.43849,0.27883,0.1187
block,mps,ip,0,30,0.436437,0.40098,0.28347,0.0767
block,mps,ip,0,31,0.435744,0.59222,0.42073,0.1647
block,mps,ip,0,32,0.474666,0.37170,0.28317,0.0540
block,mps,ip,0,33,0.49041,0.47986,0.37686,0.0967
block,mps,ip,0,34,0.475684,0.43960,0.27250,0.0940
block,mps,ip,0,35,0.449463,0.34509,0.26969,0.0340
block,mps,ip,0,36,0.452284,0.41782,0.29033,0.0820
block,mps,ip,0,37,0.442336,0.38466,0.28440,0.0613
block,mps,ip,0,38,0.435726,0.39080,0.30643,0.0500
block,mps,ip,0,39,0.445805,0.46538,0.38589,0.0880
block,mps,ip,0,40,0.442494,0.33160,0.25230,0.0293
block,mps,ip,0,41,0.423832,0.43444,0.32969,0.0760
block,mps,ip,0,42,0.400616,0.47052,0.33999,0.1120
block,mps,ip,0,43,0.39024,0.29081,0.19641,0.0393
block,mps,ip,0,44,0.382201,0.38614,0.30715,0.0447
block,mps,ip,0,45,0.366187,0.32602,0.21561,0.0433
block,mps,ip,0,46,0.334726,0.39595,0.28509,0.0707
block,mps,ip,0,47,0.298015,0.46226,0.35049,0.1027
block,mps,ip,0,48,0.291808,0.33836,0.22558,0.0633
block,mps,hicp,0,1,0.0084568,0.81284,0.60634,0.2933
block,mps,hicp,0,2,0.0244432,0.50221,0.38820,0.1480
block,mps,hicp,0,3,0.0370386,0.51132,0.44133,0.1273
block,mps,hicp,0,4,0.0438451,0.59906,0.46093,0.1667
block,mps,hicp,0,5,0.0474677,0.70520,0.55819,0.2340
block,mps,hicp,0,6,0.0540061,0.59816,0.38341,0.2007
block,mps,hicp,0,7,0.0583155,0.74572,0.55692,0.2387
block,mps,hicp,0,8,0.0682113,0.66999,0.50404,0.2027
block,mps,hicp,0,9,0.0830743,0.53809,0.38652,0.1480
block,mps,hicp,0,10,0.0908248,0.57792,0.45914,0.1327
block,mps,hicp,0,11,0.100372,0.67591,0.49150,0.2087
block,mps,hicp,0,12,0.105848,0.48794,0.33167,0.1300
block,mps,hicp,0,13,0.077748,0.61654,0.46441,0.1853
block,mps,hicp,0,14,0.0769064,0.65312,0.42951,0.2187
block,mps,hicp,0,15,0.088325,0.66651,0.52506,0.1887
block,mps,hicp,0,16,0.109167,0.66249,0.45827,0.2307
block,mps,hicp,0,17,0.149182,0.54540,0.42589,0.1487
block,mps,hicp,0,18,0.18695,0.36982,0.28542,0.0493
block,mps,hicp,0,19,0.220328,0.39280,0.29110,0.0627
block,mps,hicp,0,20,0.281343,0.42541,0.31874,0.0807
block,mps,hicp,0,21,0.341132,0.36790,0.28175,0.0520
block,mps,hicp,0,22,0.364882,0.30614,0.22560,0.0340
block,mps,hicp,0,23,0.381136,0.36042,0.24609,0.0700
block,mps,hicp,0,24,0.398061,0.46893,0.38459,0.0840
block,mps,hicp,0,25,0.366267,0.41893,0.29131,0.0767
block,mps,hicp,0,26,0.386535,0.73099,0.61172,0.2047
block,mps,hicp,0,27,0.402315,0.79262,0.65995,0.3000
block,mps,hicp,0,28,0.41433,0.55574,0.42233,0.1547
block,mps,hicp,0,29,0.425385,0.46365,0.29518,0.1347
block,mps,hicp,0,30,0.436437,0.77245,0.63521,0.2873
block,mps,hicp,0,31,0.435744,0.55465,0.36914,0.1500
block,mps,hicp,0,32,0.474666,0.57889,0.37506,0.1907
block,mps,hicp,0,33,0.49041,0.58957,0.47217,0.1687
block,mps,hicp,0,34,0.475684,0.37124,0.27003,0.0553
block,mps,hicp,0,35,0.449463,0.34251,0.24043,0.0473
block,mps,hicp,0,36,0.452284,0.34639,0.25042,0.0507
block,mps,hicp,0,37,0.442336,0.23791,0.12318,0.0287
block,mps,hicp,0,38,0.435726,0.31811,0.24127,0.0260
block,mps,hicp,0,39,0.445805,0.34090,0.24861,0.0467
block,mps,hicp,0,40,0.442494,0.22192,0.17198,0.0113
block,mps,hicp,0,41,0.423832,0.29393,0.23269,0.0167
block,mps,hicp,0,42,0.400616,0.28461,0.21569,0.0213
block,mps,hicp,0,43,0.39024,0.34604,0.25166,0.0433
block,mps,hicp,0,44,0.382201,0.30824,0.23011,0.0300
block,mps,hicp,0,45,0.366187,0.22078,0.15026,0.0240
block,mps,hicp,0,46,0.334726,0.37363,0.27892,0.0500
block,mps,hicp,0,47,0.298015,0.37374,0.31591,0.0367
block,mps,hicp,0,48,0.291808,0.30734,0.22022,0.0300
block,mps,stoxx,0,1,0.0084568,0.65748,0.45501,0.2080
block,mps,stoxx,0,2,0.0244432,0.51397,0.39204,0.1287
block,mps,stoxx,0,3,0.0370386,0.66098,0.49425,0.1820
block,mps,stoxx,0,4,0.0438451,0.52857,0.34572,0.1527
block,mps,stoxx,0,5,0.0474677,0.69794,0.54724,0.2133
block,mps,stoxx,0,6,0.0540061,0.70007,0.48667,0.2273
block,mps,stoxx,0,7,0.0583155,0.69687,0.43940,0.2167
block,mps,stoxx,0,8,0.0682113,0.75006,0.53769,0.2107
block,mps,stoxx,0,9,0.0830743,0.72337,0.49528,0.1967
block,mps,stoxx,0,10,0.0908248,0.74469,0.54593,0.2467
block,mps,stoxx,0,11,0.100372,0.83833,0.63616,0.2800
block,mps,stoxx,0,12,0.105848,0.68317,0.52368,0.1747
block,mps,stoxx,0,13,0.077748,1.04134,0.73113,0.3647
block,mps,stoxx,0,14,0.0769064,0.90806,0.65263,0.3327
block,mps,stoxx,0,15,0.088325,0.86385,0.61054,0.3053
block,mps,stoxx,0,16,0.109167,0.79039,0.51118,0.2727
block,mps,stoxx,0,17,0.149182,0.59225,0.36061,0.1707
block,mps,stoxx,0,18,0.18695,0.72582,0.51516,0.2260
block,mps,stoxx,0,19,0.220328,0.59942,0.38158,0.1827
block,mps,stoxx,0,20,0.281343,0.56889,0.41141,0.1653
block,mps,stoxx,0,21,0.341132,0.53268,0.44727,0.1173
block,mps,stoxx,0,22,0.364882,0.37645,0.27101,0.0773
block,mps,stoxx,0,23,0.381136,0.41604,0.29422,0.0720
block,mps,stoxx,0,24,0.398061,0.46178,0.33154,0.1020
block,mps,stoxx,0,25,0.366267,0.38164,0.26925,0.0640
block,mps,stoxx,0,26,0.386535,0.34165,0.22842,0.0620
block,mps,stoxx,0,27,0.402315,0.39551,0.32416,0.0633
block,mps,stoxx,0,28,0.41433,0.34815,0.26563,0.0447
block,mps,stoxx,0,29,0.425385,0.28381,0.20104,0.0153
block,mps,stoxx,0,30,0.436437,0.28384,0.22199,0.0127
block,mps,stoxx,0,31,0.435744,0.34224,0.21355,0.0733
block,mps,stoxx,0,32,0.474666,0.42526,0.29241,0.0987
block,mps,stoxx,0,33,0.49041,0.29930,0.19505,0.0420
block,mps,stoxx,0,34,0.475684,0.38379,0.27616,0.0653
block,mps,stoxx,0,35,0.449463,0.51057,0.39872,0.1200
block,mps,stoxx,0,36,0.452284,0.27746,0.14289,0.0407
block,mps,stoxx,0,37,0.442336,0.42038,0.32314,0.0747
block,mps,stoxx,0,38,0.435726,0.38098,0.31825,0.0453
block,mps,stoxx,0,39,0.445805,0.46307,0.34903,0.0793
block,mps,stoxx,0,40,0.442494,0.36064,0.29128,0.0560
block,mps,stoxx,0,41,0.423832,0.30247,0.21684,0.0413
block,mps,stoxx,0,42,0.400616,0.27411,0.16727,0.0380
block,mps,stoxx,0,43,0.39024,0.35179,0.23038,0.0653
block,mps,stoxx,0,44,0.382201,0.38557,0.29366,0.0513
block,mps,stoxx,0,45,0.366187,0.43418,0.34606,0.0773
block,mps,stoxx,0,46,0.334726,0.44313,0.31248,0.0887
block,mps,stoxx,0,47,0.298015,0.44103,0.33719,0.0853
block,mps,stoxx,0,48,0.291808,0.38448,0.24925,0.0927
block,i1y,mps,1,1,0.0084568,1.00000,1.00000,0.0000
block,i1y,mps,1,2,0.0244432,1.00000,1.00000,0.0000
block,i1y,mps,1,3,0.0370386,1.00000,1.00000,0.0000
block,i1y,mps,1,4,0.0438451,1.00000,1.00000,0.0000
block,i1y,mps,1,5,0.0474677,1.00000,1.00000,0.0000
block,i1y,mps,1,6,0.0540061,1.00000,1.00000,0.0000
block,i1y,mps,1,7,0.0583155,1.00000,1.00000,0.0000
block,i1y,mps,1,8,0.0682113,1.00000,1.00000,0.0000
block,i1y,mps,1,9,0.0830743,1.00000,1.00000,0.0000
block,i1y,mps,1,10,0.0908248,1.00000,1.00000,0.0000
block,i1y,mps,1,11,0.100372,1.00000,1.00000,0.0000
block,i1y,mps,1,12,0.105848,1.00000,1.00000,0.0000
block,i1y,mps,1,13,0.077748,1.00000,1.00000,0.0000
block,i1y,mps,1,14,0.0769064,1.00000,1.00000,0.0000
block,i1y,mps,1,15,0.088325,1.00000,1.00000,0.0000
block,i1y,mps,1,16,0.109167,1.00000,1.00000,0.0000
block,i1y,mps,1,17,0.149182,1.00000,1.00000,0.0000
block,i1y,mps,1,18,0.18695,1.00000,1.00000,0.0000
block,i1y,mps,1,19,0.220328,1.00000,1.00000,0.0000
block,i1y,mps,1,20,0.281343,1.00000,1.00000,0.0000
block,i1y,mps,1,21,0.341132,1.00000,1.00000,0.0000
block,i1y,mps,1,22,0.364882,1.00000,1.00000,0.0000
block,i1y,mps,1,23,0.381136,1.00000,1.00000,0.0000
block,i1y,mps,1,24,0.398061,1.00000,1.00000,0.0000
block,i1y,mps,1,25,0.366267,1.00000,1.00000,0.0000
block,i1y,mps,1,26,0.386535,1.00000,1.00000,0.0000
block,i1y,mps,1,27,0.402315,1.00000,1.00000,0.0000
block,i1y,mps,1,28,0.41433,1.00000,1.00000,0.0000
block,i1y,mps,1,29,0.425385,1.00000,1.00000,0.0000
block,i1y,mps,1,30,0.436437,1.00000,1.00000,0.0000
block,i1y,mps,1,31,0.435744,1.00000,1.00000,0.0000
block,i1y,mps,1,32,0.474666,1.00000,1.00000,0.0000
block,i1y,mps,1,33,0.49041,1.00000,1.00000,0.0000
block,i1y,mps,1,34,0.475684,1.00000,1.00000,0.0000
block,i1y,mps,1,35,0.449463,1.00000,1.00000,0.0000
block,i1y,mps,1,36,0.452284,1.00000,1.00000,0.0000
block,i1y,mps,1,37,0.442336,1.00000,1.00000,0.0000
block,i1y,mps,1,38,0.435726,1.00000,1.00000,0.0000
block,i1y,mps,1,39,0.445805,1.00000,1.00000,0.0000
block,i1y,mps,1,40,0.442494,1.00000,1.00000,0.0000
block,i1y,mps,1,41,0.423832,1.00000,1.00000,0.0000
block,i1y,mps,1,42,0.400616,1.00000,1.00000,0.0000
block,i1y,mps,1,43,0.39024,1.00000,1.00000,0.0000
block,i1y,mps,1,44,0.382201,1.00000,1.00000,0.0000
block,i1y,mps,1,45,0.366187,1.00000,1.00000,0.0000
block,i1y,mps,1,46,0.334726,1.00000,1.00000,0.0000
block,i1y,mps,1,47,0.298015,1.00000,1.00000,0.0000
block,i1y,mps,1,48,0.291808,1.00000,1.00000,0.0000
block,i1y,i1y,0,1,0.0084568,0.37845,0.24252,0.0787
block,i1y,i1y,0,2,0.0244432,0.65609,0.44158,0.2087
block,i1y,i1y,0,3,0.0370386,0.74892,0.45865,0.2340
block,i1y,i1y,0,4,0.0438451,0.97673,0.50259,0.2793
block,i1y,i1y,0,5,0.0474677,1.60938,1.08058,0.5253
block,i1y,i1y,0,6,0.0540061,2.39455,1.31959,0.5793
block,i1y,i1y,0,7,0.0583155,1.56270,0.78005,0.4080
block,i1y,i1y,0,8,0.0682113,2.69201,1.64306,0.6687
block,i1y,i1y,0,9,0.0830743,2.84530,2.12499,0.7507
block,i1y,i1y,0,10,0.0908248,3.78884,3.18542,0.8493
block,i1y,i1y,0,11,0.100372,2.35267,1.48848,0.6073
block,i1y,i1y,0,12,0.105848,2.56564,1.59958,0.6587
block,i1y,i1y,0,13,0.077748,2.41330,1.39567,0.5927
block,i1y,i1y,0,14,0.0769064,1.52815,0.74287,0.4127
block,i1y,i1y,0,15,0.088325,2.32571,1.37594,0.6247
block,i1y,i1y,0,16,0.109167,1.44129,0.95485,0.4780
block,i1y,i1y,0,17,0.149182,1.70006,1.09578,0.5400
block,i1y,i1y,0,18,0.18695,1.42528,0.63085,0.3727
block,i1y,i1y,0,19,0.220328,2.31788,2.01789,0.7100
block,i1y,i1y,0,20,0.281343,2.55030,2.39379,0.7453
block,i1y,i1y,0,21,0.341132,3.17653,2.94129,0.9767
block,i1y,i1y,0,22,0.364882,3.29533,3.02281,0.9867
block,i1y,i1y,0,23,0.381136,3.50792,3.25848,0.9993
block,i1y,i1y,0,24,0.398061,3.62484,3.34601,0.9813
block,i1y,i1y,0,25,0.366267,3.70508,3.37539,0.9967
block,i1y,i1y,0,26,0.386535,3.45978,3.24863,0.9860
block,i1y,i1y,0,27,0.402315,3.14564,2.94654,0.9940
block,i1y,i1y,0,28,0.41433,2.85750,2.57952,0.9840
block,i1y,i1y,0,29,0.425385,2.69265,2.45132,0.9740
block,i1y,i1y,0,30,0.436437,2.53750,2.28209,0.9807
block,i1y,i1y,0,31,0.435744,2.34548,2.07326,0.9507
block,i1y,i1y,0,32,0.474666,1.96820,1.77117,0.9220
block,i1y,i1y,0,33,0.49041,1.84035,1.63269,0.8720
block,i1y,i1y,0,34,0.475684,1.80214,1.62653,0.8760
block,i1y,i1y,0,35,0.449463,1.87541,1.61993,0.8300
block,i1y,i1y,0,36,0.452284,1.80559,1.55193,0.8567
block,i1y,i1y,0,37,0.442336,1.84727,1.60473,0.8607
block,i1y,i1y,0,38,0.435726,1.84221,1.63509,0.8567
block,i1y,i1y,0,39,0.445805,2.00101,1.76131,0.8700
block,i1y,i1y,0,40,0.442494,1.94619,1.74974,0.8760
block,i1y,i1y,0,41,0.423832,2.01238,1.76365,0.8700
block,i1y,i1y,0,42,0.400616,1.74428,1.56146,0.7940
block,i1y,i1y,0,43,0.39024,1.76738,1.60305,0.7973
block,i1y,i1y,0,44,0.382201,1.69376,1.45330,0.7747
block,i1y,i1y,0,45,0.366187,1.63915,1.46850,0.7020
block,i1y,i1y,0,46,0.334726,2.09723,1.77379,0.8347
block,i1y,i1y,0,47,0.298015,2.33094,2.05204,0.8927
block,i1y,i1y,0,48,0.291808,2.52602,2.23064,0.9040
block,i1y,ip,0,1,0.0084568,0.68606,0.51666,0.2047
block,i1y,ip,0,2,0.0244432,0.52476,0.40132,0.1327
block,i1y,ip,0,3,0.0370386,0.64980,0.50257,0.2107
block,i1y,ip,0,4,0.0438451,0.64616,0.45222,0.2060
block,i1y,ip,0,5,0.0474677,0.94116,0.75582,0.3600
block,i1y,ip,0,6,0.0540061,1.25328,1.04576,0.5313
block,i1y,ip,0,7,0.0583155,1.19341,0.85445,0.4507
block,i1y,ip,0,8,0.0682113,1.49902,1.15614,0.5700
block,i1y,ip,0,9,0.0830743,1.72626,1.46293,0.6913
block,i1y,ip,0,10,0.0908248,2.32097,1.99896,0.7993
block,i1y,ip,0,11,0.100372,1.82507,1.47786,0.6667
block,i1y,ip,0,12,0.105848,2.17191,1.85330,0.7253
block,i1y,ip,0,13,0.077748,2.50411,1.98708,0.8047
block,i1y,ip,0,14,0.0769064,1.52100,0.87362,0.4707
block,i1y,ip,0,15,0.088325,2.17095,1.65698,0.6980
block,i1y,ip,0,16,0.109167,1.72281,1.21234,0.5693
block,i1y,ip,0,17,0.149182,1.86984,1.33139,0.5540
block,i1y,ip,0,18,0.18695,1.79752,1.08636,0.5213
block,i1y,ip,0,19,0.220328,2.92730,2.76774,0.8873
block,i1y,ip,0,20,0.281343,3.28226,3.19687,0.9507
block,i1y,ip,0,21,0.341132,3.83845,3.69573,1.0000
block,i1y,ip,0,22,0.364882,3.99566,3.81704,1.0000
block,i1y,ip,0,23,0.381136,4.38473,4.25854,1.0000
block,i1y,ip,0,24,0.398061,4.65194,4.54458,1.0000
block,i1y,ip,0,25,0.366267,5.14621,4.96555,1.0000
block,i1y,ip,0,26,0.386535,5.02688,4.80464,1.0000
block,i1y,ip,0,27,0.402315,4.86854,4.66695,1.0000
block,i1y,ip,0,28,0.41433,4.58865,4.38594,1.0000
block,i1y,ip,0,29,0.425385,4.30522,4.13288,1.0000
block,i1y,ip,0,30,0.436437,4.03588,3.89114,1.0000
block,i1y,ip,0,31,0.435744,3.71243,3.54399,1.0000
block,i1y,ip,0,32,0.474666,3.15618,3.02934,1.0000
block,i1y,ip,0,33,0.49041,2.86740,2.75452,1.0000
block,i1y,ip,0,34,0.475684,2.76364,2.59553,0.9987
block,i1y,ip,0,35,0.449463,2.77297,2.57629,0.9993
block,i1y,ip,0,36,0.452284,2.50598,2.36138,0.9967
block,i1y,ip,0,37,0.442336,2.42746,2.24528,0.9987
block,i1y,ip,0,38,0.435726,2.30683,2.16977,0.9987
block,i1y,ip,0,39,0.445805,2.15011,2.01002,0.9967
block,i1y,ip,0,40,0.442494,2.10814,1.99013,0.9940
block,i1y,ip,0,41,0.423832,2.20603,2.06513,0.9940
block,i1y,ip,0,42,0.400616,2.21478,2.06660,0.9907
block,i1y,ip,0,43,0.39024,2.30090,2.14549,0.9993
block,i1y,ip,0,44,0.382201,2.30592,2.16238,0.9927
block,i1y,ip,0,45,0.366187,2.40842,2.26067,0.9940
block,i1y,ip,0,46,0.334726,2.71604,2.54571,0.9980
block,i1y,ip,0,47,0.298015,2.86571,2.70290,0.9980
block,i1y,ip,0,48,0.291808,3.03331,2.83721,0.9980
block,i1y,hicp,0,1,0.0084568,0.73074,0.53144,0.2333
block,i1y,hicp,0,2,0.0244432,0.39857,0.29510,0.0773
block,i1y,hicp,0,3,0.0370386,0.50483,0.39417,0.1327
block,i1y,hicp,0,4,0.0438451,0.56833,0.44251,0.1533
block,i1y,hicp,0,5,0.0474677,0.57643,0.46589,0.1727
block,i1y,hicp,0,6,0.0540061,0.90736,0.76879,0.3540
block,i1y,hicp,0,7,0.0583155,0.72213,0.59171,0.2607
block,i1y,hicp,0,8,0.0682113,1.04623,0.94590,0.4673
block,i1y,hicp,0,9,0.0830743,1.00948,0.89890,0.4320
block,i1y,hicp,0,10,0.0908248,1.28491,1.15463,0.6167
block,i1y,hicp,0,11,0.100372,1.18262,1.08960,0.5640
block,i1y,hicp,0,12,0.105848,1.29204,1.16309,0.6120
block,i1y,hicp,0,13,0.077748,1.80642,1.59629,0.7893
block,i1y,hicp,0,14,0.0769064,1.76865,1.60410,0.7140
block,i1y,hicp,0,15,0.088325,1.76926,1.62689,0.7353
block,i1y,hicp,0,16,0.109167,1.49813,1.33831,0.6813
block,i1y,hicp,0,17,0.149182,1.26947,1.13387,0.5860
block,i1y,hicp,0,18,0.18695,1.15549,1.07803,0.5513
block,i1y,hicp,0,19,0.220328,0.94913,0.87649,0.3853
block,i1y,hicp,0,20,0.281343,0.81507,0.75975,0.2713
block,i1y,hicp,0,21,0.341132,0.69479,0.63861,0.1613
block,i1y,hicp,0,22,0.364882,0.68330,0.62476,0.1527
block,i1y,hicp,0,23,0.381136,0.64407,0.59527,0.1040
block,i1y,hicp,0,24,0.398061,0.67689,0.61752,0.1413
block,i1y,hicp,0,25,0.366267,0.76290,0.70092,0.2353
block,i1y,hicp,0,26,0.386535,0.71766,0.67186,0.1927
block,i1y,hicp,0,27,0.402315,0.70489,0.66009,0.1693
block,i1y,hicp,0,28,0.41433,0.65840,0.60241,0.1353
block,i1y,hicp,0,29,0.425385,0.61566,0.56353,0.1327
block,i1y,hicp,0,30,0.436437,0.64109,0.57438,0.1347
block,i1y,hicp,0,31,0.435744,0.59742,0.53711,0.1407
block,i1y,hicp,0,32,0.474666,0.57480,0.53042,0.1020
block,i1y,hicp,0,33,0.49041,0.52541,0.46423,0.0927
block,i1y,hicp,0,34,0.475684,0.52758,0.49946,0.0813
block,i1y,hicp,0,35,0.449463,0.59758,0.55040,0.1120
block,i1y,hicp,0,36,0.452284,0.58930,0.55592,0.0820
block,i1y,hicp,0,37,0.442336,0.59272,0.54275,0.1107
block,i1y,hicp,0,38,0.435726,0.65581,0.61040,0.1407
block,i1y,hicp,0,39,0.445805,0.58999,0.56355,0.0980
block,i1y,hicp,0,40,0.442494,0.61324,0.56106,0.1053
block,i1y,hicp,0,41,0.423832,0.52542,0.50670,0.0753
block,i1y,hicp,0,42,0.400616,0.62756,0.58289,0.1073
block,i1y,hicp,0,43,0.39024,0.66803,0.61609,0.1473
block,i1y,hicp,0,44,0.382201,0.68936,0.62689,0.1620
block,i1y,hicp,0,45,0.366187,0.81044,0.73628,0.2567
block,i1y,hicp,0,46,0.334726,0.86850,0.78258,0.2913
block,i1y,hicp,0,47,0.298015,0.93695,0.84734,0.3673
block,i1y,hicp,0,48,0.291808,0.94089,0.84874,0.3847
block,i1y,stoxx,0,1,0.0084568,0.89956,0.61320,0.2993
block,i1y,stoxx,0,2,0.0244432,0.87522,0.68663,0.3060
block,i1y,stoxx,0,3,0.0370386,1.25465,1.01069,0.5053
block,i1y,stoxx,0,4,0.0438451,1.19810,0.94438,0.4740
block,i1y,stoxx,0,5,0.0474677,1.59649,1.30357,0.6267
block,i1y,stoxx,0,6,0.0540061,1.97140,1.71213,0.7127
block,i1y,stoxx,0,7,0.0583155,1.74969,1.41635,0.6793
block,i1y,stoxx,0,8,0.0682113,1.61736,1.34462,0.6367
block,i1y,stoxx,0,9,0.0830743,2.00077,1.80174,0.7913
block,i1y,stoxx,0,10,0.0908248,2.33459,2.04130,0.8353
block,i1y,stoxx,0,11,0.100372,1.85460,1.58935,0.7540
block,i1y,stoxx,0,12,0.105848,2.46572,2.23638,0.8560
block,i1y,stoxx,0,13,0.077748,2.39187,2.10065,0.7333
block,i1y,stoxx,0,14,0.0769064,2.47518,2.15870,0.7733
block,i1y,stoxx,0,15,0.088325,2.18739,1.84171,0.6940
block,i1y,stoxx,0,16,0.109167,2.19726,1.92662,0.8093
block,i1y,stoxx,0,17,0.149182,1.80573,1.63157,0.7020
block,i1y,stoxx,0,18,0.18695,1.42962,1.20807,0.6047
block,i1y,stoxx,0,19,0.220328,1.54807,1.39911,0.7213
block,i1y,stoxx,0,20,0.281343,1.48158,1.38294,0.7613
block,i1y,stoxx,0,21,0.341132,1.41981,1.31226,0.7473
block,i1y,stoxx,0,22,0.364882,1.38861,1.29480,0.7253
block,i1y,stoxx,0,23,0.381136,1.34161,1.24132,0.7333
block,i1y,stoxx,0,24,0.398061,1.35370,1.25731,0.7220
block,i1y,stoxx,0,25,0.366267,1.58897,1.49018,0.8327
block,i1y,stoxx,0,26,0.386535,1.58253,1.46350,0.8467
block,i1y,stoxx,0,27,0.402315,1.52736,1.40658,0.7813
block,i1y,stoxx,0,28,0.41433,1.49911,1.42032,0.8180
block,i1y,stoxx,0,29,0.425385,1.36659,1.29378,0.7173
block,i1y,stoxx,0,30,0.436437,1.24326,1.14343,0.6193
block,i1y,stoxx,0,31,0.435744,1.13013,1.08776,0.5633
block,i1y,stoxx,0,32,0.474666,0.99464,0.93309,0.4553
block,i1y,stoxx,0,33,0.49041,0.79833,0.70656,0.2833
block,i1y,stoxx,0,34,0.475684,0.84905,0.76565,0.3307
block,i1y,stoxx,0,35,0.449463,1.05576,0.96325,0.4767
block,i1y,stoxx,0,36,0.452284,1.11580,1.00501,0.5060
block,i1y,stoxx,0,37,0.442336,1.25780,1.17644,0.6347
block,i1y,stoxx,0,38,0.435726,1.25295,1.14792,0.6193
block,i1y,stoxx,0,39,0.445805,1.25846,1.15546,0.6433
block,i1y,stoxx,0,40,0.442494,1.27272,1.17396,0.6420
block,i1y,stoxx,0,41,0.423832,1.28075,1.20450,0.6820
block,i1y,stoxx,0,42,0.400616,1.39920,1.27561,0.7240
block,i1y,stoxx,0,43,0.39024,1.42003,1.33490,0.7547
block,i1y,stoxx,0,44,0.382201,1.46855,1.37307,0.7913
block,i1y,stoxx,0,45,0.366187,1.62829,1.51846,0.8813
block,i1y,stoxx,0,46,0.334726,1.73476,1.60845,0.9100
block,i1y,stoxx,0,47,0.298015,1.91198,1.76075,0.9293
block,i1y,stoxx,0,48,0.291808,1.96335,1.81313,0.8920
block,ip,mps,1,1,0.0084568,1.00000,1.00000,0.0000
block,ip,mps,1,2,0.0244432,1.00000,1.00000,0.0000
block,ip,mps,1,3,0.0370386,1.00000,1.00000,0.0000
block,ip,mps,1,4,0.0438451,1.00000,1.00000,0.0000
block,ip,mps,1,5,0.0474677,1.00000,1.00000,0.0000
block,ip,mps,1,6,0.0540061,1.00000,1.00000,0.0000
block,ip,mps,1,7,0.0583155,1.00000,1.00000,0.0000
block,ip,mps,1,8,0.0682113,1.00000,1.00000,0.0000
block,ip,mps,1,9,0.0830743,1.00000,1.00000,0.0000
block,ip,mps,1,10,0.0908248,1.00000,1.00000,0.0000
block,ip,mps,1,11,0.100372,1.00000,1.00000,0.0000
block,ip,mps,1,12,0.105848,1.00000,1.00000,0.0000
block,ip,mps,1,13,0.077748,1.00000,1.00000,0.0000
block,ip,mps,1,14,0.0769064,1.00000,1.00000,0.0000
block,ip,mps,1,15,0.088325,1.00000,1.00000,0.0000
block,ip,mps,1,16,0.109167,1.00000,1.00000,0.0000
block,ip,mps,1,17,0.149182,1.00000,1.00000,0.0000
block,ip,mps,1,18,0.18695,1.00000,1.00000,0.0000
block,ip,mps,1,19,0.220328,1.00000,1.00000,0.0000
block,ip,mps,1,20,0.281343,1.00000,1.00000,0.0000
block,ip,mps,1,21,0.341132,1.00000,1.00000,0.0000
block,ip,mps,1,22,0.364882,1.00000,1.00000,0.0000
block,ip,mps,1,23,0.381136,1.00000,1.00000,0.0000
block,ip,mps,1,24,0.398061,1.00000,1.00000,0.0000
block,ip,mps,1,25,0.366267,1.00000,1.00000,0.0000
block,ip,mps,1,26,0.386535,1.00000,1.00000,0.0000
block,ip,mps,1,27,0.402315,1.00000,1.00000,0.0000
block,ip,mps,1,28,0.41433,1.00000,1.00000,0.0000
block,ip,mps,1,29,0.425385,1.00000,1.00000,0.0000
block,ip,mps,1,30,0.436437,1.00000,1.00000,0.0000
block,ip,mps,1,31,0.435744,1.00000,1.00000,0.0000
block,ip,mps,1,32,0.474666,1.00000,1.00000,0.0000
block,ip,mps,1,33,0.49041,1.00000,1.00000,0.0000
block,ip,mps,1,34,0.475684,1.00000,1.00000,0.0000
block,ip,mps,1,35,0.449463,1.00000,1.00000,0.0000
block,ip,mps,1,36,0.452284,1.00000,1.00000,0.0000
block,ip,mps,1,37,0.442336,1.00000,1.00000,0.0000
block,ip,mps,1,38,0.435726,1.00000,1.00000,0.0000
block,ip,mps,1,39,0.445805,1.00000,1.00000,0.0000
block,ip,mps,1,40,0.442494,1.00000,1.00000,0.0000
block,ip,mps,1,41,0.423832,1.00000,1.00000,0.0000
block,ip,mps,1,42,0.400616,1.00000,1.00000,0.0000
block,ip,mps,1,43,0.39024,1.00000,1.00000,0.0000
block,ip,mps,1,44,0.382201,1.00000,1.00000,0.0000
block,ip,mps,1,45,0.366187,1.00000,1.00000,0.0000
block,ip,mps,1,46,0.334726,1.00000,1.00000,0.0000
block,ip,mps,1,47,0.298015,1.00000,1.00000,0.0000
block,ip,mps,1,48,0.291808,1.00000,1.00000,0.0000
block,ip,i1y,0,1,0.0084568,0.37730,0.27943,0.0480
block,ip,i1y,0,2,0.0244432,0.75422,0.50962,0.2433
block,ip,i1y,0,3,0.0370386,1.23851,0.70189,0.3927
block,ip,i1y,0,4,0.0438451,2.50056,2.13953,0.6820
block,ip,i1y,0,5,0.0474677,3.66013,2.91043,0.7687
block,ip,i1y,0,6,0.0540061,5.19763,5.05283,0.9080
block,ip,i1y,0,7,0.0583155,5.68989,5.50566,0.8680
block,ip,i1y,0,8,0.0682113,6.37558,5.98422,0.9240
block,ip,i1y,0,9,0.0830743,7.86340,7.14972,1.0000
block,ip,i1y,0,10,0.0908248,7.74645,7.23806,0.9960
block,ip,i1y,0,11,0.100372,8.69463,8.18883,1.0000
block,ip,i1y,0,12,0.105848,8.88889,8.36152,1.0000
block,ip,i1y,0,13,0.077748,10.59658,10.64598,0.8960
block,ip,i1y,0,14,0.0769064,13.66934,12.48919,1.0000
block,ip,i1y,0,15,0.088325,8.34940,8.11133,0.8127
block,ip,i1y,0,16,0.109167,11.51643,10.65587,1.0000
block,ip,i1y,0,17,0.149182,9.45794,8.85209,1.0000
block,ip,i1y,0,18,0.18695,8.58164,7.89207,1.0000
block,ip,i1y,0,19,0.220328,6.78250,6.23677,1.0000
block,ip,i1y,0,20,0.281343,5.63508,5.27004,1.0000
block,ip,i1y,0,21,0.341132,5.17438,4.85020,1.0000
block,ip,i1y,0,22,0.364882,5.18864,4.85648,1.0000
block,ip,i1y,0,23,0.381136,5.25072,4.88957,1.0000
block,ip,i1y,0,24,0.398061,5.11892,4.80049,0.9993
block,ip,i1y,0,25,0.366267,5.03612,4.75288,0.9987
block,ip,i1y,0,26,0.386535,4.14367,3.77381,0.9993
block,ip,i1y,0,27,0.402315,3.49291,3.24695,0.9973
block,ip,i1y,0,28,0.41433,2.72297,2.44857,0.9820
block,ip,i1y,0,29,0.425385,2.61358,2.34219,0.9753
block,ip,i1y,0,30,0.436437,2.42401,2.15341,0.9553
block,ip,i1y,0,31,0.435744,2.45600,2.23310,0.9587
block,ip,i1y,0,32,0.474666,2.31433,2.12857,0.9573
block,ip,i1y,0,33,0.49041,2.21371,2.04126,0.9367
block,ip,i1y,0,34,0.475684,2.35417,2.09499,0.9507
block,ip,i1y,0,35,0.449463,2.23307,2.02470,0.9140
block,ip,i1y,0,36,0.452284,2.16379,1.92317,0.9067
block,ip,i1y,0,37,0.442336,1.83199,1.62093,0.8667
block,ip,i1y,0,38,0.435726,1.80799,1.51358,0.7387
block,ip,i1y,0,39,0.445805,1.42918,1.20134,0.6033
block,ip,i1y,0,40,0.442494,1.19689,0.94449,0.4633
block,ip,i1y,0,41,0.423832,1.02114,0.90149,0.4273
block,ip,i1y,0,42,0.400616,0.83427,0.69267,0.2787
block,ip,i1y,0,43,0.39024,0.86612,0.64977,0.2900
block,ip,i1y,0,44,0.382201,0.74023,0.60893,0.2480
block,ip,i1y,0,45,0.366187,0.75044,0.64772,0.2640
block,ip,i1y,0,46,0.334726,0.87307,0.74796,0.3420
block,ip,i1y,0,47,0.298015,1.03863,0.80154,0.4000
block,ip,i1y,0,48,0.291808,0.93942,0.82712,0.3727
block,ip,ip,0,1,0.0084568,0.57932,0.40765,0.1600
block,ip,ip,0,2,0.0244432,0.69197,0.56862,0.2147
block,ip,ip,0,3,0.0370386,0.80115,0.66293,0.2853
block,ip,ip,0,4,0.0438451,1.06088,0.87897,0.4187
block,ip,ip,0,5,0.0474677,1.66884,1.42536,0.6700
block,ip,ip,0,6,0.0540061,2.32989,2.00239,0.8093
block,ip,ip,0,7,0.0583155,3.01662,2.58891,0.8893
block,ip,ip,0,8,0.0682113,3.16678,2.93180,0.8447
block,ip,ip,0,9,0.0830743,4.64625,4.45343,0.9960
block,ip,ip,0,10,0.0908248,5.37672,5.22836,0.9773
block,ip,ip,0,11,0.100372,5.98250,5.73445,0.9993
block,ip,ip,0,12,0.105848,6.55934,6.33333,0.9993
block,ip,ip,0,13,0.077748,7.35284,7.72678,0.8513
block,ip,ip,0,14,0.0769064,9.92228,9.53066,1.0000
block,ip,ip,0,15,0.088325,6.45145,6.74929,0.7740
block,ip,ip,0,16,0.109167,9.08033,8.65071,1.0000
block,ip,ip,0,17,0.149182,7.82268,7.37994,1.0000
block,ip,ip,0,18,0.18695,7.17219,6.82740,1.0000
block,ip,ip,0,19,0.220328,6.57888,6.21306,1.0000
block,ip,ip,0,20,0.281343,5.84239,5.57362,1.0000
block,ip,ip,0,21,0.341132,5.26673,5.07740,1.0000
block,ip,ip,0,22,0.364882,5.39529,5.14166,1.0000
block,ip,ip,0,23,0.381136,5.58476,5.37628,1.0000
block,ip,ip,0,24,0.398061,5.35156,5.13538,1.0000
block,ip,ip,0,25,0.366267,5.26352,5.04813,1.0000
block,ip,ip,0,26,0.386535,4.55929,4.37927,1.0000
block,ip,ip,0,27,0.402315,3.86269,3.71628,1.0000
block,ip,ip,0,28,0.41433,2.91238,2.78113,0.9980
block,ip,ip,0,29,0.425385,2.52790,2.37344,0.9860
block,ip,ip,0,30,0.436437,2.16081,1.99433,0.9720
block,ip,ip,0,31,0.435744,2.01997,1.80673,0.9420
block,ip,ip,0,32,0.474666,1.64455,1.53212,0.8833
block,ip,ip,0,33,0.49041,1.58901,1.46679,0.8640
block,ip,ip,0,34,0.475684,1.58367,1.48228,0.8333
block,ip,ip,0,35,0.449463,1.65992,1.54388,0.8807
block,ip,ip,0,36,0.452284,1.63547,1.50977,0.8473
block,ip,ip,0,37,0.442336,1.51797,1.40679,0.8120
block,ip,ip,0,38,0.435726,1.59972,1.45000,0.8060
block,ip,ip,0,39,0.445805,1.45962,1.35180,0.7720
block,ip,ip,0,40,0.442494,1.51271,1.36946,0.7500
block,ip,ip,0,41,0.423832,1.54053,1.42149,0.8220
block,ip,ip,0,42,0.400616,1.87717,1.76609,0.9020
block,ip,ip,0,43,0.39024,1.87168,1.75341,0.8860
block,ip,ip,0,44,0.382201,1.93990,1.82641,0.9153
block,ip,ip,0,45,0.366187,2.20777,2.04193,0.9273
block,ip,ip,0,46,0.334726,2.03840,1.90301,0.8527
block,ip,ip,0,47,0.298015,2.01115,1.81516,0.8247
block,ip,ip,0,48,0.291808,2.51762,2.27518,0.9367
block,ip,hicp,0,1,0.0084568,1.30005,1.06170,0.5260
block,ip,hicp,0,2,0.0244432,1.14946,1.05866,0.5533
block,ip,hicp,0,3,0.0370386,1.30457,1.20370,0.6927
block,ip,hicp,0,4,0.0438451,1.55200,1.43709,0.8280
block,ip,hicp,0,5,0.0474677,1.86240,1.71783,0.9233
block,ip,hicp,0,6,0.0540061,2.02509,1.88616,0.9307
block,ip,hicp,0,7,0.0583155,2.30160,2.13296,0.9780
block,ip,hicp,0,8,0.0682113,2.33350,2.19016,0.9847
block,ip,hicp,0,9,0.0830743,2.09611,1.98390,0.9773
block,ip,hicp,0,10,0.0908248,2.23976,2.07762,0.9873
block,ip,hicp,0,11,0.100372,2.25924,2.11470,0.9833
block,ip,hicp,0,12,0.105848,2.28833,2.08188,0.9893
block,ip,hicp,0,13,0.077748,3.47443,3.16948,0.9960
block,ip,hicp,0,14,0.0769064,3.78086,3.55380,0.9987
block,ip,hicp,0,15,0.088325,3.22444,3.02924,0.9667
block,ip,hicp,0,16,0.109167,2.67157,2.50476,0.9887
block,ip,hicp,0,17,0.149182,1.80824,1.65555,0.8860
block,ip,hicp,0,18,0.18695,1.45321,1.32762,0.7520
block,ip,hicp,0,19,0.220328,0.98317,0.92509,0.4193
block,ip,hicp,0,20,0.281343,0.72106,0.65792,0.2033
block,ip,hicp,0,21,0.341132,0.62679,0.59043,0.1287
block,ip,hicp,0,22,0.364882,0.60923,0.55081,0.1347
block,ip,hicp,0,23,0.381136,0.65907,0.61041,0.1727
block,ip,hicp,0,24,0.398061,0.61550,0.53754,0.1760
block,ip,hicp,0,25,0.366267,0.59349,0.52373,0.1667
block,ip,hicp,0,26,0.386535,0.61894,0.51436,0.1887
block,ip,hicp,0,27,0.402315,0.44206,0.32675,0.0873
block,ip,hicp,0,28,0.41433,0.33446,0.23993,0.0567
block,ip,hicp,0,29,0.425385,0.26808,0.20633,0.0133
block,ip,hicp,0,30,0.436437,0.27553,0.21848,0.0060
block,ip,hicp,0,31,0.435744,0.29833,0.23828,0.0267
block,ip,hicp,0,32,0.474666,0.33370,0.28292,0.0187
block,ip,hicp,0,33,0.49041,0.20284,0.11983,0.0113
block,ip,hicp,0,34,0.475684,0.26773,0.20669,0.0193
block,ip,hicp,0,35,0.449463,0.39993,0.33282,0.0373
block,ip,hicp,0,36,0.452284,0.36337,0.29463,0.0413
block,ip,hicp,0,37,0.442336,0.45827,0.39725,0.0480
block,ip,hicp,0,38,0.435726,0.43361,0.35606,0.0593
block,ip,hicp,0,39,0.445805,0.47705,0.42228,0.0500
block,ip,hicp,0,40,0.442494,0.45566,0.39053,0.0633
block,ip,hicp,0,41,0.423832,0.62739,0.56067,0.1647
block,ip,hicp,0,42,0.400616,0.80398,0.72393,0.2760
block,ip,hicp,0,43,0.39024,0.70873,0.65728,0.2160
block,ip,hicp,0,44,0.382201,0.74607,0.69944,0.2480
block,ip,hicp,0,45,0.366187,0.84565,0.78123,0.3253
block,ip,hicp,0,46,0.334726,0.83964,0.77169,0.2933
block,ip,hicp,0,47,0.298015,0.94631,0.83494,0.3840
block,ip,hicp,0,48,0.291808,1.09663,0.96883,0.4733
block,ip,stoxx,0,1,0.0084568,0.52470,0.40093,0.1080
block,ip,stoxx,0,2,0.0244432,0.66452,0.45628,0.2307
block,ip,stoxx,0,3,0.0370386,0.80013,0.61917,0.3120
block,ip,stoxx,0,4,0.0438451,0.67855,0.50544,0.2447
block,ip,stoxx,0,5,0.0474677,1.09111,0.88725,0.4500
block,ip,stoxx,0,6,0.0540061,1.50596,1.25678,0.6233
block,ip,stoxx,0,7,0.0583155,1.45199,1.12840,0.5460
block,ip,stoxx,0,8,0.0682113,1.41165,0.96832,0.4947
block,ip,stoxx,0,9,0.0830743,1.66167,1.41900,0.6427
block,ip,stoxx,0,10,0.0908248,1.77379,1.49118,0.6567
block,ip,stoxx,0,11,0.100372,1.80942,1.49559,0.6220
block,ip,stoxx,0,12,0.105848,1.50189,1.19424,0.5587
block,ip,stoxx,0,13,0.077748,1.38565,0.93733,0.4700
block,ip,stoxx,0,14,0.0769064,1.24298,0.80255,0.4147
block,ip,stoxx,0,15,0.088325,1.19356,0.96255,0.4787
block,ip,stoxx,0,16,0.109167,0.95382,0.61178,0.3200
block,ip,stoxx,0,17,0.149182,0.88542,0.61521,0.3240
block,ip,stoxx,0,18,0.18695,1.11007,0.93286,0.4720
block,ip,stoxx,0,19,0.220328,1.32726,1.19587,0.6293
block,ip,stoxx,0,20,0.281343,1.35166,1.24407,0.6973
block,ip,stoxx,0,21,0.341132,1.37499,1.26862,0.7313
block,ip,stoxx,0,22,0.364882,1.44386,1.35140,0.7833
block,ip,stoxx,0,23,0.381136,1.51176,1.42621,0.7900
block,ip,stoxx,0,24,0.398061,1.54223,1.43599,0.8260
block,ip,stoxx,0,25,0.366267,1.57380,1.46444,0.8427
block,ip,stoxx,0,26,0.386535,1.41258,1.32256,0.7540
block,ip,stoxx,0,27,0.402315,1.11044,1.02571,0.5187
block,ip,stoxx,0,28,0.41433,0.77308,0.69064,0.2500
block,ip,stoxx,0,29,0.425385,0.57921,0.47504,0.1520
block,ip,stoxx,0,30,0.436437,0.32149,0.25089,0.0360
block,ip,stoxx,0,31,0.435744,0.36214,0.27762,0.0487
block,ip,stoxx,0,32,0.474666,0.34985,0.27440,0.0367
block,ip,stoxx,0,33,0.49041,0.39710,0.32684,0.0573
block,ip,stoxx,0,34,0.475684,0.54907,0.44861,0.1367
block,ip,stoxx,0,35,0.449463,0.62651,0.52864,0.1827
block,ip,stoxx,0,36,0.452284,0.51146,0.42152,0.1173
block,ip,stoxx,0,37,0.442336,0.62776,0.54555,0.1627
block,ip,stoxx,0,38,0.435726,0.68122,0.59291,0.1853
block,ip,stoxx,0,39,0.445805,0.59141,0.55348,0.1740
block,ip,stoxx,0,40,0.442494,0.83079,0.75834,0.2867
block,ip,stoxx,0,41,0.423832,0.79801,0.74135,0.2813
block,ip,stoxx,0,42,0.400616,1.05787,0.97313,0.4760
block,ip,stoxx,0,43,0.39024,1.11324,1.04094,0.5373
block,ip,stoxx,0,44,0.382201,1.11835,1.04547,0.5320
block,ip,stoxx,0,45,0.366187,1.17581,1.08409,0.5673
block,ip,stoxx,0,46,0.334726,0.91495,0.88487,0.4207
block,ip,stoxx,0,47,0.298015,0.92125,0.75282,0.3707
block,ip,stoxx,0,48,0.291808,1.27027,1.11944,0.5680
block,hicp,mps,1,1,0.0084568,1.00000,1.00000,0.0000
block,hicp,mps,1,2,0.0244432,1.00000,1.00000,0.0000
block,hicp,mps,1,3,0.0370386,1.00000,1.00000,0.0000
block,hicp,mps,1,4,0.0438451,1.00000,1.00000,0.0000
block,hicp,mps,1,5,0.0474677,1.00000,1.00000,0.0000
block,hicp,mps,1,6,0.0540061,1.00000,1.00000,0.0000
block,hicp,mps,1,7,0.0583155,1.00000,1.00000,0.0000
block,hicp,mps,1,8,0.0682113,1.00000,1.00000,0.0000
block,hicp,mps,1,9,0.0830743,1.00000,1.00000,0.0000
block,hicp,mps,1,10,0.0908248,1.00000,1.00000,0.0000
block,hicp,mps,1,11,0.100372,1.00000,1.00000,0.0000
block,hicp,mps,1,12,0.105848,1.00000,1.00000,0.0000
block,hicp,mps,1,13,0.077748,1.00000,1.00000,0.0000
block,hicp,mps,1,14,0.0769064,1.00000,1.00000,0.0000
block,hicp,mps,1,15,0.088325,1.00000,1.00000,0.0000
block,hicp,mps,1,16,0.109167,1.00000,1.00000,0.0000
block,hicp,mps,1,17,0.149182,1.00000,1.00000,0.0000
block,hicp,mps,1,18,0.18695,1.00000,1.00000,0.0000
block,hicp,mps,1,19,0.220328,1.00000,1.00000,0.0000
block,hicp,mps,1,20,0.281343,1.00000,1.00000,0.0000
block,hicp,mps,1,21,0.341132,1.00000,1.00000,0.0000
block,hicp,mps,1,22,0.364882,1.00000,1.00000,0.0000
block,hicp,mps,1,23,0.381136,1.00000,1.00000,0.0000
block,hicp,mps,1,24,0.398061,1.00000,1.00000,0.0000
block,hicp,mps,1,25,0.366267,1.00000,1.00000,0.0000
block,hicp,mps,1,26,0.386535,1.00000,1.00000,0.0000
block,hicp,mps,1,27,0.402315,1.00000,1.00000,0.0000
block,hicp,mps,1,28,0.41433,1.00000,1.00000,0.0000
block,hicp,mps,1,29,0.425385,1.00000,1.00000,0.0000
block,hicp,mps,1,30,0.436437,1.00000,1.00000,0.0000
block,hicp,mps,1,31,0.435744,1.00000,1.00000,0.0000
block,hicp,mps,1,32,0.474666,1.00000,1.00000,0.0000
block,hicp,mps,1,33,0.49041,1.00000,1.00000,0.0000
block,hicp,mps,1,34,0.475684,1.00000,1.00000,0.0000
block,hicp,mps,1,35,0.449463,1.00000,1.00000,0.0000
block,hicp,mps,1,36,0.452284,1.00000,1.00000,0.0000
block,hicp,mps,1,37,0.442336,1.00000,1.00000,0.0000
block,hicp,mps,1,38,0.435726,1.00000,1.00000,0.0000
block,hicp,mps,1,39,0.445805,1.00000,1.00000,0.0000
block,hicp,mps,1,40,0.442494,1.00000,1.00000,0.0000
block,hicp,mps,1,41,0.423832,1.00000,1.00000,0.0000
block,hicp,mps,1,42,0.400616,1.00000,1.00000,0.0000
block,hicp,mps,1,43,0.39024,1.00000,1.00000,0.0000
block,hicp,mps,1,44,0.382201,1.00000,1.00000,0.0000
block,hicp,mps,1,45,0.366187,1.00000,1.00000,0.0000
block,hicp,mps,1,46,0.334726,1.00000,1.00000,0.0000
block,hicp,mps,1,47,0.298015,1.00000,1.00000,0.0000
block,hicp,mps,1,48,0.291808,1.00000,1.00000,0.0000
block,hicp,i1y,0,1,0.0084568,0.73865,0.49582,0.2533
block,hicp,i1y,0,2,0.0244432,0.73618,0.49482,0.2673
block,hicp,i1y,0,3,0.0370386,0.94630,0.77628,0.3820
block,hicp,i1y,0,4,0.0438451,1.21909,1.03946,0.5280
block,hicp,i1y,0,5,0.0474677,1.48983,1.17900,0.6080
block,hicp,i1y,0,6,0.0540061,1.72249,1.44950,0.7600
block,hicp,i1y,0,7,0.0583155,1.97745,1.67949,0.7860
block,hicp,i1y,0,8,0.0682113,2.43389,2.04467,0.9067
block,hicp,i1y,0,9,0.0830743,2.46220,2.12921,0.9467
block,hicp,i1y,0,10,0.0908248,3.50743,2.85594,0.9833
block,hicp,i1y,0,11,0.100372,4.46349,3.81394,0.9907
block,hicp,i1y,0,12,0.105848,5.54259,4.95400,0.9993
block,hicp,i1y,0,13,0.077748,9.69138,8.81664,1.0000
block,hicp,i1y,0,14,0.0769064,11.34739,10.35246,1.0000
block,hicp,i1y,0,15,0.088325,10.99020,10.01225,1.0000
block,hicp,i1y,0,16,0.109167,10.38375,9.52064,1.0000
block,hicp,i1y,0,17,0.149182,8.45610,7.94379,1.0000
block,hicp,i1y,0,18,0.18695,7.70054,7.23527,1.0000
block,hicp,i1y,0,19,0.220328,7.34654,6.75561,1.0000
block,hicp,i1y,0,20,0.281343,6.57876,6.13392,1.0000
block,hicp,i1y,0,21,0.341132,6.07100,5.66200,1.0000
block,hicp,i1y,0,22,0.364882,6.12582,5.66464,1.0000
block,hicp,i1y,0,23,0.381136,5.72911,5.41715,1.0000
block,hicp,i1y,0,24,0.398061,6.13133,5.72802,1.0000
block,hicp,i1y,0,25,0.366267,6.46487,6.00677,1.0000
block,hicp,i1y,0,26,0.386535,6.32024,5.89524,1.0000
block,hicp,i1y,0,27,0.402315,5.81128,5.44382,1.0000
block,hicp,i1y,0,28,0.41433,5.80702,5.40479,1.0000
block,hicp,i1y,0,29,0.425385,6.14467,5.82312,1.0000
block,hicp,i1y,0,30,0.436437,6.21002,5.89059,1.0000
block,hicp,i1y,0,31,0.435744,5.72086,5.47073,1.0000
block,hicp,i1y,0,32,0.474666,4.79538,4.50117,1.0000
block,hicp,i1y,0,33,0.49041,3.60953,3.36149,1.0000
block,hicp,i1y,0,34,0.475684,2.97412,2.67362,0.9967
block,hicp,i1y,0,35,0.449463,2.54806,2.34038,0.9900
block,hicp,i1y,0,36,0.452284,2.56857,2.28701,0.9900
block,hicp,i1y,0,37,0.442336,2.94798,2.66165,0.9993
block,hicp,i1y,0,38,0.435726,3.45030,3.20036,0.9987
block,hicp,i1y,0,39,0.445805,3.92104,3.56621,1.0000
block,hicp,i1y,0,40,0.442494,4.16704,3.76996,1.0000
block,hicp,i1y,0,41,0.423832,3.98526,3.65905,0.9993
block,hicp,i1y,0,42,0.400616,3.82751,3.49481,0.9993
block,hicp,i1y,0,43,0.39024,3.71072,3.41327,1.0000
block,hicp,i1y,0,44,0.382201,3.48547,3.13711,1.0000
block,hicp,i1y,0,45,0.366187,3.50503,3.20272,0.9993
block,hicp,i1y,0,46,0.334726,3.99073,3.55598,0.9993
block,hicp,i1y,0,47,0.298015,4.47725,4.04784,1.0000
block,hicp,i1y,0,48,0.291808,5.25913,4.74940,1.0000
block,hicp,ip,0,1,0.0084568,1.16491,0.62669,0.3880
block,hicp,ip,0,2,0.0244432,0.60533,0.46255,0.1727
block,hicp,ip,0,3,0.0370386,0.44753,0.21780,0.1507
block,hicp,ip,0,4,0.0438451,0.96681,0.81723,0.3827
block,hicp,ip,0,5,0.0474677,1.13930,0.98514,0.4927
block,hicp,ip,0,6,0.0540061,1.38810,1.04013,0.5147
block,hicp,ip,0,7,0.0583155,1.38136,1.18866,0.5780
block,hicp,ip,0,8,0.0682113,1.48518,1.33396,0.6387
block,hicp,ip,0,9,0.0830743,2.15349,1.94827,0.8107
block,hicp,ip,0,10,0.0908248,2.66569,2.34462,0.8987
block,hicp,ip,0,11,0.100372,3.48224,3.17585,0.9740
block,hicp,ip,0,12,0.105848,4.32481,4.00851,0.9880
block,hicp,ip,0,13,0.077748,2.87842,2.25730,0.7973
block,hicp,ip,0,14,0.0769064,4.13698,3.37706,0.8947
block,hicp,ip,0,15,0.088325,5.27766,4.78760,0.9933
block,hicp,ip,0,16,0.109167,5.08393,4.50499,1.0000
block,hicp,ip,0,17,0.149182,4.45461,4.13286,1.0000
block,hicp,ip,0,18,0.18695,4.31608,4.03120,1.0000
block,hicp,ip,0,19,0.220328,4.07638,3.82076,1.0000
block,hicp,ip,0,20,0.281343,3.98625,3.74403,1.0000
block,hicp,ip,0,21,0.341132,4.19139,4.01340,1.0000
block,hicp,ip,0,22,0.364882,4.69358,4.53844,1.0000
block,hicp,ip,0,23,0.381136,5.09122,4.85803,1.0000
block,hicp,ip,0,24,0.398061,5.43534,5.19595,1.0000
block,hicp,ip,0,25,0.366267,5.41514,5.17879,1.0000
block,hicp,ip,0,26,0.386535,5.72984,5.47260,1.0000
block,hicp,ip,0,27,0.402315,5.51176,5.22623,1.0000
block,hicp,ip,0,28,0.41433,5.51339,5.30070,1.0000
block,hicp,ip,0,29,0.425385,5.74720,5.45927,1.0000
block,hicp,ip,0,30,0.436437,5.86263,5.65287,1.0000
block,hicp,ip,0,31,0.435744,6.14866,5.90437,1.0000
block,hicp,ip,0,32,0.474666,5.62209,5.41312,1.0000
block,hicp,ip,0,33,0.49041,5.43382,5.22134,1.0000
block,hicp,ip,0,34,0.475684,5.83578,5.65758,1.0000
block,hicp,ip,0,35,0.449463,6.36631,6.13683,1.0000
block,hicp,ip,0,36,0.452284,6.05314,5.82162,1.0000
block,hicp,ip,0,37,0.442336,5.08337,4.85740,1.0000
block,hicp,ip,0,38,0.435726,4.57726,4.31581,1.0000
block,hicp,ip,0,39,0.445805,4.08714,3.90509,1.0000
block,hicp,ip,0,40,0.442494,4.05535,3.86957,1.0000
block,hicp,ip,0,41,0.423832,3.95259,3.77467,1.0000
block,hicp,ip,0,42,0.400616,4.30737,4.10971,1.0000
block,hicp,ip,0,43,0.39024,4.34713,4.11173,1.0000
block,hicp,ip,0,44,0.382201,4.41904,4.20181,1.0000
block,hicp,ip,0,45,0.366187,4.54417,4.40821,1.0000
block,hicp,ip,0,46,0.334726,5.12204,4.90324,1.0000
block,hicp,ip,0,47,0.298015,5.81196,5.48905,1.0000
block,hicp,ip,0,48,0.291808,5.17671,4.92803,0.9960
block,hicp,hicp,0,1,0.0084568,17.95662,17.34821,1.0000
block,hicp,hicp,0,2,0.0244432,18.05275,17.48430,1.0000
block,hicp,hicp,0,3,0.0370386,13.13429,12.71539,1.0000
block,hicp,hicp,0,4,0.0438451,12.70311,12.20031,1.0000
block,hicp,hicp,0,5,0.0474677,10.40317,9.97812,1.0000
block,hicp,hicp,0,6,0.0540061,8.05541,7.73900,1.0000
block,hicp,hicp,0,7,0.0583155,9.84268,9.38748,1.0000
block,hicp,hicp,0,8,0.0682113,8.69747,8.33223,1.0000
block,hicp,hicp,0,9,0.0830743,6.43883,6.18616,1.0000
block,hicp,hicp,0,10,0.0908248,6.18095,5.91401,1.0000
block,hicp,hicp,0,11,0.100372,5.49013,5.26668,1.0000
block,hicp,hicp,0,12,0.105848,4.92638,4.72393,1.0000
block,hicp,hicp,0,13,0.077748,7.31900,6.96201,1.0000
block,hicp,hicp,0,14,0.0769064,12.03166,11.48994,1.0000
block,hicp,hicp,0,15,0.088325,10.86079,10.41906,1.0000
block,hicp,hicp,0,16,0.109167,9.85704,9.42236,1.0000
block,hicp,hicp,0,17,0.149182,7.44970,7.20269,1.0000
block,hicp,hicp,0,18,0.18695,6.15518,5.94158,1.0000
block,hicp,hicp,0,19,0.220328,6.17743,5.91553,1.0000
block,hicp,hicp,0,20,0.281343,5.02177,4.88307,1.0000
block,hicp,hicp,0,21,0.341132,4.02460,3.83925,1.0000
block,hicp,hicp,0,22,0.364882,3.98413,3.79585,1.0000
block,hicp,hicp,0,23,0.381136,3.70733,3.56462,1.0000
block,hicp,hicp,0,24,0.398061,2.96380,2.84717,1.0000
block,hicp,hicp,0,25,0.366267,3.32068,3.18510,1.0000
block,hicp,hicp,0,26,0.386535,4.63705,4.43317,1.0000
block,hicp,hicp,0,27,0.402315,4.33913,4.13282,1.0000
block,hicp,hicp,0,28,0.41433,4.24166,4.07882,1.0000
block,hicp,hicp,0,29,0.425385,4.06573,3.91854,1.0000
block,hicp,hicp,0,30,0.436437,3.78831,3.62027,1.0000
block,hicp,hicp,0,31,0.435744,4.41707,4.23384,1.0000
block,hicp,hicp,0,32,0.474666,3.95711,3.77295,1.0000
block,hicp,hicp,0,33,0.49041,3.60475,3.46423,1.0000
block,hicp,hicp,0,34,0.475684,3.67106,3.55853,1.0000
block,hicp,hicp,0,35,0.449463,3.83165,3.71497,1.0000
block,hicp,hicp,0,36,0.452284,2.79279,2.68264,1.0000
block,hicp,hicp,0,37,0.442336,3.04819,2.92027,1.0000
block,hicp,hicp,0,38,0.435726,3.35267,3.21120,1.0000
block,hicp,hicp,0,39,0.445805,3.13297,3.01143,1.0000
block,hicp,hicp,0,40,0.442494,3.18726,3.07649,1.0000
block,hicp,hicp,0,41,0.423832,3.39215,3.24212,1.0000
block,hicp,hicp,0,42,0.400616,3.25894,3.13386,1.0000
block,hicp,hicp,0,43,0.39024,3.45643,3.33017,1.0000
block,hicp,hicp,0,44,0.382201,3.55416,3.40879,1.0000
block,hicp,hicp,0,45,0.366187,3.72993,3.54017,1.0000
block,hicp,hicp,0,46,0.334726,4.27154,4.03028,1.0000
block,hicp,hicp,0,47,0.298015,4.79018,4.56760,1.0000
block,hicp,hicp,0,48,0.291808,3.37853,3.19105,1.0000
block,hicp,stoxx,0,1,0.0084568,1.39842,1.11412,0.5480
block,hicp,stoxx,0,2,0.0244432,1.44318,1.18566,0.5947
block,hicp,stoxx,0,3,0.0370386,1.61523,1.44492,0.7127
block,hicp,stoxx,0,4,0.0438451,1.84279,1.62734,0.8280
block,hicp,stoxx,0,5,0.0474677,2.05326,1.83567,0.8087
block,hicp,stoxx,0,6,0.0540061,2.39559,2.21011,0.9000
block,hicp,stoxx,0,7,0.0583155,2.64355,2.33053,0.9147
block,hicp,stoxx,0,8,0.0682113,2.74078,2.42722,0.9233
block,hicp,stoxx,0,9,0.0830743,2.48659,2.21417,0.8367
block,hicp,stoxx,0,10,0.0908248,2.71131,2.48786,0.8893
block,hicp,stoxx,0,11,0.100372,2.34866,2.12983,0.8420
block,hicp,stoxx,0,12,0.105848,2.92033,2.75335,0.9733
block,hicp,stoxx,0,13,0.077748,6.09554,5.76607,1.0000
block,hicp,stoxx,0,14,0.0769064,6.66945,6.03825,1.0000
block,hicp,stoxx,0,15,0.088325,6.15788,5.79206,1.0000
block,hicp,stoxx,0,16,0.109167,4.89485,4.56532,1.0000
block,hicp,stoxx,0,17,0.149182,3.57587,3.32966,0.9987
block,hicp,stoxx,0,18,0.18695,2.92058,2.75047,0.9927
block,hicp,stoxx,0,19,0.220328,2.55194,2.37721,0.9847
block,hicp,stoxx,0,20,0.281343,1.73769,1.63341,0.8053
block,hicp,stoxx,0,21,0.341132,0.99144,0.93511,0.4567
block,hicp,stoxx,0,22,0.364882,0.66024,0.53003,0.2187
block,hicp,stoxx,0,23,0.381136,0.55519,0.45883,0.1600
block,hicp,stoxx,0,24,0.398061,0.52350,0.42823,0.1333
block,hicp,stoxx,0,25,0.366267,0.73725,0.61580,0.2520
block,hicp,stoxx,0,26,0.386535,0.48555,0.34083,0.1333
block,hicp,stoxx,0,27,0.402315,0.62338,0.53121,0.1620
block,hicp,stoxx,0,28,0.41433,0.51031,0.39504,0.1040
block,hicp,stoxx,0,29,0.425385,0.39564,0.24401,0.0860
block,hicp,stoxx,0,30,0.436437,0.57671,0.45255,0.1420
block,hicp,stoxx,0,31,0.435744,0.81459,0.70031,0.2913
block,hicp,stoxx,0,32,0.474666,0.77176,0.71559,0.2713
block,hicp,stoxx,0,33,0.49041,1.07308,1.00584,0.5060
block,hicp,stoxx,0,34,0.475684,1.21504,1.11665,0.6293
block,hicp,stoxx,0,35,0.449463,1.55034,1.44505,0.8220
block,hicp,stoxx,0,36,0.452284,1.59107,1.46584,0.8440
block,hicp,stoxx,0,37,0.442336,1.16109,1.06680,0.5467
block,hicp,stoxx,0,38,0.435726,1.02161,0.92251,0.4353
block,hicp,stoxx,0,39,0.445805,0.87804,0.81483,0.3547
block,hicp,stoxx,0,40,0.442494,0.69263,0.58212,0.2253
block,hicp,stoxx,0,41,0.423832,0.65852,0.55744,0.2300
block,hicp,stoxx,0,42,0.400616,1.14930,1.04362,0.5333
block,hicp,stoxx,0,43,0.39024,1.11241,1.01251,0.5093
block,hicp,stoxx,0,44,0.382201,1.42510,1.31545,0.7053
block,hicp,stoxx,0,45,0.366187,2.00837,1.85920,0.9333
block,hicp,stoxx,0,46,0.334726,2.61286,2.48582,0.9880
block,hicp,stoxx,0,47,0.298015,3.27013,3.07349,0.9987
block,hicp,stoxx,0,48,0.291808,3.81535,3.55551,1.0000
block,stoxx,mps,1,1,0.0084568,1.00000,1.00000,0.0000
block,stoxx,mps,1,2,0.0244432,1.00000,1.00000,0.0000
block,stoxx,mps,1,3,0.0370386,1.00000,1.00000,0.0000
block,stoxx,mps,1,4,0.0438451,1.00000,1.00000,0.0000
block,stoxx,mps,1,5,0.0474677,1.00000,1.00000,0.0000
block,stoxx,mps,1,6,0.0540061,1.00000,1.00000,0.0000
block,stoxx,mps,1,7,0.0583155,1.00000,1.00000,0.0000
block,stoxx,mps,1,8,0.0682113,1.00000,1.00000,0.0000
block,stoxx,mps,1,9,0.0830743,1.00000,1.00000,0.0000
block,stoxx,mps,1,10,0.0908248,1.00000,1.00000,0.0000
block,stoxx,mps,1,11,0.100372,1.00000,1.00000,0.0000
block,stoxx,mps,1,12,0.105848,1.00000,1.00000,0.0000
block,stoxx,mps,1,13,0.077748,1.00000,1.00000,0.0000
block,stoxx,mps,1,14,0.0769064,1.00000,1.00000,0.0000
block,stoxx,mps,1,15,0.088325,1.00000,1.00000,0.0000
block,stoxx,mps,1,16,0.109167,1.00000,1.00000,0.0000
block,stoxx,mps,1,17,0.149182,1.00000,1.00000,0.0000
block,stoxx,mps,1,18,0.18695,1.00000,1.00000,0.0000
block,stoxx,mps,1,19,0.220328,1.00000,1.00000,0.0000
block,stoxx,mps,1,20,0.281343,1.00000,1.00000,0.0000
block,stoxx,mps,1,21,0.341132,1.00000,1.00000,0.0000
block,stoxx,mps,1,22,0.364882,1.00000,1.00000,0.0000
block,stoxx,mps,1,23,0.381136,1.00000,1.00000,0.0000
block,stoxx,mps,1,24,0.398061,1.00000,1.00000,0.0000
block,stoxx,mps,1,25,0.366267,1.00000,1.00000,0.0000
block,stoxx,mps,1,26,0.386535,1.00000,1.00000,0.0000
block,stoxx,mps,1,27,0.402315,1.00000,1.00000,0.0000
block,stoxx,mps,1,28,0.41433,1.00000,1.00000,0.0000
block,stoxx,mps,1,29,0.425385,1.00000,1.00000,0.0000
block,stoxx,mps,1,30,0.436437,1.00000,1.00000,0.0000
block,stoxx,mps,1,31,0.435744,1.00000,1.00000,0.0000
block,stoxx,mps,1,32,0.474666,1.00000,1.00000,0.0000
block,stoxx,mps,1,33,0.49041,1.00000,1.00000,0.0000
block,stoxx,mps,1,34,0.475684,1.00000,1.00000,0.0000
block,stoxx,mps,1,35,0.449463,1.00000,1.00000,0.0000
block,stoxx,mps,1,36,0.452284,1.00000,1.00000,0.0000
block,stoxx,mps,1,37,0.442336,1.00000,1.00000,0.0000
block,stoxx,mps,1,38,0.435726,1.00000,1.00000,0.0000
block,stoxx,mps,1,39,0.445805,1.00000,1.00000,0.0000
block,stoxx,mps,1,40,0.442494,1.00000,1.00000,0.0000
block,stoxx,mps,1,41,0.423832,1.00000,1.00000,0.0000
block,stoxx,mps,1,42,0.400616,1.00000,1.00000,0.0000
block,stoxx,mps,1,43,0.39024,1.00000,1.00000,0.0000
block,stoxx,mps,1,44,0.382201,1.00000,1.00000,0.0000
block,stoxx,mps,1,45,0.366187,1.00000,1.00000,0.0000
block,stoxx,mps,1,46,0.334726,1.00000,1.00000,0.0000
block,stoxx,mps,1,47,0.298015,1.00000,1.00000,0.0000
block,stoxx,mps,1,48,0.291808,1.00000,1.00000,0.0000
block,stoxx,i1y,0,1,0.0084568,0.40597,0.26468,0.0907
block,stoxx,i1y,0,2,0.0244432,0.35739,0.20766,0.0673
block,stoxx,i1y,0,3,0.0370386,0.51966,0.36951,0.1087
block,stoxx,i1y,0,4,0.0438451,0.63307,0.36468,0.1787
block,stoxx,i1y,0,5,0.0474677,1.02027,0.65926,0.3653
block,stoxx,i1y,0,6,0.0540061,1.02717,0.77559,0.3860
block,stoxx,i1y,0,7,0.0583155,1.37319,0.87050,0.4507
block,stoxx,i1y,0,8,0.0682113,1.90787,0.84359,0.4600
block,stoxx,i1y,0,9,0.0830743,5.17086,4.58979,0.9407
block,stoxx,i1y,0,10,0.0908248,5.82820,5.42102,0.9087
block,stoxx,i1y,0,11,0.100372,4.67206,4.52872,0.7827
block,stoxx,i1y,0,12,0.105848,5.90549,5.45894,0.9320
block,stoxx,i1y,0,13,0.077748,8.84123,8.47470,0.9680
block,stoxx,i1y,0,14,0.0769064,10.57061,9.85158,0.9833
block,stoxx,i1y,0,15,0.088325,10.42796,9.71554,1.0000
block,stoxx,i1y,0,16,0.109167,9.49581,8.67077,1.0000
block,stoxx,i1y,0,17,0.149182,8.21852,7.54004,0.9993
block,stoxx,i1y,0,18,0.18695,7.53697,6.94166,1.0000
block,stoxx,i1y,0,19,0.220328,6.06394,5.58673,1.0000
block,stoxx,i1y,0,20,0.281343,4.62333,4.25675,1.0000
block,stoxx,i1y,0,21,0.341132,3.76967,3.51878,1.0000
block,stoxx,i1y,0,22,0.364882,3.57594,3.32502,1.0000
block,stoxx,i1y,0,23,0.381136,3.22314,2.93506,1.0000
block,stoxx,i1y,0,24,0.398061,3.06750,2.80956,1.0000
block,stoxx,i1y,0,25,0.366267,3.31705,3.01761,1.0000
block,stoxx,i1y,0,26,0.386535,2.95909,2.71164,1.0000
block,stoxx,i1y,0,27,0.402315,2.98580,2.69538,1.0000
block,stoxx,i1y,0,28,0.41433,2.68765,2.45310,0.9973
block,stoxx,i1y,0,29,0.425385,2.80812,2.47578,0.9927
block,stoxx,i1y,0,30,0.436437,2.69331,2.48446,0.9847
block,stoxx,i1y,0,31,0.435744,2.57772,2.34321,0.9720
block,stoxx,i1y,0,32,0.474666,1.98041,1.80089,0.9300
block,stoxx,i1y,0,33,0.49041,2.06685,1.81013,0.9247
block,stoxx,i1y,0,34,0.475684,1.97891,1.80781,0.9027
block,stoxx,i1y,0,35,0.449463,1.90579,1.72170,0.8707
block,stoxx,i1y,0,36,0.452284,1.64959,1.51997,0.7927
block,stoxx,i1y,0,37,0.442336,1.60810,1.35692,0.7413
block,stoxx,i1y,0,38,0.435726,1.57046,1.34942,0.6920
block,stoxx,i1y,0,39,0.445805,1.65112,1.37135,0.7393
block,stoxx,i1y,0,40,0.442494,1.36212,1.16791,0.6213
block,stoxx,i1y,0,41,0.423832,1.55313,1.35248,0.7340
block,stoxx,i1y,0,42,0.400616,1.56964,1.40089,0.7247
block,stoxx,i1y,0,43,0.39024,1.78544,1.57214,0.7847
block,stoxx,i1y,0,44,0.382201,1.75409,1.58015,0.8180
block,stoxx,i1y,0,45,0.366187,1.88526,1.59853,0.8253
block,stoxx,i1y,0,46,0.334726,1.72787,1.52224,0.7967
block,stoxx,i1y,0,47,0.298015,1.76434,1.56161,0.8687
block,stoxx,i1y,0,48,0.291808,1.82384,1.60535,0.8433
block,stoxx,ip,0,1,0.0084568,0.67227,0.43241,0.2307
block,stoxx,ip,0,2,0.0244432,0.68076,0.51829,0.2247
block,stoxx,ip,0,3,0.0370386,0.43000,0.23583,0.1253
block,stoxx,ip,0,4,0.0438451,0.46669,0.30006,0.1360
block,stoxx,ip,0,5,0.0474677,0.61915,0.50866,0.1933
block,stoxx,ip,0,6,0.0540061,0.59711,0.41996,0.1967
block,stoxx,ip,0,7,0.0583155,1.00083,0.63007,0.3407
block,stoxx,ip,0,8,0.0682113,1.00099,0.61803,0.3053
block,stoxx,ip,0,9,0.0830743,3.35632,2.92890,0.8587
block,stoxx,ip,0,10,0.0908248,4.06040,4.00538,0.8773
block,stoxx,ip,0,11,0.100372,4.05890,3.95244,0.8340
block,stoxx,ip,0,12,0.105848,4.92477,4.86065,0.9193
block,stoxx,ip,0,13,0.077748,7.42822,7.55907,0.8940
block,stoxx,ip,0,14,0.0769064,9.05774,9.02977,0.9433
block,stoxx,ip,0,15,0.088325,9.52481,9.15304,1.0000
block,stoxx,ip,0,16,0.109167,8.95271,8.48942,1.0000
block,stoxx,ip,0,17,0.149182,8.46555,8.07582,1.0000
block,stoxx,ip,0,18,0.18695,7.99350,7.54803,1.0000
block,stoxx,ip,0,19,0.220328,7.17593,6.80795,1.0000
block,stoxx,ip,0,20,0.281343,5.66483,5.46309,1.0000
block,stoxx,ip,0,21,0.341132,4.51643,4.35859,1.0000
block,stoxx,ip,0,22,0.364882,4.35258,4.14845,1.0000
block,stoxx,ip,0,23,0.381136,4.13401,3.94607,1.0000
block,stoxx,ip,0,24,0.398061,3.79981,3.64250,1.0000
block,stoxx,ip,0,25,0.366267,4.15015,3.97249,1.0000
block,stoxx,ip,0,26,0.386535,3.83217,3.64281,1.0000
block,stoxx,ip,0,27,0.402315,3.43041,3.26235,1.0000
block,stoxx,ip,0,28,0.41433,2.99255,2.82105,1.0000
block,stoxx,ip,0,29,0.425385,2.68590,2.54649,0.9993
block,stoxx,ip,0,30,0.436437,2.58175,2.44885,1.0000
block,stoxx,ip,0,31,0.435744,2.63477,2.49793,1.0000
block,stoxx,ip,0,32,0.474666,2.42188,2.28611,0.9993
block,stoxx,ip,0,33,0.49041,2.41958,2.29835,0.9987
block,stoxx,ip,0,34,0.475684,2.54462,2.42502,0.9987
block,stoxx,ip,0,35,0.449463,2.52117,2.40299,0.9993
block,stoxx,ip,0,36,0.452284,2.42915,2.30015,0.9973
block,stoxx,ip,0,37,0.442336,2.45608,2.31317,0.9973
block,stoxx,ip,0,38,0.435726,2.50575,2.35437,0.9907
block,stoxx,ip,0,39,0.445805,2.38296,2.22086,0.9820
block,stoxx,ip,0,40,0.442494,2.11584,1.99976,0.9393
block,stoxx,ip,0,41,0.423832,1.84741,1.68905,0.8647
block,stoxx,ip,0,42,0.400616,1.70714,1.51333,0.7973
block,stoxx,ip,0,43,0.39024,1.47870,1.27801,0.6727
block,stoxx,ip,0,44,0.382201,1.19922,1.11326,0.5627
block,stoxx,ip,0,45,0.366187,1.14136,1.05278,0.5233
block,stoxx,ip,0,46,0.334726,1.13242,1.02138,0.5080
block,stoxx,ip,0,47,0.298015,1.18874,1.02724,0.5120
block,stoxx,ip,0,48,0.291808,1.21177,1.10780,0.5460
block,stoxx,hicp,0,1,0.0084568,0.67968,0.52787,0.2133
block,stoxx,hicp,0,2,0.0244432,0.42834,0.32816,0.0853
block,stoxx,hicp,0,3,0.0370386,0.48828,0.35727,0.1233
block,stoxx,hicp,0,4,0.0438451,0.38555,0.27011,0.0673
block,stoxx,hicp,0,5,0.0474677,0.53699,0.39879,0.1453
block,stoxx,hicp,0,6,0.0540061,0.44764,0.26100,0.1340
block,stoxx,hicp,0,7,0.0583155,0.89972,0.64455,0.3400
block,stoxx,hicp,0,8,0.0682113,0.73126,0.47621,0.2453
block,stoxx,hicp,0,9,0.0830743,0.83300,0.58350,0.3113
block,stoxx,hicp,0,10,0.0908248,0.76802,0.57832,0.2573
block,stoxx,hicp,0,11,0.100372,0.79354,0.61846,0.2793
block,stoxx,hicp,0,12,0.105848,0.60202,0.45583,0.1707
block,stoxx,hicp,0,13,0.077748,1.02327,0.78465,0.3847
block,stoxx,hicp,0,14,0.0769064,0.80566,0.63300,0.2893
block,stoxx,hicp,0,15,0.088325,0.66944,0.50541,0.2247
block,stoxx,hicp,0,16,0.109167,0.76639,0.65741,0.2713
block,stoxx,hicp,0,17,0.149182,0.76694,0.65409,0.2627
block,stoxx,hicp,0,18,0.18695,0.82843,0.75192,0.3100
block,stoxx,hicp,0,19,0.220328,0.99392,0.91447,0.4207
block,stoxx,hicp,0,20,0.281343,0.97294,0.89475,0.3987
block,stoxx,hicp,0,21,0.341132,0.99395,0.92134,0.4173
block,stoxx,hicp,0,22,0.364882,0.97599,0.91041,0.4080
block,stoxx,hicp,0,23,0.381136,1.06694,1.00703,0.5087
block,stoxx,hicp,0,24,0.398061,0.99308,0.92648,0.4227
block,stoxx,hicp,0,25,0.366267,0.96862,0.91029,0.4067
block,stoxx,hicp,0,26,0.386535,0.85430,0.79621,0.2987
block,stoxx,hicp,0,27,0.402315,0.83632,0.77617,0.2687
block,stoxx,hicp,0,28,0.41433,0.78880,0.73742,0.2513
block,stoxx,hicp,0,29,0.425385,0.75062,0.69670,0.2000
block,stoxx,hicp,0,30,0.436437,0.69545,0.63428,0.1613
block,stoxx,hicp,0,31,0.435744,0.60844,0.54506,0.1280
block,stoxx,hicp,0,32,0.474666,0.42937,0.39076,0.0353
block,stoxx,hicp,0,33,0.49041,0.40827,0.34480,0.0340
block,stoxx,hicp,0,34,0.475684,0.35090,0.27174,0.0387
block,stoxx,hicp,0,35,0.449463,0.34717,0.28040,0.0353
block,stoxx,hicp,0,36,0.452284,0.30304,0.21349,0.0287
block,stoxx,hicp,0,37,0.442336,0.31715,0.24010,0.0260
block,stoxx,hicp,0,38,0.435726,0.38471,0.32285,0.0380
block,stoxx,hicp,0,39,0.445805,0.25751,0.18554,0.0213
block,stoxx,hicp,0,40,0.442494,0.25356,0.19591,0.0173
block,stoxx,hicp,0,41,0.423832,0.34060,0.27570,0.0267
block,stoxx,hicp,0,42,0.400616,0.30137,0.21793,0.0347
block,stoxx,hicp,0,43,0.39024,0.27442,0.19701,0.0207
block,stoxx,hicp,0,44,0.382201,0.37822,0.30191,0.0420
block,stoxx,hicp,0,45,0.366187,0.21318,0.13684,0.0187
block,stoxx,hicp,0,46,0.334726,0.33332,0.24886,0.0360
block,stoxx,hicp,0,47,0.298015,0.40646,0.33235,0.0547
block,stoxx,hicp,0,48,0.291808,0.34920,0.28559,0.0280
block,stoxx,stoxx,0,1,0.0084568,0.62616,0.47757,0.1660
block,stoxx,stoxx,0,2,0.0244432,0.68446,0.49207,0.1787
block,stoxx,stoxx,0,3,0.0370386,0.60335,0.43609,0.1873
block,stoxx,stoxx,0,4,0.0438451,0.68138,0.52281,0.2100
block,stoxx,stoxx,0,5,0.0474677,0.58919,0.41606,0.1753
block,stoxx,stoxx,0,6,0.0540061,0.50224,0.34367,0.1167
block,stoxx,stoxx,0,7,0.0583155,0.89012,0.64080,0.2900
block,stoxx,stoxx,0,8,0.0682113,0.75476,0.58706,0.2673
block,stoxx,stoxx,0,9,0.0830743,0.86051,0.61598,0.3067
block,stoxx,stoxx,0,10,0.0908248,0.66839,0.47410,0.1960
block,stoxx,stoxx,0,11,0.100372,0.51634,0.33297,0.1487
block,stoxx,stoxx,0,12,0.105848,0.95797,0.77947,0.3720
block,stoxx,stoxx,0,13,0.077748,0.92759,0.73913,0.3813
block,stoxx,stoxx,0,14,0.0769064,1.18179,1.01402,0.5113
block,stoxx,stoxx,0,15,0.088325,0.93864,0.67705,0.3367
block,stoxx,stoxx,0,16,0.109167,0.93156,0.66185,0.3353
block,stoxx,stoxx,0,17,0.149182,0.83812,0.66553,0.3207
block,stoxx,stoxx,0,18,0.18695,0.53120,0.35358,0.1593
block,stoxx,stoxx,0,19,0.220328,0.66287,0.52817,0.1953
block,stoxx,stoxx,0,20,0.281343,0.57079,0.40905,0.1607
block,stoxx,stoxx,0,21,0.341132,0.45984,0.34272,0.1087
block,stoxx,stoxx,0,22,0.364882,0.64721,0.55148,0.1920
block,stoxx,stoxx,0,23,0.381136,0.59574,0.48272,0.1660
block,stoxx,stoxx,0,24,0.398061,0.52665,0.41028,0.1487
block,stoxx,stoxx,0,25,0.366267,0.70122,0.55106,0.2307
block,stoxx,stoxx,0,26,0.386535,0.79744,0.68441,0.3000
block,stoxx,stoxx,0,27,0.402315,1.00484,0.87364,0.4060
block,stoxx,stoxx,0,28,0.41433,1.12737,1.01595,0.5140
block,stoxx,stoxx,0,29,0.425385,1.33419,1.23063,0.6973
block,stoxx,stoxx,0,30,0.436437,1.31160,1.22037,0.6813
block,stoxx,stoxx,0,31,0.435744,1.49944,1.41959,0.8213
block,stoxx,stoxx,0,32,0.474666,1.44810,1.35295,0.8033
block,stoxx,stoxx,0,33,0.49041,1.45515,1.36439,0.8120
block,stoxx,stoxx,0,34,0.475684,1.50608,1.42896,0.8620
block,stoxx,stoxx,0,35,0.449463,1.55702,1.46406,0.8793
block,stoxx,stoxx,0,36,0.452284,1.59943,1.47142,0.9007
block,stoxx,stoxx,0,37,0.442336,1.61666,1.51399,0.8940
block,stoxx,stoxx,0,38,0.435726,1.64571,1.53642,0.9073
block,stoxx,stoxx,0,39,0.445805,1.53363,1.44193,0.8753
block,stoxx,stoxx,0,40,0.442494,1.58842,1.48384,0.8700
block,stoxx,stoxx,0,41,0.423832,1.54993,1.44371,0.8633
block,stoxx,stoxx,0,42,0.400616,1.62741,1.50040,0.8713
block,stoxx,stoxx,0,43,0.39024,1.60561,1.52060,0.8540
block,stoxx,stoxx,0,44,0.382201,1.62473,1.51724,0.8640
block,stoxx,stoxx,0,45,0.366187,1.66097,1.57082,0.8747
block,stoxx,stoxx,0,46,0.334726,1.68500,1.58301,0.8713
block,stoxx,stoxx,0,47,0.298015,1.81481,1.71414,0.8607
block,stoxx,stoxx,0,48,0.291808,1.72802,1.60416,0.8387
pooled,mps,mps,1,1,0.0084568,1.00000,1.00000,0.0000
pooled,mps,mps,1,2,0.0244432,1.00000,1.00000,0.0000
pooled,mps,mps,1,3,0.0370386,1.00000,1.00000,0.0000
pooled,mps,mps,1,4,0.0438451,1.00000,1.00000,0.0000
pooled,mps,mps,1,5,0.0474677,1.00000,1.00000,0.0000
pooled,mps,mps,1,6,0.0540061,1.00000,1.00000,0.0000
pooled,mps,mps,1,7,0.0583155,1.00000,1.00000,0.0000
pooled,mps,mps,1,8,0.0682113,1.00000,1.00000,0.0000
pooled,mps,mps,1,9,0.0830743,1.00000,1.00000,0.0000
pooled,mps,mps,1,10,0.0908248,1.00000,1.00000,0.0000
pooled,mps,mps,1,11,0.100372,1.00000,1.00000,0.0000
pooled,mps,mps,1,12,0.105848,1.00000,1.00000,0.0000
pooled,mps,mps,1,13,0.077748,1.00000,1.00000,0.0000
pooled,mps,mps,1,14,0.0769064,1.00000,1.00000,0.0000
pooled,mps,mps,1,15,0.088325,1.00000,1.00000,0.0000
pooled,mps,mps,1,16,0.109167,1.00000,1.00000,0.0000
pooled,mps,mps,1,17,0.149182,1.00000,1.00000,0.0000
pooled,mps,mps,1,18,0.18695,1.00000,1.00000,0.0000
pooled,mps,mps,1,19,0.220328,1.00000,1.00000,0.0000
pooled,mps,mps,1,20,0.281343,1.00000,1.00000,0.0000
pooled,mps,mps,1,21,0.341132,1.00000,1.00000,0.0000
pooled,mps,mps,1,22,0.364882,1.00000,1.00000,0.0000
pooled,mps,mps,1,23,0.381136,1.00000,1.00000,0.0000
pooled,mps,mps,1,24,0.398061,1.00000,1.00000,0.0000
pooled,mps,mps,1,25,0.366267,1.00000,1.00000,0.0000
pooled,mps,mps,1,26,0.386535,1.00000,1.00000,0.0000
pooled,mps,mps,1,27,0.402315,1.00000,1.00000,0.0000
pooled,mps,mps,1,28,0.41433,1.00000,1.00000,0.0000
pooled,mps,mps,1,29,0.425385,1.00000,1.00000,0.0000
pooled,mps,mps,1,30,0.436437,1.00000,1.00000,0.0000
pooled,mps,mps,1,31,0.435744,1.00000,1.00000,0.0000
pooled,mps,mps,1,32,0.474666,1.00000,1.00000,0.0000
pooled,mps,mps,1,33,0.49041,1.00000,1.00000,0.0000
pooled,mps,mps,1,34,0.475684,1.00000,1.00000,0.0000
pooled,mps,mps,1,35,0.449463,1.00000,1.00000,0.0000
pooled,mps,mps,1,36,0.452284,1.00000,1.00000,0.0000
pooled,mps,mps,1,37,0.442336,1.00000,1.00000,0.0000
pooled,mps,mps,1,38,0.435726,1.00000,1.00000,0.0000
pooled,mps,mps,1,39,0.445805,1.00000,1.00000,0.0000
pooled,mps,mps,1,40,0.442494,1.00000,1.00000,0.0000
pooled,mps,mps,1,41,0.423832,1.00000,1.00000,0.0000
pooled,mps,mps,1,42,0.400616,1.00000,1.00000,0.0000
pooled,mps,mps,1,43,0.39024,1.00000,1.00000,0.0000
pooled,mps,mps,1,44,0.382201,1.00000,1.00000,0.0000
pooled,mps,mps,1,45,0.366187,1.00000,1.00000,0.0000
pooled,mps,mps,1,46,0.334726,1.00000,1.00000,0.0000
pooled,mps,mps,1,47,0.298015,1.00000,1.00000,0.0000
pooled,mps,mps,1,48,0.291808,1.00000,1.00000,0.0000
pooled,mps,i1y,0,1,0.0084568,0.10537,0.07723,0.0000
pooled,mps,i1y,0,2,0.0244432,0.09712,0.07388,0.0000
pooled,mps,i1y,0,3,0.0370386,0.08896,0.06730,0.0000
pooled,mps,i1y,0,4,0.0438451,0.08371,0.06595,0.0000
pooled,mps,i1y,0,5,0.0474677,0.07655,0.06421,0.0000
pooled,mps,i1y,0,6,0.0540061,0.07054,0.05906,0.0000
pooled,mps,i1y,0,7,0.0583155,0.06605,0.05468,0.0000
pooled,mps,i1y,0,8,0.0682113,0.06142,0.04841,0.0000
pooled,mps,i1y,0,9,0.0830743,0.05891,0.04499,0.0000
pooled,mps,i1y,0,10,0.0908248,0.05497,0.04184,0.0000
pooled,mps,i1y,0,11,0.100372,0.05154,0.04017,0.0000
pooled,mps,i1y,0,12,0.105848,0.04799,0.03779,0.0000
pooled,mps,i1y,0,13,0.077748,0.04526,0.03353,0.0000
pooled,mps,i1y,0,14,0.0769064,0.04438,0.03383,0.0000
pooled,mps,i1y,0,15,0.088325,0.04138,0.03218,0.0000
pooled,mps,i1y,0,16,0.109167,0.03963,0.03045,0.0000
pooled,mps,i1y,0,17,0.149182,0.03657,0.02838,0.0000
pooled,mps,i1y,0,18,0.18695,0.03404,0.02669,0.0000
pooled,mps,i1y,0,19,0.220328,0.03137,0.02453,0.0000
pooled,mps,i1y,0,20,0.281343,0.02845,0.02217,0.0000
pooled,mps,i1y,0,21,0.341132,0.02565,0.02040,0.0000
pooled,mps,i1y,0,22,0.364882,0.02393,0.01819,0.0000
pooled,mps,i1y,0,23,0.381136,0.02246,0.01702,0.0000
pooled,mps,i1y,0,24,0.398061,0.02133,0.01636,0.0000
pooled,mps,i1y,0,25,0.366267,0.02073,0.01585,0.0000
pooled,mps,i1y,0,26,0.386535,0.01959,0.01588,0.0000
pooled,mps,i1y,0,27,0.402315,0.01891,0.01656,0.0000
pooled,mps,i1y,0,28,0.41433,0.01817,0.01560,0.0000
pooled,mps,i1y,0,29,0.425385,0.01778,0.01570,0.0000
pooled,mps,i1y,0,30,0.436437,0.01764,0.01562,0.0000
pooled,mps,i1y,0,31,0.435744,0.01734,0.01574,0.0000
pooled,mps,i1y,0,32,0.474666,0.01736,0.01574,0.0000
pooled,mps,i1y,0,33,0.49041,0.01761,0.01590,0.0000
pooled,mps,i1y,0,34,0.475684,0.01786,0.01623,0.0000
pooled,mps,i1y,0,35,0.449463,0.01819,0.01643,0.0000
pooled,mps,i1y,0,36,0.452284,0.01905,0.01748,0.0000
pooled,mps,i1y,0,37,0.442336,0.01945,0.01819,0.0000
pooled,mps,i1y,0,38,0.435726,0.01988,0.01786,0.0000
pooled,mps,i1y,0,39,0.445805,0.02008,0.01756,0.0000
pooled,mps,i1y,0,40,0.442494,0.02053,0.01693,0.0000
pooled,mps,i1y,0,41,0.423832,0.02100,0.01769,0.0000
pooled,mps,i1y,0,42,0.400616,0.02133,0.01880,0.0000
pooled,mps,i1y,0,43,0.39024,0.02241,0.01866,0.0000
pooled,mps,i1y,0,44,0.382201,0.02372,0.01886,0.0000
pooled,mps,i1y,0,45,0.366187,0.02491,0.01909,0.0000
pooled,mps,i1y,0,46,0.334726,0.02678,0.01862,0.0000
pooled,mps,i1y,0,47,0.298015,0.02764,0.01928,0.0000
pooled,mps,i1y,0,48,0.291808,0.02879,0.01954,0.0000
pooled,mps,ip,0,1,0.0084568,0.15224,0.08725,0.0000
pooled,mps,ip,0,2,0.0244432,0.14002,0.08427,0.0000
pooled,mps,ip,0,3,0.0370386,0.12393,0.07925,0.0000
pooled,mps,ip,0,4,0.0438451,0.11375,0.07550,0.0000
pooled,mps,ip,0,5,0.0474677,0.10666,0.07130,0.0000
pooled,mps,ip,0,6,0.0540061,0.10141,0.06917,0.0000
pooled,mps,ip,0,7,0.0583155,0.09627,0.06716,0.0000
pooled,mps,ip,0,8,0.0682113,0.09132,0.06686,0.0000
pooled,mps,ip,0,9,0.0830743,0.08947,0.06411,0.0000
pooled,mps,ip,0,10,0.0908248,0.08525,0.06102,0.0000
pooled,mps,ip,0,11,0.100372,0.08611,0.06122,0.0000
pooled,mps,ip,0,12,0.105848,0.08622,0.05995,0.0020
pooled,mps,ip,0,13,0.077748,0.07912,0.06069,0.0000
pooled,mps,ip,0,14,0.0769064,0.07205,0.05908,0.0000
pooled,mps,ip,0,15,0.088325,0.06772,0.05860,0.0000
pooled,mps,ip,0,16,0.109167,0.06364,0.05618,0.0000
pooled,mps,ip,0,17,0.149182,0.05911,0.05147,0.0000
pooled,mps,ip,0,18,0.18695,0.05622,0.04921,0.0000
pooled,mps,ip,0,19,0.220328,0.05465,0.04904,0.0000
pooled,mps,ip,0,20,0.281343,0.05437,0.04851,0.0000
pooled,mps,ip,0,21,0.341132,0.05561,0.04964,0.0000
pooled,mps,ip,0,22,0.364882,0.05529,0.04989,0.0000
pooled,mps,ip,0,23,0.381136,0.05612,0.04944,0.0000
pooled,mps,ip,0,24,0.398061,0.05644,0.04829,0.0000
pooled,mps,ip,0,25,0.366267,0.05523,0.04656,0.0000
pooled,mps,ip,0,26,0.386535,0.05422,0.04735,0.0000
pooled,mps,ip,0,27,0.402315,0.05269,0.04749,0.0000
pooled,mps,ip,0,28,0.41433,0.05125,0.04705,0.0000
pooled,mps,ip,0,29,0.425385,0.05106,0.04753,0.0000
pooled,mps,ip,0,30,0.436437,0.05133,0.04757,0.0000
pooled,mps,ip,0,31,0.435744,0.05265,0.04842,0.0000
pooled,mps,ip,0,32,0.474666,0.05283,0.04807,0.0000
pooled,mps,ip,0,33,0.49041,0.05157,0.04825,0.0000
pooled,mps,ip,0,34,0.475684,0.05000,0.04653,0.0000
pooled,mps,ip,0,35,0.449463,0.04708,0.04288,0.0000
pooled,mps,ip,0,36,0.452284,0.04460,0.04047,0.0000
pooled,mps,ip,0,37,0.442336,0.04240,0.03808,0.0000
pooled,mps,ip,0,38,0.435726,0.04037,0.03576,0.0000
pooled,mps,ip,0,39,0.445805,0.04031,0.03381,0.0000
pooled,mps,ip,0,40,0.442494,0.04047,0.03334,0.0000
pooled,mps,ip,0,41,0.423832,0.04167,0.03272,0.0000
pooled,mps,ip,0,42,0.400616,0.04250,0.03321,0.0000
pooled,mps,ip,0,43,0.39024,0.04292,0.03281,0.0000
pooled,mps,ip,0,44,0.382201,0.04234,0.03096,0.0000
pooled,mps,ip,0,45,0.366187,0.04155,0.02959,0.0000
pooled,mps,ip,0,46,0.334726,0.04155,0.02940,0.0000
pooled,mps,ip,0,47,0.298015,0.04179,0.02984,0.0000
pooled,mps,ip,0,48,0.291808,0.04386,0.03045,0.0000
pooled,mps,hicp,0,1,0.0084568,0.07039,0.05490,0.0000
pooled,mps,hicp,0,2,0.0244432,0.06482,0.05033,0.0000
pooled,mps,hicp,0,3,0.0370386,0.06036,0.04902,0.0000
pooled,mps,hicp,0,4,0.0438451,0.05946,0.04765,0.0000
pooled,mps,hicp,0,5,0.0474677,0.05809,0.04578,0.0000
pooled,mps,hicp,0,6,0.0540061,0.05749,0.04395,0.0000
pooled,mps,hicp,0,7,0.0583155,0.05568,0.04345,0.0000
pooled,mps,hicp,0,8,0.0682113,0.05361,0.04263,0.0000
pooled,mps,hicp,0,9,0.0830743,0.05046,0.04116,0.0000
pooled,mps,hicp,0,10,0.0908248,0.04791,0.04019,0.0000
pooled,mps,hicp,0,11,0.100372,0.04576,0.03955,0.0000
pooled,mps,hicp,0,12,0.105848,0.04460,0.03887,0.0000
pooled,mps,hicp,0,13,0.077748,0.04401,0.03870,0.0000
pooled,mps,hicp,0,14,0.0769064,0.04292,0.03673,0.0000
pooled,mps,hicp,0,15,0.088325,0.04059,0.03412,0.0000
pooled,mps,hicp,0,16,0.109167,0.03853,0.03260,0.0000
pooled,mps,hicp,0,17,0.149182,0.03689,0.03111,0.0000
pooled,mps,hicp,0,18,0.18695,0.03564,0.03029,0.0000
pooled,mps,hicp,0,19,0.220328,0.03508,0.02863,0.0000
pooled,mps,hicp,0,20,0.281343,0.03445,0.02773,0.0000
pooled,mps,hicp,0,21,0.341132,0.03347,0.02729,0.0000
pooled,mps,hicp,0,22,0.364882,0.03266,0.02616,0.0000
pooled,mps,hicp,0,23,0.381136,0.03118,0.02502,0.0000
pooled,mps,hicp,0,24,0.398061,0.03137,0.02480,0.0000
pooled,mps,hicp,0,25,0.366267,0.03133,0.02452,0.0000
pooled,mps,hicp,0,26,0.386535,0.03039,0.02515,0.0000
pooled,mps,hicp,0,27,0.402315,0.02924,0.02480,0.0000
pooled,mps,hicp,0,28,0.41433,0.02762,0.02339,0.0000
pooled,mps,hicp,0,29,0.425385,0.02688,0.02320,0.0000
pooled,mps,hicp,0,30,0.436437,0.02556,0.02289,0.0000
pooled,mps,hicp,0,31,0.435744,0.02506,0.02214,0.0000
pooled,mps,hicp,0,32,0.474666,0.02465,0.02139,0.0000
pooled,mps,hicp,0,33,0.49041,0.02472,0.02134,0.0000
pooled,mps,hicp,0,34,0.475684,0.02417,0.02053,0.0000
pooled,mps,hicp,0,35,0.449463,0.02366,0.01980,0.0000
pooled,mps,hicp,0,36,0.452284,0.02315,0.01958,0.0000
pooled,mps,hicp,0,37,0.442336,0.02285,0.01916,0.0000
pooled,mps,hicp,0,38,0.435726,0.02276,0.01878,0.0000
pooled,mps,hicp,0,39,0.445805,0.02237,0.01892,0.0000
pooled,mps,hicp,0,40,0.442494,0.02307,0.01922,0.0000
pooled,mps,hicp,0,41,0.423832,0.02392,0.01970,0.0000
pooled,mps,hicp,0,42,0.400616,0.02549,0.02088,0.0000
pooled,mps,hicp,0,43,0.39024,0.02599,0.02119,0.0000
pooled,mps,hicp,0,44,0.382201,0.02625,0.02174,0.0000
pooled,mps,hicp,0,45,0.366187,0.02673,0.02285,0.0000
pooled,mps,hicp,0,46,0.334726,0.02698,0.02397,0.0000
pooled,mps,hicp,0,47,0.298015,0.02734,0.02415,0.0000
pooled,mps,hicp,0,48,0.291808,0.02795,0.02393,0.0000
pooled,mps,stoxx,0,1,0.0084568,0.13807,0.09690,0.0000
pooled,mps,stoxx,0,2,0.0244432,0.12280,0.08468,0.0000
pooled,mps,stoxx,0,3,0.0370386,0.11455,0.07733,0.0000
pooled,mps,stoxx,0,4,0.0438451,0.10154,0.07120,0.0000
pooled,mps,stoxx,0,5,0.0474677,0.09117,0.06590,0.0000
pooled,mps,stoxx,0,6,0.0540061,0.08480,0.05960,0.0000
pooled,mps,stoxx,0,7,0.0583155,0.07862,0.05538,0.0000
pooled,mps,stoxx,0,8,0.0682113,0.07768,0.05302,0.0000
pooled,mps,stoxx,0,9,0.0830743,0.07906,0.04907,0.0000
pooled,mps,stoxx,0,10,0.0908248,0.07933,0.04917,0.0000
pooled,mps,stoxx,0,11,0.100372,0.07592,0.04740,0.0000
pooled,mps,stoxx,0,12,0.105848,0.07347,0.04528,0.0000
pooled,mps,stoxx,0,13,0.077748,0.07290,0.04259,0.0000
pooled,mps,stoxx,0,14,0.0769064,0.07194,0.04192,0.0000
pooled,mps,stoxx,0,15,0.088325,0.06831,0.04174,0.0000
pooled,mps,stoxx,0,16,0.109167,0.06514,0.04284,0.0000
pooled,mps,stoxx,0,17,0.149182,0.06230,0.04102,0.0000
pooled,mps,stoxx,0,18,0.18695,0.05929,0.04050,0.0000
pooled,mps,stoxx,0,19,0.220328,0.05551,0.03999,0.0000
pooled,mps,stoxx,0,20,0.281343,0.05291,0.03816,0.0000
pooled,mps,stoxx,0,21,0.341132,0.05068,0.03870,0.0000
pooled,mps,stoxx,0,22,0.364882,0.05049,0.04016,0.0000
pooled,mps,stoxx,0,23,0.381136,0.04886,0.04082,0.0000
pooled,mps,stoxx,0,24,0.398061,0.05001,0.04209,0.0000
pooled,mps,stoxx,0,25,0.366267,0.05075,0.04422,0.0000
pooled,mps,stoxx,0,26,0.386535,0.04956,0.04125,0.0000
pooled,mps,stoxx,0,27,0.402315,0.04994,0.03850,0.0000
pooled,mps,stoxx,0,28,0.41433,0.04906,0.03813,0.0000
pooled,mps,stoxx,0,29,0.425385,0.04785,0.03772,0.0000
pooled,mps,stoxx,0,30,0.436437,0.04755,0.03747,0.0000
pooled,mps,stoxx,0,31,0.435744,0.04699,0.03709,0.0000
pooled,mps,stoxx,0,32,0.474666,0.04653,0.03592,0.0000
pooled,mps,stoxx,0,33,0.49041,0.04741,0.03741,0.0000
pooled,mps,stoxx,0,34,0.475684,0.04745,0.03880,0.0000
pooled,mps,stoxx,0,35,0.449463,0.04805,0.03818,0.0000
pooled,mps,stoxx,0,36,0.452284,0.04698,0.03611,0.0000
pooled,mps,stoxx,0,37,0.442336,0.04686,0.03607,0.0000
pooled,mps,stoxx,0,38,0.435726,0.04560,0.03550,0.0000
pooled,mps,stoxx,0,39,0.445805,0.04488,0.03825,0.0000
pooled,mps,stoxx,0,40,0.442494,0.04511,0.04103,0.0000
pooled,mps,stoxx,0,41,0.423832,0.04558,0.04314,0.0000
pooled,mps,stoxx,0,42,0.400616,0.04641,0.04358,0.0000
pooled,mps,stoxx,0,43,0.39024,0.04922,0.04530,0.0000
pooled,mps,stoxx,0,44,0.382201,0.05153,0.04822,0.0000
pooled,mps,stoxx,0,45,0.366187,0.05339,0.04802,0.0000
pooled,mps,stoxx,0,46,0.334726,0.05598,0.05217,0.0000
pooled,mps,stoxx,0,47,0.298015,0.05646,0.05114,0.0000
pooled,mps,stoxx,0,48,0.291808,0.05731,0.05029,0.0000
pooled,i1y,mps,1,1,0.0084568,1.00000,1.00000,0.0000
pooled,i1y,mps,1,2,0.0244432,1.00000,1.00000,0.0000
pooled,i1y,mps,1,3,0.0370386,1.00000,1.00000,0.0000
pooled,i1y,mps,1,4,0.0438451,1.00000,1.00000,0.0000
pooled,i1y,mps,1,5,0.0474677,1.00000,1.00000,0.0000
pooled,i1y,mps,1,6,0.0540061,1.00000,1.00000,0.0000
pooled,i1y,mps,1,7,0.0583155,1.00000,1.00000,0.0000
pooled,i1y,mps,1,8,0.0682113,1.00000,1.00000,0.0000
pooled,i1y,mps,1,9,0.0830743,1.00000,1.00000,0.0000
pooled,i1y,mps,1,10,0.0908248,1.00000,1.00000,0.0000
pooled,i1y,mps,1,11,0.100372,1.00000,1.00000,0.0000
pooled,i1y,mps,1,12,0.105848,1.00000,1.00000,0.0000
pooled,i1y,mps,1,13,0.077748,1.00000,1.00000,0.0000
pooled,i1y,mps,1,14,0.0769064,1.00000,1.00000,0.0000
pooled,i1y,mps,1,15,0.088325,1.00000,1.00000,0.0000
pooled,i1y,mps,1,16,0.109167,1.00000,1.00000,0.0000
pooled,i1y,mps,1,17,0.149182,1.00000,1.00000,0.0000
pooled,i1y,mps,1,18,0.18695,1.00000,1.00000,0.0000
pooled,i1y,mps,1,19,0.220328,1.00000,1.00000,0.0000
pooled,i1y,mps,1,20,0.281343,1.00000,1.00000,0.0000
pooled,i1y,mps,1,21,0.341132,1.00000,1.00000,0.0000
pooled,i1y,mps,1,22,0.364882,1.00000,1.00000,0.0000
pooled,i1y,mps,1,23,0.381136,1.00000,1.00000,0.0000
pooled,i1y,mps,1,24,0.398061,1.00000,1.00000,0.0000
pooled,i1y,mps,1,25,0.366267,1.00000,1.00000,0.0000
pooled,i1y,mps,1,26,0.386535,1.00000,1.00000,0.0000
pooled,i1y,mps,1,27,0.402315,1.00000,1.00000,0.0000
pooled,i1y,mps,1,28,0.41433,1.00000,1.00000,0.0000
pooled,i1y,mps,1,29,0.425385,1.00000,1.00000,0.0000
pooled,i1y,mps,1,30,0.436437,1.00000,1.00000,0.0000
pooled,i1y,mps,1,31,0.435744,1.00000,1.00000,0.0000
pooled,i1y,mps,1,32,0.474666,1.00000,1.00000,0.0000
pooled,i1y,mps,1,33,0.49041,1.00000,1.00000,0.0000
pooled,i1y,mps,1,34,0.475684,1.00000,1.00000,0.0000
pooled,i1y,mps,1,35,0.449463,1.00000,1.00000,0.0000
pooled,i1y,mps,1,36,0.452284,1.00000,1.00000,0.0000
pooled,i1y,mps,1,37,0.442336,1.00000,1.00000,0.0000
pooled,i1y,mps,1,38,0.435726,1.00000,1.00000,0.0000
pooled,i1y,mps,1,39,0.445805,1.00000,1.00000,0.0000
pooled,i1y,mps,1,40,0.442494,1.00000,1.00000,0.0000
pooled,i1y,mps,1,41,0.423832,1.00000,1.00000,0.0000
pooled,i1y,mps,1,42,0.400616,1.00000,1.00000,0.0000
pooled,i1y,mps,1,43,0.39024,1.00000,1.00000,0.0000
pooled,i1y,mps,1,44,0.382201,1.00000,1.00000,0.0000
pooled,i1y,mps,1,45,0.366187,1.00000,1.00000,0.0000
pooled,i1y,mps,1,46,0.334726,1.00000,1.00000,0.0000
pooled,i1y,mps,1,47,0.298015,1.00000,1.00000,0.0000
pooled,i1y,mps,1,48,0.291808,1.00000,1.00000,0.0000
pooled,i1y,i1y,0,1,0.0084568,2.68438,2.63705,0.9827
pooled,i1y,i1y,0,2,0.0244432,2.82598,2.79670,0.9920
pooled,i1y,i1y,0,3,0.0370386,3.10078,3.07079,0.9993
pooled,i1y,i1y,0,4,0.0438451,3.48615,3.43350,1.0000
pooled,i1y,i1y,0,5,0.0474677,3.94499,3.87910,1.0000
pooled,i1y,i1y,0,6,0.0540061,4.44313,4.36672,1.0000
pooled,i1y,i1y,0,7,0.0583155,4.92575,4.77665,1.0000
pooled,i1y,i1y,0,8,0.0682113,5.28438,5.15117,1.0000
pooled,i1y,i1y,0,9,0.0830743,5.45317,5.25113,1.0000
pooled,i1y,i1y,0,10,0.0908248,5.57917,5.45799,1.0000
pooled,i1y,i1y,0,11,0.100372,5.62401,5.54304,1.0000
pooled,i1y,i1y,0,12,0.105848,5.56676,5.56226,1.0000
pooled,i1y,i1y,0,13,0.077748,5.52104,5.40146,1.0000
pooled,i1y,i1y,0,14,0.0769064,5.38187,5.24131,1.0000
pooled,i1y,i1y,0,15,0.088325,5.19665,5.04136,1.0000
pooled,i1y,i1y,0,16,0.109167,4.99420,4.86862,1.0000
pooled,i1y,i1y,0,17,0.149182,4.83663,4.73582,1.0000
pooled,i1y,i1y,0,18,0.18695,4.62075,4.52969,1.0000
pooled,i1y,i1y,0,19,0.220328,4.43399,4.37040,1.0000
pooled,i1y,i1y,0,20,0.281343,4.17865,4.10916,1.0000
pooled,i1y,i1y,0,21,0.341132,3.97930,3.90417,1.0000
pooled,i1y,i1y,0,22,0.364882,3.88928,3.79439,1.0000
pooled,i1y,i1y,0,23,0.381136,3.80752,3.70605,1.0000
pooled,i1y,i1y,0,24,0.398061,3.72931,3.66210,1.0000
pooled,i1y,i1y,0,25,0.366267,3.61941,3.54063,1.0000
pooled,i1y,i1y,0,26,0.386535,3.43358,3.39708,1.0000
pooled,i1y,i1y,0,27,0.402315,3.19646,3.14623,1.0000
pooled,i1y,i1y,0,28,0.41433,2.94837,2.90195,1.0000
pooled,i1y,i1y,0,29,0.425385,2.69827,2.65126,1.0000
pooled,i1y,i1y,0,30,0.436437,2.48986,2.42302,1.0000
pooled,i1y,i1y,0,31,0.435744,2.32172,2.28961,1.0000
pooled,i1y,i1y,0,32,0.474666,2.16527,2.12879,1.0000
pooled,i1y,i1y,0,33,0.49041,2.04200,2.00804,1.0000
pooled,i1y,i1y,0,34,0.475684,1.95479,1.92746,0.9987
pooled,i1y,i1y,0,35,0.449463,1.91353,1.89064,0.9987
pooled,i1y,i1y,0,36,0.452284,1.87077,1.83652,0.9940
pooled,i1y,i1y,0,37,0.442336,1.87651,1.83874,0.9973
pooled,i1y,i1y,0,38,0.435726,1.89885,1.86416,0.9980
pooled,i1y,i1y,0,39,0.445805,1.90463,1.85619,0.9980
pooled,i1y,i1y,0,40,0.442494,1.92430,1.86662,0.9993
pooled,i1y,i1y,0,41,0.423832,1.92486,1.87663,1.0000
pooled,i1y,i1y,0,42,0.400616,1.94800,1.90690,0.9947
pooled,i1y,i1y,0,43,0.39024,1.97439,1.94147,0.9980
pooled,i1y,i1y,0,44,0.382201,2.02611,1.98087,0.9960
pooled,i1y,i1y,0,45,0.366187,2.10049,2.04134,0.9993
pooled,i1y,i1y,0,46,0.334726,2.23369,2.13383,1.0000
pooled,i1y,i1y,0,47,0.298015,2.33243,2.22337,0.9980
pooled,i1y,i1y,0,48,0.291808,2.39678,2.30011,0.9940
pooled,i1y,ip,0,1,0.0084568,1.54103,1.49853,0.8780
pooled,i1y,ip,0,2,0.0244432,1.56329,1.51306,0.9153
pooled,i1y,ip,0,3,0.0370386,1.62829,1.58395,0.9413
pooled,i1y,ip,0,4,0.0438451,1.73810,1.70738,0.9673
pooled,i1y,ip,0,5,0.0474677,1.89351,1.87679,0.9813
pooled,i1y,ip,0,6,0.0540061,2.09167,2.05648,0.9980
pooled,i1y,ip,0,7,0.0583155,2.31489,2.27495,0.9993
pooled,i1y,ip,0,8,0.0682113,2.54509,2.49504,1.0000
pooled,i1y,ip,0,9,0.0830743,2.78408,2.72159,1.0000
pooled,i1y,ip,0,10,0.0908248,3.05930,2.99947,1.0000
pooled,i1y,ip,0,11,0.100372,3.28960,3.22831,1.0000
pooled,i1y,ip,0,12,0.105848,3.57559,3.54246,1.0000
pooled,i1y,ip,0,13,0.077748,3.85979,3.82291,1.0000
pooled,i1y,ip,0,14,0.0769064,4.13136,4.07480,1.0000
pooled,i1y,ip,0,15,0.088325,4.29111,4.24229,1.0000
pooled,i1y,ip,0,16,0.109167,4.40466,4.33702,1.0000
pooled,i1y,ip,0,17,0.149182,4.49182,4.42203,1.0000
pooled,i1y,ip,0,18,0.18695,4.53352,4.47232,1.0000
pooled,i1y,ip,0,19,0.220328,4.57535,4.50388,1.0000
pooled,i1y,ip,0,20,0.281343,4.59177,4.52022,1.0000
pooled,i1y,ip,0,21,0.341132,4.57529,4.55146,1.0000
pooled,i1y,ip,0,22,0.364882,4.68501,4.65792,1.0000
pooled,i1y,ip,0,23,0.381136,4.79210,4.72407,1.0000
pooled,i1y,ip,0,24,0.398061,4.87541,4.81416,1.0000
pooled,i1y,ip,0,25,0.366267,4.98929,4.93774,1.0000
pooled,i1y,ip,0,26,0.386535,4.95009,4.89009,1.0000
pooled,i1y,ip,0,27,0.402315,4.80949,4.72668,1.0000
pooled,i1y,ip,0,28,0.41433,4.58818,4.54850,1.0000
pooled,i1y,ip,0,29,0.425385,4.35181,4.29152,1.0000
pooled,i1y,ip,0,30,0.436437,4.09043,4.02717,1.0000
pooled,i1y,ip,0,31,0.435744,3.81016,3.75474,1.0000
pooled,i1y,ip,0,32,0.474666,3.55094,3.49930,1.0000
pooled,i1y,ip,0,33,0.49041,3.30262,3.27038,1.0000
pooled,i1y,ip,0,34,0.475684,3.09407,3.06740,1.0000
pooled,i1y,ip,0,35,0.449463,2.89524,2.85217,1.0000
pooled,i1y,ip,0,36,0.452284,2.70885,2.67853,1.0000
pooled,i1y,ip,0,37,0.442336,2.55916,2.54525,1.0000
pooled,i1y,ip,0,38,0.435726,2.45526,2.43118,1.0000
pooled,i1y,ip,0,39,0.445805,2.37603,2.34922,1.0000
pooled,i1y,ip,0,40,0.442494,2.32908,2.29582,1.0000
pooled,i1y,ip,0,41,0.423832,2.31786,2.29795,1.0000
pooled,i1y,ip,0,42,0.400616,2.35736,2.31698,1.0000
pooled,i1y,ip,0,43,0.39024,2.38722,2.35229,1.0000
pooled,i1y,ip,0,44,0.382201,2.45454,2.41774,1.0000
pooled,i1y,ip,0,45,0.366187,2.55168,2.52116,1.0000
pooled,i1y,ip,0,46,0.334726,2.66540,2.62654,1.0000
pooled,i1y,ip,0,47,0.298015,2.74280,2.67779,1.0000
pooled,i1y,ip,0,48,0.291808,2.79239,2.71782,1.0000
pooled,i1y,hicp,0,1,0.0084568,0.69897,0.66996,0.1207
pooled,i1y,hicp,0,2,0.0244432,0.69752,0.67042,0.1147
pooled,i1y,hicp,0,3,0.0370386,0.70816,0.69533,0.1107
pooled,i1y,hicp,0,4,0.0438451,0.74121,0.72458,0.1253
pooled,i1y,hicp,0,5,0.0474677,0.79092,0.78709,0.1633
pooled,i1y,hicp,0,6,0.0540061,0.85698,0.84478,0.2540
pooled,i1y,hicp,0,7,0.0583155,0.92323,0.91437,0.3480
pooled,i1y,hicp,0,8,0.0682113,0.99370,0.97828,0.4607
pooled,i1y,hicp,0,9,0.0830743,1.07970,1.06261,0.6073
pooled,i1y,hicp,0,10,0.0908248,1.14486,1.12371,0.7120
pooled,i1y,hicp,0,11,0.100372,1.21736,1.19458,0.7967
pooled,i1y,hicp,0,12,0.105848,1.29019,1.27083,0.8467
pooled,i1y,hicp,0,13,0.077748,1.38080,1.35044,0.9127
pooled,i1y,hicp,0,14,0.0769064,1.40927,1.35997,0.9313
pooled,i1y,hicp,0,15,0.088325,1.36792,1.32405,0.9120
pooled,i1y,hicp,0,16,0.109167,1.27101,1.23719,0.8567
pooled,i1y,hicp,0,17,0.149182,1.14755,1.13103,0.7267
pooled,i1y,hicp,0,18,0.18695,1.02771,1.00627,0.5133
pooled,i1y,hicp,0,19,0.220328,0.92764,0.91136,0.3240
pooled,i1y,hicp,0,20,0.281343,0.84155,0.82602,0.1780
pooled,i1y,hicp,0,21,0.341132,0.76397,0.74515,0.0807
pooled,i1y,hicp,0,22,0.364882,0.71592,0.70561,0.0460
pooled,i1y,hicp,0,23,0.381136,0.69080,0.67538,0.0287
pooled,i1y,hicp,0,24,0.398061,0.68172,0.66413,0.0300
pooled,i1y,hicp,0,25,0.366267,0.67639,0.66179,0.0293
pooled,i1y,hicp,0,26,0.386535,0.66702,0.65180,0.0200
pooled,i1y,hicp,0,27,0.402315,0.65179,0.63121,0.0240
pooled,i1y,hicp,0,28,0.41433,0.63278,0.62045,0.0127
pooled,i1y,hicp,0,29,0.425385,0.61598,0.60233,0.0113
pooled,i1y,hicp,0,30,0.436437,0.59909,0.58105,0.0080
pooled,i1y,hicp,0,31,0.435744,0.58606,0.57271,0.0033
pooled,i1y,hicp,0,32,0.474666,0.57582,0.56210,0.0067
pooled,i1y,hicp,0,33,0.49041,0.56462,0.55493,0.0027
pooled,i1y,hicp,0,34,0.475684,0.55584,0.54557,0.0027
pooled,i1y,hicp,0,35,0.449463,0.54946,0.54267,0.0020
pooled,i1y,hicp,0,36,0.452284,0.54686,0.54080,0.0013
pooled,i1y,hicp,0,37,0.442336,0.55524,0.54766,0.0020
pooled,i1y,hicp,0,38,0.435726,0.55735,0.54722,0.0020
pooled,i1y,hicp,0,39,0.445805,0.56077,0.54393,0.0020
pooled,i1y,hicp,0,40,0.442494,0.57195,0.55948,0.0033
pooled,i1y,hicp,0,41,0.423832,0.58155,0.56787,0.0027
pooled,i1y,hicp,0,42,0.400616,0.60214,0.58596,0.0120
pooled,i1y,hicp,0,43,0.39024,0.62336,0.60865,0.0100
pooled,i1y,hicp,0,44,0.382201,0.64700,0.63232,0.0173
pooled,i1y,hicp,0,45,0.366187,0.67198,0.65854,0.0313
pooled,i1y,hicp,0,46,0.334726,0.70153,0.68419,0.0560
pooled,i1y,hicp,0,47,0.298015,0.72268,0.70576,0.1000
pooled,i1y,hicp,0,48,0.291808,0.73803,0.70884,0.1327
pooled,i1y,stoxx,0,1,0.0084568,1.85200,1.79029,0.9653
pooled,i1y,stoxx,0,2,0.0244432,1.92882,1.86389,0.9900
pooled,i1y,stoxx,0,3,0.0370386,2.06244,2.00673,0.9967
pooled,i1y,stoxx,0,4,0.0438451,2.24420,2.21030,1.0000
pooled,i1y,stoxx,0,5,0.0474677,2.44017,2.39288,1.0000
pooled,i1y,stoxx,0,6,0.0540061,2.60138,2.56168,1.0000
pooled,i1y,stoxx,0,7,0.0583155,2.79325,2.73679,1.0000
pooled,i1y,stoxx,0,8,0.0682113,2.89421,2.83739,1.0000
pooled,i1y,stoxx,0,9,0.0830743,3.03118,2.94712,1.0000
pooled,i1y,stoxx,0,10,0.0908248,3.15439,3.03834,1.0000
pooled,i1y,stoxx,0,11,0.100372,3.26274,3.16809,1.0000
pooled,i1y,stoxx,0,12,0.105848,3.32835,3.28364,1.0000
pooled,i1y,stoxx,0,13,0.077748,3.37090,3.28403,1.0000
pooled,i1y,stoxx,0,14,0.0769064,3.31720,3.23433,1.0000
pooled,i1y,stoxx,0,15,0.088325,3.15966,3.09683,1.0000
pooled,i1y,stoxx,0,16,0.109167,2.91596,2.84042,1.0000
pooled,i1y,stoxx,0,17,0.149182,2.62532,2.59774,1.0000
pooled,i1y,stoxx,0,18,0.18695,2.35624,2.33093,1.0000
pooled,i1y,stoxx,0,19,0.220328,2.10455,2.08089,1.0000
pooled,i1y,stoxx,0,20,0.281343,1.87088,1.85238,0.9993
pooled,i1y,stoxx,0,21,0.341132,1.72650,1.70809,0.9967
pooled,i1y,stoxx,0,22,0.364882,1.62786,1.61263,0.9920
pooled,i1y,stoxx,0,23,0.381136,1.57578,1.55372,0.9900
pooled,i1y,stoxx,0,24,0.398061,1.55646,1.53356,0.9900
pooled,i1y,stoxx,0,25,0.366267,1.54558,1.53895,0.9860
pooled,i1y,stoxx,0,26,0.386535,1.52508,1.51219,0.9880
pooled,i1y,stoxx,0,27,0.402315,1.48382,1.46310,0.9720
pooled,i1y,stoxx,0,28,0.41433,1.44670,1.42756,0.9687
pooled,i1y,stoxx,0,29,0.425385,1.39259,1.37150,0.9460
pooled,i1y,stoxx,0,30,0.436437,1.35792,1.33667,0.9440
pooled,i1y,stoxx,0,31,0.435744,1.30905,1.28719,0.8953
pooled,i1y,stoxx,0,32,0.474666,1.26755,1.24036,0.8707
pooled,i1y,stoxx,0,33,0.49041,1.23755,1.22067,0.8393
pooled,i1y,stoxx,0,34,0.475684,1.22920,1.20900,0.8260
pooled,i1y,stoxx,0,35,0.449463,1.24449,1.22181,0.8313
pooled,i1y,stoxx,0,36,0.452284,1.26737,1.24558,0.8693
pooled,i1y,stoxx,0,37,0.442336,1.28862,1.28842,0.8867
pooled,i1y,stoxx,0,38,0.435726,1.30464,1.29525,0.9080
pooled,i1y,stoxx,0,39,0.445805,1.31446,1.30683,0.8887
pooled,i1y,stoxx,0,40,0.442494,1.33549,1.32520,0.9087
pooled,i1y,stoxx,0,41,0.423832,1.37423,1.35592,0.9307
pooled,i1y,stoxx,0,42,0.400616,1.43037,1.40743,0.9680
pooled,i1y,stoxx,0,43,0.39024,1.47976,1.44680,0.9827
pooled,i1y,stoxx,0,44,0.382201,1.53038,1.50979,0.9860
pooled,i1y,stoxx,0,45,0.366187,1.57934,1.55942,0.9933
pooled,i1y,stoxx,0,46,0.334726,1.63808,1.59716,0.9967
pooled,i1y,stoxx,0,47,0.298015,1.71744,1.68930,0.9947
pooled,i1y,stoxx,0,48,0.291808,1.76418,1.71117,0.9920
pooled,ip,mps,1,1,0.0084568,1.00000,1.00000,0.0000
pooled,ip,mps,1,2,0.0244432,1.00000,1.00000,0.0000
pooled,ip,mps,1,3,0.0370386,1.00000,1.00000,0.0000
pooled,ip,mps,1,4,0.0438451,1.00000,1.00000,0.0000
pooled,ip,mps,1,5,0.0474677,1.00000,1.00000,0.0000
pooled,ip,mps,1,6,0.0540061,1.00000,1.00000,0.0000
pooled,ip,mps,1,7,0.0583155,1.00000,1.00000,0.0000
pooled,ip,mps,1,8,0.0682113,1.00000,1.00000,0.0000
pooled,ip,mps,1,9,0.0830743,1.00000,1.00000,0.0000
pooled,ip,mps,1,10,0.0908248,1.00000,1.00000,0.0000
pooled,ip,mps,1,11,0.100372,1.00000,1.00000,0.0000
pooled,ip,mps,1,12,0.105848,1.00000,1.00000,0.0000
pooled,ip,mps,1,13,0.077748,1.00000,1.00000,0.0000
pooled,ip,mps,1,14,0.0769064,1.00000,1.00000,0.0000
pooled,ip,mps,1,15,0.088325,1.00000,1.00000,0.0000
pooled,ip,mps,1,16,0.109167,1.00000,1.00000,0.0000
pooled,ip,mps,1,17,0.149182,1.00000,1.00000,0.0000
pooled,ip,mps,1,18,0.18695,1.00000,1.00000,0.0000
pooled,ip,mps,1,19,0.220328,1.00000,1.00000,0.0000
pooled,ip,mps,1,20,0.281343,1.00000,1.00000,0.0000
pooled,ip,mps,1,21,0.341132,1.00000,1.00000,0.0000
pooled,ip,mps,1,22,0.364882,1.00000,1.00000,0.0000
pooled,ip,mps,1,23,0.381136,1.00000,1.00000,0.0000
pooled,ip,mps,1,24,0.398061,1.00000,1.00000,0.0000
pooled,ip,mps,1,25,0.366267,1.00000,1.00000,0.0000
pooled,ip,mps,1,26,0.386535,1.00000,1.00000,0.0000
pooled,ip,mps,1,27,0.402315,1.00000,1.00000,0.0000
pooled,ip,mps,1,28,0.41433,1.00000,1.00000,0.0000
pooled,ip,mps,1,29,0.425385,1.00000,1.00000,0.0000
pooled,ip,mps,1,30,0.436437,1.00000,1.00000,0.0000
pooled,ip,mps,1,31,0.435744,1.00000,1.00000,0.0000
pooled,ip,mps,1,32,0.474666,1.00000,1.00000,0.0000
pooled,ip,mps,1,33,0.49041,1.00000,1.00000,0.0000
pooled,ip,mps,1,34,0.475684,1.00000,1.00000,0.0000
pooled,ip,mps,1,35,0.449463,1.00000,1.00000,0.0000
pooled,ip,mps,1,36,0.452284,1.00000,1.00000,0.0000
pooled,ip,mps,1,37,0.442336,1.00000,1.00000,0.0000
pooled,ip,mps,1,38,0.435726,1.00000,1.00000,0.0000
pooled,ip,mps,1,39,0.445805,1.00000,1.00000,0.0000
pooled,ip,mps,1,40,0.442494,1.00000,1.00000,0.0000
pooled,ip,mps,1,41,0.423832,1.00000,1.00000,0.0000
pooled,ip,mps,1,42,0.400616,1.00000,1.00000,0.0000
pooled,ip,mps,1,43,0.39024,1.00000,1.00000,0.0000
pooled,ip,mps,1,44,0.382201,1.00000,1.00000,0.0000
pooled,ip,mps,1,45,0.366187,1.00000,1.00000,0.0000
pooled,ip,mps,1,46,0.334726,1.00000,1.00000,0.0000
pooled,ip,mps,1,47,0.298015,1.00000,1.00000,0.0000
pooled,ip,mps,1,48,0.291808,1.00000,1.00000,0.0000
pooled,ip,i1y,0,1,0.0084568,2.53094,2.42863,0.9700
pooled,ip,i1y,0,2,0.0244432,2.91896,2.84545,0.9940
pooled,ip,i1y,0,3,0.0370386,3.65718,3.60142,1.0000
pooled,ip,i1y,0,4,0.0438451,4.69962,4.58977,1.0000
pooled,ip,i1y,0,5,0.0474677,5.89526,5.72747,1.0000
pooled,ip,i1y,0,6,0.0540061,6.98936,6.88923,1.0000
pooled,ip,i1y,0,7,0.0583155,8.02964,7.87824,1.0000
pooled,ip,i1y,0,8,0.0682113,8.85474,8.61898,1.0000
pooled,ip,i1y,0,9,0.0830743,9.55578,9.29328,1.0000
pooled,ip,i1y,0,10,0.0908248,10.15283,9.93060,1.0000
pooled,ip,i1y,0,11,0.100372,10.81220,10.47577,1.0000
pooled,ip,i1y,0,12,0.105848,11.66772,11.32246,1.0000
pooled,ip,i1y,0,13,0.077748,12.77804,12.43231,1.0000
pooled,ip,i1y,0,14,0.0769064,12.98167,12.57298,1.0000
pooled,ip,i1y,0,15,0.088325,12.50295,12.14316,1.0000
pooled,ip,i1y,0,16,0.109167,11.45917,11.12986,1.0000
pooled,ip,i1y,0,17,0.149182,10.10845,9.77413,1.0000
pooled,ip,i1y,0,18,0.18695,8.88803,8.63325,1.0000
pooled,ip,i1y,0,19,0.220328,7.85755,7.64074,1.0000
pooled,ip,i1y,0,20,0.281343,6.86869,6.75065,1.0000
pooled,ip,i1y,0,21,0.341132,6.15594,6.04043,1.0000
pooled,ip,i1y,0,22,0.364882,5.75674,5.63251,1.0000
pooled,ip,i1y,0,23,0.381136,5.48179,5.39342,1.0000
pooled,ip,i1y,0,24,0.398061,5.18889,5.09675,1.0000
pooled,ip,i1y,0,25,0.366267,4.80382,4.67080,1.0000
pooled,ip,i1y,0,26,0.386535,4.37000,4.27173,1.0000
pooled,ip,i1y,0,27,0.402315,4.00195,3.92203,1.0000
pooled,ip,i1y,0,28,0.41433,3.57922,3.50298,1.0000
pooled,ip,i1y,0,29,0.425385,3.23553,3.12441,1.0000
pooled,ip,i1y,0,30,0.436437,3.00354,2.90370,1.0000
pooled,ip,i1y,0,31,0.435744,2.84358,2.75472,1.0000
pooled,ip,i1y,0,32,0.474666,2.65700,2.58228,1.0000
pooled,ip,i1y,0,33,0.49041,2.51522,2.44731,1.0000
pooled,ip,i1y,0,34,0.475684,2.37542,2.31924,1.0000
pooled,ip,i1y,0,35,0.449463,2.21375,2.13214,0.9993
pooled,ip,i1y,0,36,0.452284,2.07740,2.02081,0.9980
pooled,ip,i1y,0,37,0.442336,1.87801,1.82127,0.9887
pooled,ip,i1y,0,38,0.435726,1.68539,1.61826,0.9720
pooled,ip,i1y,0,39,0.445805,1.49551,1.43664,0.9007
pooled,ip,i1y,0,40,0.442494,1.28300,1.21712,0.7740
pooled,ip,i1y,0,41,0.423832,1.11344,1.06909,0.5840
pooled,ip,i1y,0,42,0.400616,0.99273,0.94185,0.4253
pooled,ip,i1y,0,43,0.39024,0.88928,0.82710,0.2800
pooled,ip,i1y,0,44,0.382201,0.84070,0.78501,0.2567
pooled,ip,i1y,0,45,0.366187,0.82208,0.75691,0.2407
pooled,ip,i1y,0,46,0.334726,0.81781,0.76493,0.2547
pooled,ip,i1y,0,47,0.298015,0.82533,0.73309,0.2633
pooled,ip,i1y,0,48,0.291808,0.85078,0.73356,0.3007
pooled,ip,ip,0,1,0.0084568,1.61536,1.54882,0.8853
pooled,ip,ip,0,2,0.0244432,1.68931,1.61862,0.9473
pooled,ip,ip,0,3,0.0370386,1.87240,1.80703,0.9913
pooled,ip,ip,0,4,0.0438451,2.18957,2.14552,0.9993
pooled,ip,ip,0,5,0.0474677,2.63718,2.56508,1.0000
pooled,ip,ip,0,6,0.0540061,3.24327,3.14926,1.0000
pooled,ip,ip,0,7,0.0583155,3.99720,3.89986,1.0000
pooled,ip,ip,0,8,0.0682113,4.88757,4.84527,1.0000
pooled,ip,ip,0,9,0.0830743,5.69986,5.62862,1.0000
pooled,ip,ip,0,10,0.0908248,6.51203,6.45446,1.0000
pooled,ip,ip,0,11,0.100372,7.36054,7.29699,1.0000
pooled,ip,ip,0,12,0.105848,8.15909,8.03003,1.0000
pooled,ip,ip,0,13,0.077748,9.27664,9.11625,1.0000
pooled,ip,ip,0,14,0.0769064,9.82633,9.66040,1.0000
pooled,ip,ip,0,15,0.088325,9.80277,9.55189,1.0000
pooled,ip,ip,0,16,0.109167,9.30615,9.18269,1.0000
pooled,ip,ip,0,17,0.149182,8.63872,8.45802,1.0000
pooled,ip,ip,0,18,0.18695,7.91396,7.78452,1.0000
pooled,ip,ip,0,19,0.220328,7.28386,7.21373,1.0000
pooled,ip,ip,0,20,0.281343,6.67080,6.55853,1.0000
pooled,ip,ip,0,21,0.341132,6.08906,5.98057,1.0000
pooled,ip,ip,0,22,0.364882,5.82441,5.77371,1.0000
pooled,ip,ip,0,23,0.381136,5.65265,5.53671,1.0000
pooled,ip,ip,0,24,0.398061,5.37181,5.29911,1.0000
pooled,ip,ip,0,25,0.366267,5.01917,4.92310,1.0000
pooled,ip,ip,0,26,0.386535,4.48668,4.40500,1.0000
pooled,ip,ip,0,27,0.402315,3.97694,3.91791,1.0000
pooled,ip,ip,0,28,0.41433,3.44398,3.39182,1.0000
pooled,ip,ip,0,29,0.425385,2.98125,2.92334,1.0000
pooled,ip,ip,0,30,0.436437,2.59619,2.54827,1.0000
pooled,ip,ip,0,31,0.435744,2.27609,2.23948,1.0000
pooled,ip,ip,0,32,0.474666,2.02357,1.98957,0.9993
pooled,ip,ip,0,33,0.49041,1.84817,1.82754,0.9967
pooled,ip,ip,0,34,0.475684,1.76602,1.73040,0.9927
pooled,ip,ip,0,35,0.449463,1.73341,1.72028,0.9920
pooled,ip,ip,0,36,0.452284,1.70416,1.66633,0.9967
pooled,ip,ip,0,37,0.442336,1.69562,1.66278,0.9953
pooled,ip,ip,0,38,0.435726,1.68126,1.65109,0.9940
pooled,ip,ip,0,39,0.445805,1.65397,1.62882,0.9960
pooled,ip,ip,0,40,0.442494,1.68588,1.64836,0.9940
pooled,ip,ip,0,41,0.423832,1.73623,1.70428,0.9940
pooled,ip,ip,0,42,0.400616,1.83249,1.79199,0.9987
pooled,ip,ip,0,43,0.39024,1.93322,1.90885,0.9987
pooled,ip,ip,0,44,0.382201,2.04546,1.99642,0.9993
pooled,ip,ip,0,45,0.366187,2.15720,2.10434,1.0000
pooled,ip,ip,0,46,0.334726,2.27611,2.23447,0.9993
pooled,ip,ip,0,47,0.298015,2.36731,2.31628,0.9993
pooled,ip,ip,0,48,0.291808,2.43158,2.37501,0.9960
pooled,ip,hicp,0,1,0.0084568,1.38696,1.33852,0.8240
pooled,ip,hicp,0,2,0.0244432,1.41084,1.36302,0.8827
pooled,ip,hicp,0,3,0.0370386,1.49790,1.45835,0.9367
pooled,ip,hicp,0,4,0.0438451,1.64968,1.60406,0.9867
pooled,ip,hicp,0,5,0.0474677,1.84484,1.80174,0.9953
pooled,ip,hicp,0,6,0.0540061,2.03455,1.98118,0.9993
pooled,ip,hicp,0,7,0.0583155,2.18401,2.13194,1.0000
pooled,ip,hicp,0,8,0.0682113,2.30950,2.27442,1.0000
pooled,ip,hicp,0,9,0.0830743,2.35183,2.30601,0.9993
pooled,ip,hicp,0,10,0.0908248,2.40773,2.36519,1.0000
pooled,ip,hicp,0,11,0.100372,2.45401,2.38779,1.0000
pooled,ip,hicp,0,12,0.105848,2.57961,2.51365,1.0000
pooled,ip,hicp,0,13,0.077748,2.91683,2.82067,1.0000
pooled,ip,hicp,0,14,0.0769064,2.98929,2.89543,1.0000
pooled,ip,hicp,0,15,0.088325,2.75516,2.65637,1.0000
pooled,ip,hicp,0,16,0.109167,2.24875,2.18424,1.0000
pooled,ip,hicp,0,17,0.149182,1.74496,1.68513,0.9847
pooled,ip,hicp,0,18,0.18695,1.35432,1.31643,0.8880
pooled,ip,hicp,0,19,0.220328,1.07837,1.04062,0.5587
pooled,ip,hicp,0,20,0.281343,0.86814,0.84389,0.2413
pooled,ip,hicp,0,21,0.341132,0.72752,0.70789,0.1000
pooled,ip,hicp,0,22,0.364882,0.64697,0.61645,0.0580
pooled,ip,hicp,0,23,0.381136,0.57909,0.55307,0.0273
pooled,ip,hicp,0,24,0.398061,0.50959,0.47779,0.0187
pooled,ip,hicp,0,25,0.366267,0.44516,0.40650,0.0073
pooled,ip,hicp,0,26,0.386535,0.38855,0.35383,0.0013
pooled,ip,hicp,0,27,0.402315,0.33810,0.31317,0.0000
pooled,ip,hicp,0,28,0.41433,0.29988,0.28609,0.0000
pooled,ip,hicp,0,29,0.425385,0.27178,0.26207,0.0000
pooled,ip,hicp,0,30,0.436437,0.25493,0.24822,0.0000
pooled,ip,hicp,0,31,0.435744,0.25054,0.24555,0.0000
pooled,ip,hicp,0,32,0.474666,0.25276,0.24307,0.0000
pooled,ip,hicp,0,33,0.49041,0.25539,0.24794,0.0000
pooled,ip,hicp,0,34,0.475684,0.26837,0.26193,0.0000
pooled,ip,hicp,0,35,0.449463,0.28330,0.27785,0.0000
pooled,ip,hicp,0,36,0.452284,0.30012,0.29400,0.0000
pooled,ip,hicp,0,37,0.442336,0.32399,0.31247,0.0000
pooled,ip,hicp,0,38,0.435726,0.36349,0.34521,0.0007
pooled,ip,hicp,0,39,0.445805,0.40824,0.39571,0.0000
pooled,ip,hicp,0,40,0.442494,0.46703,0.45689,0.0013
pooled,ip,hicp,0,41,0.423832,0.53224,0.51448,0.0107
pooled,ip,hicp,0,42,0.400616,0.60019,0.58388,0.0267
pooled,ip,hicp,0,43,0.39024,0.67296,0.65522,0.0573
pooled,ip,hicp,0,44,0.382201,0.73009,0.71163,0.0960
pooled,ip,hicp,0,45,0.366187,0.78962,0.76782,0.1667
pooled,ip,hicp,0,46,0.334726,0.84453,0.81979,0.2293
pooled,ip,hicp,0,47,0.298015,0.90939,0.86633,0.3440
pooled,ip,hicp,0,48,0.291808,0.97149,0.92159,0.4087
pooled,ip,stoxx,0,1,0.0084568,1.20436,1.11319,0.5900
pooled,ip,stoxx,0,2,0.0244432,1.23198,1.14434,0.6447
pooled,ip,stoxx,0,3,0.0370386,1.29922,1.21786,0.7260
pooled,ip,stoxx,0,4,0.0438451,1.44442,1.37579,0.8160
pooled,ip,stoxx,0,5,0.0474677,1.61053,1.54805,0.8920
pooled,ip,stoxx,0,6,0.0540061,1.79383,1.71243,0.9440
pooled,ip,stoxx,0,7,0.0583155,1.96677,1.86950,0.9740
pooled,ip,stoxx,0,8,0.0682113,2.08559,1.96882,0.9913
pooled,ip,stoxx,0,9,0.0830743,2.18955,2.08906,0.9967
pooled,ip,stoxx,0,10,0.0908248,2.18049,2.09501,0.9947
pooled,ip,stoxx,0,11,0.100372,2.08903,2.02587,0.9893
pooled,ip,stoxx,0,12,0.105848,1.98857,1.92137,0.9800
pooled,ip,stoxx,0,13,0.077748,1.88304,1.80449,0.9673
pooled,ip,stoxx,0,14,0.0769064,1.74226,1.66696,0.9567
pooled,ip,stoxx,0,15,0.088325,1.62698,1.58390,0.9300
pooled,ip,stoxx,0,16,0.109167,1.53130,1.50481,0.8980
pooled,ip,stoxx,0,17,0.149182,1.46488,1.43599,0.8787
pooled,ip,stoxx,0,18,0.18695,1.44048,1.41720,0.8793
pooled,ip,stoxx,0,19,0.220328,1.43781,1.41135,0.9033
pooled,ip,stoxx,0,20,0.281343,1.42267,1.38700,0.9113
pooled,ip,stoxx,0,21,0.341132,1.40091,1.37901,0.9193
pooled,ip,stoxx,0,22,0.364882,1.42296,1.38461,0.9340
pooled,ip,stoxx,0,23,0.381136,1.39669,1.37421,0.9207
pooled,ip,stoxx,0,24,0.398061,1.33155,1.31116,0.8933
pooled,ip,stoxx,0,25,0.366267,1.22519,1.20043,0.7947
pooled,ip,stoxx,0,26,0.386535,1.09715,1.07715,0.6027
pooled,ip,stoxx,0,27,0.402315,0.94559,0.91960,0.3687
pooled,ip,stoxx,0,28,0.41433,0.79605,0.78420,0.1640
pooled,ip,stoxx,0,29,0.425385,0.67854,0.66209,0.0500
pooled,ip,stoxx,0,30,0.436437,0.58650,0.56992,0.0240
pooled,ip,stoxx,0,31,0.435744,0.52604,0.50285,0.0147
pooled,ip,stoxx,0,32,0.474666,0.49945,0.48480,0.0107
pooled,ip,stoxx,0,33,0.49041,0.49624,0.47711,0.0053
pooled,ip,stoxx,0,34,0.475684,0.50439,0.49761,0.0093
pooled,ip,stoxx,0,35,0.449463,0.52896,0.51490,0.0133
pooled,ip,stoxx,0,36,0.452284,0.55767,0.54238,0.0113
pooled,ip,stoxx,0,37,0.442336,0.59645,0.58395,0.0107
pooled,ip,stoxx,0,38,0.435726,0.65357,0.64004,0.0367
pooled,ip,stoxx,0,39,0.445805,0.71350,0.69428,0.0613
pooled,ip,stoxx,0,40,0.442494,0.76786,0.75321,0.0973
pooled,ip,stoxx,0,41,0.423832,0.83862,0.82103,0.1853
pooled,ip,stoxx,0,42,0.400616,0.91207,0.88987,0.3047
pooled,ip,stoxx,0,43,0.39024,0.98397,0.96413,0.4453
pooled,ip,stoxx,0,44,0.382201,1.05760,1.02038,0.5407
pooled,ip,stoxx,0,45,0.366187,1.11229,1.08405,0.6353
pooled,ip,stoxx,0,46,0.334726,1.17987,1.14661,0.6933
pooled,ip,stoxx,0,47,0.298015,1.21624,1.17303,0.7047
pooled,ip,stoxx,0,48,0.291808,1.25209,1.18552,0.6880
pooled,hicp,mps,1,1,0.0084568,1.00000,1.00000,0.0000
pooled,hicp,mps,1,2,0.0244432,1.00000,1.00000,0.0000
pooled,hicp,mps,1,3,0.0370386,1.00000,1.00000,0.0000
pooled,hicp,mps,1,4,0.0438451,1.00000,1.00000,0.0000
pooled,hicp,mps,1,5,0.0474677,1.00000,1.00000,0.0000
pooled,hicp,mps,1,6,0.0540061,1.00000,1.00000,0.0000
pooled,hicp,mps,1,7,0.0583155,1.00000,1.00000,0.0000
pooled,hicp,mps,1,8,0.0682113,1.00000,1.00000,0.0000
pooled,hicp,mps,1,9,0.0830743,1.00000,1.00000,0.0000
pooled,hicp,mps,1,10,0.0908248,1.00000,1.00000,0.0000
pooled,hicp,mps,1,11,0.100372,1.00000,1.00000,0.0000
pooled,hicp,mps,1,12,0.105848,1.00000,1.00000,0.0000
pooled,hicp,mps,1,13,0.077748,1.00000,1.00000,0.0000
pooled,hicp,mps,1,14,0.0769064,1.00000,1.00000,0.0000
pooled,hicp,mps,1,15,0.088325,1.00000,1.00000,0.0000
pooled,hicp,mps,1,16,0.109167,1.00000,1.00000,0.0000
pooled,hicp,mps,1,17,0.149182,1.00000,1.00000,0.0000
pooled,hicp,mps,1,18,0.18695,1.00000,1.00000,0.0000
pooled,hicp,mps,1,19,0.220328,1.00000,1.00000,0.0000
pooled,hicp,mps,1,20,0.281343,1.00000,1.00000,0.0000
pooled,hicp,mps,1,21,0.341132,1.00000,1.00000,0.0000
pooled,hicp,mps,1,22,0.364882,1.00000,1.00000,0.0000
pooled,hicp,mps,1,23,0.381136,1.00000,1.00000,0.0000
pooled,hicp,mps,1,24,0.398061,1.00000,1.00000,0.0000
pooled,hicp,mps,1,25,0.366267,1.00000,1.00000,0.0000
pooled,hicp,mps,1,26,0.386535,1.00000,1.00000,0.0000
pooled,hicp,mps,1,27,0.402315,1.00000,1.00000,0.0000
pooled,hicp,mps,1,28,0.41433,1.00000,1.00000,0.0000
pooled,hicp,mps,1,29,0.425385,1.00000,1.00000,0.0000
pooled,hicp,mps,1,30,0.436437,1.00000,1.00000,0.0000
pooled,hicp,mps,1,31,0.435744,1.00000,1.00000,0.0000
pooled,hicp,mps,1,32,0.474666,1.00000,1.00000,0.0000
pooled,hicp,mps,1,33,0.49041,1.00000,1.00000,0.0000
pooled,hicp,mps,1,34,0.475684,1.00000,1.00000,0.0000
pooled,hicp,mps,1,35,0.449463,1.00000,1.00000,0.0000
pooled,hicp,mps,1,36,0.452284,1.00000,1.00000,0.0000
pooled,hicp,mps,1,37,0.442336,1.00000,1.00000,0.0000
pooled,hicp,mps,1,38,0.435726,1.00000,1.00000,0.0000
pooled,hicp,mps,1,39,0.445805,1.00000,1.00000,0.0000
pooled,hicp,mps,1,40,0.442494,1.00000,1.00000,0.0000
pooled,hicp,mps,1,41,0.423832,1.00000,1.00000,0.0000
pooled,hicp,mps,1,42,0.400616,1.00000,1.00000,0.0000
pooled,hicp,mps,1,43,0.39024,1.00000,1.00000,0.0000
pooled,hicp,mps,1,44,0.382201,1.00000,1.00000,0.0000
pooled,hicp,mps,1,45,0.366187,1.00000,1.00000,0.0000
pooled,hicp,mps,1,46,0.334726,1.00000,1.00000,0.0000
pooled,hicp,mps,1,47,0.298015,1.00000,1.00000,0.0000
pooled,hicp,mps,1,48,0.291808,1.00000,1.00000,0.0000
pooled,hicp,i1y,0,1,0.0084568,1.37071,1.29013,0.7440
pooled,hicp,i1y,0,2,0.0244432,1.40626,1.34759,0.7993
pooled,hicp,i1y,0,3,0.0370386,1.51117,1.45320,0.8900
pooled,hicp,i1y,0,4,0.0438451,1.68801,1.62689,0.9580
pooled,hicp,i1y,0,5,0.0474677,1.96477,1.90029,0.9947
pooled,hicp,i1y,0,6,0.0540061,2.31453,2.22918,0.9993
pooled,hicp,i1y,0,7,0.0583155,2.77007,2.69098,1.0000
pooled,hicp,i1y,0,8,0.0682113,3.26399,3.17495,1.0000
pooled,hicp,i1y,0,9,0.0830743,3.89068,3.77178,1.0000
pooled,hicp,i1y,0,10,0.0908248,4.70160,4.56188,1.0000
pooled,hicp,i1y,0,11,0.100372,5.67241,5.52565,1.0000
pooled,hicp,i1y,0,12,0.105848,6.80689,6.62025,1.0000
pooled,hicp,i1y,0,13,0.077748,8.25343,8.06693,1.0000
pooled,hicp,i1y,0,14,0.0769064,9.39340,9.16775,1.0000
pooled,hicp,i1y,0,15,0.088325,9.77295,9.55503,1.0000
pooled,hicp,i1y,0,16,0.109167,9.67585,9.53231,1.0000
pooled,hicp,i1y,0,17,0.149182,9.14361,8.95841,1.0000
pooled,hicp,i1y,0,18,0.18695,8.61700,8.46249,1.0000
pooled,hicp,i1y,0,19,0.220328,8.16326,7.97338,1.0000
pooled,hicp,i1y,0,20,0.281343,7.60483,7.47904,1.0000
pooled,hicp,i1y,0,21,0.341132,7.20172,7.05662,1.0000
pooled,hicp,i1y,0,22,0.364882,6.87196,6.73223,1.0000
pooled,hicp,i1y,0,23,0.381136,6.60706,6.54068,1.0000
pooled,hicp,i1y,0,24,0.398061,6.54076,6.43146,1.0000
pooled,hicp,i1y,0,25,0.366267,6.49762,6.42814,1.0000
pooled,hicp,i1y,0,26,0.386535,6.50502,6.43552,1.0000
pooled,hicp,i1y,0,27,0.402315,6.38336,6.24282,1.0000
pooled,hicp,i1y,0,28,0.41433,6.18957,6.05207,1.0000
pooled,hicp,i1y,0,29,0.425385,6.13999,6.06185,1.0000
pooled,hicp,i1y,0,30,0.436437,5.96820,5.87151,1.0000
pooled,hicp,i1y,0,31,0.435744,5.56515,5.46192,1.0000
pooled,hicp,i1y,0,32,0.474666,4.91361,4.79910,1.0000
pooled,hicp,i1y,0,33,0.49041,4.32710,4.20908,1.0000
pooled,hicp,i1y,0,34,0.475684,3.83068,3.74728,1.0000
pooled,hicp,i1y,0,35,0.449463,3.53045,3.45092,1.0000
pooled,hicp,i1y,0,36,0.452284,3.48957,3.40776,1.0000
pooled,hicp,i1y,0,37,0.442336,3.61236,3.51832,1.0000
pooled,hicp,i1y,0,38,0.435726,3.81069,3.70880,1.0000
pooled,hicp,i1y,0,39,0.445805,4.01151,3.94121,1.0000
pooled,hicp,i1y,0,40,0.442494,4.19825,4.09193,1.0000
pooled,hicp,i1y,0,41,0.423832,4.19041,4.09681,1.0000
pooled,hicp,i1y,0,42,0.400616,4.17282,4.10195,1.0000
pooled,hicp,i1y,0,43,0.39024,4.15151,4.07379,1.0000
pooled,hicp,i1y,0,44,0.382201,4.13379,4.08191,1.0000
pooled,hicp,i1y,0,45,0.366187,4.24195,4.17810,1.0000
pooled,hicp,i1y,0,46,0.334726,4.50470,4.39345,1.0000
pooled,hicp,i1y,0,47,0.298015,4.79126,4.59126,1.0000
pooled,hicp,i1y,0,48,0.291808,5.04822,4.83175,1.0000
pooled,hicp,ip,0,1,0.0084568,1.48246,1.40147,0.8367
pooled,hicp,ip,0,2,0.0244432,1.46789,1.41942,0.8607
pooled,hicp,ip,0,3,0.0370386,1.50795,1.47017,0.8987
pooled,hicp,ip,0,4,0.0438451,1.61361,1.56465,0.9340
pooled,hicp,ip,0,5,0.0474677,1.76322,1.74958,0.9660
pooled,hicp,ip,0,6,0.0540061,1.93643,1.89380,0.9873
pooled,hicp,ip,0,7,0.0583155,2.15313,2.13078,0.9960
pooled,hicp,ip,0,8,0.0682113,2.38307,2.35056,0.9973
pooled,hicp,ip,0,9,0.0830743,2.68279,2.65389,1.0000
pooled,hicp,ip,0,10,0.0908248,3.02812,2.98007,1.0000
pooled,hicp,ip,0,11,0.100372,3.42159,3.36810,1.0000
pooled,hicp,ip,0,12,0.105848,3.77447,3.74934,1.0000
pooled,hicp,ip,0,13,0.077748,4.04677,3.97365,1.0000
pooled,hicp,ip,0,14,0.0769064,4.25817,4.19411,1.0000
pooled,hicp,ip,0,15,0.088325,4.44205,4.33828,1.0000
pooled,hicp,ip,0,16,0.109167,4.54110,4.45396,1.0000
pooled,hicp,ip,0,17,0.149182,4.54406,4.46290,1.0000
pooled,hicp,ip,0,18,0.18695,4.51962,4.42733,1.0000
pooled,hicp,ip,0,19,0.220328,4.50822,4.45684,1.0000
pooled,hicp,ip,0,20,0.281343,4.57107,4.53923,1.0000
pooled,hicp,ip,0,21,0.341132,4.70661,4.66592,1.0000
pooled,hicp,ip,0,22,0.364882,4.91005,4.83331,1.0000
pooled,hicp,ip,0,23,0.381136,5.18764,5.13540,1.0000
pooled,hicp,ip,0,24,0.398061,5.44173,5.35572,1.0000
pooled,hicp,ip,0,25,0.366267,5.57428,5.49586,1.0000
pooled,hicp,ip,0,26,0.386535,5.68176,5.61141,1.0000
pooled,hicp,ip,0,27,0.402315,5.79887,5.77248,1.0000
pooled,hicp,ip,0,28,0.41433,5.83869,5.79302,1.0000
pooled,hicp,ip,0,29,0.425385,5.93434,5.87142,1.0000
pooled,hicp,ip,0,30,0.436437,6.04117,5.97865,1.0000
pooled,hicp,ip,0,31,0.435744,6.15131,6.08484,1.0000
pooled,hicp,ip,0,32,0.474666,6.08068,6.06682,1.0000
pooled,hicp,ip,0,33,0.49041,6.00825,5.95686,1.0000
pooled,hicp,ip,0,34,0.475684,6.04967,5.96308,1.0000
pooled,hicp,ip,0,35,0.449463,6.04487,5.97581,1.0000
pooled,hicp,ip,0,36,0.452284,5.86859,5.76210,1.0000
pooled,hicp,ip,0,37,0.442336,5.46433,5.40174,1.0000
pooled,hicp,ip,0,38,0.435726,5.13740,5.08903,1.0000
pooled,hicp,ip,0,39,0.445805,4.82770,4.78158,1.0000
pooled,hicp,ip,0,40,0.442494,4.71546,4.70521,1.0000
pooled,hicp,ip,0,41,0.423832,4.67859,4.61085,1.0000
pooled,hicp,ip,0,42,0.400616,4.73930,4.67828,1.0000
pooled,hicp,ip,0,43,0.39024,4.84847,4.77578,1.0000
pooled,hicp,ip,0,44,0.382201,5.02250,4.96188,1.0000
pooled,hicp,ip,0,45,0.366187,5.24545,5.21759,1.0000
pooled,hicp,ip,0,46,0.334726,5.46407,5.42326,1.0000
pooled,hicp,ip,0,47,0.298015,5.63832,5.53442,1.0000
pooled,hicp,ip,0,48,0.291808,5.67263,5.56256,1.0000
pooled,hicp,hicp,0,1,0.0084568,16.09370,15.80204,1.0000
pooled,hicp,hicp,0,2,0.0244432,15.48512,15.36201,1.0000
pooled,hicp,hicp,0,3,0.0370386,13.89119,13.78420,1.0000
pooled,hicp,hicp,0,4,0.0438451,12.61105,12.48344,1.0000
pooled,hicp,hicp,0,5,0.0474677,11.35655,11.15113,1.0000
pooled,hicp,hicp,0,6,0.0540061,10.16673,10.03519,1.0000
pooled,hicp,hicp,0,7,0.0583155,9.53233,9.44123,1.0000
pooled,hicp,hicp,0,8,0.0682113,8.64251,8.55417,1.0000
pooled,hicp,hicp,0,9,0.0830743,7.71177,7.58332,1.0000
pooled,hicp,hicp,0,10,0.0908248,7.19523,7.07803,1.0000
pooled,hicp,hicp,0,11,0.100372,6.90692,6.84177,1.0000
pooled,hicp,hicp,0,12,0.105848,6.99824,6.89165,1.0000
pooled,hicp,hicp,0,13,0.077748,7.81262,7.72060,1.0000
pooled,hicp,hicp,0,14,0.0769064,8.92032,8.85361,1.0000
pooled,hicp,hicp,0,15,0.088325,9.07236,8.90250,1.0000
pooled,hicp,hicp,0,16,0.109167,8.50740,8.41790,1.0000
pooled,hicp,hicp,0,17,0.149182,7.51072,7.45639,1.0000
pooled,hicp,hicp,0,18,0.18695,6.63094,6.51193,1.0000
pooled,hicp,hicp,0,19,0.220328,5.98160,5.92461,1.0000
pooled,hicp,hicp,0,20,0.281343,5.30113,5.25141,1.0000
pooled,hicp,hicp,0,21,0.341132,4.68642,4.65693,1.0000
pooled,hicp,hicp,0,22,0.364882,4.29948,4.25103,1.0000
pooled,hicp,hicp,0,23,0.381136,4.00388,3.97224,1.0000
pooled,hicp,hicp,0,24,0.398061,3.76290,3.72717,1.0000
pooled,hicp,hicp,0,25,0.366267,3.83689,3.80967,1.0000
pooled,hicp,hicp,0,26,0.386535,4.10864,4.06204,1.0000
pooled,hicp,hicp,0,27,0.402315,4.19515,4.16020,1.0000
pooled,hicp,hicp,0,28,0.41433,4.17581,4.13525,1.0000
pooled,hicp,hicp,0,29,0.425385,4.11803,4.10181,1.0000
pooled,hicp,hicp,0,30,0.436437,4.08575,4.04008,1.0000
pooled,hicp,hicp,0,31,0.435744,4.10241,4.03578,1.0000
pooled,hicp,hicp,0,32,0.474666,3.98588,3.94457,1.0000
pooled,hicp,hicp,0,33,0.49041,3.78900,3.74838,1.0000
pooled,hicp,hicp,0,34,0.475684,3.66048,3.63251,1.0000
pooled,hicp,hicp,0,35,0.449463,3.56625,3.51280,1.0000
pooled,hicp,hicp,0,36,0.452284,3.33437,3.30545,1.0000
pooled,hicp,hicp,0,37,0.442336,3.29094,3.24771,1.0000
pooled,hicp,hicp,0,38,0.435726,3.34978,3.32388,1.0000
pooled,hicp,hicp,0,39,0.445805,3.32493,3.26601,1.0000
pooled,hicp,hicp,0,40,0.442494,3.33825,3.29052,1.0000
pooled,hicp,hicp,0,41,0.423832,3.40641,3.36127,1.0000
pooled,hicp,hicp,0,42,0.400616,3.46230,3.41594,1.0000
pooled,hicp,hicp,0,43,0.39024,3.55167,3.49055,1.0000
pooled,hicp,hicp,0,44,0.382201,3.67816,3.64312,1.0000
pooled,hicp,hicp,0,45,0.366187,3.86434,3.79739,1.0000
pooled,hicp,hicp,0,46,0.334726,4.03664,3.98544,1.0000
pooled,hicp,hicp,0,47,0.298015,4.10268,4.03044,1.0000
pooled,hicp,hicp,0,48,0.291808,3.99104,3.94993,1.0000
pooled,hicp,stoxx,0,1,0.0084568,2.05587,1.90145,0.9693
pooled,hicp,stoxx,0,2,0.0244432,2.06856,1.96289,0.9813
pooled,hicp,stoxx,0,3,0.0370386,2.17998,2.09401,0.9873
pooled,hicp,stoxx,0,4,0.0438451,2.35804,2.26249,0.9987
pooled,hicp,stoxx,0,5,0.0474677,2.56678,2.49516,1.0000
pooled,hicp,stoxx,0,6,0.0540061,2.73279,2.65207,1.0000
pooled,hicp,stoxx,0,7,0.0583155,2.94094,2.85314,1.0000
pooled,hicp,stoxx,0,8,0.0682113,3.09108,3.00487,1.0000
pooled,hicp,stoxx,0,9,0.0830743,3.29509,3.17578,1.0000
pooled,hicp,stoxx,0,10,0.0908248,3.50844,3.39745,1.0000
pooled,hicp,stoxx,0,11,0.100372,3.74467,3.65791,1.0000
pooled,hicp,stoxx,0,12,0.105848,4.22023,4.10737,1.0000
pooled,hicp,stoxx,0,13,0.077748,5.08075,4.96538,1.0000
pooled,hicp,stoxx,0,14,0.0769064,5.61704,5.49423,1.0000
pooled,hicp,stoxx,0,15,0.088325,5.45149,5.31351,1.0000
pooled,hicp,stoxx,0,16,0.109167,4.76718,4.64113,1.0000
pooled,hicp,stoxx,0,17,0.149182,3.82460,3.72448,1.0000
pooled,hicp,stoxx,0,18,0.18695,3.05880,2.99160,1.0000
pooled,hicp,stoxx,0,19,0.220328,2.41854,2.35569,1.0000
pooled,hicp,stoxx,0,20,0.281343,1.82696,1.77262,0.9887
pooled,hicp,stoxx,0,21,0.341132,1.37214,1.34333,0.8160
pooled,hicp,stoxx,0,22,0.364882,1.03500,0.98732,0.4887
pooled,hicp,stoxx,0,23,0.381136,0.83332,0.81927,0.2587
pooled,hicp,stoxx,0,24,0.398061,0.72290,0.70661,0.1347
pooled,hicp,stoxx,0,25,0.366267,0.65200,0.63346,0.0727
pooled,hicp,stoxx,0,26,0.386535,0.60963,0.58556,0.0487
pooled,hicp,stoxx,0,27,0.402315,0.57841,0.55404,0.0353
pooled,hicp,stoxx,0,28,0.41433,0.57608,0.55768,0.0273
pooled,hicp,stoxx,0,29,0.425385,0.60476,0.58295,0.0400
pooled,hicp,stoxx,0,30,0.436437,0.66390,0.63896,0.0720
pooled,hicp,stoxx,0,31,0.435744,0.75227,0.71634,0.1467
pooled,hicp,stoxx,0,32,0.474666,0.87005,0.82867,0.2613
pooled,hicp,stoxx,0,33,0.49041,1.01477,0.98622,0.4727
pooled,hicp,stoxx,0,34,0.475684,1.15083,1.11851,0.6840
pooled,hicp,stoxx,0,35,0.449463,1.27059,1.22874,0.8260
pooled,hicp,stoxx,0,36,0.452284,1.29564,1.24217,0.8427
pooled,hicp,stoxx,0,37,0.442336,1.20467,1.16269,0.7300
pooled,hicp,stoxx,0,38,0.435726,1.13017,1.08309,0.6273
pooled,hicp,stoxx,0,39,0.445805,1.07884,1.04636,0.5740
pooled,hicp,stoxx,0,40,0.442494,1.08821,1.06951,0.5927
pooled,hicp,stoxx,0,41,0.423832,1.15932,1.11871,0.6760
pooled,hicp,stoxx,0,42,0.400616,1.28088,1.24054,0.7773
pooled,hicp,stoxx,0,43,0.39024,1.44889,1.38958,0.9040
pooled,hicp,stoxx,0,44,0.382201,1.72793,1.67211,0.9813
pooled,hicp,stoxx,0,45,0.366187,2.13666,2.08666,0.9993
pooled,hicp,stoxx,0,46,0.334726,2.64842,2.58301,1.0000
pooled,hicp,stoxx,0,47,0.298015,3.09716,3.05838,1.0000
pooled,hicp,stoxx,0,48,0.291808,3.49701,3.40052,1.0000
pooled,stoxx,mps,1,1,0.0084568,1.00000,1.00000,0.0000
pooled,stoxx,mps,1,2,0.0244432,1.00000,1.00000,0.0000
pooled,stoxx,mps,1,3,0.0370386,1.00000,1.00000,0.0000
pooled,stoxx,mps,1,4,0.0438451,1.00000,1.00000,0.0000
pooled,stoxx,mps,1,5,0.0474677,1.00000,1.00000,0.0000
pooled,stoxx,mps,1,6,0.0540061,1.00000,1.00000,0.0000
pooled,stoxx,mps,1,7,0.0583155,1.00000,1.00000,0.0000
pooled,stoxx,mps,1,8,0.0682113,1.00000,1.00000,0.0000
pooled,stoxx,mps,1,9,0.0830743,1.00000,1.00000,0.0000
pooled,stoxx,mps,1,10,0.0908248,1.00000,1.00000,0.0000
pooled,stoxx,mps,1,11,0.100372,1.00000,1.00000,0.0000
pooled,stoxx,mps,1,12,0.105848,1.00000,1.00000,0.0000
pooled,stoxx,mps,1,13,0.077748,1.00000,1.00000,0.0000
pooled,stoxx,mps,1,14,0.0769064,1.00000,1.00000,0.0000
pooled,stoxx,mps,1,15,0.088325,1.00000,1.00000,0.0000
pooled,stoxx,mps,1,16,0.109167,1.00000,1.00000,0.0000
pooled,stoxx,mps,1,17,0.149182,1.00000,1.00000,0.0000
pooled,stoxx,mps,1,18,0.18695,1.00000,1.00000,0.0000
pooled,stoxx,mps,1,19,0.220328,1.00000,1.00000,0.0000
pooled,stoxx,mps,1,20,0.281343,1.00000,1.00000,0.0000
pooled,stoxx,mps,1,21,0.341132,1.00000,1.00000,0.0000
pooled,stoxx,mps,1,22,0.364882,1.00000,1.00000,0.0000
pooled,stoxx,mps,1,23,0.381136,1.00000,1.00000,0.0000
pooled,stoxx,mps,1,24,0.398061,1.00000,1.00000,0.0000
pooled,stoxx,mps,1,25,0.366267,1.00000,1.00000,0.0000
pooled,stoxx,mps,1,26,0.386535,1.00000,1.00000,0.0000
pooled,stoxx,mps,1,27,0.402315,1.00000,1.00000,0.0000
pooled,stoxx,mps,1,28,0.41433,1.00000,1.00000,0.0000
pooled,stoxx,mps,1,29,0.425385,1.00000,1.00000,0.0000
pooled,stoxx,mps,1,30,0.436437,1.00000,1.00000,0.0000
pooled,stoxx,mps,1,31,0.435744,1.00000,1.00000,0.0000
pooled,stoxx,mps,1,32,0.474666,1.00000,1.00000,0.0000
pooled,stoxx,mps,1,33,0.49041,1.00000,1.00000,0.0000
pooled,stoxx,mps,1,34,0.475684,1.00000,1.00000,0.0000
pooled,stoxx,mps,1,35,0.449463,1.00000,1.00000,0.0000
pooled,stoxx,mps,1,36,0.452284,1.00000,1.00000,0.0000
pooled,stoxx,mps,1,37,0.442336,1.00000,1.00000,0.0000
pooled,stoxx,mps,1,38,0.435726,1.00000,1.00000,0.0000
pooled,stoxx,mps,1,39,0.445805,1.00000,1.00000,0.0000
pooled,stoxx,mps,1,40,0.442494,1.00000,1.00000,0.0000
pooled,stoxx,mps,1,41,0.423832,1.00000,1.00000,0.0000
pooled,stoxx,mps,1,42,0.400616,1.00000,1.00000,0.0000
pooled,stoxx,mps,1,43,0.39024,1.00000,1.00000,0.0000
pooled,stoxx,mps,1,44,0.382201,1.00000,1.00000,0.0000
pooled,stoxx,mps,1,45,0.366187,1.00000,1.00000,0.0000
pooled,stoxx,mps,1,46,0.334726,1.00000,1.00000,0.0000
pooled,stoxx,mps,1,47,0.298015,1.00000,1.00000,0.0000
pooled,stoxx,mps,1,48,0.291808,1.00000,1.00000,0.0000
pooled,stoxx,i1y,0,1,0.0084568,1.17574,1.00553,0.5047
pooled,stoxx,i1y,0,2,0.0244432,1.26947,1.12393,0.5887
pooled,stoxx,i1y,0,3,0.0370386,1.47123,1.33514,0.6787
pooled,stoxx,i1y,0,4,0.0438451,1.77511,1.64822,0.8047
pooled,stoxx,i1y,0,5,0.0474677,2.27951,2.15351,0.9033
pooled,stoxx,i1y,0,6,0.0540061,3.01193,2.85385,0.9893
pooled,stoxx,i1y,0,7,0.0583155,3.95460,3.76328,1.0000
pooled,stoxx,i1y,0,8,0.0682113,5.06430,4.85975,1.0000
pooled,stoxx,i1y,0,9,0.0830743,6.11574,5.93145,1.0000
pooled,stoxx,i1y,0,10,0.0908248,6.96662,6.76327,1.0000
pooled,stoxx,i1y,0,11,0.100372,7.77639,7.58080,1.0000
pooled,stoxx,i1y,0,12,0.105848,8.62834,8.32212,1.0000
pooled,stoxx,i1y,0,13,0.077748,9.65738,9.33803,1.0000
pooled,stoxx,i1y,0,14,0.0769064,10.45464,10.13154,1.0000
pooled,stoxx,i1y,0,15,0.088325,10.29723,10.06007,1.0000
pooled,stoxx,i1y,0,16,0.109167,9.58744,9.35799,1.0000
pooled,stoxx,i1y,0,17,0.149182,8.56712,8.43689,1.0000
pooled,stoxx,i1y,0,18,0.18695,7.51052,7.34495,1.0000
pooled,stoxx,i1y,0,19,0.220328,6.41966,6.23620,1.0000
pooled,stoxx,i1y,0,20,0.281343,5.36612,5.25939,1.0000
pooled,stoxx,i1y,0,21,0.341132,4.56472,4.49181,1.0000
pooled,stoxx,i1y,0,22,0.364882,4.09150,4.01300,1.0000
pooled,stoxx,i1y,0,23,0.381136,3.70611,3.59973,1.0000
pooled,stoxx,i1y,0,24,0.398061,3.42822,3.30123,1.0000
pooled,stoxx,i1y,0,25,0.366267,3.27679,3.18820,1.0000
pooled,stoxx,i1y,0,26,0.386535,3.15753,3.07151,1.0000
pooled,stoxx,i1y,0,27,0.402315,3.00304,2.89300,1.0000
pooled,stoxx,i1y,0,28,0.41433,2.88319,2.78703,0.9993
pooled,stoxx,i1y,0,29,0.425385,2.73943,2.66647,1.0000
pooled,stoxx,i1y,0,30,0.436437,2.60892,2.53305,1.0000
pooled,stoxx,i1y,0,31,0.435744,2.45083,2.35110,1.0000
pooled,stoxx,i1y,0,32,0.474666,2.30044,2.26212,0.9973
pooled,stoxx,i1y,0,33,0.49041,2.18559,2.09032,0.9993
pooled,stoxx,i1y,0,34,0.475684,2.08452,2.01119,0.9967
pooled,stoxx,i1y,0,35,0.449463,1.96873,1.91624,0.9887
pooled,stoxx,i1y,0,36,0.452284,1.86029,1.80324,0.9793
pooled,stoxx,i1y,0,37,0.442336,1.78145,1.69749,0.9827
pooled,stoxx,i1y,0,38,0.435726,1.66908,1.59610,0.9633
pooled,stoxx,i1y,0,39,0.445805,1.55907,1.50864,0.9373
pooled,stoxx,i1y,0,40,0.442494,1.49995,1.45452,0.9220
pooled,stoxx,i1y,0,41,0.423832,1.48411,1.44548,0.9187
pooled,stoxx,i1y,0,42,0.400616,1.51730,1.46558,0.9373
pooled,stoxx,i1y,0,43,0.39024,1.56552,1.50381,0.9480
pooled,stoxx,i1y,0,44,0.382201,1.60406,1.53413,0.9507
pooled,stoxx,i1y,0,45,0.366187,1.61996,1.53128,0.9453
pooled,stoxx,i1y,0,46,0.334726,1.61860,1.56990,0.9280
pooled,stoxx,i1y,0,47,0.298015,1.60050,1.52181,0.9427
pooled,stoxx,i1y,0,48,0.291808,1.58512,1.51311,0.8980
pooled,stoxx,ip,0,1,0.0084568,1.11248,1.07931,0.5580
pooled,stoxx,ip,0,2,0.0244432,1.13636,1.09220,0.5900
pooled,stoxx,ip,0,3,0.0370386,1.22943,1.20345,0.6247
pooled,stoxx,ip,0,4,0.0438451,1.41067,1.37067,0.7107
pooled,stoxx,ip,0,5,0.0474677,1.68060,1.64714,0.8033
pooled,stoxx,ip,0,6,0.0540061,2.06224,2.05464,0.9173
pooled,stoxx,ip,0,7,0.0583155,2.66622,2.61813,0.9913
pooled,stoxx,ip,0,8,0.0682113,3.46497,3.43461,1.0000
pooled,stoxx,ip,0,9,0.0830743,4.34847,4.34754,1.0000
pooled,stoxx,ip,0,10,0.0908248,5.32773,5.23223,1.0000
pooled,stoxx,ip,0,11,0.100372,6.28883,6.14596,1.0000
pooled,stoxx,ip,0,12,0.105848,7.22822,7.10592,1.0000
pooled,stoxx,ip,0,13,0.077748,8.56052,8.35976,1.0000
pooled,stoxx,ip,0,14,0.0769064,9.39920,9.14132,1.0000
pooled,stoxx,ip,0,15,0.088325,9.63882,9.45269,1.0000
pooled,stoxx,ip,0,16,0.109167,9.33876,9.14480,1.0000
pooled,stoxx,ip,0,17,0.149182,8.65780,8.46255,1.0000
pooled,stoxx,ip,0,18,0.18695,7.91982,7.77601,1.0000
pooled,stoxx,ip,0,19,0.220328,7.02721,6.93531,1.0000
pooled,stoxx,ip,0,20,0.281343,5.99599,5.93171,1.0000
pooled,stoxx,ip,0,21,0.341132,5.20720,5.12561,1.0000
pooled,stoxx,ip,0,22,0.364882,4.70125,4.65250,1.0000
pooled,stoxx,ip,0,23,0.381136,4.41269,4.36260,1.0000
pooled,stoxx,ip,0,24,0.398061,4.15567,4.09566,1.0000
pooled,stoxx,ip,0,25,0.366267,4.06403,3.99779,1.0000
pooled,stoxx,ip,0,26,0.386535,3.83057,3.76734,1.0000
pooled,stoxx,ip,0,27,0.402315,3.53075,3.46304,1.0000
pooled,stoxx,ip,0,28,0.41433,3.21971,3.15639,1.0000
pooled,stoxx,ip,0,29,0.425385,2.95747,2.90945,1.0000
pooled,stoxx,ip,0,30,0.436437,2.80547,2.75911,1.0000
pooled,stoxx,ip,0,31,0.435744,2.71774,2.67507,1.0000
pooled,stoxx,ip,0,32,0.474666,2.62837,2.57049,1.0000
pooled,stoxx,ip,0,33,0.49041,2.57679,2.54708,1.0000
pooled,stoxx,ip,0,34,0.475684,2.56814,2.53142,1.0000
pooled,stoxx,ip,0,35,0.449463,2.59171,2.55292,1.0000
pooled,stoxx,ip,0,36,0.452284,2.54476,2.49204,1.0000
pooled,stoxx,ip,0,37,0.442336,2.48809,2.43118,1.0000
pooled,stoxx,ip,0,38,0.435726,2.39212,2.36011,1.0000
pooled,stoxx,ip,0,39,0.445805,2.28341,2.24525,1.0000
pooled,stoxx,ip,0,40,0.442494,2.13282,2.09414,1.0000
pooled,stoxx,ip,0,41,0.423832,1.94869,1.89430,0.9993
pooled,stoxx,ip,0,42,0.400616,1.79007,1.74665,0.9900
pooled,stoxx,ip,0,43,0.39024,1.64653,1.60428,0.9627
pooled,stoxx,ip,0,44,0.382201,1.56184,1.52803,0.9260
pooled,stoxx,ip,0,45,0.366187,1.49760,1.44497,0.9107
pooled,stoxx,ip,0,46,0.334726,1.46235,1.41434,0.8660
pooled,stoxx,ip,0,47,0.298015,1.42078,1.34755,0.8027
pooled,stoxx,ip,0,48,0.291808,1.42714,1.35685,0.7533
pooled,stoxx,hicp,0,1,0.0084568,0.35073,0.31977,0.0167
pooled,stoxx,hicp,0,2,0.0244432,0.33276,0.30887,0.0067
pooled,stoxx,hicp,0,3,0.0370386,0.32969,0.30415,0.0060
pooled,stoxx,hicp,0,4,0.0438451,0.33202,0.31278,0.0027
pooled,stoxx,hicp,0,5,0.0474677,0.34228,0.32523,0.0073
pooled,stoxx,hicp,0,6,0.0540061,0.35349,0.33256,0.0127
pooled,stoxx,hicp,0,7,0.0583155,0.37780,0.35640,0.0127
pooled,stoxx,hicp,0,8,0.0682113,0.39790,0.38019,0.0127
pooled,stoxx,hicp,0,9,0.0830743,0.41480,0.40058,0.0080
pooled,stoxx,hicp,0,10,0.0908248,0.42901,0.41287,0.0113
pooled,stoxx,hicp,0,11,0.100372,0.44262,0.41744,0.0127
pooled,stoxx,hicp,0,12,0.105848,0.46959,0.44116,0.0187
pooled,stoxx,hicp,0,13,0.077748,0.50185,0.45004,0.0320
pooled,stoxx,hicp,0,14,0.0769064,0.55054,0.50889,0.0433
pooled,stoxx,hicp,0,15,0.088325,0.60023,0.58584,0.0480
pooled,stoxx,hicp,0,16,0.109167,0.65754,0.62938,0.1013
pooled,stoxx,hicp,0,17,0.149182,0.71863,0.70446,0.1173
pooled,stoxx,hicp,0,18,0.18695,0.78232,0.74702,0.1827
pooled,stoxx,hicp,0,19,0.220328,0.82474,0.79942,0.1940
pooled,stoxx,hicp,0,20,0.281343,0.86757,0.84648,0.2493
pooled,stoxx,hicp,0,21,0.341132,0.90872,0.88599,0.3087
pooled,stoxx,hicp,0,22,0.364882,0.92665,0.90649,0.3393
pooled,stoxx,hicp,0,23,0.381136,0.92878,0.91342,0.3387
pooled,stoxx,hicp,0,24,0.398061,0.92380,0.90290,0.3213
pooled,stoxx,hicp,0,25,0.366267,0.88725,0.86485,0.2500
pooled,stoxx,hicp,0,26,0.386535,0.80580,0.77631,0.1387
pooled,stoxx,hicp,0,27,0.402315,0.74429,0.72152,0.0847
pooled,stoxx,hicp,0,28,0.41433,0.68604,0.66228,0.0467
pooled,stoxx,hicp,0,29,0.425385,0.59965,0.57669,0.0173
pooled,stoxx,hicp,0,30,0.436437,0.50688,0.49756,0.0033
pooled,stoxx,hicp,0,31,0.435744,0.42260,0.41138,0.0007
pooled,stoxx,hicp,0,32,0.474666,0.33966,0.32669,0.0000
pooled,stoxx,hicp,0,33,0.49041,0.27140,0.26121,0.0000
pooled,stoxx,hicp,0,34,0.475684,0.22357,0.20684,0.0000
pooled,stoxx,hicp,0,35,0.449463,0.19130,0.17462,0.0000
pooled,stoxx,hicp,0,36,0.452284,0.16686,0.14357,0.0000
pooled,stoxx,hicp,0,37,0.442336,0.14931,0.13246,0.0000
pooled,stoxx,hicp,0,38,0.435726,0.13395,0.11874,0.0000
pooled,stoxx,hicp,0,39,0.445805,0.12182,0.11042,0.0000
pooled,stoxx,hicp,0,40,0.442494,0.10983,0.10287,0.0000
pooled,stoxx,hicp,0,41,0.423832,0.10394,0.09697,0.0000
pooled,stoxx,hicp,0,42,0.400616,0.09912,0.09493,0.0000
pooled,stoxx,hicp,0,43,0.39024,0.09603,0.09115,0.0000
pooled,stoxx,hicp,0,44,0.382201,0.09635,0.09233,0.0000
pooled,stoxx,hicp,0,45,0.366187,0.09913,0.09223,0.0000
pooled,stoxx,hicp,0,46,0.334726,0.10404,0.09339,0.0000
pooled,stoxx,hicp,0,47,0.298015,0.10890,0.09439,0.0000
pooled,stoxx,hicp,0,48,0.291808,0.11210,0.09385,0.0000
pooled,stoxx,stoxx,0,1,0.0084568,0.26206,0.23588,0.0000
pooled,stoxx,stoxx,0,2,0.0244432,0.25232,0.23589,0.0000
pooled,stoxx,stoxx,0,3,0.0370386,0.24772,0.23510,0.0000
pooled,stoxx,stoxx,0,4,0.0438451,0.24706,0.23189,0.0000
pooled,stoxx,stoxx,0,5,0.0474677,0.24782,0.23092,0.0000
pooled,stoxx,stoxx,0,6,0.0540061,0.24952,0.22791,0.0000
pooled,stoxx,stoxx,0,7,0.0583155,0.24994,0.23127,0.0000
pooled,stoxx,stoxx,0,8,0.0682113,0.25091,0.23619,0.0000
pooled,stoxx,stoxx,0,9,0.0830743,0.25195,0.22753,0.0000
pooled,stoxx,stoxx,0,10,0.0908248,0.25712,0.23689,0.0000
pooled,stoxx,stoxx,0,11,0.100372,0.26534,0.23704,0.0000
pooled,stoxx,stoxx,0,12,0.105848,0.27532,0.25413,0.0000
pooled,stoxx,stoxx,0,13,0.077748,0.28460,0.26356,0.0000
pooled,stoxx,stoxx,0,14,0.0769064,0.28922,0.27307,0.0000
pooled,stoxx,stoxx,0,15,0.088325,0.30016,0.28998,0.0000
pooled,stoxx,stoxx,0,16,0.109167,0.31320,0.30052,0.0000
pooled,stoxx,stoxx,0,17,0.149182,0.32473,0.31632,0.0000
pooled,stoxx,stoxx,0,18,0.18695,0.33927,0.32424,0.0007
pooled,stoxx,stoxx,0,19,0.220328,0.35867,0.34074,0.0020
pooled,stoxx,stoxx,0,20,0.281343,0.38646,0.36362,0.0020
pooled,stoxx,stoxx,0,21,0.341132,0.41759,0.39701,0.0007
pooled,stoxx,stoxx,0,22,0.364882,0.45175,0.42606,0.0040
pooled,stoxx,stoxx,0,23,0.381136,0.49796,0.48198,0.0087
pooled,stoxx,stoxx,0,24,0.398061,0.56746,0.54221,0.0167
pooled,stoxx,stoxx,0,25,0.366267,0.65400,0.62989,0.0693
pooled,stoxx,stoxx,0,26,0.386535,0.75333,0.73177,0.1420
pooled,stoxx,stoxx,0,27,0.402315,0.87236,0.85783,0.2593
pooled,stoxx,stoxx,0,28,0.41433,1.00959,0.99287,0.4847
pooled,stoxx,stoxx,0,29,0.425385,1.14586,1.13479,0.7133
pooled,stoxx,stoxx,0,30,0.436437,1.26843,1.24625,0.8527
pooled,stoxx,stoxx,0,31,0.435744,1.36661,1.34761,0.9307
pooled,stoxx,stoxx,0,32,0.474666,1.41681,1.38543,0.9613
pooled,stoxx,stoxx,0,33,0.49041,1.44568,1.41708,0.9673
pooled,stoxx,stoxx,0,34,0.475684,1.48574,1.46159,0.9873
pooled,stoxx,stoxx,0,35,0.449463,1.53337,1.49594,0.9920
pooled,stoxx,stoxx,0,36,0.452284,1.54746,1.51388,0.9920
pooled,stoxx,stoxx,0,37,0.442336,1.55583,1.52009,0.9920
pooled,stoxx,stoxx,0,38,0.435726,1.55738,1.52137,0.9933
pooled,stoxx,stoxx,0,39,0.445805,1.56380,1.54206,0.9920
pooled,stoxx,stoxx,0,40,0.442494,1.56920,1.53257,0.9920
pooled,stoxx,stoxx,0,41,0.423832,1.56778,1.55074,0.9907
pooled,stoxx,stoxx,0,42,0.400616,1.58094,1.55712,0.9920
pooled,stoxx,stoxx,0,43,0.39024,1.59873,1.56848,0.9933
pooled,stoxx,stoxx,0,44,0.382201,1.62692,1.61010,0.9953
pooled,stoxx,stoxx,0,45,0.366187,1.67923,1.65881,0.9920
pooled,stoxx,stoxx,0,46,0.334726,1.73055,1.71367,0.9940
pooled,stoxx,stoxx,0,47,0.298015,1.80303,1.77183,0.9933
pooled,stoxx,stoxx,0,48,0.291808,1.83128,1.79100,0.9880
