Date_time,Event_type,Days_until_next_GC,Non_regular_trading_day,Outside_regular_trading_hours,OIS_1M,OIS_2M,OIS_3M,OIS_6M,OIS_1Y,OIS_2Y,STOXX50E
1999-01-07 13:45:00,GC_ME,0,0,0,0.000000,,,-0.500000,0.000000,,-0.715447
1999-01-07 13:45:00,GC_PR,0,0,0,0.000000,,,-0.500000,0.000000,,-0.355252
1999-01-07 14:30:00,GC_PC,0,0,0,0.000000,,,,,,-0.278229
1999-01-08 09:00:00,EB,13,0,1,0.000000,,-1.000000,0.000000,-1.250000,,-0.010445
1999-01-14 13:15:00,EB,7,0,0,-0.500000,,0.000000,0.000000,-0.500000,,-0.454655
1999-01-14 18:15:00,EB,7,0,1,,,,,,,
1999-01-18 15:00:00,P,3,0,0,0.000000,-1.000000,-1.000000,-1.000000,-1.000000,,0.196517
1999-01-19 18:00:00,P,2,0,1,,,,,,,
1999-01-21 13:45:00,GC_ME,0,0,0,,0.000000,0.000000,0.000000,-1.000000,,-1.652109
1999-01-21 13:45:00,GC_PR,0,0,0,,0.000000,,-0.500000,-0.500000,,-0.211902
1999-01-21 14:30:00,GC_PC,0,0,0,,0.000000,0.000000,0.000000,0.000000,,-1.089343
1999-01-25 19:00:00,P,24,0,1,,,,-0.500000,,,
1999-01-28 19:00:00,EB,21,0,1,,,,,,,
1999-01-30 11:45:00,EB,19,1,0,,,,,,,
1999-02-01 20:00:00,EB,17,0,1,,,,,,,
1999-02-04 18:30:00,P,14,0,1,,,,,,,
1999-02-05 09:00:00,EB,13,0,1,0.000000,-2.000000,18.000000,0.000000,0.000000,,-0.009508
1999-02-08 15:00:00,EB,10,0,0,,,-0.500000,-0.500000,-0.500000,,0.076070
1999-02-09 18:00:00,P,9,0,1,,,,,1.000000,,
1999-02-12 08:30:00,EB,6,0,1,,,,,,,
1999-02-18 13:45:00,GC_ME,0,0,0,-0.500000,,0.500000,0.000000,0.000000,,-0.175794
1999-02-18 13:45:00,GC_PR,0,0,0,,,,0.000000,-0.500000,,0.174309
1999-02-18 14:30:00,GC_PC,0,0,0,,,0.500000,0.500000,0.000000,,-0.263163
1999-02-22 19:00:00,P,10,0,1,,,,,,,
1999-02-24 02:00:00,EB,8,0,1,,,,,,,
1999-02-24 18:30:00,EB,8,0,1,,,,,,,
1999-02-25 05:20:00,EB,7,0,1,,,,,,,
1999-02-25 14:00:00,EB,7,0,0,2.500000,0.500000,1.000000,1.500000,0.000000,,-0.081260
1999-03-04 13:45:00,GC_ME,0,0,0,,,0.000000,0.000000,0.000000,,0.158085
1999-03-04 13:45:00,GC_PR,0,0,0,,,-0.500000,0.000000,0.000000,,0.274507
1999-03-04 14:30:00,GC_PC,0,0,0,,-1.000000,-0.500000,0.000000,0.000000,,-0.314092
1999-03-08 18:15:00,EB,10,0,1,,,,,0.500000,,
1999-03-09 04:40:00,EB,9,0,1,,,,,,,
1999-03-09 08:30:00,EB,9,0,1,,,,,,,
1999-03-10 02:00:00,EB,8,0,1,,,,,,,
1999-03-10 18:00:00,EB,8,0,1,,,0.000000,,,,
1999-03-16 11:00:00,EB,2,0,0,1.000000,1.500000,2.000000,,0.000000,,-0.087345
1999-03-18 13:45:00,GC_ME,0,0,0,-1.500000,-1.000000,0.500000,-1.500000,0.000000,,0.538023
1999-03-18 13:45:00,GC_PR,0,0,0,-0.500000,0.000000,0.500000,1.000000,1.000000,,0.060940
1999-03-18 14:30:00,GC_PC,0,0,0,-1.000000,-0.750000,-1.000000,-1.000000,-1.500000,,0.481325
1999-03-19 15:30:00,EB,20,0,0,,,-0.500000,3.000000,0.000000,,-0.375592
1999-03-24 09:30:00,EB,15,0,0,0.000000,0.000000,0.000000,-0.500000,-0.500000,,-0.940534
1999-03-24 17:00:00,EB,15,0,0,-0.500000,0.000000,-0.500000,0.000000,-1.000000,,0.385069
1999-03-24 19:30:00,EB,15,0,1,,,,,,,
1999-03-25 12:00:00,EB,14,0,0,,,-1.000000,,,,0.191146
1999-03-25 12:00:00,EB,14,0,0,,,-1.000000,,,,0.191146
1999-03-25 14:45:00,P,14,0,0,0.000000,5.500000,-0.500000,1.000000,-1.000000,,0.592521
1999-04-08 13:45:00,GC_ME,0,0,0,2.500000,1.500000,2.000000,0.700000,1.000000,,-0.293713
1999-04-08 13:45:00,GC_PR,0,0,0,1.000000,1.000000,1.000000,0.700000,0.000000,,-0.096814
1999-04-08 14:30:00,GC_PC,0,0,0,3.000000,0.700000,0.400000,0.550000,1.100000,,-0.357572
1999-04-12 18:00:00,EB,10,0,1,,,,,0.200000,,
1999-04-12 18:00:00,EB,10,0,1,,,,,0.200000,,
1999-04-15 08:45:00,EB,7,0,1,,1.200000,0.300000,-0.300000,-0.050000,,0.137385
1999-04-15 10:00:00,EB,7,0,0,0.000000,-2.500000,0.000000,-0.100000,0.200000,,-0.433046
1999-04-15 10:00:00,EB,7,0,0,0.000000,-2.500000,0.000000,-0.100000,0.200000,,-0.433046
1999-04-19 15:00:00,P,3,0,0,,1.000000,0.000000,0.000000,1.500000,,0.090607
1999-04-22 13:45:00,GC_ME,0,0,0,,0.500000,0.000000,0.000000,0.500000,,0.078551
1999-04-22 13:45:00,GC_PR,0,0,0,,0.500000,0.500000,0.000000,0.000000,,0.095345
1999-04-22 14:30:00,GC_PC,0,0,0,,0.000000,-0.500000,0.000000,0.300000,,-0.277191
1999-04-22 22:00:00,EB,14,0,1,,,,,,,
1999-04-24 19:00:00,EB,12,1,1,,,,,,,
1999-04-27 12:20:00,P,9,0,0,0.000000,,0.100000,-0.100000,-0.100000,,0.038642
1999-04-29 18:45:00,EB,7,0,1,,,,,,,
1999-05-03 02:30:00,EB,3,0,1,,,,,,,
1999-05-04 14:15:00,P,2,0,0,,,,0.000000,,,-0.180808
1999-05-06 13:45:00,GC_ME,0,0,0,,,,0.200000,0.800000,,-0.360207
1999-05-06 13:45:00,GC_PR,0,0,0,,,,-0.350000,0.200000,,-0.108812
1999-05-06 14:30:00,GC_PC,0,0,0,,-0.200000,,0.200000,0.500000,,-0.297679
1999-05-07 09:30:00,EB,13,0,0,,0.200000,,,0.000000,,-0.139895
1999-05-07 10:45:00,EB,13,0,0,,,,0.000000,-0.500000,,-0.254853
1999-05-07 14:00:00,EB,13,0,0,,,,0.000000,-0.100000,,0.647926
1999-05-10 20:00:00,EB,10,0,1,,,,,,,
1999-05-11 10:45:00,EB,9,0,0,,,-0.400000,-0.600000,-0.900000,,-0.232432
1999-05-12 11:45:00,EB,8,0,0,,,,,,,0.170899
1999-05-13 17:00:00,EB,7,0,0,,,,,-1.500000,,-0.021113
1999-05-13 19:30:00,EB,7,0,1,,,,,,,
1999-05-17 17:00:00,EB,3,0,0,,0.000000,,0.000000,-0.100000,,-0.100622
1999-05-20 13:45:00,GC_ME,0,0,0,,,0.000000,0.000000,0.000000,,-0.102918
1999-05-20 13:45:00,GC_PR,0,0,0,,,0.000000,0.000000,0.000000,,-0.020148
1999-05-20 14:30:00,GC_PC,0,0,0,,,0.000000,0.000000,0.000000,,-0.052303
1999-05-20 18:30:00,P,13,0,1,,,,,1.000000,,
1999-05-26 16:00:00,P,7,0,0,,,0.000000,0.000000,0.000000,,-0.450974
1999-05-26 17:40:00,EB,7,0,1,,,0.000000,0.000000,0.000000,,
1999-05-27 19:30:00,EB,6,0,1,,,,,,,
1999-05-31 18:00:00,EB,2,0,1,,,,,,,
1999-06-02 13:45:00,GC_ME,0,0,0,0.500000,0.000000,-1.000000,0.500000,0.000000,,0.100944
1999-06-02 13:45:00,GC_PR,0,0,0,0.500000,0.000000,0.000000,-1.000000,0.000000,,0.179210
1999-06-02 14:30:00,GC_PC,0,0,0,0.500000,0.000000,-1.000000,1.500000,0.000000,,-0.038940
1999-06-03 09:15:00,P,14,0,1,0.000000,0.000000,-0.500000,-1.333333,-1.000000,,
1999-06-03 11:15:00,EB,14,0,0,,0.500000,0.000000,0.500000,-1.000000,,0.033533
1999-06-07 11:30:00,EB,10,0,0,,0.000000,-0.500000,0.000000,0.000000,,0.365646
1999-06-10 08:45:00,EB,7,0,1,0.500000,,0.000000,-1.000000,1.000000,,
1999-06-10 11:30:00,EB,7,0,0,-0.500000,0.000000,0.000000,-1.000000,0.000000,,
1999-06-10 11:30:00,EB,7,0,0,-0.500000,0.000000,0.000000,-1.000000,0.000000,,
1999-06-10 18:00:00,EB,7,0,1,0.000000,,0.000000,0.500000,0.000000,,
1999-06-11 11:15:00,EB,6,0,0,-0.500000,1.000000,1.000000,1.500000,-0.500000,,-0.101061
1999-06-11 11:30:00,EB,6,0,0,-2.000000,1.000000,0.000000,0.000000,1.500000,,-0.156026
1999-06-11 14:15:00,EB,6,0,0,-3.500000,,-2.000000,-0.500000,-0.500000,,0.392664
1999-06-17 13:45:00,GC_ME,0,0,0,1.000000,,,1.000000,0.500000,,-0.353650
1999-06-17 13:45:00,GC_PR,0,0,0,1.000000,,,0.500000,0.500000,,-0.295191
1999-06-17 14:30:00,GC_PC,0,0,0,0.000000,,,0.500000,1.000000,,-0.206491
1999-06-17 17:00:00,EB,14,0,0,,,,-1.000000,-2.000000,,
1999-06-18 13:00:00,EB,13,0,0,,0.000000,0.000000,0.000000,1.000000,,0.276874
1999-06-21 12:45:00,EB,10,0,0,,,0.000000,0.000000,0.000000,,0.012653
1999-06-23 12:00:00,EB,8,0,0,1.500000,,0.500000,0.000000,0.000000,,-0.152017
1999-06-23 13:20:00,EB,8,0,0,,,1.000000,0.000000,1.000000,,0.177667
1999-06-24 16:00:00,EB,7,0,0,,,-0.500000,1.000000,1.000000,,-0.041950
1999-06-28 10:30:00,EB,3,0,0,-0.500000,0.000000,0.000000,0.000000,-1.500000,,0.258861
1999-06-30 11:30:00,EB,1,0,0,0.500000,0.500000,0.000000,0.000000,1.000000,,-0.305843
1999-07-01 13:45:00,GC_ME,0,0,0,,,0.500000,1.500000,3.500000,,-0.276910
1999-07-01 13:45:00,GC_PR,0,0,0,,,2.000000,1.000000,2.250000,,-0.020904
1999-07-01 14:30:00,GC_PC,0,0,0,0.000000,,,-0.000000,1.500000,,-0.203252
1999-07-01 18:00:00,EB,14,0,1,,0.000000,0.000000,-1.500000,-1.500000,,
1999-07-02 11:30:00,EB,13,0,0,,0.000000,1.500000,1.500000,-0.250000,,0.008018
1999-07-02 14:00:00,EB,13,0,0,,,-0.500000,-1.750000,-0.500000,,0.094677
1999-07-07 07:45:00,EB,8,0,1,,-1.500000,1.000000,0.000000,0.500000,,
1999-07-08 07:45:00,EB,7,0,1,,,,0.000000,1.500000,,
1999-07-09 11:00:00,EB,6,0,0,13.000000,,29.000000,-0.750000,-0.000000,,0.072280
1999-07-15 13:45:00,GC_ME,0,0,0,,,0.500000,2.500000,5.250000,,0.555298
1999-07-15 13:45:00,GC_PR,0,0,0,,0.000000,0.000000,-2.000000,-0.500000,,0.068684
1999-07-15 14:30:00,GC_PC,0,0,0,,,0.500000,2.500000,6.500000,,0.503589
1999-07-19 07:00:00,EB,10,0,1,,,,,,,
1999-07-19 14:00:00,EB,10,0,0,,,,2.000000,1.000000,,0.213569
1999-07-23 11:00:00,EB,6,0,0,,,36.000000,-0.500000,0.000000,,-0.144141
1999-07-29 13:45:00,GC_ME,0,0,0,,0.000000,0.000000,0.000000,-1.000000,,-1.585166
1999-07-29 13:45:00,GC_PR,0,0,0,0.000000,,0.000000,-0.500000,-0.500000,,-0.072202
1999-07-29 14:30:00,GC_PC,0,0,0,,0.000000,0.000000,0.000000,-0.500000,,-1.544776
1999-08-06 14:00:00,EB,20,0,0,,,0.000000,0.000000,101.000000,,-0.940438
1999-08-21 09:00:00,EB,5,1,1,,,,,,,
1999-08-26 13:45:00,GC_ME,0,0,0,0.500000,0.000000,0.000000,-0.500000,0.000000,,0.336694
1999-08-26 13:45:00,GC_PR,0,0,0,-1.000000,0.000000,0.000000,0.000000,0.000000,,-0.235321
1999-08-26 14:30:00,GC_PC,0,0,0,0.000000,-1.000000,0.500000,0.000000,-0.500000,,0.519537
1999-09-01 18:00:00,EB,8,0,1,0.000000,0.000000,0.000000,-0.500000,-0.500000,,
1999-09-08 11:15:00,EB,1,0,0,,,,-0.500000,-0.500000,,-0.150013
1999-09-09 13:45:00,GC_ME,0,0,0,-0.750000,,-4.000000,-1.000000,0.000000,,0.003122
1999-09-09 13:45:00,GC_PR,0,0,0,-2.500000,,-4.250000,-3.500000,-3.000000,,0.116572
1999-09-09 14:30:00,GC_PC,0,0,0,-1.000000,,0.000000,-1.000000,-26.000000,,-0.195287
1999-09-10 10:10:00,EB,13,0,0,,,,-2.000000,-1.000000,,0.411230
1999-09-10 10:30:00,EB,13,0,0,,,,-2.000000,-2.500000,,0.072978
1999-09-10 11:00:00,P,13,0,0,,,,-1.000000,-1.000000,,-0.114504
1999-09-13 17:00:00,EB,10,0,0,-4.000000,0.000000,0.000000,-0.500000,5.000000,,
1999-09-18 15:00:00,EB,5,1,0,,,,,,,
1999-09-20 11:15:00,EB,3,0,0,,,,-1.000000,0.000000,,0.125236
1999-09-23 13:45:00,GC_ME,0,0,0,-8.000000,-3.500000,-2.000000,-0.500000,-1.000000,,-0.081230
1999-09-23 13:45:00,GC_PR,0,0,0,-4.500000,0.000000,-0.500000,-0.500000,-1.000000,,0.251948
1999-09-23 14:30:00,GC_PC,0,0,0,-3.500000,-3.500000,-1.500000,0.000000,0.000000,,-0.300292
1999-09-24 13:30:00,EB,13,0,0,,,,0.500000,0.500000,,-0.119194
1999-09-25 02:15:00,EB,12,1,1,,,,,,,
1999-09-25 13:30:00,EB,12,1,0,,,,,,,
1999-09-26 21:00:00,P,11,1,1,,,,,,,
1999-09-27 15:00:00,EB,10,0,0,,,0.000000,0.500000,0.500000,,0.020438
1999-09-28 18:30:00,EB,9,0,1,,,,0.000000,0.000000,,
1999-09-29 19:00:00,EB,8,0,1,,,,,,,
1999-10-01 11:10:00,EB,6,0,0,1.000000,1.000000,0.500000,-1.000000,-0.500000,,0.130794
1999-10-01 14:45:00,P,6,0,0,-2.000000,-1.500000,0.500000,3.000000,3.500000,,-0.446633
1999-10-07 13:45:00,GC_ME,0,0,0,-15.500000,-12.500000,-7.500000,-5.000000,-7.875000,,-0.269924
1999-10-07 13:45:00,GC_PR,0,0,0,-8.000000,-9.500000,-5.500000,-3.000000,-3.875000,,-0.140646
1999-10-07 14:30:00,GC_PC,0,0,0,-5.000000,-4.500000,-3.000000,-2.875000,-4.250000,,-0.080257
1999-10-09 10:00:00,EB,12,1,0,,,,,,,
1999-10-09 11:15:00,EB,12,1,0,,,,,,,
1999-10-11 12:25:00,P,10,0,0,1.000000,-24.250000,0.500000,0.500000,0.000000,,0.008724
1999-10-13 16:00:00,EB,8,0,0,0.500000,,0.500000,-1.000000,0.500000,,-0.162438
1999-10-13 16:30:00,P,8,0,0,0.500000,,-1.500000,-1.000000,0.500000,,-0.248928
1999-10-13 20:45:00,EB,8,0,1,,,,,,,
1999-10-14 09:50:00,EB,7,0,0,-1.000000,-0.250000,-0.500000,0.000000,0.500000,,0.570415
1999-10-14 11:00:00,EB,7,0,0,2.000000,3.000000,0.500000,0.500000,1.500000,,-0.307235
1999-10-14 20:00:00,EB,7,0,1,,,,,,,
1999-10-15 10:00:00,P,6,0,0,0.500000,1.000000,-11.000000,1.500000,-3.000000,,-0.245126
1999-10-18 19:00:00,EB,3,0,1,,,,,,,
1999-10-21 13:45:00,GC_ME,0,0,0,-7.500000,-5.500000,-0.500000,0.000000,-0.250000,,-0.885684
1999-10-21 13:45:00,GC_PR,0,0,0,-9.500000,-6.500000,-4.000000,-1.000000,-3.625000,,-0.323371
1999-10-21 14:30:00,GC_PC,0,0,0,1.000000,1.000000,5.000000,1.250000,2.000000,,-0.224736
1999-10-25 10:50:00,EB,10,0,0,,,0.500000,1.500000,1.000000,,0.118501
1999-10-25 14:00:00,EB,10,0,0,0.500000,2.500000,2.000000,1.500000,1.000000,,-0.434952
1999-10-25 14:00:00,EB,10,0,0,0.500000,2.500000,2.000000,1.500000,1.000000,,-0.434952
1999-10-25 18:00:00,EB,10,0,1,,,,,1.000000,,
1999-10-26 17:00:00,EB,9,0,0,,,0.000000,0.000000,0.500000,,
1999-10-26 20:00:00,EB,9,0,1,,,,,,,
1999-10-28 14:30:00,EB,7,0,0,,,0.000000,0.000000,-1.000000,,1.335614
1999-10-29 15:15:00,EB,6,0,0,2.500000,2.000000,0.000000,0.500000,1.000000,,0.562961
1999-10-30 12:15:00,EB,5,1,0,,,,,,,
1999-11-04 13:45:00,GC_ME,0,0,0,,6.500000,1.500000,2.500000,1.000000,,0.531028
1999-11-04 13:45:00,GC_PR,0,0,0,10.666667,6.250000,1.250000,5.000000,4.000000,,-0.007532
1999-11-04 14:30:00,GC_PC,0,0,0,,-2.000000,-1.500000,-2.500000,-2.000000,,0.455614
1999-11-05 09:00:00,EB,13,0,1,0.000000,-1.500000,0.000000,1.000000,0.500000,,
1999-11-05 15:30:00,P,13,0,0,0.000000,0.500000,1.500000,-0.500000,0.500000,,-0.032593
1999-11-05 18:15:00,P,13,0,1,,,,0.000000,-1.000000,,
1999-11-08 20:00:00,EB,10,0,1,,,,,,,
1999-11-09 18:15:00,EB,9,0,1,,,0.000000,,-1.000000,,
1999-11-11 09:30:00,EB,7,0,0,0.500000,0.500000,0.500000,2.000000,0.500000,,0.712154
1999-11-11 12:15:00,EB,7,0,0,,,,,-1.000000,,0.148913
1999-11-11 13:30:00,EB,7,0,0,,,-4.000000,,-2.500000,,-0.044988
1999-11-11 15:00:00,EB,7,0,0,,,2.000000,0.000000,0.000000,,0.354221
1999-11-11 16:30:00,EB,7,0,0,,,0.500000,0.000000,0.500000,,0.465340
1999-11-11 17:30:00,P,7,0,1,,,0.000000,,0.000000,,
1999-11-12 09:30:00,EB,6,0,0,1.000000,1.000000,0.000000,0.500000,0.500000,,0.340304
1999-11-12 12:15:00,EB,6,0,0,1.000000,0.000000,0.000000,-0.500000,-1.000000,,0.175867
1999-11-15 14:15:00,EB,3,0,0,,,,0.000000,0.500000,,0.316108
1999-11-15 19:40:00,EB,3,0,1,,,,,,,
1999-11-16 16:00:00,EB,2,0,0,,,,,0.500000,,0.352457
1999-11-18 13:45:00,GC_ME,0,0,0,0.000000,0.000000,0.400000,-0.000000,-0.400000,,0.269278
1999-11-18 13:45:00,GC_PR,0,0,0,0.000000,0.000000,0.500000,0.250000,-0.350000,,0.037897
1999-11-18 14:30:00,GC_PC,0,0,0,-0.100000,0.000000,0.000000,0.000000,-0.600000,,0.287927
1999-11-19 10:00:00,P,13,0,0,0.500000,0.000000,-0.500000,-0.500000,0.000000,-0.500000,-0.246710
1999-11-19 12:30:00,EB,13,0,0,,0.000000,0.000000,0.000000,-0.200000,-0.100000,0.040048
1999-11-22 19:30:00,EB,10,0,1,,,,,,,
1999-11-23 14:00:00,P,9,0,0,1.600000,0.000000,0.000000,0.000000,0.500000,0.950000,0.269709
1999-11-24 20:30:00,EB,8,0,1,,,,,,,
1999-11-25 13:30:00,EB,7,0,0,0.000000,0.000000,0.000000,0.200000,-0.300000,0.000000,0.214302
1999-11-25 13:30:00,EB,7,0,0,0.000000,0.000000,0.000000,0.200000,-0.300000,0.000000,0.214302
1999-11-25 18:30:00,EB,7,0,1,,,,,,,
1999-11-25 21:30:00,P,7,0,1,,,,,,,
1999-11-27 16:30:00,EB,5,1,0,,,,,,,
1999-11-29 15:00:00,P,3,0,0,-0.300000,,0.000000,0.700000,0.500000,1.200000,-0.696325
1999-12-02 13:45:00,GC_ME,0,0,0,1.000000,,,0.000000,0.400000,0.600000,0.141113
1999-12-02 13:45:00,GC_PR,0,0,0,,,,0.700000,0.500000,0.800000,0.140422
1999-12-02 14:30:00,GC_PC,0,0,0,1.000000,,,0.000000,-0.350000,-0.500000,0.064973
1999-12-03 09:00:00,P,12,0,1,0.500000,0.000000,-0.750000,-0.500000,-1.500000,-0.900000,
1999-12-03 15:30:00,EB,12,0,0,0.000000,0.000000,0.400000,-0.300000,0.100000,-0.500000,0.181696
1999-12-06 10:00:00,EB,9,0,0,0.000000,0.000000,0.400000,-0.500000,0.200000,0.000000,-0.160989
1999-12-09 11:00:00,EB,6,0,0,0.000000,1.000000,1.000000,0.000000,0.500000,1.000000,-0.193161
1999-12-10 10:00:00,EB,5,0,0,-1.000000,0.000000,0.000000,0.000000,-0.500000,0.000000,-0.555915
1999-12-15 13:45:00,GC_ME,0,0,0,,,,0.000000,-0.700000,-1.033333,-0.124698
1999-12-15 13:45:00,GC_PR,0,0,0,,,,1.000000,-0.100000,-0.300000,0.102127
1999-12-15 14:30:00,GC_PC,0,0,0,,,,0.000000,-0.600000,-0.666667,-0.237284
1999-12-15 16:00:00,EB,21,0,0,0.000000,-1.000000,,0.000000,-0.500000,-1.500000,-0.023941
2000-01-05 13:45:00,GC_ME,0,0,0,0.500000,0.000000,0.000000,0.000000,-3.500000,-3.250000,-0.564633
2000-01-05 13:45:00,GC_PR,0,0,0,1.500000,0.000000,1.500000,0.500000,0.000000,1.250000,-0.323052
2000-01-05 14:30:00,GC_PC,0,0,0,-1.000000,0.000000,1.500000,,-3.000000,-4.000000,0.207234
2000-01-08 11:30:00,EB,12,1,0,,,,,,,
2000-01-10 15:00:00,EB,10,0,0,0.500000,-1.500000,0.000000,-0.500000,0.000000,-1.250000,0.121625
2000-01-13 19:30:00,EB,7,0,1,,,,,,,
2000-01-20 13:45:00,GC_ME,0,0,0,-1.500000,-1.250000,-1.500000,-1.500000,-1.000000,-1.250000,-0.065866
2000-01-20 13:45:00,GC_PR,0,0,0,0.250000,-1.000000,-2.666667,-0.000000,-0.000000,0.500000,0.020701
2000-01-20 14:30:00,GC_PC,0,0,0,-1.666667,-0.750000,-1.500000,-1.250000,-1.000000,-1.750000,-0.084669
2000-01-21 10:00:00,EB,13,0,0,0.500000,1.000000,9.500000,1.000000,-0.500000,0.500000,0.487797
2000-01-26 17:00:00,EB,8,0,0,3.000000,0.000000,-9.000000,-2.000000,0.500000,0.500000,
2000-02-03 13:45:00,GC_ME,0,0,0,-0.500000,-2.333333,-3.000000,-2.250000,4.500000,0.500000,1.522833
2000-02-03 13:45:00,GC_PR,0,0,0,-0.500000,-2.333333,-3.000000,-2.250000,-2.500000,-2.833333,0.771342
2000-02-03 14:30:00,GC_PC,0,0,0,0.750000,0.500000,-1.666667,-0.125000,4.000000,1.875000,0.294358
2000-02-08 18:30:00,EB,9,0,1,,,,,,,
2000-02-10 17:30:00,EB,7,0,1,,,9.000000,0.500000,0.500000,0.500000,
2000-02-17 13:45:00,GC_ME,0,0,0,0.500000,0.000000,0.000000,0.000000,1.000000,-0.500000,1.028482
2000-02-17 13:45:00,GC_PR,0,0,0,-1.000000,0.500000,0.000000,0.000000,-0.500000,0.000000,0.133213
2000-02-17 14:30:00,GC_PC,0,0,0,1.000000,0.000000,0.500000,0.000000,0.000000,-0.250000,0.908292
2000-02-24 20:05:00,EB,7,0,1,,,,,,,
2000-03-02 13:45:00,GC_ME,0,0,0,-3.500000,-4.000000,-3.750000,-2.000000,-2.000000,-1.000000,0.382479
2000-03-02 13:45:00,GC_PR,0,0,0,-4.666667,-3.000000,-2.500000,-2.500000,-2.000000,-1.000000,0.256960
2000-03-02 14:30:00,GC_PC,0,0,0,2.000000,-0.250000,-0.250000,0.000000,-1.000000,-1.000000,0.165472
2000-03-08 10:00:00,EB,8,0,0,0.000000,-2.000000,0.500000,1.000000,-0.500000,1.000000,0.029684
2000-03-08 17:45:00,EB,8,0,1,,-1.000000,-1.000000,-0.500000,-1.500000,-0.500000,
2000-03-16 13:45:00,GC_ME,0,0,0,,,-2.000000,-3.500000,-2.500000,-3.000000,1.016956
2000-03-16 13:45:00,GC_PR,0,0,0,,-3.000000,-3.000000,-2.666667,-2.500000,-2.500000,0.025458
2000-03-16 14:30:00,GC_PC,0,0,0,0.500000,-1.000000,0.250000,-1.000000,-1.250000,-0.750000,0.855062
2000-03-17 13:30:00,EB,13,0,0,-1.000000,,0.000000,0.500000,0.000000,0.500000,-0.544916
2000-03-17 18:00:00,EB,13,0,1,,,,,,,
2000-03-20 15:00:00,P,10,0,0,-0.500000,0.000000,0.500000,0.000000,-0.500000,0.000000,-0.199191
2000-03-23 13:15:00,EB,7,0,0,,,0.000000,1.000000,0.500000,1.000000,0.497651
2000-03-23 14:45:00,EB,7,0,0,0.000000,0.500000,0.000000,0.000000,1.000000,1.000000,-0.440367
2000-03-30 13:45:00,GC_ME,0,0,0,-1.500000,-2.500000,-1.000000,-0.500000,-0.500000,-0.500000,0.354340
2000-03-30 13:45:00,GC_PR,0,0,0,-1.000000,-2.000000,-1.000000,-0.500000,-0.500000,-1.000000,-0.121656
2000-03-30 14:30:00,GC_PC,0,0,0,-0.500000,-0.500000,0.000000,0.500000,0.500000,1.250000,0.461304
2000-04-05 08:10:00,EB,8,0,1,0.000000,-6.000000,0.000000,2.500000,3.000000,0.500000,
2000-04-07 18:15:00,EB,6,0,1,,,,,,0.000000,
2000-04-13 13:45:00,GC_ME,0,0,0,-2.000000,-2.250000,-2.000000,-0.500000,0.000000,0.500000,-0.610132
2000-04-13 13:45:00,GC_PR,0,0,0,-1.500000,-2.250000,-1.000000,-1.250000,0.000000,0.000000,0.013318
2000-04-13 14:30:00,GC_PC,0,0,0,0.750000,1.000000,-2.500000,1.000000,2.250000,-0.250000,-0.781151
2000-04-17 15:00:00,EB,10,0,0,0.000000,,,0.000000,1.500000,1.500000,0.510865
2000-04-27 13:45:00,GC_ME,0,0,0,9.250000,2.500000,17.300000,1.500000,0.500000,0.500000,-2.103196
2000-04-27 13:45:00,GC_PR,0,0,0,-0.500000,-0.500000,1.000000,1.500000,1.500000,1.000000,0.000952
2000-04-27 14:30:00,GC_PC,0,0,0,10.250000,2.000000,15.300000,-0.000000,-1.000000,-0.500000,-2.151432
2000-04-29 11:00:00,EB,12,1,0,,,,,,,
2000-05-03 11:00:00,EB,8,0,0,-5.800000,-17.800000,0.000000,-1.000000,0.500000,0.000000,0.378895
2000-05-05 09:45:00,EB,6,0,0,-15.800000,-13.300000,-3.000000,-1.650000,11.000000,-1.500000,-0.177413
2000-05-11 13:45:00,GC_ME,0,0,0,,-0.000000,1.000000,1.250000,2.200000,3.750000,1.845779
2000-05-11 13:45:00,GC_PR,0,0,0,,-2.200000,-0.750000,-0.700000,-0.300000,0.000000,0.081536
2000-05-11 14:30:00,GC_PC,0,0,0,1.000000,0.600000,1.000000,1.500000,1.500000,3.500000,1.371170
2000-05-12 09:00:00,EB,13,0,1,2.000000,0.566667,1.500000,1.800000,3.000000,0.000000,
2000-05-12 16:00:00,P,13,0,0,-0.500000,-0.250000,0.000000,-1.300000,-1.500000,-0.500000,0.048185
2000-05-22 14:30:00,P,3,0,0,0.500000,0.500000,0.000000,-0.500000,0.500000,1.000000,-0.239011
2000-05-25 13:45:00,GC_ME,0,0,0,-2.500000,-3.000000,-2.500000,-1.000000,0.300000,0.500000,0.613973
2000-05-25 13:45:00,GC_PR,0,0,0,-2.500000,-2.000000,-1.500000,0.000000,0.000000,-0.500000,0.160436
2000-05-25 14:30:00,GC_PC,0,0,0,-1.000000,0.000000,-1.000000,-2.000000,-0.700000,-1.000000,0.464032
2000-05-30 10:15:00,P,9,0,0,0.500000,0.500000,1.000000,0.500000,1.500000,,0.230495
2000-06-05 15:00:00,EB,3,0,0,1.000000,2.500000,,0.500000,1.700000,2.500000,0.192650
2000-06-08 13:45:00,GC_ME,0,0,0,4.500000,17.000000,15.000000,15.500000,16.700000,15.500000,-1.067216
2000-06-08 13:45:00,GC_PR,0,0,0,11.000000,7.000000,11.000000,11.000000,9.000000,6.500000,-1.063476
2000-06-08 14:30:00,GC_PC,0,0,0,-1.750000,2.600000,3.700000,3.000000,5.000000,7.000000,-0.002646
2000-06-20 09:00:00,P,1,0,1,1.000000,0.500000,1.000000,2.300000,2.500000,2.750000,
2000-06-21 13:45:00,GC_ME,0,0,0,1.000000,0.350000,-0.800000,0.000000,-1.000000,1.500000,0.112329
2000-06-21 13:45:00,GC_PR,0,0,0,-0.500000,-2.650000,-1.433333,-0.500000,-1.700000,-0.500000,0.060924
2000-06-21 14:30:00,GC_PC,0,0,0,1.000000,0.700000,0.500000,0.000000,0.000000,1.500000,0.145123
2000-06-26 11:30:00,EB,10,0,0,,-1.800000,,-0.500000,0.000000,-1.000000,0.029265
2000-06-26 14:00:00,EB,10,0,0,,0.000000,-1.000000,0.200000,0.200000,-1.500000,-0.049242
2000-06-28 17:30:00,EB,8,0,1,,,,0.000000,1.000000,1.500000,0.084244
2000-06-29 19:30:00,EB,7,0,1,,,,,,,
2000-07-05 09:00:00,P,1,0,1,-2.000000,0.400000,-1.000000,-0.500000,-1.000000,-1.250000,
2000-07-06 13:45:00,GC_ME,0,0,0,0.500000,1.500000,0.500000,1.500000,-3.650000,4.000000,-0.100982
2000-07-06 13:45:00,GC_PR,0,0,0,0.000000,-1.000000,1.250000,-1.500000,-5.150000,1.500000,-0.047681
2000-07-06 14:30:00,GC_PC,0,0,0,0.500000,1.500000,0.500000,1.500000,1.000000,2.500000,-0.054490
2000-07-20 13:45:00,GC_ME,0,0,0,,-1.000000,0.000000,-1.700000,-3.200000,-3.250000,-0.212898
2000-07-20 13:45:00,GC_PR,0,0,0,,-0.500000,0.200000,0.000000,-1.000000,-1.500000,-0.255477
2000-07-20 14:30:00,GC_PC,0,0,0,-2.000000,-1.500000,-1.500000,-1.600000,-2.200000,-2.250000,0.105844
2000-08-03 13:45:00,GC_ME,0,0,0,-2.000000,-0.500000,-1.300000,-2.150000,-3.000000,-3.500000,-0.799994
2000-08-03 13:45:00,GC_PR,0,0,0,-1.500000,-0.500000,-0.950000,-1.650000,-1.000000,-2.000000,-0.166640
2000-08-03 14:30:00,GC_PC,0,0,0,-0.500000,-1.800000,-0.433333,-1.000000,-1.500000,-2.000000,-0.569647
2000-08-31 13:45:00,GC_ME,0,0,0,-7.250000,-4.500000,-5.200000,0.000000,-2.800000,,0.470979
2000-08-31 13:45:00,GC_PR,0,0,0,-7.250000,-6.000000,-6.000000,,-3.800000,,0.345630
2000-08-31 14:30:00,GC_PC,0,0,0,0.500000,0.200000,0.300000,0.500000,-0.800000,,0.155663
2000-09-06 20:30:00,P,8,0,1,,,,,,,
2000-09-08 10:00:00,EB,6,0,0,-1.000000,-0.200000,-0.500000,-0.700000,-2.225000,-2.000000,-0.601472
2000-09-14 13:45:00,GC_ME,0,0,0,,-1.200000,-0.500000,-2.700000,-2.000000,-1.500000,0.501282
2000-09-14 13:45:00,GC_PR,0,0,0,-0.500000,-0.200000,-0.500000,-1.000000,-1.700000,-1.000000,-0.080429
2000-09-14 14:30:00,GC_PC,0,0,0,,-1.000000,-0.600000,-0.700000,-0.500000,-0.500000,0.480351
2000-09-15 10:15:00,EB,20,0,0,-1.000000,1.000000,0.500000,-0.300000,0.700000,0.000000,0.125427
2000-09-17 18:30:00,P,18,1,1,,,,,,,
2000-09-18 15:15:00,EB,17,0,0,1.000000,-0.700000,,0.000000,0.500000,0.500000,0.064884
2000-09-20 09:00:00,EB,15,0,1,1.000000,-0.200000,0.000000,-1.000000,-0.500000,-1.250000,
2000-09-23 15:15:00,EB,12,1,0,,,,,,,
2000-09-23 20:00:00,P,12,1,1,,,,,,,
2000-09-27 09:00:00,EB,8,0,1,-1.500000,-1.000000,-2.000000,-0.200000,-1.000000,-1.500000,
2000-09-29 14:30:00,EB,6,0,0,,0.000000,0.000000,0.200000,0.200000,-0.500000,-0.513322
2000-10-05 13:45:00,GC_ME,0,0,0,,,6.500000,5.500000,5.000000,4.000000,-0.337352
2000-10-05 13:45:00,GC_PR,0,0,0,,,5.500000,4.000000,4.000000,2.500000,-0.010792
2000-10-05 14:30:00,GC_PC,0,0,0,1.250000,-0.000000,1.000000,1.250000,0.000000,2.000000,-0.313843
2000-10-07 12:00:00,EB,12,1,0,,,,,,,
2000-10-12 19:30:00,P,7,0,1,,,,,,,-0.025268
2000-10-16 19:25:00,EB,3,0,1,,,,,,,0.074537
2000-10-19 13:45:00,GC_ME,0,0,0,,0.500000,0.000000,0.500000,0.500000,,0.684145
2000-10-19 13:45:00,GC_PR,0,0,0,,0.000000,0.500000,0.500000,0.300000,,0.316273
2000-10-19 14:30:00,GC_PC,0,0,0,0.000000,0.000000,-0.500000,0.500000,0.000000,,0.297996
2000-10-26 18:00:00,P,7,0,1,,,-0.200000,0.000000,-0.200000,-1.000000,-0.010143
2000-11-02 13:45:00,GC_ME,0,0,0,,0.000000,-0.500000,0.200000,0.350000,0.000000,0.123753
2000-11-02 13:45:00,GC_PR,0,0,0,0.000000,0.000000,-0.500000,-0.300000,0.350000,0.000000,0.131806
2000-11-02 14:30:00,GC_PC,0,0,0,,0.200000,-0.500000,0.700000,0.000000,0.500000,-0.020792
2000-11-02 19:00:00,P,14,0,1,,,,,,,-0.051231
2000-11-07 11:30:00,EB,9,0,0,,0.000000,0.000000,0.000000,1.000000,0.500000,0.081406
2000-11-09 11:15:00,EB,7,0,0,0.000000,0.500000,-0.500000,0.300000,1.700000,-0.500000,-0.082599
2000-11-10 17:00:00,P,6,0,0,,,-1.200000,-1.200000,-1.000000,-1.000000,-0.424214
2000-11-14 09:30:00,P,2,0,0,0.000000,0.000000,-0.200000,0.012500,-0.850000,0.000000,0.367119
2000-11-16 13:45:00,GC_ME,0,0,0,,-0.200000,-1.000000,0.000000,-1.000000,-0.500000,0.068558
2000-11-16 13:45:00,GC_PR,0,0,0,,-0.200000,-1.700000,0.000000,-1.200000,-1.000000,-0.194649
2000-11-16 14:30:00,GC_PC,0,0,0,,4.000000,0.200000,-0.333333,0.000000,0.500000,0.221649
2000-11-22 20:15:00,EB,8,0,1,,,,,,,
2000-11-23 09:00:00,P,7,0,1,0.000000,-1.200000,-1.000000,0.000000,0.000000,0.000000,
2000-11-23 10:00:00,EB,7,0,0,0.000000,0.000000,0.500000,0.200000,-0.500000,0.000000,-0.347534
2000-11-30 13:45:00,GC_ME,0,0,0,-1.000000,-1.200000,-1.250000,-2.000000,-0.500000,-0.500000,-0.188038
2000-11-30 13:45:00,GC_PR,0,0,0,-0.750000,0.000000,-0.500000,-1.000000,0.000000,0.000000,-0.054914
2000-11-30 14:30:00,GC_PC,0,0,0,-0.750000,-0.600000,-0.900000,-1.250000,-0.500000,-0.500000,-0.020627
2000-12-01 15:30:00,EB,13,0,0,0.000000,0.200000,0.200000,0.700000,1.500000,1.500000,0.186761
2000-12-14 13:45:00,GC_ME,0,0,0,,0.300000,0.200000,2.000000,2.500000,3.000000,0.380410
2000-12-14 13:45:00,GC_PR,0,0,0,,-0.500000,0.200000,-0.500000,-1.000000,-2.000000,-0.084512
2000-12-14 14:30:00,GC_PC,0,0,0,0.500000,0.500000,0.000000,2.500000,3.500000,4.500000,0.396670
2000-12-19 02:30:00,P,16,0,1,,,,,,,
2001-01-04 13:45:00,GC_ME,0,0,0,0.000000,0.000000,1.000000,-0.850000,-1.700000,-2.000000,-0.215236
2001-01-04 13:45:00,GC_PR,0,0,0,-0.500000,2.000000,1.000000,0.000000,-0.500000,-0.500000,-0.032128
2001-01-04 14:30:00,GC_PC,0,0,0,-0.500000,0.000000,0.500000,-1.100000,-2.000000,-1.500000,-0.392188
2001-01-08 15:00:00,P,10,0,0,0.000000,0.000000,0.000000,-0.800000,-0.300000,0.000000,0.055594
2001-01-15 11:00:00,EB,3,0,0,0.500000,,0.000000,-0.500000,-0.750000,0.000000,0.186270
2001-01-15 18:00:00,EB,3,0,1,,,,0.000000,-0.500000,,-0.006090
2001-01-17 08:45:00,EB,1,0,1,,-0.225000,-1.200000,-0.200000,0.000000,0.000000,
2001-01-18 13:45:00,GC_ME,0,0,0,0.000000,0.000000,0.350000,2.000000,2.800000,3.000000,-0.107141
2001-01-18 13:45:00,GC_PR,0,0,0,0.000000,0.000000,0.200000,-0.300000,1.000000,0.500000,-0.160186
2001-01-18 14:30:00,GC_PC,0,0,0,0.000000,0.000000,0.200000,1.800000,2.800000,3.000000,-0.036652
2001-01-19 17:30:00,EB,13,0,1,,,,,0.000000,0.000000,-0.184774
2001-01-24 10:00:00,P,8,0,0,,0.700000,1.700000,1.750000,1.800000,2.300000,0.101010
2001-01-24 15:00:00,EB,8,0,0,0.000000,0.200000,0.300000,-0.500000,-1.000000,-0.800000,-0.258344
2001-01-26 09:00:00,EB,6,0,1,,,-1.500000,-7.000000,-6.500000,0.200000,
2001-01-26 13:30:00,EB,6,0,0,1.500000,,0.200000,1.000000,0.500000,,-0.061443
2001-01-26 17:00:00,EB,6,0,0,,,1.700000,0.500000,2.000000,1.500000,0.276301
2001-01-29 15:00:00,EB,3,0,0,,,0.000000,-0.500000,-1.000000,-1.800000,-0.063351
2001-02-01 13:45:00,GC_ME,0,0,0,,0.000000,0.500000,0.500000,-0.200000,0.000000,0.081060
2001-02-01 13:45:00,GC_PR,0,0,0,,-0.500000,1.000000,-0.500000,-1.000000,-0.500000,0.129103
2001-02-01 14:30:00,GC_PC,0,0,0,0.000000,0.000000,1.500000,-0.250000,1.300000,1.000000,-0.066359
2001-02-06 17:15:00,EB,9,0,1,,,0.000000,0.466667,0.000000,0.000000,0.162461
2001-02-12 14:30:00,EB,3,0,0,,0.000000,0.000000,0.200000,0.500000,0.500000,-0.007618
2001-02-15 13:45:00,GC_ME,0,0,0,0.500000,0.200000,1.700000,0.500000,1.000000,1.000000,0.539971
2001-02-15 13:45:00,GC_PR,0,0,0,0.000000,0.000000,1.700000,0.500000,0.500000,0.300000,0.252920
2001-02-15 14:30:00,GC_PC,0,0,0,,0.200000,1.000000,0.000000,1.000000,1.000000,0.288078
2001-02-19 10:00:00,EB,10,0,0,0.000000,0.200000,-0.300000,-0.200000,-0.500000,-1.000000,-0.466134
2001-02-21 11:20:00,EB,8,0,0,0.000000,-0.200000,-0.500000,-0.700000,-0.200000,-0.200000,-0.579586
2001-02-23 09:30:00,EB,6,0,0,-1.000000,1.000000,0.500000,-0.300000,0.250000,1.000000,-0.313950
2001-02-23 17:00:00,EB,6,0,0,,,-1.500000,-0.500000,0.000000,0.000000,0.264238
2001-02-26 17:30:00,EB,3,0,1,,,,0.500000,0.000000,,0.050840
2001-03-01 13:45:00,GC_ME,0,0,0,3.000000,2.300000,2.500000,4.000000,5.000000,4.000000,-0.179491
2001-03-01 13:45:00,GC_PR,0,0,0,1.500000,1.000000,2.300000,4.750000,1.500000,1.300000,-0.033039
2001-03-01 14:30:00,GC_PC,0,0,0,1.000000,1.300000,1.200000,2.700000,3.500000,2.500000,-0.067326
2001-03-05 15:00:00,P,10,0,0,0.000000,0.000000,0.200000,1.000000,1.000000,0.800000,0.096974
2001-03-06 14:30:00,P,9,0,0,0.000000,0.000000,0.000000,0.000000,0.500000,0.200000,0.322699
2001-03-15 13:45:00,GC_ME,0,0,0,0.500000,,-0.200000,0.100000,0.800000,0.300000,0.318003
2001-03-15 13:45:00,GC_PR,0,0,0,0.500000,1.500000,0.600000,0.300000,0.633333,1.500000,0.137729
2001-03-15 14:30:00,GC_PC,0,0,0,0.000000,0.000000,-0.200000,0.500000,-0.250000,0.000000,0.132436
2001-03-20 18:30:00,EB,9,0,1,,,,,,,-0.047613
2001-03-21 09:15:00,EB,8,0,1,,,,,,,
2001-03-21 19:00:00,P,8,0,1,,,,,,,
2001-03-22 01:00:00,EB,7,0,1,,,,,,,
2001-03-22 18:00:00,EB,7,0,1,,,,0.000000,0.000000,,0.098936
2001-03-26 12:00:00,EB,3,0,0,9.000000,-0.500000,1.200000,1.000000,0.500000,0.000000,0.169086
2001-03-29 13:45:00,GC_ME,0,0,0,3.000000,,4.000000,4.500000,1.250000,-0.500000,-0.046314
2001-03-29 13:45:00,GC_PR,0,0,0,3.000000,,5.500000,1.500000,3.000000,1.500000,-0.533944
2001-03-29 14:30:00,GC_PC,0,0,0,-0.500000,-1.500000,-1.250000,0.650000,-1.000000,-1.250000,0.538531
2001-03-31 09:00:00,EB,11,1,1,,,,,,,
2001-04-02 11:00:00,EB,9,0,0,,0.000000,,-0.500000,0.000000,0.000000,-0.793094
2001-04-04 12:00:00,EB,7,0,0,-0.500000,-0.500000,-0.500000,-0.500000,2.700000,,0.177390
2001-04-05 17:30:00,EB,6,0,1,,,,0.000000,-0.800000,0.200000,-0.186351
2001-04-11 13:45:00,GC_ME,0,0,0,16.000000,14.500000,13.000000,10.500000,14.500000,14.000000,0.722554
2001-04-11 13:45:00,GC_PR,0,0,0,14.750000,8.000000,5.500000,5.500000,5.000000,4.500000,0.172312
2001-04-11 14:30:00,GC_PC,0,0,0,6.500000,8.000000,8.750000,8.500000,9.500000,14.000000,0.325527
2001-04-23 18:00:00,EB,3,0,1,,,0.000000,0.000000,0.200000,-0.800000,-0.019390
2001-04-26 13:45:00,GC_ME,0,0,0,,0.500000,0.000000,-0.400000,-1.500000,-2.000000,0.490983
2001-04-26 13:45:00,GC_PR,0,0,0,,0.000000,0.200000,1.250000,1.000000,1.000000,0.274676
2001-04-26 14:30:00,GC_PC,0,0,0,0.250000,-1.000000,1.000000,-1.650000,-2.500000,-3.300000,0.043980
2001-05-02 11:30:00,EB,8,0,0,,0.000000,0.000000,0.000000,-0.500000,-1.800000,-0.085478
2001-05-03 12:00:00,EB,7,0,0,0.000000,0.400000,0.000000,1.500000,0.300000,0.800000,-0.059772
2001-05-03 20:00:00,EB,7,0,1,,,,,,,
2001-05-08 20:15:00,P,2,0,1,,,,,,,
2001-05-10 13:45:00,GC_ME,0,0,0,-18.000000,-15.000000,-19.750000,-18.350000,-17.000000,-12.000000,0.811840
2001-05-10 13:45:00,GC_PR,0,0,0,-19.000000,-10.100000,-19.350000,-18.350000,-15.000000,-12.700000,0.606537
2001-05-10 14:30:00,GC_PC,0,0,0,0.000000,-4.000000,0.850000,0.650000,-0.500000,0.700000,0.155413
2001-05-11 09:30:00,EB,12,0,0,0.000000,,-1.000000,0.000000,0.800000,0.500000,0.136525
2001-05-11 14:00:00,EB,12,0,0,,,0.000000,0.300000,0.000000,0.300000,0.201146
2001-05-15 10:30:00,EB,8,0,0,,0.000000,0.200000,0.700000,0.500000,0.800000,-0.113019
2001-05-18 17:20:00,P,5,0,1,,0.000000,-1.000000,-0.350000,-0.200000,0.000000,0.002419
2001-05-21 01:30:00,EB,2,0,1,,,,,,,
2001-05-23 13:45:00,GC_ME,0,0,0,1.500000,,0.000000,-0.500000,-1.000000,-0.700000,-0.186479
2001-05-23 13:45:00,GC_PR,0,0,0,1.000000,0.966667,0.000000,0.100000,0.000000,0.300000,-0.045307
2001-05-23 14:30:00,GC_PC,0,0,0,0.500000,,0.000000,-0.850000,-1.500000,-1.200000,-0.201114
2001-05-28 15:00:00,P,10,0,0,,,-0.500000,,-1.700000,-0.700000,-0.121947
2001-05-31 09:00:00,P,7,0,1,1.250000,1.500000,-0.500000,1.750000,0.200000,0.300000,
2001-06-07 13:45:00,GC_ME,0,0,0,4.500000,2.500000,2.750000,1.800000,0.700000,-1.200000,-0.162836
2001-06-07 13:45:00,GC_PR,0,0,0,5.500000,6.600000,3.400000,2.000000,2.200000,2.000000,-0.121902
2001-06-07 14:30:00,GC_PC,0,0,0,-0.500000,-4.600000,-0.650000,-1.500000,-1.000000,-2.200000,0.004731
2001-06-12 18:30:00,EB,9,0,1,,,-0.500000,,,,-0.008629
2001-06-18 09:00:00,EB,3,0,1,-3.000000,-1.000000,3.000000,3.000000,-0.500000,0.000000,
2001-06-19 09:00:00,EB,2,0,1,-0.500000,-5.000000,0.000000,-0.500000,0.500000,-0.500000,
2001-06-20 14:30:00,P,1,0,0,,-2.000000,0.000000,1.000000,1.000000,0.200000,0.174230
2001-06-21 13:45:00,GC_ME,0,0,0,5.500000,3.500000,3.000000,2.500000,1.300000,-0.200000,0.091295
2001-06-21 13:45:00,GC_PR,0,0,0,5.000000,3.000000,2.000000,2.000000,1.000000,0.000000,0.108353
2001-06-21 14:30:00,GC_PC,0,0,0,0.500000,-0.500000,1.500000,-0.500000,0.000000,-0.850000,-0.079388
2001-06-25 11:00:00,EB,10,0,0,0.000000,,,0.000000,-1.000000,-0.300000,0.440815
2001-06-25 14:00:00,EB,10,0,0,,,,0.000000,5.000000,0.000000,0.024161
2001-06-26 15:50:00,P,9,0,0,,,,0.500000,3.300000,,0.335277
2001-06-28 15:30:00,EB,7,0,0,0.500000,0.000000,-0.500000,0.500000,1.500000,2.500000,0.750170
2001-06-29 09:00:00,EB,6,0,1,2.500000,3.500000,-1.000000,-0.700000,0.700000,0.500000,
2001-06-29 13:15:00,EB,6,0,0,-1.000000,-0.500000,-1.000000,-0.700000,0.500000,-0.200000,0.210902
2001-07-02 12:30:00,EB,3,0,0,-3.000000,-3.000000,-2.000000,0.200000,2.000000,0.500000,0.283246
2001-07-03 15:00:00,P,2,0,0,-17.500000,4.000000,-0.350000,-0.250000,5.300000,5.800000,-0.211164
2001-07-05 13:45:00,GC_ME,0,0,0,2.500000,3.500000,2.000000,3.250000,1.750000,-0.400000,-0.311032
2001-07-05 13:45:00,GC_PR,0,0,0,0.500000,2.500000,2.500000,1.750000,0.250000,-0.400000,-0.203221
2001-07-05 14:30:00,GC_PC,0,0,0,1.500000,1.250000,1.250000,2.000000,1.500000,0.000000,0.082615
2001-07-06 09:00:00,EB,13,0,1,-0.500000,0.500000,0.500000,0.500000,-0.350000,-0.700000,
2001-07-06 15:30:00,EB,13,0,0,0.500000,0.200000,-0.500000,-0.500000,-1.000000,-2.300000,-0.880417
2001-07-09 12:30:00,EB,10,0,0,0.000000,,-0.300000,-0.300000,1.000000,0.000000,0.098169
2001-07-10 16:30:00,P,9,0,0,-0.500000,-1.000000,-1.000000,-1.750000,-1.750000,-2.000000,-0.376120
2001-07-19 13:45:00,GC_ME,0,0,0,1.000000,0.500000,3.400000,2.000000,3.650000,1.500000,0.816824
2001-07-19 13:45:00,GC_PR,0,0,0,2.750000,1.375000,1.166667,1.400000,1.900000,1.000000,0.077890
2001-07-19 14:30:00,GC_PC,0,0,0,-3.000000,0.000000,1.266667,1.100000,1.650000,1.700000,0.498086
2001-08-02 13:45:00,GC_ME,0,0,0,7.000000,5.400000,4.500000,3.650000,6.250000,5.500000,-0.317306
2001-08-02 13:45:00,GC_PR,0,0,0,4.750000,5.250000,4.500000,2.650000,5.500000,4.000000,-0.175182
2001-08-02 14:30:00,GC_PC,0,0,0,0.500000,0.500000,0.000000,0.800000,1.500000,0.700000,-0.130062
2001-08-30 13:45:00,GC_ME,0,0,0,2.500000,-3.000000,-4.250000,-4.100000,-6.000000,-5.500000,-0.990441
2001-08-30 13:45:00,GC_PR,0,0,0,2.000000,-2.600000,-4.500000,-3.000000,-4.000000,-4.500000,-0.295720
2001-08-30 14:30:00,GC_PC,0,0,0,0.000000,-0.800000,-0.500000,-1.100000,-1.500000,-3.000000,-0.562485
2001-08-30 15:00:00,EB,14,0,0,0.500000,0.200000,-0.500000,-0.700000,-0.500000,-0.800000,0.172479
2001-08-30 15:00:00,P,14,0,0,0.500000,0.200000,-0.500000,-0.700000,-0.500000,-0.800000,0.172479
2001-09-05 08:15:00,EB,8,0,1,-1.000000,0.000000,-0.500000,-0.500000,-1.000000,1.400000,
2001-09-06 12:30:00,EB,7,0,0,0.000000,-0.500000,0.500000,-0.500000,0.000000,-0.000000,0.618334
2001-09-07 20:00:00,EB,6,0,1,,,,,,,
2001-09-07 21:30:00,EB,6,0,1,,,,,,,
2001-09-12 09:30:00,P,1,0,0,0.500000,1.600000,4.000000,7.250000,8.000000,8.850000,4.110913
2001-09-13 13:45:00,GC_ME,0,0,0,1.000000,2.000000,1.600000,1.750000,2.525000,1.650000,0.154103
2001-09-13 13:45:00,GC_PR,0,0,0,1.166667,2.000000,2.000000,0.500000,1.250000,0.525000,-0.185472
2001-09-13 14:30:00,GC_PC,0,0,0,-1.000000,0.200000,0.500000,1.125000,2.625000,1.525000,0.339287
2001-09-14 13:00:00,EB,3,0,0,-1.000000,-1.500000,-1.000000,-0.500000,-1.625000,-0.200000,-1.541440
2001-09-17 12:45:00,P,10,0,0,-1.000000,6.200000,3.200000,0.625000,0.750000,0.500000,1.764800
2001-09-17 13:45:00,GC_ME,0,0,0,-1.000000,,-4.500000,-3.875000,-1.125000,-0.875000,1.643514
2001-09-17 13:45:00,GC_PR,0,0,0,-0.750000,,-4.500000,-1.850000,-0.500000,-0.500000,-0.451798
2001-09-17 14:30:00,GC_PC,0,0,0,-1.250000,-0.500000,-3.250000,-0.500000,0.375000,-0.333333,1.324533
2001-09-18 08:45:00,EB,9,0,1,-0.500000,3.000000,-0.200000,-1.000000,-1.500000,-0.400000,
2001-09-20 18:00:00,EB,7,0,1,,,,-0.300000,0.250000,0.500000,-0.032951
2001-09-24 10:00:00,EB,3,0,0,-0.500000,1.000000,0.300000,-0.050000,-0.500000,-0.975000,-0.487329
2001-09-26 10:45:00,P,1,0,0,0.000000,0.500000,1.000000,0.250000,0.200000,0.000000,1.368976
2001-09-27 13:45:00,GC_ME,0,0,0,2.500000,-5.500000,-0.500000,-1.000000,-0.875000,-2.400000,-0.790424
2001-09-27 13:45:00,GC_PR,0,0,0,1.500000,-3.500000,-0.500000,0.000000,-1.250000,-0.525000,-0.705713
2001-09-27 14:30:00,GC_PC,0,0,0,0.500000,0.000000,0.200000,-1.875000,-0.025000,-1.900000,-0.051078
2001-10-05 14:00:00,EB,6,0,0,-7.000000,,-0.300000,-0.400000,0.250000,0.200000,-0.112652
2001-10-11 13:45:00,GC_ME,0,0,0,7.250000,7.100000,4.850000,5.750000,7.775000,7.000000,0.904762
2001-10-11 13:45:00,GC_PR,0,0,0,4.500000,8.350000,1.100000,1.500000,0.625000,0.350000,-0.045351
2001-10-11 14:30:00,GC_PC,0,0,0,1.250000,-0.750000,3.600000,5.350000,6.900000,6.525000,0.996369
2001-10-15 11:05:00,EB,10,0,0,0.500000,0.000000,0.000000,-0.250000,-0.200000,-1.400000,-0.268940
2001-10-15 12:30:00,EB,10,0,0,,,0.500000,-0.500000,-0.500000,-0.275000,-0.253225
2001-10-15 20:00:00,EB,10,0,1,,,,,,,
2001-10-16 11:30:00,EB,9,0,0,1.000000,0.500000,0.500000,-0.050000,-0.200000,0.183333,0.461633
2001-10-16 15:00:00,EB,9,0,0,0.000000,-0.500000,0.000000,-0.500000,0.200000,0.000000,0.541514
2001-10-17 14:30:00,P,8,0,0,0.750000,0.500000,0.700000,1.000000,0.850000,1.250000,0.309807
2001-10-17 15:15:00,EB,8,0,0,1.000000,1.000000,-1.000000,0.000000,0.012500,-0.775000,-0.670502
2001-10-18 14:45:00,EB,7,0,0,0.000000,0.000000,-1.500000,0.500000,0.200000,0.500000,0.316431
2001-10-22 10:00:00,EB,3,0,0,-1.000000,0.200000,0.500000,-3.000000,0.700000,-0.500000,0.614014
2001-10-25 13:45:00,GC_ME,0,0,0,3.500000,3.000000,1.300000,0.000000,-2.625000,-3.625000,-1.297457
2001-10-25 13:45:00,GC_PR,0,0,0,5.000000,3.000000,3.000000,1.500000,0.350000,-0.625000,-0.508199
2001-10-25 14:30:00,GC_PC,0,0,0,-5.750000,0.000000,-8.700000,-1.166667,-2.983333,-2.750000,-1.067768
2001-10-30 19:00:00,EB,9,0,1,,,,,,,0.155849
2001-10-31 10:00:00,EB,8,0,0,0.000000,0.000000,0.000000,0.875000,0.775000,0.200000,1.042189
2001-11-08 13:45:00,GC_ME,0,0,0,1.750000,3.250000,-1.100000,0.766667,4.875000,4.400000,-0.515839
2001-11-08 13:45:00,GC_PR,0,0,0,-2.500000,-1.500000,-3.333333,-0.833333,-0.475000,-3.200000,-0.528768
2001-11-08 14:30:00,GC_PC,0,0,0,6.666667,5.250000,4.900000,4.450000,5.750000,4.750000,0.032231
2001-11-08 18:00:00,EB,28,0,1,,-0.500000,0.500000,0.000000,0.200000,1.500000,-0.059389
2001-11-10 17:00:00,EB,26,1,0,,,,,,,
2001-11-12 07:30:00,EB,24,0,1,,0.000000,-1.000000,-1.000000,-3.000000,,
2001-11-12 18:00:00,EB,24,0,1,,,0.500000,0.750000,0.750000,0.500000,0.193996
2001-11-13 07:30:00,EB,23,0,1,,4.500000,0.000000,2.000000,-4.250000,-0.500000,
2001-11-14 16:00:00,P,22,0,0,,,,-1.000000,-3.125000,-4.100000,-1.753790
2001-11-14 17:30:00,EB,22,0,1,,,,-0.025000,0.200000,1.000000,0.223434
2001-11-15 05:40:00,EB,21,0,1,,,,-1.000000,0.750000,0.250000,
2001-11-19 09:15:00,EB,17,0,1,-0.500000,0.000000,0.125000,-0.050000,-0.725000,-1.375000,1.178008
2001-11-19 14:00:00,EB,17,0,0,,0.000000,-0.500000,-0.450000,-0.625000,-0.850000,-0.118308
2001-11-19 16:00:00,EB,17,0,0,,0.500000,1.500000,-0.500000,-1.500000,-1.875000,-0.113786
2001-11-19 18:30:00,EB,17,0,1,,,,,,,-0.010017
2001-11-20 14:00:00,EB,16,0,0,0.500000,0.500000,0.200000,0.000000,0.300000,-0.500000,-0.378104
2001-11-22 00:00:00,EB,14,0,1,,,,,,,
2001-11-23 08:30:00,P,13,0,1,-1.000000,0.000000,-0.500000,0.500000,-1.600000,-1.200000,
2001-11-28 16:30:00,EB,8,0,0,,0.000000,-0.500000,1.500000,-0.500000,-1.000000,-0.147775
2001-11-29 11:00:00,EB,7,0,0,,,,,,,
2001-11-29 19:00:00,EB,7,0,1,,,,,,,-0.120367
2001-11-30 09:15:00,EB,6,0,1,-0.500000,0.125000,-0.166667,-0.250000,-1.200000,-0.225000,0.233739
2001-12-01 16:30:00,EB,5,1,0,,,,,,,
2001-12-03 11:00:00,EB,3,0,0,,0.000000,-0.500000,0.025000,-0.250000,-1.000000,-0.507077
2001-12-06 13:45:00,GC_ME,0,0,0,-2.000000,3.000000,3.500000,3.333333,5.166667,7.416667,-0.363453
2001-12-06 13:45:00,GC_PR,0,0,0,-3.250000,-1.150000,1.000000,0.766667,2.500000,3.350000,0.219483
2001-12-06 14:30:00,GC_PC,0,0,0,0.000000,2.000000,1.875000,2.000000,2.750000,4.333333,-0.523564
2001-12-10 13:00:00,EB,24,0,0,,0.000000,-2.000000,0.250000,0.225000,0.200000,-0.247422
2001-12-11 14:10:00,EB,23,0,0,0.500000,-0.200000,-0.500000,0.000000,0.500000,-0.500000,-0.091276
2001-12-11 15:30:00,EB,23,0,0,0.500000,4.700000,-0.500000,0.500000,0.775000,0.200000,-0.133353
2001-12-11 16:05:00,EB,23,0,0,-0.500000,0.000000,0.500000,0.750000,0.833333,1.250000,0.487263
2001-12-12 10:00:00,P,22,0,0,1.500000,0.200000,0.000000,0.000000,-0.750000,-1.500000,-0.485086
2001-12-13 16:00:00,EB,21,0,0,0.000000,0.300000,0.000000,1.333333,2.250000,2.916667,0.008025
2001-12-17 13:30:00,EB,17,0,0,,1.650000,0.500000,-1.000000,-0.250000,0.250000,-0.284757
2001-12-18 16:30:00,P,16,0,0,-1.000000,0.000000,-0.500000,-1.375000,-1.250000,-2.600000,-0.649512
2001-12-31 10:00:00,P,3,0,0,,,,,,0.000000,
2001-12-31 22:00:00,EB,3,0,1,,,,,,,
2002-01-03 13:45:00,GC_ME,0,0,0,2.500000,1.000000,1.750000,1.050000,-0.025000,-0.850000,-0.067447
2002-01-03 13:45:00,GC_PR,0,0,0,1.000000,0.000000,0.750000,-0.250000,-0.650000,-0.850000,-0.255879
2002-01-03 14:30:00,GC_PC,0,0,0,1.750000,1.000000,0.750000,1.300000,0.375000,-0.225000,0.073587
2002-01-04 16:15:00,EB,34,0,0,0.500000,1.000000,1.000000,0.625000,1.000000,0.833333,-0.812044
2002-01-05 13:00:00,EB,33,1,0,,,,,,,
2002-01-10 18:00:00,EB,28,0,1,1.000000,1.000000,0.833333,1.583333,2.650000,3.250000,-0.007102
2002-01-14 18:30:00,P,24,0,1,,,,,,,-0.010307
2002-01-21 18:30:00,EB,17,0,1,,,,,,,-0.000834
2002-01-23 15:00:00,P,15,0,0,,0.000000,0.000000,-1.000000,0.000000,-0.083333,0.292163
2002-01-24 20:00:00,EB,14,0,1,,,,,,,
2002-01-25 19:30:00,EB,13,0,1,,,,,,,0.031350
2002-01-28 09:30:00,EB,10,0,0,,,,,,,
2002-02-06 17:15:00,P,1,0,1,,,0.000000,0.750000,0.225000,-0.050000,-0.197997
2002-02-07 13:45:00,GC_ME,0,0,0,1.000000,1.666667,2.000000,2.125000,3.650000,5.083333,0.731925
2002-02-07 13:45:00,GC_PR,0,0,0,1.666667,1.166667,1.325000,1.250000,2.333333,3.000000,0.276085
2002-02-07 14:30:00,GC_PC,0,0,0,0.250000,1.000000,1.333333,0.666667,1.275000,2.150000,0.175056
2002-02-07 15:30:00,EB,28,0,0,-1.000000,0.000000,-0.400000,-0.125000,0.500000,0.200000,-0.412002
2002-02-11 10:10:00,EB,24,0,0,,0.000000,0.200000,-0.225000,-1.000000,-0.250000,0.024715
2002-02-13 06:00:00,EB,22,0,1,,,,,,,
2002-02-22 14:00:00,EB,13,0,0,,-0.400000,0.000000,-0.400000,-0.900000,-0.900000,-0.014010
2002-02-25 09:10:00,EB,10,0,1,0.000000,0.200000,0.000000,-0.025000,-0.200000,-0.375000,0.319203
2002-02-25 14:30:00,P,10,0,0,0.000000,1.000000,1.000000,0.000000,0.200000,0.125000,-0.014745
2002-02-28 19:30:00,EB,7,0,1,,,,,,,-0.036955
2002-03-07 13:45:00,GC_ME,0,0,0,0.750000,1.400000,0.900000,1.000000,1.625000,2.650000,0.203485
2002-03-07 13:45:00,GC_PR,0,0,0,-0.250000,0.500000,0.900000,1.125000,0.875000,1.400000,-0.022639
2002-03-07 14:30:00,GC_PC,0,0,0,1.000000,1.500000,0.400000,-0.500000,-0.500000,0.750000,0.162353
2002-03-09 11:00:00,EB,26,1,0,,,,,,,
2002-03-09 12:40:00,EB,26,1,0,,,,,,,
2002-03-14 11:30:00,EB,21,0,0,,,,0.500000,2.333333,3.375000,0.337714
2002-03-15 11:00:00,EB,20,0,0,,,0.000000,0.000000,-0.266667,-0.500000,-0.011287
2002-03-15 13:00:00,P,20,0,0,,,0.000000,0.200000,0.500000,0.183333,-0.346040
2002-03-20 10:00:00,EB,15,0,0,-2.000000,0.000000,0.000000,-0.916667,-1.100000,-0.875000,0.126941
2002-03-20 10:00:00,EB,15,0,0,-2.000000,0.000000,0.000000,-0.916667,-1.100000,-0.875000,0.126941
2002-03-21 20:00:00,EB,14,0,1,,,,,,,
2002-03-22 14:00:00,EB,13,0,0,1.000000,0.000000,1.500000,1.000000,2.333333,1.666667,-0.081983
2002-03-23 13:30:00,EB,12,1,0,,,,,,,
2002-03-26 09:00:00,EB,9,0,1,0.000000,0.500000,-0.500000,-1.300000,-0.766667,-0.400000,
2002-03-26 15:30:00,EB,9,0,0,,0.000000,0.500000,1.000000,0.166667,2.625000,0.953557
2002-04-04 13:45:00,GC_ME,0,0,0,-1.000000,-0.200000,0.000000,-1.000000,-2.500000,-2.900000,-0.148352
2002-04-04 13:45:00,GC_PR,0,0,0,0.000000,1.000000,0.000000,0.000000,-0.250000,0.650000,0.061881
2002-04-04 14:30:00,GC_PC,0,0,0,-1.000000,-0.200000,0.000000,-1.000000,-2.875000,-2.916667,-0.276621
2002-04-08 09:30:00,EB,24,0,0,-1.000000,-0.400000,3.000000,-0.500000,-0.500000,-0.250000,-0.207283
2002-04-16 18:30:00,EB,16,0,1,,,,,,,-0.056398
2002-04-17 09:20:00,EB,15,0,0,-3.000000,-2.500000,-0.500000,-0.125000,0.300000,0.275000,0.276433
2002-04-18 19:00:00,EB,14,0,1,,,,,,,0.029173
2002-04-19 13:45:00,P,13,0,0,,0.500000,0.500000,0.500000,0.875000,0.916667,0.021393
2002-04-23 10:30:00,EB,9,0,0,0.000000,0.000000,0.200000,1.916667,1.416667,2.100000,-0.149526
2002-04-24 20:30:00,P,8,0,1,,,,,,,
2002-04-25 17:00:00,EB,7,0,0,0.000000,0.000000,-1.000000,-0.500000,-0.625000,-0.500000,-0.184856
2002-05-02 13:45:00,GC_ME,0,0,0,1.500000,0.833333,3.000000,4.583333,7.900000,8.333333,-0.253385
2002-05-02 13:45:00,GC_PR,0,0,0,1.500000,-0.500000,0.750000,1.416667,0.733333,0.516667,-0.102027
2002-05-02 14:30:00,GC_PC,0,0,0,1.000000,1.250000,2.000000,4.187500,7.187500,7.833333,-0.139745
2002-05-16 17:30:00,P,21,0,1,,0.500000,1.000000,-0.500000,-0.833333,-0.275000,-0.204095
2002-05-18 10:30:00,EB,19,1,0,,,,,,,
2002-05-20 17:30:00,EB,17,0,1,,0.000000,0.000000,0.000000,0.625000,0.750000,-0.018754
2002-05-21 11:00:00,P,16,0,0,-0.833333,-3.375000,-3.100000,-2.375000,-4.575000,-2.250000,0.167059
2002-05-22 20:00:00,EB,15,0,1,,0.000000,,0.000000,0.000000,,
2002-05-24 09:30:00,EB,13,0,0,0.166667,-0.200000,1.000000,0.150000,1.000000,1.775000,0.101374
2002-05-24 17:30:00,EB,13,0,1,,0.000000,0.000000,1.200000,0.700000,1.775000,-0.034229
2002-05-27 18:15:00,EB,10,0,1,,,,0.000000,0.500000,0.000000,0.014867
2002-05-30 12:30:00,EB,7,0,0,-1.000000,-0.500000,0.000000,-0.125000,-1.637500,-1.075000,-0.393052
2002-06-03 15:30:00,EB,3,0,0,,0.300000,0.700000,0.200000,1.300000,1.350000,0.119877
2002-06-06 13:45:00,GC_ME,0,0,0,-1.166667,-0.600000,-1.000000,1.600000,2.150000,1.900000,-0.281833
2002-06-06 13:45:00,GC_PR,0,0,0,-1.733333,-1.350000,-1.325000,-0.800000,-1.350000,-0.312500,0.045214
2002-06-06 14:30:00,GC_PC,0,0,0,0.566667,0.566667,0.500000,1.950000,3.500000,1.862500,-0.346715
2002-06-10 12:00:00,EB,24,0,0,,-0.500000,,0.100000,-0.250000,-0.733333,-0.251637
2002-06-11 08:15:00,EB,23,0,1,,0.000000,0.000000,0.225000,0.875000,0.200000,
2002-06-13 11:00:00,P,21,0,0,1.300000,1.000000,0.833333,-0.250000,-0.200000,-0.500000,0.215627
2002-06-18 17:15:00,EB,16,0,1,,,6.000000,0.000000,0.025000,-0.500000,-0.275219
2002-06-19 15:00:00,EB,15,0,0,,,,-0.250000,-0.750000,-0.733333,-0.076717
2002-06-22 15:00:00,EB,12,1,0,,,,,,,
2002-06-25 17:30:00,EB,9,0,1,,,0.000000,1.200000,0.225000,0.650000,-0.130415
2002-06-26 03:15:00,EB,8,0,1,,,,,,,
2002-06-26 12:40:00,EB,8,0,0,,,-0.800000,-0.150000,-0.500000,-0.350000,-0.364945
2002-06-26 20:00:00,EB,8,0,1,,,0.000000,0.000000,0.000000,,
2002-06-29 11:30:00,EB,5,1,0,,,,,,,
2002-07-02 15:00:00,P,2,0,0,0.000000,0.000000,-0.700000,0.316667,0.450000,0.225000,-0.298378
2002-07-04 13:45:00,GC_ME,0,0,0,-0.200000,-0.500000,2.000000,-0.225000,-1.900000,-1.233333,-0.236892
2002-07-04 13:45:00,GC_PR,0,0,0,,-3.300000,1.500000,0.800000,0.000000,0.433333,-0.002999
2002-07-04 14:30:00,GC_PC,0,0,0,-0.500000,2.800000,-0.300000,-0.625000,-2.150000,-1.666667,-0.155056
2002-07-05 09:00:00,P,27,0,1,0.500000,,0.000000,0.733333,0.875000,7.750000,
2002-07-10 10:00:00,EB,22,0,0,-0.500000,-0.200000,-0.800000,-0.733333,-1.737500,-1.766667,-0.792734
2002-07-12 19:00:00,EB,20,0,1,,,,,,,-0.040516
2002-07-18 18:30:00,EB,14,0,1,,,,,,,-0.020361
2002-07-24 15:00:00,P,8,0,0,-0.800000,1.150000,2.166667,3.312500,2.910000,5.237500,-0.569989
2002-08-01 13:45:00,GC_ME,0,0,0,0.000000,1.000000,0.300000,-0.250000,-0.500000,0.333333,-0.393465
2002-08-01 13:45:00,GC_PR,0,0,0,0.000000,0.000000,0.300000,-0.875000,-0.700000,-0.233333,-0.524994
2002-08-01 14:30:00,GC_PC,0,0,0,0.000000,0.000000,0.000000,0.100000,0.100000,0.333333,0.359059
2002-08-22 11:20:00,EB,21,0,0,0.000000,0.500000,-0.500000,0.500000,-1.250000,-0.200000,-0.252466
2002-08-30 19:00:00,EB,13,0,1,,,,,,,-0.028061
2002-09-05 09:30:00,EB,7,0,0,-1.050000,-1.350000,-2.400000,-3.000000,-6.040000,-7.650000,-0.619595
2002-09-12 13:45:00,GC_ME,0,0,0,-0.150000,0.150000,-1.000000,-2.091667,-4.550000,-5.000000,-0.877124
2002-09-12 13:45:00,GC_PR,0,0,0,-0.300000,-0.066667,3.000000,-0.225000,0.000000,0.833333,0.198764
2002-09-12 14:30:00,GC_PC,0,0,0,-1.000000,-0.233333,-1.666667,-2.300000,-4.875000,-6.000000,-1.146176
2002-09-17 18:00:00,EB,23,0,1,,,0.000000,0.550000,-1.016667,-1.250000,-0.133597
2002-09-21 12:30:00,EB,19,1,0,,,,,,,
2002-09-21 18:00:00,EB,19,1,1,,,,,,,
2002-09-23 10:00:00,EB,17,0,0,0.000000,0.000000,-0.500000,-0.400000,0.250000,-0.500000,-0.387937
2002-09-23 10:00:00,EB,17,0,0,0.000000,0.000000,-0.500000,-0.400000,0.250000,-0.500000,-0.387937
2002-09-24 18:15:00,P,16,0,1,,,-0.500000,-1.000000,-1.062500,-0.750000,-0.021518
2002-09-28 10:00:00,EB,12,1,0,,,,,,,
2002-09-28 16:00:00,EB,12,1,0,,,,,,,
2002-09-30 19:00:00,EB,10,0,1,,,0.000000,0.000000,0.000000,,0.026768
2002-10-01 01:30:00,EB,9,0,1,,,,,,,
2002-10-08 01:50:00,P,2,0,1,,,,,,,
2002-10-08 09:30:00,P,2,0,0,1.800000,2.375000,2.500000,1.500000,2.100000,2.333333,0.203317
2002-10-09 07:00:00,EB,1,0,1,,,0.000000,-3.000000,3.000000,1.500000,
2002-10-10 13:45:00,GC_ME,0,0,0,3.000000,2.500000,3.000000,3.000000,2.250000,2.083333,-0.184453
2002-10-10 13:45:00,GC_PR,0,0,0,2.000000,1.600000,2.733333,1.900000,0.000000,-1.066667,-0.385632
2002-10-10 14:30:00,GC_PC,0,0,0,1.250000,0.850000,1.450000,2.562500,3.250000,3.150000,0.766889
2002-10-14 18:40:00,P,24,0,1,,,,,,,-0.065391
2002-10-17 11:00:00,EB,21,0,0,0.000000,-1.000000,-0.400000,0.250000,-0.550000,-0.666667,0.660976
2002-10-24 09:00:00,P,14,0,1,0.000000,0.000000,-0.900000,0.300000,0.100000,-0.500000,
2002-10-25 17:30:00,EB,13,0,1,,-1.000000,0.000000,-0.625000,-0.250000,0.000000,0.102213
2002-10-25 17:30:00,EB,13,0,1,,-1.000000,0.000000,-0.625000,-0.250000,0.000000,0.102213
2002-11-07 13:45:00,GC_ME,0,0,0,7.650000,3.150000,2.525000,0.840000,-1.550000,-3.237500,-1.591745
2002-11-07 13:45:00,GC_PR,0,0,0,8.620000,4.425000,5.375000,3.683333,2.580000,0.962500,-0.948948
2002-11-07 14:30:00,GC_PC,0,0,0,1.300000,-0.175000,-2.350000,-2.625000,-3.941667,-4.650000,-0.081384
2002-11-11 11:30:00,EB,24,0,0,0.150000,0.500000,0.400000,0.175000,0.466667,-0.500000,0.534750
2002-11-13 18:40:00,EB,22,0,1,,,,,,,-0.084327
2002-11-14 12:45:00,EB,21,0,0,-0.100000,-0.050000,-0.050000,0.100000,-0.700000,-0.837500,-0.127532
2002-11-14 18:30:00,EB,21,0,1,,,,,,,0.171742
2002-11-15 13:00:00,EB,20,0,0,-0.166667,0.200000,-0.375000,-0.150000,0.000000,0.200000,0.118274
2002-11-16 11:15:00,EB,19,1,0,,,,,,,
2002-11-22 08:00:00,EB,13,0,1,-0.200000,-0.900000,0.000000,0.166667,0.000000,,
2002-11-22 10:15:00,EB,13,0,0,1.033333,0.100000,0.100000,-0.033333,-0.250000,-0.900000,-0.860085
2002-11-22 17:00:00,EB,13,0,0,1.300000,1.250000,1.600000,1.466667,1.000000,0.700000,0.177532
2002-11-27 14:50:00,EB,8,0,0,0.766667,1.533333,1.500000,1.480000,2.000000,1.666667,0.494297
2002-12-02 14:00:00,EB,3,0,0,0.500000,-0.100000,0.050000,-0.050000,-0.050000,-0.550000,0.349386
2002-12-03 10:00:00,P,2,0,0,-1.780000,-1.733333,-4.200000,-0.325000,-0.500000,-1.137500,-0.590421
2002-12-05 13:45:00,GC_ME,0,0,0,-6.475000,-4.825000,-4.450000,-3.920000,-1.633333,0.416667,-0.887317
2002-12-05 13:45:00,GC_PR,0,0,0,-5.400000,-4.850000,-3.525000,-2.950000,-0.150000,3.000000,0.085253
2002-12-05 14:30:00,GC_PC,0,0,0,-1.230000,-0.133333,-0.240000,-1.925000,-1.533333,-0.660000,-1.006529
2002-12-05 16:00:00,EB,35,0,0,-0.733333,-0.033333,-0.500000,-0.666667,-1.775000,-3.500000,-1.852623
2002-12-06 16:00:00,EB,34,0,0,0.000000,0.000000,-0.500000,0.200000,0.380000,1.333333,0.938483
2002-12-09 11:30:00,EB,31,0,0,0.000000,0.200000,0.100000,-0.125000,-0.100000,-0.100000,-0.557635
2002-12-16 10:00:00,EB,24,0,0,0.500000,0.500000,-0.200000,-0.250000,0.400000,0.000000,0.347381
2003-01-09 13:45:00,GC_ME,0,0,0,1.800000,1.300000,1.500000,2.000000,2.800000,3.833333,1.245137
2003-01-09 13:45:00,GC_PR,0,0,0,0.750000,0.900000,0.650000,0.866667,1.033333,1.233333,0.239116
2003-01-09 14:30:00,GC_PC,0,0,0,1.000000,-0.733333,1.160000,1.400000,1.625000,2.875000,1.085249
2003-01-13 14:30:00,EB,24,0,0,-1.050000,-0.350000,0.100000,0.100000,-0.433333,-0.800000,-0.041574
2003-01-15 00:00:00,EB,22,0,1,,,,,,,
2003-01-25 17:00:00,EB,12,1,0,,,,,,,
2003-02-04 16:30:00,P,2,0,0,0.000000,-0.100000,-0.100000,-0.350000,-0.200000,-0.500000,-0.664131
2003-02-05 13:00:00,EB,1,0,0,-0.200000,-1.000000,-1.000000,-0.900000,-0.450000,0.300000,-0.136818
2003-02-06 13:45:00,GC_ME,0,0,0,2.233333,1.500000,1.100000,0.025000,-0.340000,-1.150000,-1.394894
2003-02-06 13:45:00,GC_PR,0,0,0,1.633333,2.200000,0.840000,0.150000,-0.800000,-1.000000,-0.656660
2003-02-06 14:30:00,GC_PC,0,0,0,-0.133333,0.300000,1.150000,0.300000,0.700000,-0.833333,-0.571664
2003-02-13 03:30:00,EB,21,0,1,,,,,,,
2003-02-17 15:00:00,P,17,0,0,0.100000,0.400000,1.000000,0.475000,-0.050000,1.000000,0.027288
2003-02-22 11:30:00,P,12,1,0,,,,,,,
2003-02-24 14:00:00,EB,10,0,0,-1.000000,-0.500000,0.300000,-0.475000,0.000000,-0.500000,-0.143723
2003-02-27 10:00:00,EB,7,0,0,0.000000,-0.500000,-0.575000,-0.666667,-0.475000,-0.825000,-0.997430
2003-02-27 17:00:00,EB,7,0,0,0.250000,-0.500000,-1.000000,-0.875000,0.441667,0.250000,0.018567
2003-02-27 19:00:00,P,7,0,1,0.000000,1.500000,0.500000,0.000000,0.000000,,0.036637
2003-02-28 09:30:00,EB,6,0,0,-0.500000,0.050000,-0.350000,-0.033333,-0.050000,-1.875000,-0.536378
2003-02-28 10:30:00,EB,6,0,0,0.125000,0.500000,-0.750000,-0.300000,0.500000,-0.200000,0.221631
2003-03-06 13:45:00,GC_ME,0,0,0,9.500000,6.725000,4.675000,1.550000,-1.225000,-5.333333,-1.376028
2003-03-06 13:45:00,GC_PR,0,0,0,5.725000,6.475000,4.575000,2.350000,0.283333,-1.550000,-0.553010
2003-03-06 14:30:00,GC_PC,0,0,0,-0.050000,-0.000000,-0.250000,-0.875000,-1.825000,-3.833333,-0.811753
2003-03-07 11:00:00,EB,27,0,0,3.500000,1.000000,1.000000,0.250000,0.300000,-0.050000,-0.245430
2003-03-10 11:30:00,EB,24,0,0,1.100000,1.250000,0.500000,0.812500,0.500000,0.000000,0.407836
2003-03-24 15:00:00,EB,10,0,0,,1.000000,0.500000,0.250000,0.150000,0.250000,0.021666
2003-03-27 14:00:00,EB,7,0,0,-1.500000,,0.300000,-0.250000,-0.000000,-0.333333,-0.166642
2003-03-28 14:00:00,EB,6,0,0,,,-0.500000,-0.250000,-0.637500,-1.250000,-0.346225
2003-04-01 11:45:00,EB,2,0,0,-0.500000,-0.500000,-0.800000,-0.500000,0.500000,0.540000,-0.073123
2003-04-03 13:45:00,GC_ME,0,0,0,3.500000,1.500000,1.600000,0.425000,0.490000,0.625000,-0.236515
2003-04-03 13:45:00,GC_PR,0,0,0,3.000000,1.500000,1.360000,-0.190000,0.910000,0.812500,-0.381052
2003-04-03 14:30:00,GC_PC,0,0,0,1.000000,0.500000,1.500000,0.666667,-0.170000,-0.437500,-0.146481
2003-04-07 14:00:00,EB,31,0,0,-1.000000,,1.000000,0.250000,0.350000,0.360000,-0.456568
2003-04-28 09:00:00,EB,10,0,1,-2.250000,0.000000,-0.150000,0.300000,1.100000,1.500000,
2003-04-28 11:00:00,EB,10,0,0,1.000000,-0.500000,-0.500000,-0.966667,0.200000,-0.875000,-0.258729
2003-04-29 11:00:00,EB,9,0,0,1.000000,0.000000,-0.475000,0.700000,0.675000,0.500000,0.146591
2003-05-03 11:30:00,EB,5,1,0,,,,,,,
2003-05-06 11:45:00,EB,2,0,0,0.000000,0.166667,0.000000,-0.750000,0.200000,-0.275000,-0.089011
2003-05-08 13:45:00,GC_ME,0,0,0,3.500000,3.825000,3.642857,4.000000,3.600000,3.750000,-1.115296
2003-05-08 13:45:00,GC_PR,0,0,0,3.500000,1.900000,0.900000,0.825000,-1.000000,-1.233333,-0.845953
2003-05-08 14:30:00,GC_PC,0,0,0,1.750000,1.950000,2.416667,3.300000,4.200000,5.312500,-0.275109
2003-05-08 19:30:00,EB,28,0,1,,,,,,-1.000000,-0.133171
2003-05-14 15:30:00,EB,22,0,0,-0.500000,3.750000,-1.000000,-0.250000,-0.000000,-0.666667,-1.114182
2003-05-16 10:00:00,EB,20,0,0,-0.050000,-1.500000,-0.650000,-0.500000,-0.740000,-0.400000,0.715237
2003-05-19 12:30:00,EB,17,0,0,-0.200000,-0.500000,0.500000,-6.000000,-0.025000,0.500000,0.029728
2003-05-19 18:00:00,P,17,0,1,0.000000,1.000000,0.000000,0.000000,0.300000,0.000000,0.006228
2003-05-23 09:00:00,EB,13,0,1,-1.000000,-0.250000,-0.750000,-0.875000,-1.375000,-1.125000,
2003-05-26 14:15:00,EB,10,0,0,0.000000,0.000000,0.000000,-1.500000,-0.300000,-0.500000,-0.091940
2003-05-26 18:00:00,EB,10,0,1,0.000000,0.500000,-1.000000,-5.500000,-0.900000,-0.500000,-0.015614
2003-05-28 18:30:00,EB,8,0,1,0.000000,-1.000000,-1.000000,-5.250000,-0.500000,-0.250000,-0.139283
2003-05-29 12:15:00,EB,7,0,0,-0.200000,-0.800000,-0.300000,-0.960000,-0.100000,-0.400000,0.099846
2003-06-03 14:15:00,P,2,0,0,-1.960000,-1.375000,-1.075000,-1.533333,-1.760000,-2.762500,0.098195
2003-06-05 13:45:00,GC_ME,0,0,0,-1.575000,-3.160000,-3.266667,-4.300000,-6.825000,-9.700000,-0.933416
2003-06-05 13:45:00,GC_PR,0,0,0,-1.166667,-4.125000,-2.000000,-3.050000,-3.160000,-2.425000,0.074841
2003-06-05 14:30:00,GC_PC,0,0,0,-0.500000,2.000000,0.233333,-1.487500,-3.875000,-6.950000,-0.967144
2003-06-10 20:30:00,P,30,0,1,,,,,,,
2003-06-12 09:30:00,P,28,0,0,0.733333,-0.200000,0.800000,-0.500000,-0.600000,-0.700000,0.461669
2003-06-12 10:00:00,EB,28,0,0,1.000000,0.200000,0.800000,0.400000,-0.925000,-0.700000,0.624126
2003-06-13 09:30:00,EB,27,0,0,0.250000,0.600000,-0.200000,-0.762500,-1.540000,-1.900000,-0.917457
2003-06-16 20:00:00,P,24,0,1,,,,,,,
2003-06-17 18:30:00,EB,23,0,1,,,0.000000,-0.183333,,,-0.007981
2003-06-18 10:30:00,EB,22,0,0,0.000000,0.200000,0.600000,0.500000,1.500000,1.887500,0.755496
2003-06-30 17:30:00,EB,10,0,1,0.750000,,0.000000,-0.500000,0.000000,-0.500000,-0.274259
2003-06-30 18:00:00,EB,10,0,1,0.750000,,0.000000,-0.600000,0.500000,0.500000,0.060870
2003-07-02 09:15:00,EB,8,0,1,0.000000,-0.200000,0.300000,0.300000,-0.500000,0.375000,-0.155524
2003-07-03 10:00:00,P,7,0,0,0.000000,-1.000000,0.500000,0.362500,0.833333,2.233333,-0.344114
2003-07-03 21:00:00,EB,7,0,1,,,,,,,
2003-07-10 13:45:00,GC_ME,0,0,0,,1.000000,1.500000,1.150000,0.750000,-0.875000,0.256869
2003-07-10 13:45:00,GC_PR,0,0,0,,1.000000,0.600000,0.000000,-1.000000,-0.775000,0.279811
2003-07-10 14:30:00,GC_PC,0,0,0,,0.200000,0.500000,1.000000,0.916667,-0.125000,-0.183139
2003-07-11 09:15:00,EB,20,0,1,0.000000,-1.000000,0.200000,0.500000,0.860000,1.516667,0.820753
2003-07-31 13:45:00,GC_ME,0,0,0,,0.000000,1.100000,1.766667,3.350000,6.933333,1.426514
2003-07-31 13:45:00,GC_PR,0,0,0,0.500000,-0.300000,1.000000,0.500000,1.250000,2.000000,-0.083913
2003-07-31 14:30:00,GC_PC,0,0,0,,0.000000,0.600000,0.950000,2.750000,6.000000,1.547776
2003-08-20 11:30:00,EB,15,0,0,,,0.300000,0.016667,-0.940000,-0.500000,-0.168763
2003-08-29 10:00:00,EB,6,0,0,0.000000,0.000000,0.000000,0.000000,0.500000,0.525000,-0.332010
2003-09-04 13:45:00,GC_ME,0,0,0,0.000000,0.000000,0.000000,-0.500000,-1.075000,-2.125000,-0.150995
2003-09-04 13:45:00,GC_PR,0,0,0,0.000000,-0.200000,-0.200000,-1.000000,0.600000,0.125000,0.036800
2003-09-04 14:30:00,GC_PC,0,0,0,0.000000,0.000000,0.000000,-0.512500,-1.775000,-2.250000,-0.176747
2003-09-05 12:00:00,EB,27,0,0,,0.000000,0.000000,0.300000,0.500000,0.500000,-0.030853
2003-09-05 17:30:00,P,27,0,1,,,-0.200000,0.500000,0.000000,-1.000000,0.051627
2003-09-10 15:00:00,P,22,0,0,-1.300000,0.000000,0.000000,-0.300000,0.900000,0.800000,-0.286346
2003-09-12 13:40:00,EB,20,0,0,,,,1.000000,-1.137500,0.500000,0.162663
2003-09-16 10:30:00,EB,16,0,0,0.000000,0.000000,,0.000000,0.933333,0.262500,0.282782
2003-09-17 14:00:00,EB,15,0,0,,,,0.200000,0.500000,-0.650000,-0.006929
2003-09-20 16:30:00,P,12,1,0,,,,,,,
2003-09-26 17:00:00,EB,6,0,0,,,,-0.200000,-1.250000,-0.700000,-0.043294
2003-10-01 09:30:00,EB,1,0,0,,,0.200000,-0.500000,-0.200000,-0.750000,-0.282425
2003-10-02 13:45:00,GC_ME,0,0,0,0.000000,0.500000,0.150000,1.487500,1.733333,2.183333,-0.776159
2003-10-02 13:45:00,GC_PR,0,0,0,,-0.300000,-0.200000,-0.766667,-1.075000,-1.400000,-0.126579
2003-10-02 14:30:00,GC_PC,0,0,0,0.000000,0.800000,0.150000,1.987500,2.550000,4.016667,-0.552734
2003-10-06 17:00:00,EB,31,0,0,,,-0.300000,-0.750000,-1.000000,-1.000000,0.040919
2003-10-06 17:30:00,EB,31,0,1,,,0.000000,-0.500000,-1.000000,-1.000000,0.149372
2003-10-09 19:30:00,EB,28,0,1,,,,,,,0.038729
2003-10-13 14:15:00,EB,24,0,0,,,0.200000,-0.500000,0.000000,-1.000000,-0.308084
2003-10-17 08:45:00,EB,20,0,1,-0.500000,-0.500000,0.000000,-0.600000,-0.433333,-0.250000,
2003-10-17 17:30:00,EB,20,0,1,0.000000,0.000000,-0.300000,0.500000,-1.000000,-0.750000,0.150299
2003-10-18 12:30:00,EB,19,1,0,,,,,,,
2003-10-22 10:45:00,P,15,0,0,,0.000000,0.500000,1.766667,3.325000,6.233333,0.052519
2003-10-24 08:30:00,EB,13,0,1,0.000000,-1.500000,-1.500000,0.125000,1.000000,1.625000,
2003-10-27 10:00:00,EB,10,0,0,0.500000,0.000000,-0.200000,0.500000,0.000000,0.625000,0.177957
2003-10-28 19:30:00,EB,9,0,1,,,,,,,0.043673
2003-10-30 09:30:00,EB,7,0,0,0.000000,1.000000,0.000000,-0.250000,-0.500000,0.275000,-0.244755
2003-11-02 17:00:00,EB,4,1,0,,,,,,,
2003-11-03 09:00:00,EB,3,0,1,0.000000,0.000000,0.000000,-0.050000,1.387500,1.600000,
2003-11-03 18:00:00,EB,3,0,1,,,,-0.750000,0.750000,0.250000,
2003-11-03 20:00:00,EB,3,0,1,,,,,,,
2003-11-06 13:45:00,GC_ME,0,0,0,0.000000,0.000000,0.000000,0.500000,0.920000,1.400000,0.101208
2003-11-06 13:45:00,GC_PR,0,0,0,0.000000,0.300000,0.000000,0.062500,0.950000,-0.000000,0.207743
2003-11-06 14:30:00,GC_PC,0,0,0,,-0.500000,1.000000,0.333333,0.300000,0.750000,-0.062677
2003-11-11 13:45:00,EB,23,0,0,,,0.800000,-0.500000,-0.750000,-0.200000,0.009202
2003-11-13 06:00:00,EB,21,0,1,,,,,,,
2003-11-14 14:30:00,EB,20,0,0,,0.000000,,1.500000,0.800000,0.087500,0.023393
2003-11-14 18:15:00,EB,20,0,1,,,,0.000000,,0.500000,
2003-11-20 16:30:00,P,14,0,0,,0.000000,-0.300000,0.500000,1.137500,1.000000,0.381160
2003-11-20 20:00:00,P,14,0,1,,,,,,,
2003-11-21 08:15:00,EB,13,0,1,-1.000000,0.500000,0.000000,0.000000,1.000000,-1.000000,
2003-11-21 11:30:00,EB,13,0,0,,0.500000,,0.500000,0.466667,0.933333,0.078790
2003-11-21 14:30:00,P,13,0,0,-0.500000,0.500000,0.000000,-0.250000,-0.400000,-0.050000,0.029122
2003-11-22 10:00:00,EB,12,1,0,,,,,,,
2003-11-24 10:00:00,P,10,0,0,-0.500000,0.300000,-0.300000,1.500000,0.900000,1.516667,0.084026
2003-11-26 17:30:00,P,8,0,1,0.000000,0.000000,0.200000,0.500000,0.625000,1.000000,
2003-11-27 18:30:00,P,7,0,1,,,2.000000,2.000000,2.000000,,
2003-11-27 19:00:00,EB,7,0,1,,,,1.000000,1.500000,,
2003-12-01 15:00:00,P,3,0,0,0.000000,0.000000,-1.000000,0.300000,0.366667,0.500000,-0.067938
2003-12-03 10:15:00,P,1,0,0,0.000000,0.000000,0.500000,-0.450000,-0.980000,-1.750000,-0.368455
2003-12-04 13:45:00,GC_ME,0,0,0,0.200000,0.000000,-0.500000,-1.500000,-2.800000,-3.600000,-0.464200
2003-12-04 13:45:00,GC_PR,0,0,0,0.500000,-0.500000,0.000000,1.000000,-0.666667,0.550000,0.160670
2003-12-04 14:30:00,GC_PC,0,0,0,-0.300000,0.000000,-0.500000,-1.200000,-2.787500,-4.000000,-0.533219
2003-12-10 10:00:00,EB,29,0,0,1.000000,0.300000,0.000000,0.500000,-0.450000,-1.150000,-0.224695
2003-12-15 18:00:00,EB,24,0,1,,,0.000000,-0.250000,-2.166667,-3.875000,
2004-01-08 13:45:00,GC_ME,0,0,0,-0.500000,0.000000,0.100000,-0.675000,-1.725000,-2.133333,0.322538
2004-01-08 13:45:00,GC_PR,0,0,0,0.500000,0.600000,0.100000,0.533333,0.633333,-0.033333,-0.156468
2004-01-08 14:30:00,GC_PC,0,0,0,-0.700000,-0.500000,-0.100000,-0.725000,-2.200000,-1.900000,-0.143707
2004-01-15 09:00:00,P,21,0,1,0.233333,0.600000,0.650000,1.250000,0.766667,1.100000,
2004-01-15 16:45:00,P,21,0,0,0.000000,0.100000,-0.500000,-0.400000,-0.725000,-0.783333,0.391019
2004-01-16 10:00:00,EB,20,0,0,0.200000,-0.300000,0.100000,-0.100000,-0.250000,-2.333333,0.000000
2004-01-20 15:00:00,EB,16,0,0,-0.000000,0.200000,0.500000,-0.500000,0.150000,-0.100000,-0.445991
2004-01-26 12:15:00,P,10,0,0,0.100000,0.200000,1.000000,1.066667,0.900000,1.000000,-0.112212
2004-01-26 19:00:00,P,10,0,1,,,,,,,
2004-01-29 14:00:00,P,7,0,0,0.000000,,0.500000,0.900000,1.362500,2.300000,-0.001395
2004-02-02 09:30:00,EB,3,0,0,,0.000000,0.000000,-0.500000,0.200000,0.250000,0.098953
2004-02-05 13:45:00,GC_ME,0,0,0,-0.100000,-0.400000,-0.500000,-0.575000,-1.475000,-2.225000,-0.082180
2004-02-05 13:45:00,GC_PR,0,0,0,0.300000,0.050000,0.050000,0.550000,0.280000,0.400000,0.210565
2004-02-05 14:30:00,GC_PC,0,0,0,-0.400000,-0.500000,-0.866667,-1.133333,-2.000000,-2.725000,-0.238408
2004-02-10 18:30:00,EB,23,0,1,,,,,,,
2004-02-16 15:00:00,P,17,0,0,0.000000,,-0.500000,0.000000,-0.500000,-0.300000,0.013614
2004-02-20 11:00:00,EB,13,0,0,1.750000,0.300000,0.500000,-0.050000,-0.300000,-0.683333,-0.014007
2004-02-20 16:00:00,EB,13,0,0,-0.400000,-0.200000,0.100000,0.366667,0.825000,0.625000,-0.438490
2004-02-26 18:00:00,EB,7,0,1,0.500000,0.500000,0.000000,-1.000000,-0.500000,-0.075000,
2004-03-04 13:45:00,GC_ME,0,0,0,2.000000,,2.000000,3.000000,4.150000,3.900000,0.246950
2004-03-04 13:45:00,GC_PR,0,0,0,2.000000,,1.500000,1.350000,1.837500,1.900000,0.147692
2004-03-04 14:30:00,GC_PC,0,0,0,0.350000,0.350000,0.700000,1.220000,1.900000,2.525000,-0.006464
2004-03-05 15:30:00,P,27,0,0,-0.500000,0.100000,0.500000,0.037500,-0.012500,1.416667,0.470418
2004-03-12 17:00:00,EB,20,0,0,0.000000,,0.000000,0.100000,0.733333,0.675000,0.419888
2004-03-22 12:15:00,EB,10,0,0,,,,0.200000,0.200000,0.000000,0.404570
2004-03-23 12:15:00,EB,9,0,0,0.300000,0.500000,0.100000,0.000000,-0.100000,0.000000,0.147841
2004-03-25 22:00:00,P,7,0,1,,,,,,,
2004-03-26 09:00:00,EB,6,0,1,0.650000,0.000000,0.300000,0.200000,0.200000,-0.200000,
2004-03-26 09:15:00,EB,6,0,1,0.200000,-0.300000,-0.400000,0.000000,0.175000,0.025000,-0.081263
2004-03-26 16:30:00,EB,6,0,0,-0.100000,-0.500000,-0.500000,-0.300000,-0.100000,-0.375000,0.158115
2004-04-01 13:45:00,GC_ME,0,0,0,3.950000,4.500000,4.933333,6.425000,7.875000,7.150000,-0.377743
2004-04-01 13:45:00,GC_PR,0,0,0,3.800000,2.250000,2.233333,1.975000,1.950000,1.500000,-0.302837
2004-04-01 14:30:00,GC_PC,0,0,0,0.700000,3.012500,3.300000,4.400000,6.237500,6.500000,0.061981
2004-04-05 20:00:00,EB,31,0,1,,,,,,,
2004-04-07 09:00:00,EB,29,0,1,,0.000000,-0.500000,-0.350000,-0.133333,-0.200000,
2004-04-16 09:30:00,EB,20,0,0,-0.100000,-2.200000,0.300000,-0.233333,-0.300000,0.150000,0.000700
2004-04-16 18:00:00,EB,20,0,1,,,,-0.500000,1.300000,1.000000,
2004-04-19 12:30:00,EB,17,0,0,,,0.000000,-0.500000,-0.500000,-0.500000,0.029470
2004-04-20 17:00:00,P,16,0,0,-0.100000,-0.200000,0.200000,-0.250000,-0.200000,-0.500000,-0.229775
2004-04-21 11:00:00,EB,15,0,0,0.000000,,0.500000,0.350000,0.987500,0.500000,-0.286028
2004-04-22 14:00:00,P,14,0,0,,,,1.100000,-0.150000,0.800000,-0.070558
2004-04-23 14:30:00,P,13,0,0,,,,0.700000,2.587500,3.766667,-0.051997
2004-04-26 18:30:00,P,10,0,1,,,,,,,
2004-04-27 12:00:00,P,9,0,0,,0.000000,0.300000,0.375000,0.650000,1.250000,-0.128435
2004-04-29 13:00:00,EB,7,0,0,0.000000,0.000000,0.500000,0.400000,0.733333,0.000000,-0.226287
2004-04-29 22:30:00,EB,7,0,1,,,,,,,
2004-05-03 13:00:00,EB,3,0,0,,,1.000000,-1.100000,,0.500000,0.140966
2004-05-03 18:30:00,P,3,0,1,,,,,,,
2004-05-05 11:30:00,P,1,0,0,,,-0.300000,-0.466667,-0.725000,-1.500000,-0.060270
2004-05-06 13:45:00,GC_ME,0,0,0,0.000000,,0.500000,0.833333,1.387500,1.500000,-0.374965
2004-05-06 13:45:00,GC_PR,0,0,0,0.600000,1.200000,0.100000,0.575000,0.625000,0.933333,-0.245444
2004-05-06 14:30:00,GC_PC,0,0,0,-0.200000,,0.400000,0.633333,0.937500,1.066667,-0.130914
2004-05-10 19:00:00,EB,24,0,1,,,,,,,
2004-05-11 18:15:00,EB,23,0,1,,,,,,-0.050000,
2004-05-12 09:30:00,EB,22,0,0,,0.000000,-0.200000,0.000000,-0.537500,-0.350000,-0.354379
2004-05-12 13:00:00,P,22,0,0,,0.000000,-0.500000,0.000000,0.200000,1.000000,0.069050
2004-05-12 18:00:00,EB,22,0,1,,-0.200000,,0.000000,0.300000,-0.000000,
2004-05-13 12:00:00,EB,21,0,0,-0.500000,0.000000,0.100000,-0.000000,0.683333,0.416667,-0.004813
2004-05-13 18:10:00,EB,21,0,1,,,-0.400000,0.300000,0.300000,0.000000,
2004-05-13 18:30:00,P,21,0,1,,,,,,,
2004-05-14 02:00:00,EB,20,0,1,,,,,,,
2004-05-14 10:00:00,P,20,0,0,0.400000,,0.000000,0.066667,0.000000,-1.000000,-0.313742
2004-05-17 14:30:00,EB,17,0,0,0.200000,0.100000,0.000000,-0.500000,-0.437500,-1.275000,-0.009455
2004-05-24 15:00:00,P,10,0,0,,-0.300000,-0.100000,-0.225000,0.400000,0.000000,0.034866
2004-05-25 18:00:00,EB,9,0,1,,,,,-0.500000,-0.375000,
2004-05-25 19:00:00,P,9,0,1,,,,,,,
2004-05-27 10:55:00,EB,7,0,0,,,,-0.500000,-0.516667,-0.700000,-0.191725
2004-05-28 10:30:00,EB,6,0,0,0.000000,,0.600000,0.500000,1.700000,2.666667,-0.138178
2004-05-31 19:00:00,P,3,0,1,,,,,,,
2004-06-03 13:45:00,GC_ME,0,0,0,-0.500000,0.300000,-0.200000,-0.833333,-1.400000,-2.500000,0.163808
2004-06-03 13:45:00,GC_PR,0,0,0,-0.275000,0.400000,0.300000,-0.250000,-0.300000,-0.250000,-0.002938
2004-06-03 14:30:00,GC_PC,0,0,0,0.075000,-0.225000,-0.233333,-0.750000,-1.370000,-2.416667,0.212760
2004-06-03 19:00:00,P,28,0,1,,-0.300000,0.000000,0.250000,0.250000,,
2004-06-06 11:00:00,EB,25,1,0,,,,,,,
2004-06-10 16:00:00,EB,21,0,0,-0.500000,0.000000,0.200000,-1.000000,-0.437500,-0.025000,0.131692
2004-06-14 20:00:00,P,17,0,1,,,,,,,
2004-06-16 15:00:00,P,15,0,0,0.000000,0.100000,0.100000,-0.050000,1.120000,1.666667,-0.192787
2004-06-18 15:30:00,EB,13,0,0,0.300000,0.200000,-0.100000,-0.037500,0.450000,0.250000,0.304850
2004-06-18 20:15:00,EB,13,0,1,,,,,,,
2004-06-21 14:00:00,EB,10,0,0,0.000000,,-0.300000,-0.250000,-0.287500,-1.125000,-0.503983
2004-06-21 16:00:00,P,10,0,0,,,0.100000,,-0.100000,0.500000,0.017769
2004-06-22 09:30:00,EB,9,0,0,,,0.100000,0.000000,0.016667,0.500000,-0.070514
2004-06-22 17:30:00,P,9,0,1,-0.100000,,,,0.000000,1.000000,0.119463
2004-06-23 14:15:00,EB,8,0,0,,,0.000000,0.000000,-0.050000,-0.500000,0.003213
2004-06-23 17:00:00,EB,8,0,0,,0.000000,0.000000,-0.250000,-1.050000,-1.000000,0.088852
2004-06-25 13:00:00,EB,6,0,0,,0.800000,0.100000,0.300000,0.162500,0.200000,-0.001775
2004-06-26 16:00:00,EB,5,1,0,,,,,,,
2004-06-28 16:45:00,EB,3,0,0,,0.100000,0.100000,0.000000,0.700000,-0.000000,0.051456
2004-06-29 18:15:00,P,2,0,1,,,,-0.250000,0.000000,-0.500000,
2004-07-01 13:45:00,GC_ME,0,0,0,0.100000,,0.000000,0.000000,-0.133333,-0.250000,-0.261778
2004-07-01 13:45:00,GC_PR,0,0,0,0.200000,0.000000,0.000000,-0.300000,-0.033333,0.000000,-0.120848
2004-07-01 14:30:00,GC_PC,0,0,0,0.000000,,0.300000,0.600000,0.600000,0.000000,-0.105863
2004-07-02 11:15:00,EB,34,0,0,0.100000,0.200000,-0.500000,1.066667,2.112500,2.300000,-0.080485
2004-07-02 17:30:00,EB,34,0,1,0.000000,-0.600000,,0.000000,0.500000,0.500000,-0.139891
2004-07-06 06:30:00,EB,30,0,1,-0.400000,-0.200000,-0.100000,,,,
2004-07-08 12:00:00,EB,28,0,0,-0.100000,0.000000,0.100000,-0.200000,0.133333,1.000000,0.223374
2004-07-09 09:00:00,P,27,0,1,0.900000,-0.100000,-0.300000,0.025000,0.083333,-0.250000,
2004-07-16 12:30:00,P,20,0,0,0.200000,0.000000,0.200000,-0.283333,-0.412500,-0.125000,0.145302
2004-08-05 13:45:00,GC_ME,0,0,0,0.700000,0.150000,1.050000,0.250000,-1.037500,-1.550000,0.064806
2004-08-05 13:45:00,GC_PR,0,0,0,0.900000,0.700000,1.700000,0.100000,0.033333,0.200000,0.055918
2004-08-05 14:30:00,GC_PC,0,0,0,-0.400000,-0.200000,-0.200000,0.025000,-1.010000,-1.487500,-0.073961
2004-08-11 20:10:00,EB,22,0,1,,,,,,,
2004-08-31 21:00:00,EB,2,0,1,,,,,,,
2004-09-02 13:45:00,GC_ME,0,0,0,0.000000,-0.800000,0.200000,-1.300000,1.250000,1.720000,-0.162128
2004-09-02 13:45:00,GC_PR,0,0,0,0.800000,-0.300000,-0.400000,-0.900000,-0.362500,-0.383333,-0.072016
2004-09-02 14:30:00,GC_PC,0,0,0,-0.250000,0.000000,0.300000,0.733333,1.450000,2.000000,-0.051022
2004-09-10 11:00:00,P,27,0,0,0.000000,0.000000,-0.700000,0.000000,-0.300000,0.100000,0.017896
2004-09-16 16:30:00,P,21,0,0,0.000000,0.000000,0.000000,0.000000,-0.790000,-1.020000,0.045563
2004-09-20 18:00:00,P,17,0,1,0.000000,0.000000,0.000000,0.000000,0.000000,1.000000,
2004-09-20 18:30:00,EB,17,0,1,,,,,,,
2004-09-21 09:00:00,EB,16,0,1,0.200000,0.000000,0.100000,0.650000,0.890000,1.320000,
2004-09-22 10:30:00,P,15,0,0,0.000000,0.000000,0.100000,-0.433333,-0.300000,-0.650000,0.252716
2004-09-23 21:00:00,P,14,0,1,,,,,,,
2004-09-25 09:15:00,EB,12,1,1,,,,,,,
2004-09-27 19:30:00,P,10,0,1,,,,,,,
2004-09-28 10:00:00,EB,9,0,0,0.000000,,0.000000,0.200000,0.766667,1.020000,0.225294
2004-09-29 17:45:00,EB,8,0,1,,,,,-0.300000,0.000000,
2004-10-03 21:00:00,EB,4,1,1,,,,,,,
2004-10-05 14:30:00,P,2,0,0,0.000000,,0.100000,-0.100000,-0.525000,-0.537500,-0.322667
2004-10-07 13:45:00,GC_ME,0,0,0,-0.200000,,-0.150000,-0.537500,-1.033333,-1.320000,-0.060952
2004-10-07 13:45:00,GC_PR,0,0,0,-0.300000,0.000000,-0.075000,0.100000,0.073333,0.700000,-0.032414
2004-10-07 14:30:00,GC_PC,0,0,0,-0.100000,,-0.500000,-0.825000,-1.106667,-1.450000,-0.027138
2004-10-08 10:30:00,EB,27,0,0,0.200000,-0.335000,0.050000,0.191000,0.375000,0.500000,0.465731
2004-10-12 09:30:00,P,23,0,0,,,,,,,
2004-10-18 15:00:00,EB,17,0,0,0.700000,,-0.100000,0.100000,-0.200000,-0.520000,0.039377
2004-10-20 12:00:00,P,15,0,0,0.000000,,-0.300000,-0.050000,-0.000000,-0.183333,-0.033887
2004-10-20 12:30:00,EB,15,0,0,0.500000,0.500000,0.000000,-0.690500,-0.140000,0.025000,-0.181660
2004-10-22 16:00:00,EB,13,0,0,,,0.000000,-0.100000,-0.816667,-1.430000,-0.340401
2004-10-22 17:00:00,P,13,0,0,,,,-1.500000,-0.300000,-0.075000,-0.148584
2004-10-25 17:00:00,P,10,0,0,,,,0.619000,-0.133333,-0.400000,-0.108499
2004-10-27 19:00:00,P,8,0,1,,,,,,,
2004-11-04 13:45:00,GC_ME,0,0,0,-0.700000,-0.200000,0.000000,-0.700000,0.100000,0.225000,-0.077225
2004-11-04 13:45:00,GC_PR,0,0,0,-0.100000,0.500000,-0.000000,-0.000000,-0.033333,0.375000,-0.059323
2004-11-04 14:30:00,GC_PC,0,0,0,-1.150000,-0.200000,0.000000,-0.350000,0.000000,0.025000,-0.025638
2004-11-04 15:30:00,EB,28,0,0,-0.200000,-0.100000,-0.050000,0.033333,0.100000,0.400000,-0.018244
2004-11-05 10:30:00,EB,27,0,0,,0.100000,-0.100000,-0.100000,0.033333,-0.300000,-0.009378
2004-11-06 09:30:00,EB,26,1,0,,,,,,,
2004-11-08 11:45:00,EB,24,0,0,0.000000,0.100000,0.100000,0.000000,-0.266667,-0.033333,-0.102484
2004-11-10 11:00:00,EB,22,0,0,,0.150000,0.100000,-0.041000,-0.500000,-1.116667,-0.121365
2004-11-10 18:45:00,EB,22,0,1,,,,,,,
2004-11-11 05:45:00,EB,21,0,1,,,,,,,
2004-11-11 09:00:00,EB,21,0,1,0.100000,-0.100000,0.033333,-0.450000,-0.780000,-1.466667,
2004-11-11 12:00:00,P,21,0,0,,-0.200000,-0.200000,-0.666667,-1.660000,-2.020000,0.136732
2004-11-12 05:40:00,EB,20,0,1,,,,-1.200000,0.000000,,
2004-11-12 13:30:00,EB,20,0,0,,0.500000,-0.100000,0.050000,-0.075000,-0.600000,-0.058781
2004-11-12 18:30:00,EB,20,0,1,,,,,,,
2004-11-15 10:00:00,EB,17,0,0,-0.200000,0.100000,0.100000,0.260667,0.443000,0.225000,-0.285974
2004-11-19 14:30:00,P,13,0,0,,,,-0.100000,0.533333,0.800000,-0.066667
2004-11-19 20:00:00,EB,13,0,1,,,,,,,
2004-11-23 19:00:00,EB,9,0,1,,,,,,,
2004-11-24 18:00:00,EB,8,0,1,,,,-0.200000,-0.700000,-0.800000,
2004-11-25 16:00:00,EB,7,0,0,0.900000,0.100000,-0.350000,-0.400000,-0.638000,-0.925000,0.084172
2004-11-25 19:00:00,P,7,0,1,,,,,,0.500000,
2004-11-29 09:00:00,P,3,0,1,0.600000,-0.200000,-0.100000,-0.300000,-0.590667,-0.400000,
2004-11-29 11:00:00,EB,3,0,0,,0.000000,-0.100000,-0.100000,-0.172000,0.150000,-0.035215
2004-11-30 15:00:00,P,2,0,0,0.500000,-0.100000,-0.100000,-0.233333,-1.025000,-1.325000,0.042884
2004-12-02 13:45:00,GC_ME,0,0,0,0.300000,0.500000,0.500000,1.100000,3.125000,3.860000,-0.345989
2004-12-02 13:45:00,GC_PR,0,0,0,-0.100000,0.500000,0.100000,-0.166667,0.550000,0.820000,-0.025300
2004-12-02 14:30:00,GC_PC,0,0,0,0.200000,0.250000,0.450000,1.300000,3.016667,3.757143,-0.300314
2004-12-03 20:48:00,EB,41,0,1,,,,,,,
2004-12-06 11:30:00,P,38,0,0,,0.200000,0.300000,-0.300000,-0.366667,-0.350000,-0.010327
2004-12-06 19:20:00,EB,38,0,1,,,,,,,
2004-12-08 17:30:00,EB,36,0,1,,,0.000000,-0.095000,-0.450000,-0.700000,
2004-12-09 10:00:00,P,35,0,0,0.300000,0.500000,0.100000,0.547500,1.628571,2.866667,-0.088175
2004-12-09 13:00:00,EB,35,0,0,,0.100000,-0.300000,-0.333333,-1.016667,-1.225000,0.024827
2004-12-09 18:00:00,EB,35,0,1,,,,0.200000,0.250000,0.400000,
2004-12-10 12:50:00,EB,34,0,0,-0.700000,-0.100000,-0.100000,-0.366667,-1.100000,-1.644444,0.016541
2004-12-10 21:00:00,EB,34,0,1,,,,,,,
2004-12-15 14:00:00,P,29,0,0,,,0.000000,0.000000,0.100000,0.133333,-0.171147
2004-12-22 09:30:00,EB,22,0,0,,0.200000,-0.883000,0.100000,0.682400,0.566667,0.209998
2004-12-31 18:00:00,P,13,0,1,,,,,,,
2005-01-08 16:45:00,EB,5,1,0,,,,,,,
2005-01-09 16:15:00,EB,4,1,0,,,,,,,
2005-01-11 14:30:00,EB,2,0,0,0.000000,-0.400000,0.100000,-0.100000,-0.125000,-0.750000,-0.080640
2005-01-13 13:45:00,GC_ME,0,0,0,-0.400000,-0.311667,-0.650000,-2.315600,-5.240000,-7.333333,0.024236
2005-01-13 13:45:00,GC_PR,0,0,0,-0.300000,0.191250,-0.366667,0.375000,-0.881800,0.100000,0.015361
2005-01-13 14:30:00,GC_PC,0,0,0,-0.300000,-0.245000,-0.700000,-2.280000,-5.138200,-7.500000,-0.013990
2005-01-13 19:00:00,EB,21,0,1,,,,,,,
2005-01-14 10:00:00,P,20,0,0,-0.100000,0.000000,-0.050000,-0.376000,-0.516667,-1.012500,0.216104
2005-01-19 18:30:00,EB,15,0,1,,,,,,,
2005-01-20 16:00:00,EB,14,0,0,0.100000,0.100000,0.500000,-0.388667,-0.433333,-0.675000,0.086260
2005-01-23 13:00:00,EB,11,1,0,,,,,,,
2005-01-26 17:30:00,EB,8,0,1,,0.000000,0.083000,0.200000,0.400000,0.400000,
2005-01-28 16:30:00,EB,6,0,0,,,-0.100000,0.000000,-0.100000,-0.100000,-0.263616
2005-01-29 09:00:00,P,5,1,1,,,,,,,
2005-02-03 13:45:00,GC_ME,0,0,0,-0.500000,-0.700000,-0.600000,-0.350000,-0.750000,-0.942857,-0.328338
2005-02-03 13:45:00,GC_PR,0,0,0,-0.700000,-0.100000,-0.100000,0.050000,0.100000,-0.325000,0.022552
2005-02-03 14:30:00,GC_PC,0,0,0,0.400000,-0.250000,-0.600000,-0.400000,-0.975000,-0.971429,-0.350480
2005-02-07 14:00:00,EB,24,0,0,0.200000,0.100000,-0.200000,-0.200000,-0.100000,-0.200000,-0.051463
2005-02-11 16:30:00,EB,20,0,0,0.000000,0.000000,0.000000,-0.100000,0.100000,0.033333,0.521341
2005-02-14 19:00:00,EB,17,0,1,,,,,,,
2005-02-15 18:00:00,P,16,0,1,,,0.000000,0.200000,0.466667,0.975000,-0.026880
2005-02-18 11:00:00,EB,13,0,0,0.000000,-0.500000,0.000000,0.200000,0.260000,0.700000,0.054422
2005-02-21 19:30:00,EB,10,0,1,,,,,,,
2005-02-25 19:00:00,P,6,0,1,,,,,,,
2005-02-28 16:30:00,P,3,0,0,,0.000000,0.200000,-0.060000,-0.300000,0.080000,0.023841
2005-03-01 18:00:00,EB,2,0,1,0.000000,0.000000,0.000000,0.000000,-0.100000,0.200000,
2005-03-03 13:45:00,GC_ME,0,0,0,-0.100000,-0.300000,-0.500000,-1.100000,-1.300000,-1.137500,0.169451
2005-03-03 13:45:00,GC_PR,0,0,0,-0.200000,0.166667,0.300000,-0.250000,-0.600000,0.225000,0.003895
2005-03-03 14:30:00,GC_PC,0,0,0,0.100000,-0.300000,-0.466667,-1.033333,-1.266667,-1.450000,0.163599
2005-03-09 10:15:00,P,29,0,0,0.000000,-0.100000,0.100000,0.125000,0.487500,0.750000,0.125248
2005-03-09 14:00:00,EB,29,0,0,0.000000,0.100000,0.100000,-0.200000,-0.095833,-0.200000,-0.682331
2005-03-10 14:15:00,P,28,0,0,-0.100000,-0.800000,0.000000,0.066667,-0.420000,-0.925000,0.055605
2005-03-11 19:45:00,EB,27,0,1,,,,,,,
2005-03-14 15:00:00,P,24,0,0,0.000000,0.000000,0.000000,0.150000,0.183333,0.350000,-0.126995
2005-03-18 18:00:00,P,20,0,1,0.000000,0.000000,0.000000,0.000000,0.200000,0.550000,0.023912
2005-03-24 14:15:00,P,14,0,0,0.000000,0.000000,0.000000,-0.233333,-0.200000,-0.350000,0.044600
2005-04-07 13:45:00,GC_ME,0,0,0,-0.200000,-0.400000,-0.500000,-1.150000,-2.100000,-3.260000,-0.312638
2005-04-07 13:45:00,GC_PR,0,0,0,-0.100000,-0.900000,-0.100000,1.600000,-0.853750,0.366667,-0.158913
2005-04-07 14:30:00,GC_PC,0,0,0,-0.200000,-0.300000,-0.650000,-1.250000,-2.483333,-3.550000,-0.112438
2005-04-08 12:30:00,EB,26,0,0,0.000000,0.000000,0.450000,-0.025000,-0.033333,-0.120000,-0.088800
2005-04-09 13:20:00,P,25,1,0,,,,,,,
2005-04-13 16:30:00,EB,21,0,0,0.000000,-0.400000,-0.166667,-0.150000,-0.560000,-0.625000,0.055565
2005-04-15 11:00:00,EB,19,0,0,0.000000,0.000000,0.100000,0.250000,0.000000,0.100000,-0.067308
2005-04-19 09:30:00,EB,15,0,0,-0.100000,0.200000,-0.400000,-0.075000,0.125000,0.440000,-0.029701
2005-04-19 22:35:00,P,15,0,1,0.000000,0.000000,0.000000,0.000000,,,
2005-04-25 09:40:00,EB,9,0,0,0.000000,-0.025000,0.100000,-0.100000,-0.440000,-0.340000,-0.127153
2005-04-26 11:15:00,EB,8,0,0,-0.300000,0.100000,,-0.300000,-0.225000,-0.570000,-0.064158
2005-04-27 09:10:00,EB,7,0,1,0.500000,0.100000,0.100000,0.175000,0.040000,0.300000,-0.112730
2005-04-27 10:30:00,P,7,0,0,0.050000,0.100000,0.150000,0.000000,-0.233333,0.050000,-0.383116
2005-05-04 13:45:00,GC_ME,0,0,0,0.000000,0.150000,0.250000,0.366667,0.650000,0.425000,0.255991
2005-05-04 13:45:00,GC_PR,0,0,0,0.000000,0.200000,0.375000,0.300000,0.300000,-0.220000,0.088937
2005-05-04 14:30:00,GC_PC,0,0,0,0.000000,0.150000,0.333333,0.266667,0.475000,0.816667,0.040830
2005-05-06 18:20:00,EB,27,0,1,0.000000,0.000000,0.000000,0.000000,0.000000,0.100000,
2005-05-13 12:30:00,EB,20,0,0,,-0.100000,-0.200000,0.200000,1.383333,2.685714,0.047371
2005-05-20 09:00:00,P,13,0,1,0.000000,0.000000,-0.500000,0.166667,0.650000,1.120000,
2005-05-20 19:30:00,EB,13,0,1,0.000000,0.000000,0.000000,0.000000,,,
2005-05-23 13:00:00,EB,10,0,0,0.000000,-0.100000,-0.100000,-0.033333,0.000000,-0.250000,0.160384
2005-05-23 15:00:00,P,10,0,0,0.100000,0.100000,-0.100000,-0.325000,-0.783333,-2.366667,0.055823
2005-05-23 17:00:00,EB,10,0,0,,,,0.400000,-0.300000,-0.566667,0.050498
2005-05-23 18:30:00,EB,10,0,1,,,,,,,
2005-05-26 19:00:00,P,7,0,1,,,,,,,
2005-05-27 09:25:00,EB,6,0,0,-0.100000,0.100000,0.100000,0.000000,0.250000,-0.250000,-0.349029
2005-05-30 19:20:00,P,3,0,1,,,,,,,
2005-05-31 17:15:00,EB,2,0,1,-0.100000,-0.100000,0.100000,-0.350000,-0.716667,-1.260000,-0.131137
2005-05-31 18:30:00,EB,2,0,1,,,,,,,
2005-05-31 18:30:00,P,2,0,1,,,,,,,
2005-06-02 13:45:00,GC_ME,0,0,0,0.450000,0.600000,1.050000,2.171429,2.404167,2.037500,-0.143825
2005-06-02 13:45:00,GC_PR,0,0,0,0.566667,0.510000,0.614286,1.677778,1.200000,1.157143,-0.019496
2005-06-02 14:30:00,GC_PC,0,0,0,0.100000,0.050000,0.900000,1.000000,1.520833,1.266667,-0.123395
2005-06-03 11:45:00,EB,34,0,0,-0.100000,-0.200000,-0.200000,0.200000,0.464286,0.800000,0.015336
2005-06-03 14:00:00,EB,34,0,0,-0.100000,0.300000,-0.700000,-0.225000,-0.300000,-1.225000,-0.077321
2005-06-07 03:00:00,P,30,0,1,0.000000,0.000000,0.000000,0.000000,,,
2005-06-08 12:30:00,P,29,0,0,0.200000,0.300000,0.000000,-0.075000,-0.125000,-0.250000,0.044757
2005-06-08 18:00:00,EB,29,0,1,0.000000,0.000000,0.000000,0.200000,-0.233333,-0.150000,
2005-06-09 11:00:00,P,28,0,0,0.200000,0.200000,0.233333,0.100000,0.025000,0.944444,-0.003212
2005-06-09 15:45:00,EB,28,0,0,,,0.000000,-0.100000,-0.150000,-0.625000,0.071564
2005-06-12 13:00:00,EB,25,1,0,,,,,,,
2005-06-13 16:00:00,EB,24,0,0,0.000000,0.050000,-0.100000,0.100000,0.375000,0.620000,0.353363
2005-06-15 16:00:00,P,22,0,0,0.000000,0.000000,0.100000,0.333333,0.300000,1.133333,-0.664244
2005-06-16 14:00:00,EB,21,0,0,0.000000,0.000000,0.000000,-0.100000,0.150000,0.275000,-0.200453
2005-06-16 19:30:00,EB,21,0,1,0.000000,0.000000,0.000000,0.000000,,,
2005-06-17 13:00:00,EB,20,0,0,0.000000,0.000000,0.000000,-0.200000,0.200000,1.275000,0.140259
2005-06-17 14:15:00,EB,20,0,0,0.000000,0.000000,0.000000,-0.100000,0.200000,0.583333,-0.092047
2005-06-17 16:15:00,EB,20,0,0,0.000000,0.000000,0.000000,0.000000,0.171250,-0.887500,-0.241133
2005-06-17 18:00:00,P,20,0,1,0.000000,0.000000,0.000000,0.000000,,-0.100000,
2005-06-21 18:00:00,P,16,0,1,0.000000,0.000000,-0.100000,-0.125000,-0.333333,-0.933333,
2005-06-23 10:00:00,EB,14,0,0,0.000000,0.000000,0.300000,0.550000,0.820000,1.233333,-0.007208
2005-06-24 15:00:00,P,13,0,0,0.000000,0.000000,0.100000,-0.100000,0.142857,0.771429,-0.097859
2005-07-04 17:30:00,P,3,0,1,,,,-0.020000,0.350000,0.266667,-0.049422
2005-07-06 12:30:00,P,1,0,0,,,,-0.300000,0.166667,0.125000,0.039325
2005-07-07 13:45:00,GC_ME,0,0,0,0.500000,0.600000,0.625000,2.283333,3.588889,5.966667,0.937750
2005-07-07 13:45:00,GC_PR,0,0,0,0.000000,0.000000,0.380000,0.500000,0.414286,1.316667,0.333543
2005-07-07 14:30:00,GC_PC,0,0,0,0.500000,0.566667,0.475000,1.820000,3.355556,4.520000,0.513627
2005-07-10 09:30:00,P,25,1,0,,,,,,,
2005-07-11 12:00:00,EB,24,0,0,0.100000,0.000000,0.300000,0.375000,0.480000,0.250000,-0.072426
2005-07-13 14:00:00,EB,22,0,0,0.000000,0.000000,0.000000,-0.200000,0.100000,-0.400000,0.064061
2005-07-13 18:30:00,EB,22,0,1,0.000000,0.000000,0.000000,0.000000,0.050000,0.100000,
2005-07-14 05:15:00,EB,21,0,1,0.000000,0.000000,0.000000,0.050000,-1.800000,,
2005-07-15 09:30:00,EB,20,0,0,-0.100000,-0.100000,0.000000,-0.266667,-0.260000,-0.600000,0.136749
2005-07-18 09:30:00,P,17,0,0,0.000000,0.000000,0.000000,-0.470000,-0.814286,-2.000000,0.275289
2005-08-04 13:45:00,GC_ME,0,0,0,0.000000,0.200000,0.300000,0.000000,0.310000,-1.000000,-0.296414
2005-08-04 13:45:00,GC_PR,0,0,0,0.000000,-0.200000,0.200000,-0.028750,-0.220000,-0.514286,-0.052415
2005-08-04 14:30:00,GC_PC,0,0,0,0.000000,0.200000,0.300000,-0.066667,0.511250,-0.728571,-0.114678
2005-08-05 08:20:00,P,27,0,1,0.000000,0.300000,0.100000,-0.033333,-0.451250,-0.460000,
2005-08-06 14:00:00,P,26,1,0,,,,,,,
2005-08-27 17:15:00,P,5,1,1,0.000000,0.000000,0.000000,0.000000,,,
2005-09-01 13:45:00,GC_ME,0,0,0,0.100000,0.000000,0.000000,-0.450000,-1.950000,-3.183333,0.118064
2005-09-01 13:45:00,GC_PR,0,0,0,0.000000,0.000000,-0.100000,-0.150000,0.166667,-0.775000,0.044730
2005-09-01 14:30:00,GC_PC,0,0,0,0.100000,0.000000,0.000000,-0.350000,-2.233333,-3.666667,-0.036762
2005-09-14 09:30:00,P,22,0,0,0.000000,0.000000,-0.100000,0.200000,0.185000,0.570000,0.347232
2005-09-19 09:00:00,EB,17,0,1,0.000000,0.000000,0.100000,-0.166667,-0.664286,-0.550000,
2005-09-19 09:30:00,EB,17,0,0,0.000000,0.000000,0.250000,0.200000,-0.385714,-0.671429,0.483830
2005-09-19 14:15:00,P,17,0,0,0.000000,0.000000,0.000000,0.000000,0.000000,0.025000,0.230041
2005-09-19 17:30:00,EB,17,0,1,0.000000,0.000000,0.000000,-0.300000,-0.400000,-0.766667,0.039643
2005-09-22 19:30:00,EB,14,0,1,0.000000,0.000000,0.000000,0.100000,0.100000,0.400000,
2005-09-30 11:30:00,EB,6,0,0,0.100000,-0.250000,0.000000,-0.360000,-0.690000,-1.521429,-0.159978
2005-09-30 12:30:00,EB,6,0,0,0.100000,0.100000,-0.100000,0.133333,0.658333,0.800000,0.022765
2005-09-30 16:30:00,EB,6,0,0,0.000000,-0.900000,-0.600000,-0.150000,-0.080000,0.034375,0.051613
2005-10-03 10:30:00,P,3,0,0,0.000000,0.000000,0.387500,0.275000,0.152000,-0.500000,0.076951
2005-10-06 13:45:00,GC_ME,0,0,0,-0.200000,-0.100000,-0.200000,-0.300000,-0.707143,-0.862500,0.197039
2005-10-06 13:45:00,GC_PR,0,0,0,-0.100000,0.400000,-0.125000,-0.633333,-0.440000,-2.060000,0.063800
2005-10-06 14:30:00,GC_PC,0,0,0,-0.100000,-0.100000,0.100000,-0.200000,-0.355000,-0.685714,-0.037302
2005-10-10 11:00:00,P,24,0,0,-0.200000,-0.100000,0.000000,0.025000,0.270000,0.633333,0.136373
2005-10-10 17:00:00,EB,24,0,0,0.000000,0.000000,0.300000,0.200000,0.480000,0.820000,0.041719
2005-10-13 13:00:00,P,21,0,0,0.000000,0.100000,0.200000,-0.000000,0.000000,0.660000,-0.003599
2005-10-13 13:15:00,EB,21,0,0,0.000000,0.100000,0.100000,0.100000,0.440000,1.140000,-0.125579
2005-10-13 18:45:00,EB,21,0,1,,,0.000000,-0.100000,-0.325000,-0.150000,
2005-10-14 11:30:00,EB,20,0,0,0.000000,,2.100000,0.300000,0.275000,0.275000,-0.016226
2005-10-14 11:45:00,EB,20,0,0,0.000000,0.000000,2.200000,0.400000,0.300000,0.333333,0.069999
2005-10-17 17:30:00,EB,17,0,1,0.000000,0.000000,-0.250000,0.020000,-0.035000,-0.440000,-0.044368
2005-10-17 18:30:00,P,17,0,1,0.000000,,0.200000,0.133333,0.600000,0.300000,
2005-10-18 09:00:00,EB,16,0,1,0.000000,0.100000,-0.200000,0.655000,0.800000,0.600000,
2005-10-21 13:00:00,EB,13,0,0,0.000000,,-0.100000,-0.566667,-0.400000,-0.340000,0.077886
2005-10-21 17:00:00,EB,13,0,0,,,0.000000,-0.200000,-0.308333,-0.580000,-0.024145
2005-10-24 17:30:00,EB,10,0,1,0.000000,0.100000,0.200000,0.100000,0.364286,0.200000,0.071650
2005-10-28 11:15:00,EB,6,0,0,-0.100000,-0.140000,-0.033333,-0.382857,-0.681250,-0.900000,0.142831
2005-10-28 11:20:00,EB,6,0,0,-0.100000,-0.200000,-0.425000,-0.768571,-0.893750,-0.966667,0.251652
2005-10-28 17:50:00,P,6,0,1,,0.100000,0.350000,0.536000,0.580000,0.800000,
2005-11-03 13:45:00,GC_ME,0,0,0,-1.366667,-1.120000,-1.616667,-0.557143,0.012000,0.516667,0.660389
2005-11-03 13:45:00,GC_PR,0,0,0,-0.964286,-0.620000,-0.825000,-0.660000,-0.060000,-0.760000,0.092245
2005-11-03 14:30:00,GC_PC,0,0,0,-0.500000,-0.640000,-0.550000,-0.300000,0.185000,0.583333,0.613682
2005-11-07 13:30:00,P,24,0,0,0.100000,0.000000,0.000000,-0.216000,-0.490000,-0.633333,0.114003
2005-11-09 12:45:00,P,22,0,0,,-0.125000,-0.200000,-0.250000,-0.391667,-0.528571,-0.024409
2005-11-10 22:30:00,P,21,0,1,0.000000,,,,,0.000000,
2005-11-13 18:00:00,P,18,1,1,,,,,,,
2005-11-14 09:00:00,EB,17,0,1,0.760000,0.542857,0.500000,0.570000,0.500000,0.580000,
2005-11-14 19:50:00,EB,17,0,1,,,,0.190000,0.100000,-0.100000,
2005-11-15 09:50:00,EB,16,0,0,0.100000,-0.300000,-0.000000,-0.133333,-0.670000,-1.125000,0.013472
2005-11-16 09:00:00,P,15,0,1,0.050000,-0.200000,0.375000,-0.100000,-0.158333,0.425000,
2005-11-18 14:00:00,EB,13,0,0,0.700000,0.966667,2.771429,3.816667,3.108000,3.377778,0.008426
2005-11-18 14:00:00,P,13,0,0,0.700000,0.966667,2.771429,3.816667,3.108000,3.377778,0.008426
2005-11-19 09:00:00,P,12,1,1,,,,,,,
2005-11-21 15:00:00,P,10,0,0,0.000000,-0.300000,-0.300000,-1.237500,-0.933333,-1.530000,-0.142059
2005-11-21 18:30:00,EB,10,0,1,-0.300000,0.000000,0.200000,-0.100000,0.117500,-0.366667,
2005-11-23 14:15:00,EB,8,0,0,0.333333,-0.166667,0.000000,0.075000,-0.460000,0.166667,-0.120422
2005-11-28 11:31:00,P,3,0,0,0.300000,0.100000,0.100000,0.100000,0.430000,0.925000,0.050741
2005-12-01 13:45:00,GC_ME,0,0,0,-1.375000,-1.900000,-1.966667,-2.200000,-2.983333,-3.036364,0.469271
2005-12-01 13:45:00,GC_PR,0,0,0,-0.933333,-1.200000,-0.970000,-0.683333,-0.225000,-0.950000,0.083490
2005-12-01 14:30:00,GC_PC,0,0,0,-0.575000,-0.975000,-1.028571,-1.685714,-2.833333,-3.450000,0.242148
2005-12-08 09:15:00,EB,35,0,1,1.000000,0.000000,0.000000,-0.742000,-1.028571,-1.400000,0.081185
2005-12-08 11:59:00,P,35,0,0,-0.100000,-0.000000,0.100000,0.302500,0.575000,0.566667,-0.119544
2005-12-08 14:00:00,EB,35,0,0,0.000000,0.200000,0.650000,0.123750,-0.164286,-0.742857,0.204748
2005-12-08 14:20:00,EB,35,0,0,-0.100000,-0.100000,0.480000,0.733333,1.389375,0.355556,0.355681
2005-12-08 19:00:00,EB,35,0,1,0.000000,-0.200000,-0.200000,0.002500,-0.040000,0.233333,
2005-12-15 19:30:00,EB,28,0,1,0.000000,-0.100000,0.050000,-0.133333,-0.100000,0.100000,
2005-12-16 14:00:00,P,27,0,0,-0.100000,-0.066667,0.100000,0.250000,-0.150000,-0.671429,-0.019153
2006-01-09 08:00:00,EB,3,0,1,0.450000,0.500000,0.500000,0.900000,1.700000,-0.000000,
2006-01-12 13:45:00,GC_ME,0,0,0,-1.166667,-1.700000,-1.737500,-1.912500,-3.121429,-3.685714,0.115618
2006-01-12 13:45:00,GC_PR,0,0,0,-0.400000,-0.533333,-0.380000,-0.383333,-0.391667,-1.080000,0.014760
2006-01-12 14:30:00,GC_PC,0,0,0,-0.766667,-1.350000,-1.570833,-1.916667,-2.987500,-3.540000,0.043701
2006-01-13 15:00:00,P,20,0,0,-0.100000,-0.200000,-0.075000,-0.565000,-0.685714,-0.928571,-0.073223
2006-01-18 17:00:00,EB,15,0,0,0.300000,0.100000,-0.033333,0.100000,0.886429,1.450000,-0.338331
2006-01-20 16:40:00,P,13,0,0,0.000000,-0.100000,-0.300000,-0.116667,-0.200000,0.442857,-0.620252
2006-01-23 11:25:00,EB,10,0,0,0.000000,-0.100000,0.156250,0.370000,0.782143,1.166667,0.016706
2006-01-28 09:00:00,P,5,1,1,,,,,,,
2006-02-02 13:45:00,GC_ME,0,0,0,-1.233333,-0.800000,-0.800000,-0.300000,0.342857,0.700000,0.034454
2006-02-02 13:45:00,GC_PR,0,0,0,-1.300000,-1.033333,-0.725000,-0.728571,-0.564286,-0.400000,0.112783
2006-02-02 14:30:00,GC_PC,0,0,0,-0.300000,0.166667,0.040000,0.150000,0.935714,1.036364,-0.055668
2006-02-06 15:10:00,P,24,0,0,,-0.100000,0.020000,-0.090000,-0.292857,-0.550000,-0.223971
2006-02-10 07:30:00,EB,20,0,1,0.650000,0.400000,0.150000,0.637500,1.000000,0.112500,
2006-02-20 17:00:00,P,10,0,0,0.200000,0.100000,0.125000,0.050000,0.150000,-0.150000,0.010358
2006-02-23 10:45:00,EB,7,0,0,0.000000,0.000000,0.675000,0.350000,0.985714,1.400000,-0.390258
2006-02-24 05:30:00,EB,6,0,1,,,,,0.000000,0.200000,
2006-02-24 13:15:00,EB,6,0,0,0.800000,-0.300000,-0.200000,-0.120000,0.262500,0.228571,-0.128523
2006-02-27 14:00:00,P,3,0,0,-0.100000,0.000000,-0.100000,-0.200000,-0.375000,-0.533333,0.077159
2006-03-01 09:45:00,EB,1,0,0,0.100000,0.000000,0.000000,0.166667,0.825000,1.044444,0.349575
2006-03-02 13:45:00,GC_ME,0,0,0,-0.466667,-0.400000,-0.100000,1.233333,2.850000,4.566667,-0.542143
2006-03-02 13:45:00,GC_PR,0,0,0,0.166667,-0.100000,-0.450000,-0.300000,0.000000,-0.766667,0.160615
2006-03-02 14:30:00,GC_PC,0,0,0,-0.175000,0.312500,0.250000,1.778571,3.075000,5.510000,-0.672387
2006-03-06 08:30:00,P,31,0,1,-0.000000,-0.050000,-0.100000,0.050000,-0.771429,-1.125000,
2006-03-09 11:00:00,EB,28,0,0,0.000000,-0.100000,-0.100000,0.125000,0.020000,0.180000,0.216908
2006-03-16 19:20:00,EB,21,0,1,0.000000,,0.300000,,-0.275000,-1.940000,
2006-03-17 13:00:00,EB,20,0,0,0.000000,-0.100000,-0.300000,-0.250000,-0.100000,0.040000,-0.131552
2006-03-17 18:00:00,EB,20,0,1,,,,-0.600000,0.000000,0.100000,
2006-03-22 19:30:00,P,15,0,1,0.000000,,,0.000000,0.075000,0.175000,
2006-03-23 20:30:00,P,14,0,1,0.000000,,,0.100000,0.250000,0.175000,
2006-03-24 13:00:00,EB,13,0,0,0.000000,0.000000,0.100000,0.000000,0.033333,0.166667,-0.045782
2006-03-29 12:30:00,EB,8,0,0,0.150000,-0.100000,-0.200000,-0.213333,0.016667,-0.040000,-0.062836
2006-03-30 19:30:00,P,7,0,1,0.000000,,,-0.100000,0.180000,0.616667,
2006-03-31 10:00:00,EB,6,0,0,0.000000,0.100000,-0.100000,0.000000,-0.075000,0.080000,-0.110141
2006-03-31 10:30:00,P,6,0,0,0.000000,-0.100000,-0.100000,-0.100000,0.225000,0.375000,-0.376551
2006-03-31 14:30:00,EB,6,0,0,0.000000,-0.000000,-0.100000,-0.100000,-0.160000,-0.166667,0.180318
2006-04-03 11:00:00,EB,3,0,0,0.000000,0.000000,0.100000,-0.250000,-0.050000,-0.100000,-0.051559
2006-04-04 13:30:00,P,2,0,0,1.100000,0.200000,-0.050000,-0.033333,-0.248333,-0.783333,0.106306
2006-04-06 13:45:00,GC_ME,0,0,0,-1.300000,-9.700000,-8.100000,-9.040000,-8.987500,-7.388889,0.317589
2006-04-06 13:45:00,GC_PR,0,0,0,-0.700000,-0.100000,-0.200000,-0.500000,-1.628571,-1.377778,0.068500
2006-04-06 14:30:00,GC_PC,0,0,0,-0.566667,-9.487500,-7.750000,-8.825000,-8.562500,-7.177778,0.339458
2006-04-24 18:30:00,EB,10,0,1,0.000000,,,,-0.116667,-0.166667,
2006-04-24 23:30:00,P,10,0,1,,,,,,,
2006-04-25 05:30:00,P,9,0,1,0.000000,,-0.100000,-0.200000,-0.400000,-0.100000,
2006-04-25 16:30:00,EB,9,0,0,0.000000,0.200000,0.200000,0.350000,0.578571,0.975000,-0.021694
2006-04-25 18:30:00,EB,9,0,1,0.000000,0.000000,0.000000,0.200000,0.070000,0.550000,
2006-04-27 11:00:00,EB,7,0,0,2.116667,2.225000,2.064000,2.662500,2.825000,2.955556,-0.224746
2006-04-28 11:30:00,EB,6,0,0,-0.500000,-0.100000,-0.100000,-0.100000,0.141667,0.100000,-0.078565
2006-05-03 15:00:00,EB,1,0,0,0.100000,-0.600000,-0.650000,-1.516667,-1.798333,-1.620000,-0.026025
2006-05-04 13:45:00,GC_ME,0,0,0,-2.050000,,-0.500000,0.480000,0.866667,1.050000,-0.039661
2006-05-04 13:45:00,GC_PR,0,0,0,-2.300000,,-1.200000,-0.100000,0.410000,0.062500,0.112460
2006-05-04 14:30:00,GC_PC,0,0,0,-0.800000,1.000000,0.725000,0.777778,1.266667,1.350000,-0.112639
2006-05-04 14:40:00,EB,35,0,0,0.500000,0.500000,0.700000,0.722222,1.172222,0.900000,-0.231316
2006-05-05 11:00:00,P,34,0,0,0.200000,0.850000,0.400000,0.811250,1.050000,0.980000,0.003893
2006-05-05 11:45:00,EB,34,0,0,0.000000,-1.000000,0.533333,0.742857,1.125000,1.150000,-0.064040
2006-05-05 13:00:00,P,34,0,0,0.000000,-0.450000,-0.133333,-0.218000,-0.277778,-0.860000,0.009342
2006-05-05 13:45:00,EB,34,0,0,0.000000,-0.400000,0.028571,-0.600000,-1.175000,-1.925000,0.041263
2006-05-05 16:00:00,EB,34,0,0,0.000000,0.300000,0.214286,0.133333,0.427778,0.611111,0.004147
2006-05-08 19:00:00,EB,31,0,1,0.000000,,0.000000,0.100000,-0.175000,-0.433333,
2006-05-11 09:30:00,P,28,0,0,0.200000,-0.200000,-0.660000,-0.018333,0.215833,0.660000,0.297329
2006-05-11 19:30:00,P,28,0,1,0.000000,0.000000,0.000000,0.000000,0.200000,-0.100000,
2006-05-22 11:00:00,EB,17,0,0,0.100000,-0.200000,-0.100000,-0.357143,0.011111,-0.555556,0.356379
2006-05-22 11:45:00,P,17,0,0,-0.700000,-0.050000,0.003750,-0.380000,-0.580000,-0.675000,0.033965
2006-05-25 23:00:00,EB,14,0,1,0.000000,,0.000000,0.000000,0.000000,0.000000,
2006-05-26 11:15:00,EB,13,0,0,-0.250000,-0.100000,0.000000,0.100000,-0.150000,-0.266667,0.334259
2006-06-01 16:00:00,EB,7,0,0,-0.200000,0.100000,0.100000,-0.100000,-0.280000,-0.500000,0.377558
2006-06-07 09:00:00,EB,1,0,1,-0.200000,-0.060167,0.100000,0.103750,-0.166667,0.083333,
2006-06-08 13:45:00,GC_ME,0,0,0,-2.866667,-3.660000,-3.800000,-3.280000,-2.760000,-0.970000,0.592277
2006-06-08 13:45:00,GC_PR,0,0,0,-1.075000,-1.333333,-1.114286,-0.285714,0.450000,0.900000,-0.004866
2006-06-08 14:30:00,GC_PC,0,0,0,-1.733333,-2.550000,-2.866667,-3.200000,-2.900000,-1.708333,0.398567
2006-06-08 17:30:00,EB,28,0,1,0.000000,-0.100000,0.050000,-0.100000,-0.620000,-1.180000,
2006-06-08 18:15:00,P,28,0,1,-0.100000,0.706500,0.400000,0.325000,0.720000,1.180000,
2006-06-09 09:00:00,EB,27,0,1,1.300000,0.233333,-0.712500,-0.133333,-0.728571,-1.144444,
2006-06-09 11:30:00,EB,27,0,0,-0.300000,-0.200000,-0.643750,-1.177778,-1.970000,-2.622222,-0.098629
2006-06-12 15:45:00,EB,24,0,0,0.000000,-0.100000,0.600000,-0.140000,-0.528571,-1.000000,-0.487407
2006-06-14 15:00:00,P,22,0,0,0.000000,0.000000,0.000000,0.446667,0.977778,1.275000,1.003250
2006-06-15 09:30:00,EB,21,0,0,-0.033333,-0.050000,-0.100000,0.225000,0.863636,1.360000,-0.076185
2006-06-21 09:00:00,P,15,0,1,0.000000,-0.725000,-0.033333,-0.066667,0.028571,0.140000,
2006-06-26 12:00:00,EB,10,0,0,0.300000,0.100000,0.025000,0.160000,0.740000,0.136364,-0.037193
2006-06-29 15:45:00,P,7,0,0,-0.100000,-0.033333,-0.116667,-0.433333,-0.485714,-0.628571,0.447041
2006-07-06 13:45:00,GC_ME,0,0,0,-1.250000,2.875000,1.731667,2.200000,2.828571,2.700000,-0.123008
2006-07-06 13:45:00,GC_PR,0,0,0,-1.830000,-1.000000,-0.482000,0.477778,1.300000,1.744444,0.133442
2006-07-06 14:30:00,GC_PC,0,0,0,0.800000,3.880000,2.081667,2.487500,2.571429,2.266667,-0.197818
2006-07-06 15:30:00,EB,28,0,0,0.200000,-0.100000,0.435000,-0.100000,-0.288889,-2.233333,0.475838
2006-07-07 12:30:00,EB,27,0,0,-0.100000,-0.700000,0.300000,-0.300000,-0.080000,-0.271429,0.130512
2006-07-11 15:30:00,P,23,0,0,0.000000,-0.100000,-0.062500,-0.240000,-0.400000,-0.885714,-0.302176
2006-07-12 17:30:00,P,22,0,1,0.000000,0.000000,0.100000,0.120000,-0.180000,-0.266667,0.043539
2006-07-14 10:30:00,EB,20,0,0,-0.200000,0.200000,0.257500,-0.211429,-0.261111,-0.366667,0.345701
2006-07-14 12:00:00,EB,20,0,0,0.000000,-0.100000,0.500000,-0.440000,-0.457778,-0.787500,-0.090779
2006-07-17 12:00:00,EB,17,0,0,0.300000,0.100000,0.033333,0.154286,0.331111,1.000000,0.051947
2006-07-18 16:45:00,EB,16,0,0,0.000000,1.000000,-0.100000,0.016667,0.000000,-0.260000,-0.325819
2006-08-03 13:45:00,GC_ME,0,0,0,1.000000,0.300000,0.633333,1.325000,2.814286,3.650000,-0.002732
2006-08-03 13:45:00,GC_PR,0,0,0,0.700000,0.208333,0.000000,0.014286,0.233333,2.037500,0.202157
2006-08-03 14:30:00,GC_PC,0,0,0,0.000000,-0.212500,0.600000,1.400000,2.668750,3.400000,-0.175627
2006-08-31 13:45:00,GC_ME,0,0,0,0.000000,,0.400000,1.260000,1.537500,1.133333,-0.016254
2006-08-31 13:45:00,GC_PR,0,0,0,0.000000,,0.000000,0.150000,-0.025000,1.975000,-0.032245
2006-08-31 14:30:00,GC_PC,0,0,0,0.100000,0.400000,0.480000,1.385714,1.406250,0.977778,0.101311
2006-09-04 15:00:00,P,31,0,0,0.100000,,-0.100000,0.200000,0.033333,0.100000,-0.012521
2006-09-05 09:00:00,EB,30,0,1,0.100000,0.000000,0.100000,0.400000,1.033333,1.475000,
2006-09-07 18:30:00,EB,28,0,1,,,,0.100000,0.500000,0.600000,
2006-09-11 12:30:00,P,24,0,0,,0.000000,0.100000,0.050000,0.150000,-0.166667,0.018802
2006-09-15 15:00:00,EB,20,0,0,0.100000,0.100000,-0.000000,-0.233333,-0.685714,-1.112500,0.292080
2006-09-17 11:00:00,EB,18,1,0,,,,,,,
2006-09-18 10:30:00,EB,17,0,0,0.150000,0.000000,0.250000,0.300000,0.140000,0.228571,0.225208
2006-09-18 15:00:00,EB,17,0,0,,,0.400000,0.100000,0.220000,0.662500,-0.054464
2006-09-20 09:00:00,EB,15,0,1,0.066667,-0.037500,-0.230000,0.225000,0.380000,0.033333,
2006-09-23 08:30:00,P,12,1,1,,,,0.000000,0.000000,,
2006-09-28 09:00:00,EB,7,0,1,-0.000000,-0.200000,0.100000,0.400000,0.812857,1.483333,
2006-09-28 10:30:00,EB,7,0,0,,0.000000,-1.300000,-0.025000,-0.058000,0.457143,0.235538
2006-09-28 16:00:00,EB,7,0,0,0.100000,0.150000,0.150000,0.325000,0.500000,0.583333,-0.155596
2006-09-29 13:40:00,EB,6,0,0,,,0.100000,-0.100000,0.390000,0.528571,-0.046790
2006-10-04 09:00:00,P,1,0,1,0.987500,0.475000,0.550000,0.357143,0.090000,0.771429,
2006-10-05 13:45:00,GC_ME,0,0,0,,-0.600000,0.100000,0.200000,0.100000,0.185714,0.094667
2006-10-05 13:45:00,GC_PR,0,0,0,,-0.100000,-0.133333,0.375000,-0.207143,0.242857,-0.074617
2006-10-05 14:30:00,GC_PC,0,0,0,0.100000,-0.350000,0.225000,0.340000,0.437500,0.142857,0.181878
2006-10-10 17:00:00,P,23,0,0,,,0.100000,0.485714,1.266667,1.457143,0.256349
2006-10-11 12:15:00,P,22,0,0,,0.100000,0.100000,0.214286,0.225000,0.580000,0.180341
2006-10-12 19:00:00,EB,21,0,1,,,,0.100000,0.187500,0.133333,
2006-10-13 11:30:00,EB,20,0,0,,0.100000,0.000000,-0.100000,-0.066667,-0.200000,0.251351
2006-10-16 12:00:00,P,17,0,0,,,-0.100000,0.050000,0.033333,0.125000,0.088548
2006-10-18 16:30:00,P,15,0,0,,0.100000,0.100000,0.400000,0.900000,1.750000,-0.238860
2006-10-23 10:20:00,EB,10,0,0,0.500000,0.033333,-0.100000,-0.100000,-0.466667,-0.700000,-0.308467
2006-10-24 18:30:00,EB,9,0,1,,,,0.100000,0.100000,-0.050000,
2006-10-26 09:00:00,EB,7,0,1,-0.100000,0.100000,0.225000,0.362500,1.133333,1.455556,
2006-10-26 10:00:00,P,7,0,0,-0.200000,0.000000,0.000000,0.271429,0.070000,0.216667,0.059374
2006-10-26 18:00:00,EB,7,0,1,,,,0.100000,0.170000,-0.000000,
2006-10-27 05:30:00,EB,6,0,1,,,,-0.300000,-0.100000,0.000000,
2006-10-30 09:00:00,EB,3,0,1,-0.333333,-0.450000,-0.466667,-0.100000,-0.240000,-0.220000,
2006-11-02 13:45:00,GC_ME,0,0,0,-0.200000,-0.300000,-0.333333,-0.060000,0.171429,0.266667,-0.896629
2006-11-02 13:45:00,GC_PR,0,0,0,-0.200000,-0.300000,-0.166667,-0.300000,-0.071429,-0.116667,-0.045168
2006-11-02 14:30:00,GC_PC,0,0,0,0.700000,-0.033333,-0.080000,0.183333,0.300000,0.275000,-0.786949
2006-11-03 17:00:00,EB,34,0,0,-0.550000,,0.100000,0.150000,0.640000,1.142857,-0.210696
2006-11-09 10:35:00,EB,28,0,0,,0.000000,-0.100000,0.016667,-0.360000,-0.180000,-0.234976
2006-11-09 14:30:00,EB,28,0,0,,-0.100000,0.100000,-0.250000,0.050000,0.320000,0.114425
2006-11-09 17:45:00,EB,28,0,1,,-0.200000,0.100000,0.140000,-0.420000,-0.640000,
2006-11-09 19:30:00,EB,28,0,1,,0.000000,-0.100000,-0.100000,0.033333,-0.033333,
2006-11-10 09:00:00,EB,27,0,1,0.016667,-0.150000,-0.175000,-0.633333,-1.225000,-2.062500,
2006-11-10 14:45:00,P,27,0,0,,0.000000,0.050000,-0.233333,-0.685714,-0.500000,-0.031012
2006-11-10 16:30:00,P,27,0,0,,0.000000,-0.200000,-0.200000,-0.578571,-1.140000,-0.034734
2006-11-13 11:30:00,EB,24,0,0,-0.100000,0.000000,-0.050000,-0.050000,-0.142857,-0.412500,-0.083476
2006-11-13 14:15:00,P,24,0,0,0.000000,0.000000,0.100000,0.450000,1.483333,2.275000,0.062065
2006-11-13 17:15:00,EB,24,0,1,,0.000000,0.025000,0.250000,0.200000,0.275000,-0.081673
2006-11-15 09:00:00,EB,22,0,1,-0.100000,-0.100000,0.066667,-0.233333,0.080000,-0.350000,
2006-11-17 13:30:00,EB,20,0,0,,-0.100000,-0.075000,-0.350000,-0.283333,-0.062500,-0.064402
2006-11-17 15:20:00,EB,20,0,0,0.000000,-0.150000,0.000000,-0.616667,-1.185714,-1.940000,-0.081116
2006-11-20 04:30:00,P,17,0,1,,,,,,,
2006-11-20 21:00:00,EB,17,0,1,,,,,0.100000,0.133333,
2006-11-21 08:30:00,P,16,0,1,0.200000,0.700000,0.350000,0.340000,0.535714,0.375000,
2006-11-24 14:30:00,P,13,0,0,-0.200000,0.100000,-0.100000,-0.150000,-0.300000,-0.140000,0.017849
2006-11-24 20:00:00,EB,13,0,1,,,,,,,
2006-11-29 19:30:00,P,8,0,1,,,,0.100000,0.150000,0.037500,
2006-11-30 09:00:00,EB,7,0,1,-0.295000,0.000000,0.100000,0.683333,0.442857,0.814286,
2006-11-30 12:45:00,EB,7,0,0,,0.900000,0.600000,0.100000,0.166667,0.325000,0.014399
2006-12-01 13:15:00,EB,6,0,0,,0.100000,0.000000,-0.025000,-0.000000,-0.000000,0.319285
2006-12-04 17:35:00,P,3,0,1,-0.695000,0.000000,-0.100000,-0.300000,-0.656250,-0.250000,
2006-12-07 13:45:00,GC_ME,0,0,0,-0.098333,0.500000,0.600000,2.200000,3.751250,3.762500,0.699617
2006-12-07 13:45:00,GC_PR,0,0,0,0.150000,0.100000,0.425000,1.100000,1.100000,0.971429,0.195683
2006-12-07 14:30:00,GC_PC,0,0,0,0.150000,0.550000,0.533333,2.385714,3.726250,3.642857,0.566581
2006-12-11 15:00:00,EB,31,0,0,-0.100000,0.100000,-0.050000,-0.000000,-0.175000,-0.675000,-0.084127
2006-12-14 18:00:00,EB,28,0,1,0.250000,0.000000,-0.050000,-0.100000,-0.300000,-0.320000,
2006-12-20 09:30:00,P,22,0,0,0.050000,,0.150000,0.100000,-0.135714,-0.320000,-0.133447
2007-01-11 13:45:00,GC_ME,0,0,0,-0.400000,-3.700000,-2.860000,-3.657143,-5.487500,-5.471429,0.647031
2007-01-11 13:45:00,GC_PR,0,0,0,-0.066667,0.466667,0.400000,0.383333,1.012500,0.000000,0.015127
2007-01-11 14:30:00,GC_PC,0,0,0,-0.300000,-4.100000,-2.883333,-4.250000,-6.112500,-6.410000,0.718047
2007-01-15 11:00:00,P,24,0,0,0.100000,0.200000,0.000000,0.300000,0.416667,-0.033333,-0.102764
2007-01-15 11:15:00,EB,24,0,0,0.000000,0.000000,0.000000,0.000000,0.100000,-0.100000,-0.096616
2007-01-15 15:30:00,EB,24,0,0,-0.100000,-0.100000,-0.100000,0.100000,-0.040000,-0.360000,0.112740
2007-01-15 18:00:00,P,24,0,1,0.100000,,0.100000,-0.100000,-0.025000,0.200000,
2007-01-16 20:25:00,EB,23,0,1,,,,,-0.100000,0.000000,
2007-01-18 08:15:00,EB,21,0,1,-0.100000,0.000000,-0.100000,0.066667,0.100000,0.200000,
2007-01-19 10:00:00,EB,20,0,0,-0.200000,-0.033333,0.100000,-0.125000,-0.642857,-0.987500,-0.086616
2007-01-25 18:15:00,EB,14,0,1,,-0.500000,,0.100000,0.100000,0.533333,
2007-01-25 20:45:00,EB,14,0,1,,0.000000,,-0.100000,-0.100000,-0.037500,
2007-01-27 09:30:00,EB,12,1,0,,,,,,,
2007-02-08 13:45:00,GC_ME,0,0,0,-0.850000,-0.300000,0.350000,1.083333,2.057143,3.011111,-0.254304
2007-02-08 13:45:00,GC_PR,0,0,0,-0.500000,-0.750000,-0.500000,-0.100000,0.200000,0.600000,-0.160949
2007-02-08 14:30:00,GC_PC,0,0,0,-0.100000,0.700000,0.800000,1.311111,2.314286,3.200000,-0.090431
2007-02-13 16:45:00,EB,23,0,0,,0.000000,,-0.100000,0.200000,0.200000,0.029780
2007-02-15 10:30:00,EB,21,0,0,,0.200000,0.100000,0.200000,-0.157143,0.100000,-0.156807
2007-02-15 12:00:00,P,21,0,0,,,0.000000,0.066667,-0.100000,-0.340000,0.064151
2007-02-16 11:00:00,EB,20,0,0,-0.100000,0.100000,-0.100000,-0.100000,-0.275000,-0.500000,0.113993
2007-02-16 13:00:00,EB,20,0,0,0.000000,-0.300000,-0.200000,0.100000,0.150000,0.160000,0.125024
2007-02-20 10:00:00,EB,16,0,0,0.700000,0.100000,-0.100000,-0.166667,-0.150000,-0.160000,-0.069276
2007-02-22 19:30:00,EB,14,0,1,,,,,-0.016667,0.166667,
2007-02-27 14:15:00,EB,9,0,0,0.000000,0.100000,0.200000,-0.230000,-0.175000,-0.366667,-0.636805
2007-02-28 15:00:00,P,8,0,0,0.000000,0.000000,0.425000,-0.314286,-0.330000,-0.550000,-0.460031
2007-03-08 13:45:00,GC_ME,0,0,0,0.100000,0.500000,0.450000,1.266667,1.014286,-0.220000,0.085484
2007-03-08 13:45:00,GC_PR,0,0,0,0.200000,0.350000,0.625000,0.640000,0.375000,0.033333,0.007391
2007-03-08 14:30:00,GC_PC,0,0,0,-0.400000,0.150000,0.450000,1.271429,1.090000,-0.140000,-0.022148
2007-03-12 22:00:00,EB,31,0,1,,,,,,,
2007-03-16 12:30:00,EB,27,0,0,0.000000,0.100000,-0.200000,0.175000,0.580000,0.850000,-0.214561
2007-03-17 20:00:00,EB,26,1,1,,,,,,,
2007-03-21 09:00:00,P,22,0,1,0.300000,-0.100000,-0.100000,-0.225000,-0.387500,-0.260000,
2007-03-23 09:45:00,EB,20,0,0,-0.300000,,-0.100000,-0.133333,-0.457143,-0.300000,0.150751
2007-03-23 12:00:00,EB,20,0,0,0.000000,,0.100000,0.200000,0.428571,0.812500,0.193197
2007-03-23 15:00:00,EB,20,0,0,0.000000,,,0.220000,0.864286,1.777778,0.228613
2007-03-26 10:00:00,EB,17,0,0,0.000000,-0.100000,0.100000,0.325000,0.275000,0.787500,-0.239064
2007-03-28 10:00:00,EB,15,0,0,,0.300000,0.500000,0.066667,0.150000,0.328571,0.006049
2007-03-29 14:00:00,P,14,0,0,-0.600000,,,0.275000,0.433333,0.533333,0.419333
2007-03-29 15:41:00,P,14,0,0,-0.100000,0.000000,0.000000,0.200000,0.200000,0.150000,0.142110
2007-04-12 13:45:00,GC_ME,0,0,0,0.100000,-1.000000,-0.500000,-0.200000,-0.117500,0.440000,-0.320984
2007-04-12 13:45:00,GC_PR,0,0,0,0.300000,-1.050000,0.150000,0.075000,-0.316667,-0.485714,-0.026241
2007-04-12 14:30:00,GC_PC,0,0,0,-0.150000,-1.050000,-0.600000,-0.275000,0.085000,0.228571,-0.359037
2007-04-13 19:15:00,P,27,0,1,,,,0.400000,0.150000,0.100000,
2007-04-16 18:00:00,P,24,0,1,0.000000,,0.000000,0.000000,-0.133333,-0.375000,0.081816
2007-04-17 17:00:00,P,23,0,0,,,0.000000,0.033333,-0.025000,0.025000,-0.055209
2007-04-18 16:00:00,P,22,0,0,0.000000,0.100000,0.150000,-0.100000,0.075000,0.125000,0.133754
2007-04-19 10:00:00,EB,21,0,0,0.100000,0.000000,-0.100000,-0.100000,0.278571,0.628571,0.113708
2007-04-19 11:30:00,EB,21,0,0,0.000000,0.000000,0.100000,-0.000000,0.050000,-0.200000,0.054995
2007-04-23 18:18:00,EB,17,0,1,,0.000000,0.000000,-0.500000,0.000000,0.220000,0.000000
2007-05-02 16:55:00,EB,8,0,0,,0.100000,0.050000,0.333333,-0.200000,-0.050000,-0.077395
2007-05-03 19:35:00,EB,7,0,1,,,,,-0.300000,-0.100000,
2007-05-07 19:30:00,EB,3,0,1,,,,,-0.500000,0.000000,
2007-05-08 10:00:00,EB,2,0,0,0.000000,0.100000,0.100000,-0.000000,-0.250000,-0.500000,0.083250
2007-05-09 09:00:00,P,1,0,1,-0.100000,-0.033333,-0.100000,0.075000,0.066667,0.214286,
2007-05-10 13:45:00,GC_ME,0,0,0,0.000000,0.500000,0.000000,-0.066667,-1.114286,-1.814286,-0.117315
2007-05-10 13:45:00,GC_PR,0,0,0,0.000000,,-0.200000,-0.025000,-0.325000,-0.100000,-0.198394
2007-05-10 14:30:00,GC_PC,0,0,0,0.100000,0.150000,-0.100000,-0.200000,-1.102500,-1.828571,0.056945
2007-05-11 18:30:00,P,26,0,1,,,0.100000,-0.100000,0.100000,0.100000,0.000000
2007-05-15 11:20:00,EB,22,0,0,0.000000,-0.100000,0.050000,0.075000,0.333333,0.140000,-0.052177
2007-05-15 19:30:00,EB,22,0,1,,,,0.100000,-0.100000,-0.333333,
2007-05-17 14:00:00,EB,20,0,0,0.000000,0.000000,-0.100000,0.325000,0.512500,1.025000,-0.162161
2007-05-19 18:00:00,EB,18,1,1,,,,,,,
2007-05-21 10:30:00,EB,16,0,0,0.100000,0.000000,0.000000,-0.050000,0.100000,0.400000,0.276488
2007-05-21 13:00:00,P,16,0,0,-0.100000,0.000000,0.100000,0.225000,0.275000,0.200000,0.037532
2007-05-22 12:00:00,P,15,0,0,0.000000,0.000000,0.000000,-0.033333,-0.300000,-0.400000,-0.010279
2007-05-23 09:30:00,EB,14,0,0,0.100000,0.187500,-0.100000,0.033333,0.008333,-0.116667,0.152056
2007-06-01 09:30:00,P,5,0,0,0.000000,-0.100000,-0.000000,-0.300000,-0.675000,-0.957143,0.178007
2007-06-01 11:30:00,EB,5,0,0,0.000000,-0.100000,,0.100000,0.200000,0.233333,-0.093611
2007-06-01 12:00:00,EB,5,0,0,0.000000,,,0.000000,0.200000,0.080000,-0.085294
2007-06-04 11:00:00,P,2,0,0,-0.100000,0.100000,0.050000,-0.500000,-0.800000,0.500000,-0.357933
2007-06-05 14:15:00,P,1,0,0,-0.150000,-0.100000,-0.100000,-0.180000,-0.328571,-0.600000,-0.281947
2007-06-06 13:45:00,GC_ME,0,0,0,-0.100000,0.150000,-0.225000,-0.700000,-2.043333,-2.657143,-0.110673
2007-06-06 13:45:00,GC_PR,0,0,0,-0.150000,0.083333,-0.050000,-0.033333,0.200000,-0.533333,-0.020751
2007-06-06 14:30:00,GC_PC,0,0,0,0.300000,0.200000,-0.266667,-0.620000,-2.028571,-2.740000,0.041565
2007-06-11 16:00:00,P,24,0,0,-1.000000,-0.100000,0.200000,0.000000,0.185714,0.250000,-0.119742
2007-06-13 19:00:00,P,22,0,1,,,,,0.033333,-0.050000,0.000000
2007-06-15 12:00:00,EB,20,0,0,,,,0.000000,-0.157143,-0.385714,-0.363538
2007-06-15 13:00:00,EB,20,0,0,0.000000,0.000000,0.000000,0.200000,-0.166667,-0.285714,0.141238
2007-06-18 10:00:00,EB,17,0,0,-0.500000,-0.100000,0.000000,-0.066667,-0.187500,-0.662500,-0.004391
2007-06-18 18:00:00,P,17,0,1,,,,-0.166667,-0.025000,-0.300000,
2007-06-19 09:15:00,EB,16,0,1,-0.050000,-0.250000,-0.143333,-0.175000,0.200000,0.400000,0.136675
2007-06-22 12:00:00,P,13,0,0,0.000000,-0.100000,-0.150000,-0.033333,0.662500,1.185714,-0.048182
2007-06-22 16:00:00,EB,13,0,0,,,-0.100000,-0.225000,-0.900000,-1.871429,-0.127101
2007-06-28 14:45:00,EB,7,0,0,0.200000,-0.100000,0.000000,0.183333,0.128571,0.100000,0.012600
2007-07-03 10:00:00,EB,2,0,0,-0.100000,-0.175000,-0.100000,-0.100000,0.121429,0.485714,0.086437
2007-07-03 15:45:00,P,2,0,0,,-0.200000,0.500000,0.150000,0.650000,1.725000,0.123141
2007-07-05 13:45:00,GC_ME,0,0,0,0.000000,,0.200000,0.385000,0.792857,0.633333,-0.120587
2007-07-05 13:45:00,GC_PR,0,0,0,0.000000,,0.100000,-0.000000,-0.180000,0.050000,0.274867
2007-07-05 14:30:00,GC_PC,0,0,0,0.100000,-0.100000,-0.075000,0.227857,0.665000,0.642857,-0.328049
2007-07-05 14:30:00,EB,28,0,0,,,0.000000,0.570714,0.929286,0.971429,-0.308000
2007-07-08 11:30:00,P,25,1,0,,,,,,,
2007-07-09 19:00:00,EB,24,0,1,,,,,0.200000,0.125000,
2007-07-10 15:00:00,EB,23,0,0,,0.200000,-0.100000,-0.372143,-0.687500,-1.414286,-0.711956
2007-07-10 18:30:00,EB,23,0,1,,,0.000000,0.225000,0.550000,0.700000,
2007-07-11 15:00:00,P,22,0,0,0.000000,-0.100000,0.000000,0.175000,0.328571,0.666667,-0.081934
2007-07-20 11:00:00,P,13,0,0,0.100000,0.400000,-0.200000,-0.033333,-0.050000,-0.116667,-0.228258
2007-07-23 09:00:00,EB,10,0,1,0.900000,0.500000,-0.250000,-0.412500,-1.100000,-1.571429,
2007-07-23 11:30:00,EB,10,0,0,,0.000000,-0.100000,0.020000,-0.150000,-0.730000,-0.103610
2007-07-24 15:00:00,EB,9,0,0,0.000000,,-0.133333,-0.050000,-0.575000,-1.057143,-0.348069
2007-08-02 13:45:00,GC_ME,0,0,0,-0.700000,1.000000,0.483333,0.408333,0.300000,-0.537500,0.235044
2007-08-02 13:45:00,GC_PR,0,0,0,-0.483333,-0.250000,0.300000,-0.292857,-0.240000,-0.450000,-0.051016
2007-08-02 14:30:00,GC_PC,0,0,0,0.000000,1.000000,0.457143,0.458333,0.241667,-0.644444,0.275689
2007-08-27 15:00:00,P,10,0,0,-0.050000,-0.928571,-0.962500,0.133333,-1.245455,-0.425000,-0.116313
2007-08-29 09:00:00,EB,8,0,1,-0.733333,-1.033333,-1.288889,0.100000,0.062500,0.142857,
2007-09-03 17:30:00,EB,3,0,1,0.050000,-0.200000,0.050000,0.500000,0.100000,-0.050000,-0.015826
2007-09-06 13:45:00,GC_ME,0,0,0,-3.220000,-3.340000,-2.928571,-2.644444,-3.145455,-1.946154,0.527699
2007-09-06 13:45:00,GC_PR,0,0,0,-1.220000,-0.300000,-0.842857,0.777778,0.461111,0.550000,-0.049072
2007-09-06 14:30:00,GC_PC,0,0,0,-2.362500,-3.328571,-3.000000,-3.281818,-3.950000,-2.864286,0.348332
2007-09-07 08:50:00,P,27,0,1,-0.300000,-0.250000,-0.133333,0.375000,0.462500,0.537500,
2007-09-07 13:00:00,EB,27,0,0,0.033333,0.460000,0.680000,0.622222,1.620000,1.314286,-0.039433
2007-09-07 13:00:00,EB,27,0,0,0.033333,0.460000,0.680000,0.622222,1.620000,1.314286,-0.039433
2007-09-11 09:55:00,EB,23,0,0,0.466667,0.033333,0.240000,0.242857,0.550000,0.171429,0.031915
2007-09-11 15:00:00,P,23,0,0,-0.325000,-0.133333,-0.150000,-0.860000,-0.570000,0.000000,-0.088996
2007-09-13 11:00:00,EB,21,0,0,-0.420000,-0.650000,-0.150000,-0.700000,1.430000,1.684615,0.110609
2007-09-13 17:00:00,EB,21,0,0,-0.050000,-0.360000,0.065833,0.450000,0.063333,-0.457143,0.281747
2007-09-20 18:00:00,P,14,0,1,-0.500000,-0.100000,-0.050000,-0.200000,0.250000,0.950000,
2007-09-21 09:00:00,EB,13,0,1,0.000000,0.400000,-0.050000,-0.775000,-1.816667,-3.050000,
2007-09-21 16:00:00,EB,13,0,0,-0.800000,-0.500000,-0.300000,0.800000,-0.014286,0.225000,-0.050802
2007-09-21 17:30:00,P,13,0,1,,0.500000,,0.600000,1.230000,1.275000,-0.131852
2007-09-21 18:00:00,EB,13,0,1,,-0.500000,0.000000,0.100000,0.110000,0.600000,
2007-09-24 17:10:00,P,10,0,1,-0.350000,-0.400000,-0.500000,0.512500,0.278571,0.477778,-0.054779
2007-09-26 17:10:00,P,8,0,1,0.150000,0.033333,0.150000,0.183333,0.431250,0.920000,0.075440
2007-09-27 17:30:00,EB,7,0,1,-0.400000,-0.400000,-0.400000,-0.220000,-0.391667,-0.471429,
2007-09-28 00:30:00,EB,6,0,1,,,,-0.300000,-0.075000,4.500000,
2007-09-28 09:30:00,EB,6,0,0,0.161667,0.000000,0.023750,-0.160000,-0.617000,-0.316667,0.016445
2007-09-29 20:00:00,P,5,1,1,,,,,,,
2007-09-30 15:30:00,P,4,1,0,,,,,,,
2007-10-01 09:30:00,P,3,0,0,-0.489167,-0.300000,0.067500,0.250000,0.241111,1.571429,0.269317
2007-10-01 18:00:00,EB,3,0,1,0.500000,,-0.065000,1.050000,1.266667,1.450000,
2007-10-04 13:45:00,GC_ME,0,0,0,0.000000,-0.275000,0.039000,0.542857,-0.900000,-2.083333,-0.083182
2007-10-04 13:45:00,GC_PR,0,0,0,-0.133333,-0.733333,0.025000,0.614286,0.492857,0.628571,-0.114828
2007-10-04 14:30:00,GC_PC,0,0,0,-0.100000,-0.700000,-0.101000,-0.150000,-1.627778,-1.737500,-0.002488
2007-10-08 08:00:00,P,31,0,1,-0.500000,0.600000,-0.100000,-0.300000,1.300000,1.725000,
2007-10-08 10:30:00,EB,31,0,0,-0.100000,-0.200000,-0.100000,0.050000,0.325000,-0.116667,-0.015965
2007-10-08 18:30:00,EB,31,0,1,,,,,,,
2007-10-09 10:30:00,P,30,0,0,-0.253750,-0.100000,-0.266667,-0.616667,-0.800000,-1.071429,-0.153837
2007-10-09 13:20:00,EB,30,0,0,-0.537500,0.100000,0.350000,-0.175000,-0.490000,-0.583333,-0.031296
2007-10-10 20:15:00,EB,29,0,1,,,,-0.025000,0.450000,0.250000,
2007-10-11 11:15:00,P,28,0,0,-0.300000,-0.600000,-0.240000,-0.480000,-1.104545,-1.250000,0.045405
2007-10-11 16:30:00,EB,28,0,0,-0.100000,-0.300000,-0.575000,-0.150000,-0.014286,-0.633333,-0.015427
2007-10-12 11:45:00,EB,27,0,0,-1.400000,-2.300000,-0.175000,0.014286,0.728571,1.930000,0.014184
2007-10-18 23:00:00,P,21,0,1,,,,,,,
2007-10-18 23:30:00,P,21,0,1,,,,,,,
2007-10-19 14:00:00,EB,20,0,0,-0.100000,-0.900000,0.100000,-0.350000,-0.466667,0.050000,-0.134665
2007-10-19 19:30:00,EB,20,0,1,,-0.300000,-0.100000,-0.100000,-0.233333,-0.400000,
2007-10-20 21:00:00,P,19,1,1,,,,,,,
2007-10-23 00:02:00,P,16,0,1,,,,,,,
2007-10-24 09:00:00,EB,15,0,1,0.050000,0.900000,-0.260000,-0.114286,-0.777778,-1.414286,
2007-10-24 16:00:00,P,15,0,0,,0.100000,-0.391667,-0.362500,-1.465000,-2.010000,-0.271762
2007-10-26 10:00:00,EB,13,0,0,-0.025000,0.166667,0.150000,0.316667,0.050000,-0.475000,-0.263479
2007-10-29 19:15:00,EB,10,0,1,,,,,-0.137500,-0.100000,
2007-11-08 13:45:00,GC_ME,0,0,0,-0.253000,-0.750000,-1.011111,-1.772727,-2.705000,-3.444444,-0.348494
2007-11-08 13:45:00,GC_PR,0,0,0,0.300000,0.166667,0.028571,0.051875,0.466667,0.620000,-0.166482
2007-11-08 14:30:00,GC_PC,0,0,0,-0.153750,-0.883333,-0.890000,-1.890000,-2.895000,-3.666667,-0.199666
2007-11-08 20:30:00,P,28,0,1,0.100000,,0.300000,-0.300000,0.462500,1.500000,
2007-11-12 11:50:00,EB,24,0,0,0.000000,0.000000,-0.360000,-0.700000,-0.637500,-0.833333,-0.237310
2007-11-15 11:00:00,EB,21,0,0,-0.150000,-0.075000,-0.100000,-0.511111,-0.855556,-1.020000,-0.181673
2007-11-19 10:15:00,EB,17,0,0,0.150000,0.100000,0.075000,-0.192857,-1.130000,-1.633333,-0.329665
2007-11-20 11:00:00,EB,16,0,0,0.000000,0.077500,-0.180000,-0.635625,-1.009091,-0.471429,0.370433
2007-11-20 19:00:00,EB,16,0,1,0.000000,-0.300000,-0.225000,-0.025000,-0.585714,-0.525000,
2007-11-22 17:30:00,P,14,0,1,-0.300000,0.183333,0.125000,0.460000,0.571429,0.620000,
2007-11-23 09:30:00,P,13,0,0,-0.266667,-0.383333,-0.242857,1.140000,2.141667,2.044444,0.339380
2007-11-24 11:30:00,EB,12,1,0,,,,,,,
2007-11-26 11:15:00,EB,10,0,0,-0.200000,0.225000,0.220000,-0.216667,-0.607143,-1.240000,-0.027016
2007-11-26 11:30:00,EB,10,0,0,-0.200000,0.350000,0.033333,-0.100000,-0.757143,-0.500000,0.073398
2007-11-26 17:00:00,P,10,0,0,-0.100000,-0.025000,0.050000,0.116667,-0.328571,-0.700000,-0.289589
2007-11-29 18:00:00,P,7,0,1,0.000000,-0.466667,-0.480000,-0.200000,-0.200000,-0.875000,
2007-11-30 11:30:00,EB,6,0,0,-0.116667,-0.250000,-0.450000,-0.757143,-0.385714,0.660000,-0.000685
2007-12-01 09:30:00,EB,5,1,0,,,,,,,
2007-12-03 10:45:00,P,3,0,0,0.033333,-0.150000,0.100000,0.020000,0.033333,-0.120000,-0.006624
2007-12-03 14:00:00,EB,3,0,0,-0.125000,-0.225000,0.033333,-0.225000,-0.568750,-0.883333,-0.113462
2007-12-03 20:00:00,EB,3,0,1,,0.000000,-0.100000,0.375000,0.312500,0.150000,
2007-12-05 09:30:00,P,1,0,0,-0.840000,-0.257143,0.033333,-0.412500,-0.450000,-0.466667,0.229496
2007-12-06 13:45:00,GC_ME,0,0,0,-0.375000,-0.150000,1.166667,2.050000,4.912500,5.171429,-0.381010
2007-12-06 13:45:00,GC_PR,0,0,0,0.066667,0.566667,0.975000,0.642857,1.428571,1.266667,-0.094745
2007-12-06 14:30:00,GC_PC,0,0,0,-0.380000,-0.525000,-0.200000,1.671429,3.825000,4.188889,-0.224357
2007-12-07 18:00:00,P,34,0,1,-0.200000,0.066667,0.200000,0.040000,0.108333,0.100000,
2007-12-10 09:30:00,EB,31,0,0,0.066667,-0.350000,0.250000,-0.075000,0.413636,0.753846,-0.035408
2007-12-12 14:30:00,EB,29,0,0,-0.716667,-0.325000,-0.800000,-1.700000,-1.778571,1.200000,1.396249
2007-12-19 10:00:00,P,22,0,0,0.312500,0.425000,0.725000,0.966667,0.256250,-1.457143,0.022992
2008-01-05 10:00:00,P,5,1,0,,,,,,,
2008-01-05 17:15:00,EB,5,1,1,,,,,,,
2008-01-10 13:45:00,GC_ME,0,0,0,-0.200000,-0.200000,-0.750000,-0.270000,-0.025000,-1.742857,-0.295179
2008-01-10 13:45:00,GC_PR,0,0,0,0.300000,0.200000,-0.400000,0.075000,-0.085714,-1.333333,-0.071388
2008-01-10 14:30:00,GC_PC,0,0,0,-0.400000,-0.200000,-0.900000,-0.487500,-0.290000,-1.862500,-0.184310
2008-01-11 08:35:00,EB,27,0,1,0.733333,0.500000,0.440000,1.260000,1.625000,1.450000,
2008-01-12 18:00:00,P,26,1,1,,,,,,,
2008-01-16 09:30:00,EB,22,0,0,0.100000,0.025000,0.233333,0.060000,1.350000,1.636364,
2008-01-16 19:55:00,P,22,0,1,,,0.200000,0.800000,2.150000,2.850000,
2008-01-17 15:00:00,P,21,0,0,-0.100000,-0.000000,-0.012500,0.485714,0.142857,0.012500,0.163932
2008-01-18 15:00:00,P,20,0,0,0.100000,-0.050000,-0.620000,-0.725000,-1.257143,-1.470000,-0.430407
2008-01-22 08:35:00,EB,16,0,1,-1.420000,-2.557143,-3.728571,-3.437500,-4.100000,-4.444444,
2008-01-22 14:00:00,EB,16,0,0,-0.150000,-3.325000,-1.966667,-3.481818,-2.550000,0.016667,1.319224
2008-01-22 18:00:00,EB,16,0,1,0.500000,-0.250000,0.183333,0.500000,1.625000,0.900000,
2008-01-23 09:00:00,P,15,0,1,-0.778571,-1.100000,-0.800000,-1.575000,-1.810000,-2.245455,
2008-01-23 12:00:00,EB,15,0,0,-0.100000,-0.940000,-1.685714,-2.825000,-4.320000,-5.854545,-1.952176
2008-01-24 09:30:00,EB,14,0,0,0.820000,0.550000,0.325000,1.225000,0.914286,1.337500,0.928441
2008-01-24 17:20:00,P,14,0,1,0.800000,0.300000,0.400000,1.100000,2.991667,3.733333,1.233436
2008-01-28 18:00:00,EB,10,0,1,0.000000,0.800000,0.600000,0.360000,0.520000,0.333333,
2008-01-31 09:15:00,EB,7,0,1,-0.266667,-0.266667,-0.333333,-0.971429,-1.341667,-2.162500,-1.124862
2008-02-02 10:45:00,EB,5,1,0,,,,,,,
2008-02-04 13:00:00,EB,3,0,0,0.100000,0.100000,0.140000,0.440000,0.675000,1.166667,-0.326644
2008-02-07 13:45:00,GC_ME,0,0,0,-0.550000,-1.900000,-2.940000,-5.366667,-7.908333,-6.740000,-0.603212
2008-02-07 13:45:00,GC_PR,0,0,0,0.050000,-0.160000,-1.075000,-0.350000,-0.458333,-1.275000,-0.815129
2008-02-07 14:30:00,GC_PC,0,0,0,-0.600000,-1.816667,-2.650000,-5.200000,-7.225000,-5.360000,0.619343
2008-02-13 09:00:00,EB,22,0,1,0.125000,0.916667,1.283333,2.360000,2.583333,1.420000,
2008-02-13 14:00:00,EB,22,0,0,,-0.025000,0.100000,0.471429,0.141667,-0.975000,0.759217
2008-02-13 15:35:00,P,22,0,0,-0.100000,-0.100000,0.100000,-0.450000,0.390000,-0.160000,-0.182558
2008-02-14 15:20:00,EB,21,0,0,0.600000,-0.033333,0.066667,-0.691667,-0.266667,-0.060000,-0.280481
2008-02-14 16:40:00,EB,21,0,0,0.150000,0.133333,0.380000,0.625000,0.925000,0.680000,-1.084542
2008-02-14 18:30:00,P,21,0,1,0.000000,-0.100000,-0.300000,0.000000,-0.330000,-0.866667,
2008-02-15 15:00:00,P,20,0,0,0.200000,0.042857,0.133333,0.025000,-0.110000,0.075000,0.398298
2008-02-22 12:30:00,EB,13,0,0,,0.200000,0.366667,0.283333,0.350000,-0.520000,-0.048143
2008-02-25 19:15:00,P,10,0,1,,0.400000,,-1.000000,0.062500,0.175000,
2008-02-26 17:30:00,EB,9,0,1,-0.200000,0.150000,-0.033333,0.200000,0.425000,1.080000,0.132730
2008-02-27 12:45:00,EB,8,0,0,0.125000,0.325000,-0.166667,-0.040000,-0.166667,0.300000,0.088248
2008-02-28 15:15:00,P,7,0,0,0.100000,0.400000,0.125000,-0.100000,-0.766667,-1.120000,0.292091
2008-02-29 12:30:00,EB,6,0,0,-0.100000,-0.233333,-0.625000,-1.025000,-0.700000,-0.033333,-0.153831
2008-03-06 13:45:00,GC_ME,0,0,0,0.600000,0.550000,1.220000,3.566667,4.940000,2.380000,-0.562880
2008-03-06 13:45:00,GC_PR,0,0,0,-0.100000,-0.250000,-0.080000,-0.033333,-0.500000,-0.200000,-0.205552
2008-03-06 14:30:00,GC_PC,0,0,0,0.700000,0.875000,1.650000,4.380000,5.760000,3.650000,-0.023878
2008-03-07 09:00:00,P,34,0,1,0.120000,-0.350000,-0.225000,-3.966667,-4.610000,-5.850000,
2008-03-07 17:00:00,EB,34,0,0,-0.020000,0.000000,-0.175000,-0.260000,-1.540000,-2.675000,-0.672610
2008-03-12 16:30:00,P,29,0,0,-0.050000,-0.200000,-0.200000,-0.025000,-0.620000,-0.950000,-0.737743
2008-03-12 18:30:00,EB,29,0,1,-0.200000,0.433333,0.333333,0.133333,-0.600000,-1.625000,
2008-03-17 14:40:00,EB,24,0,0,0.100000,1.000000,1.700000,1.575000,3.020000,2.950000,1.151317
2008-03-18 16:15:00,EB,23,0,0,-0.400000,0.200000,0.700000,0.460000,1.108333,2.000000,0.313235
2008-03-26 10:30:00,P,15,0,0,0.375000,0.200000,0.466667,1.550000,3.158333,3.860000,-0.249659
2008-03-28 12:00:00,EB,13,0,0,0.200000,0.400000,-0.300000,-0.100000,-0.900000,-0.260000,0.000000
2008-04-03 12:30:00,P,7,0,0,-0.100000,0.300000,-0.000000,0.200000,0.830000,0.120000,-0.174620
2008-04-04 16:00:00,EB,6,0,0,0.066667,-0.233333,-0.966667,0.000000,1.220000,0.160000,-0.365001
2008-04-04 18:00:00,EB,6,0,1,-0.100000,0.000000,0.300000,0.050000,0.066667,0.433333,
2008-04-05 08:30:00,EB,5,1,1,,,,,,,
2008-04-07 10:30:00,EB,3,0,0,0.000000,-0.100000,-0.050000,-0.260000,-0.758333,-0.675000,0.004434
2008-04-10 13:45:00,GC_ME,0,0,0,0.200000,-0.150000,0.400000,-0.325000,-0.700000,-0.325000,0.049987
2008-04-10 13:45:00,GC_PR,0,0,0,0.100000,0.200000,0.300000,-0.150000,-0.187500,0.875000,-0.147274
2008-04-10 14:30:00,GC_PC,0,0,0,0.200000,0.033333,0.266667,-0.133333,-0.550000,-1.350000,0.273389
2008-04-14 23:30:00,P,24,0,1,,,,,,,
2008-04-15 09:15:00,EB,23,0,1,-0.150000,0.150000,-0.200000,-0.325000,-0.110000,-0.300000,-0.340487
2008-04-15 17:00:00,P,23,0,0,,-0.100000,-0.100000,-0.280000,-0.358333,-0.575000,-0.155823
2008-04-15 19:30:00,EB,23,0,1,,,0.000000,0.300000,1.390000,2.425000,
2008-04-17 08:30:00,EB,21,0,1,0.000000,0.100000,-0.566667,-0.050000,-0.200000,0.000000,
2008-04-21 11:00:00,P,17,0,0,0.300000,0.100000,-0.200000,0.871429,1.935714,2.140000,-0.147860
2008-04-21 11:30:00,EB,17,0,0,0.000000,-0.150000,-0.333333,0.120000,-0.116667,0.350000,-0.238044
2008-04-21 19:00:00,EB,17,0,1,,,-0.166667,0.025000,0.000000,0.150000,
2008-04-24 14:30:00,P,14,0,0,0.600000,0.225000,0.260000,0.466667,2.271429,5.300000,1.380224
2008-04-25 12:45:00,EB,13,0,0,0.400000,-0.100000,0.250000,0.100000,0.075000,0.100000,0.024235
2008-04-28 09:00:00,P,10,0,1,0.100000,0.166667,0.050000,0.266667,-0.783333,-0.450000,
2008-04-29 14:30:00,EB,9,0,0,0.400000,0.000000,-0.325000,-0.020000,-0.328571,-0.300000,-0.073973
2008-04-30 13:55:00,P,8,0,0,1.000000,-0.120000,-0.300000,-0.116667,-0.280000,-0.840000,0.743106
2008-05-06 09:30:00,P,2,0,0,0.200000,0.030000,-0.025000,-0.220000,-1.328571,-1.975000,-0.188738
2008-05-06 19:30:00,EB,2,0,1,0.000000,0.000000,0.000000,-0.400000,-0.030000,-0.500000,
2008-05-07 09:00:00,EB,1,0,1,-0.100000,-0.100000,0.133333,-0.083333,-0.420000,-0.800000,
2008-05-08 13:45:00,GC_ME,0,0,0,-0.150000,-0.200000,-0.200000,-0.642857,-1.535714,-2.320000,-0.424417
2008-05-08 13:45:00,GC_PR,0,0,0,0.000000,0.000000,-0.200000,-0.083333,-0.141667,0.260000,0.002333
2008-05-08 14:30:00,GC_PC,0,0,0,-0.200000,-0.225000,-0.133333,-0.571429,-1.664286,-2.750000,-0.391102
2008-05-12 12:45:00,EB,24,0,0,0.100000,0.200000,0.060000,0.766667,0.828571,1.825000,0.102918
2008-05-12 17:00:00,P,24,0,0,,0.200000,0.333333,0.320000,0.928571,0.480000,0.032534
2008-05-15 13:30:00,P,21,0,0,0.100000,0.200000,0.400000,0.014286,-0.100000,-0.850000,0.117122
2008-05-15 15:10:00,EB,21,0,0,-0.100000,0.000000,0.100000,0.400000,-0.233333,-0.116667,-0.057413
2008-05-15 17:00:00,EB,21,0,0,0.000000,-0.180000,-0.025000,-0.260000,0.000000,0.800000,0.036850
2008-05-16 09:00:00,P,20,0,1,0.025000,-0.200000,-0.225000,-0.075000,-0.391667,-1.360000,
2008-05-30 15:00:00,EB,6,0,0,-0.300000,-0.066667,0.000000,-0.050000,0.425000,-0.114286,-0.090349
2008-06-01 18:10:00,EB,4,1,1,,,,,,,
2008-06-03 15:30:00,P,2,0,0,-0.166667,0.000000,0.300000,0.640000,0.937500,0.950000,0.190970
2008-06-04 09:30:00,P,1,0,0,-0.450000,-0.550000,-0.640000,-1.000000,-1.758333,-2.620000,-0.533488
2008-06-05 13:45:00,GC_ME,0,0,0,0.725000,7.350000,10.866667,16.066667,21.190000,20.025000,-0.433043
2008-06-05 13:45:00,GC_PR,0,0,0,-0.433333,-0.100000,-0.150000,-0.366667,-0.516667,-0.800000,0.003516
2008-06-05 14:30:00,GC_PC,0,0,0,1.075000,7.725000,11.050000,16.240000,21.730000,20.850000,-0.551400
2008-06-05 20:00:00,EB,28,0,1,,,0.300000,1.300000,-0.200000,0.000000,
2008-06-09 08:15:00,EB,24,0,1,-0.050000,-0.387500,-0.433333,1.650000,2.712500,5.400000,
2008-06-09 14:30:00,EB,24,0,0,0.275000,0.500000,0.725000,0.785714,1.450000,0.971429,0.138400
2008-06-09 18:30:00,P,24,0,1,0.150000,0.100000,-0.300000,-1.480000,-3.800000,-3.860000,
2008-06-11 17:30:00,EB,22,0,1,-0.466667,0.100000,0.100000,1.140000,4.200000,8.933333,-0.490545
2008-06-12 11:30:00,EB,21,0,0,0.000000,0.000000,-0.200000,-0.333333,-0.812500,-1.566667,0.121522
2008-06-13 12:30:00,EB,20,0,0,0.200000,0.150000,0.125000,-0.125000,0.542857,0.450000,0.244934
2008-06-15 09:40:00,EB,18,1,0,,,,,,,
2008-06-17 18:45:00,EB,16,0,1,0.000000,0.000000,0.100000,0.100000,-0.400000,0.066667,
2008-06-18 09:35:00,EB,15,0,0,-0.200000,0.100000,0.300000,0.240000,1.550000,3.000000,-0.442201
2008-06-20 18:45:00,P,13,0,1,0.300000,-0.700000,0.100000,0.450000,0.650000,1.300000,
2008-06-20 19:30:00,EB,13,0,1,,-0.900000,-1.200000,0.100000,0.000000,-0.200000,
2008-06-24 16:00:00,EB,9,0,0,-0.100000,-0.400000,-0.200000,-0.442857,-0.620000,-0.733333,-0.265726
2008-06-25 10:00:00,P,8,0,0,0.250000,-0.066667,0.333333,0.900000,1.092857,1.083333,-0.036130
2008-06-25 20:00:00,EB,8,0,1,,,-0.500000,-1.050000,-2.550000,-3.700000,
2008-06-26 17:00:00,EB,7,0,0,0.100000,0.000000,-0.300000,-0.660000,-1.360000,-1.040000,-0.460132
2008-06-27 12:00:00,EB,6,0,0,0.000000,-0.100000,-0.133333,-0.385714,-0.900000,-0.675000,0.328616
2008-06-30 17:30:00,P,3,0,1,-0.200000,-0.100000,0.150000,-0.050000,1.425000,3.271429,0.204425
2008-07-02 09:10:00,P,1,0,1,-0.550000,-0.460000,-0.400000,-0.016667,0.350000,-0.750000,0.141787
2008-07-02 12:10:00,EB,1,0,0,0.250000,0.200000,0.366667,0.525000,0.300000,-0.033333,0.019850
2008-07-03 13:45:00,GC_ME,0,0,0,-1.600000,-1.600000,-3.025000,-7.650000,-16.280000,-23.350000,1.362398
2008-07-03 13:45:00,GC_PR,0,0,0,-0.900000,-0.875000,-1.380000,-1.020000,-3.366667,-0.725000,-0.003666
2008-07-03 14:30:00,GC_PC,0,0,0,-0.900000,-1.100000,-2.575000,-7.057143,-14.890000,-23.116667,1.418472
2008-07-05 12:00:00,P,33,1,0,,,,,,,
2008-07-08 14:50:00,EB,30,0,0,-0.500000,-0.500000,-0.100000,-0.060000,0.800000,1.325000,-0.035191
2008-07-09 09:00:00,P,29,0,1,0.100000,-0.100000,0.366667,-0.120000,1.266667,1.800000,
2008-07-09 09:30:00,EB,29,0,0,0.200000,0.000000,0.280000,-0.016667,-0.033333,0.683333,0.138833
2008-07-10 19:45:00,P,28,0,1,,,,0.100000,-0.125000,-0.200000,
2008-07-11 10:00:00,EB,27,0,0,0.100000,0.100000,0.000000,0.080000,0.566667,1.071429,-0.068356
2008-08-07 13:45:00,GC_ME,0,0,0,0.400000,-1.000000,-1.760000,-3.840000,-8.837500,-13.575000,-0.635244
2008-08-07 13:45:00,GC_PR,0,0,0,0.000000,-1.100000,1.566667,-0.166667,-0.340000,-0.033333,-0.129272
2008-08-07 14:30:00,GC_PC,0,0,0,0.400000,-0.650000,-2.780000,-3.550000,-8.712500,-13.575000,-0.499925
2008-08-27 09:25:00,EB,8,0,0,0.100000,-0.100000,-0.140000,0.066667,-1.171429,-2.340000,-0.103424
2008-08-28 18:00:00,EB,7,0,1,-0.066667,0.100000,0.000000,0.100000,-0.650000,-0.920000,
2008-09-01 11:15:00,EB,3,0,0,0.300000,0.300000,0.100000,-0.200000,0.100000,0.750000,-0.010446
2008-09-01 14:30:00,EB,3,0,0,0.000000,-0.100000,-0.100000,-0.300000,-0.812500,-1.100000,-0.151547
2008-09-03 15:30:00,EB,1,0,0,0.000000,0.000000,0.500000,0.280000,0.266667,0.350000,0.086415
2008-09-04 13:45:00,GC_ME,0,0,0,-0.450000,-0.550000,-0.883333,-0.200000,-0.250000,-0.625000,-0.752637
2008-09-04 13:45:00,GC_PR,0,0,0,-0.366667,-0.425000,-0.487500,0.020000,-0.237500,-0.200000,0.178178
2008-09-04 14:30:00,GC_PC,0,0,0,0.033333,-0.425000,-0.716667,-0.300000,-0.480000,-0.650000,-0.755890
2008-09-05 10:00:00,EB,27,0,0,-0.400000,-0.266667,-0.200000,-0.040000,-0.533333,-0.825000,-0.676305
2008-09-05 10:55:00,EB,27,0,0,0.200000,0.100000,-0.100000,-0.180000,0.020000,0.500000,0.400480
2008-09-05 12:30:00,EB,27,0,0,0.000000,0.050000,0.200000,-0.300000,-0.680000,-0.975000,0.083089
2008-09-06 08:30:00,P,26,1,1,,,,,,,
2008-09-08 13:00:00,EB,24,0,0,0.000000,0.000000,0.200000,0.300000,0.410000,0.860000,-0.153325
2008-09-08 16:30:00,EB,24,0,0,0.200000,0.200000,-0.100000,-0.300000,-0.285714,-1.483333,-0.667401
2008-09-09 09:00:00,EB,23,0,1,0.212500,0.187500,0.066667,0.000000,1.641667,2.625000,
2008-09-09 15:00:00,EB,23,0,0,0.000000,-0.150000,0.000000,-0.200000,-0.700000,-0.475000,-0.154494
2008-09-10 09:00:00,P,22,0,1,-0.133333,-0.025000,0.166667,0.200000,-0.062500,0.040000,
2008-09-11 09:15:00,EB,21,0,1,0.250000,0.300000,0.000000,0.150000,1.200000,0.740000,-0.006507
2008-09-11 14:30:00,EB,21,0,0,0.200000,-0.200000,0.000000,-0.683333,-0.225000,0.780000,0.073363
2008-09-11 20:00:00,P,21,0,1,,,,-0.300000,0.833333,1.700000,
2008-09-12 07:30:00,EB,20,0,1,,0.200000,0.300000,0.000000,-0.900000,0.150000,
2008-09-15 11:00:00,P,17,0,0,0.200000,0.700000,0.725000,1.891667,0.133333,1.450000,0.052855
2008-09-15 14:00:00,EB,17,0,0,-1.100000,-0.800000,-0.050000,-0.100000,0.300000,0.875000,0.595246
2008-09-21 17:00:00,P,11,1,0,,,,,,,
2008-09-22 09:00:00,P,10,0,1,-0.500000,-0.400000,0.200000,0.600000,-0.800000,-0.175000,
2008-09-24 18:00:00,EB,8,0,1,0.400000,-0.200000,0.100000,0.300000,0.900000,0.400000,
2008-09-25 13:45:00,EB,7,0,0,1.000000,-0.100000,-0.300000,-1.866667,-3.220000,-5.400000,1.071738
2008-09-25 16:40:00,EB,7,0,0,-1.200000,-1.100000,-0.750000,-0.300000,-1.733333,-2.266667,0.354398
2008-09-26 01:45:00,EB,6,0,1,,,,,,,
2008-09-26 15:00:00,EB,6,0,0,0.300000,-0.200000,-0.400000,-1.850000,-5.000000,-2.475000,0.560371
2008-09-30 09:00:00,EB,2,0,1,-0.300000,-0.500000,0.050000,2.900000,6.866667,6.350000,
2008-09-30 18:00:00,P,2,0,1,0.650000,2.100000,0.150000,0.100000,-0.200000,0.700000,
2008-10-01 11:00:00,P,1,0,0,-0.450000,-0.100000,0.333333,0.266667,3.000000,0.366667,-0.987909
2008-10-02 13:45:00,GC_ME,0,0,0,-0.050000,-2.370000,-3.778571,-7.712500,-9.400000,-6.300000,-0.807483
2008-10-02 13:45:00,GC_PR,0,0,0,2.950000,1.480000,1.957143,0.433333,-0.750000,-0.800000,-0.288640
2008-10-02 14:30:00,GC_PC,0,0,0,-2.850000,-4.010000,-4.792857,-7.862500,-9.675000,-7.700000,-0.470714
2008-10-07 15:30:00,P,1,0,0,4.100000,5.312500,5.975000,5.762500,3.950000,3.250000,-0.615019
2008-10-08 13:45:00,GC_ME,0,0,0,-0.533333,-9.783333,-8.466667,-2.500000,1.900000,6.837500,-1.167473
2008-10-08 13:45:00,GC_PR,0,0,0,0.050000,-4.000000,-5.200000,-0.825000,5.466667,8.700000,1.782604
2008-10-08 14:30:00,GC_PC,0,0,0,-0.900000,-4.450000,-0.650000,-3.300000,-2.737500,-4.150000,-1.856829
2008-10-10 15:30:00,EB,27,0,0,-4.933333,-4.200000,-2.166667,-0.025000,5.637500,7.800000,4.577973
2008-10-11 01:00:00,P,26,1,1,,,,,,,
2008-10-14 18:15:00,P,23,0,1,,,0.600000,1.250000,1.380000,0.133333,
2008-10-16 20:00:00,EB,21,0,1,,-0.100000,0.300000,0.300000,0.500000,-0.360000,
2008-10-20 14:00:00,EB,17,0,0,-1.100000,0.100000,0.625000,-0.300000,-1.025000,-2.300000,0.337750
2008-10-20 18:00:00,EB,17,0,1,,-0.100000,-0.300000,0.525000,1.450000,0.900000,
2008-10-22 09:50:00,EB,15,0,0,-0.300000,-0.975000,-1.200000,-1.425000,-3.200000,-3.933333,0.024122
2008-10-24 12:45:00,EB,13,0,0,-1.400000,0.350000,0.666667,0.550000,1.833333,0.633333,0.778887
2008-10-24 15:30:00,EB,13,0,0,0.700000,1.400000,2.100000,1.533333,2.400000,2.550000,2.223681
2008-10-27 10:30:00,EB,10,0,0,-0.900000,-0.250000,-0.600000,-0.100000,-0.387500,0.500000,-0.551400
2008-10-27 14:55:00,P,10,0,0,-0.200000,-0.250000,-0.500000,-1.975000,-1.533333,-0.025000,-0.338643
2008-10-28 18:00:00,EB,9,0,1,,2.000000,-0.066667,-0.633333,-1.175000,0.533333,
2008-10-31 10:15:00,EB,6,0,0,-1.400000,-2.050000,-2.250000,-1.400000,-1.633333,-2.000000,0.192091
2008-11-06 13:45:00,GC_ME,0,0,0,8.300000,11.700000,16.300000,15.966667,14.533333,13.283333,-1.295813
2008-11-06 13:45:00,GC_PR,0,0,0,8.450000,5.633333,14.487500,14.537500,13.133333,8.816667,-2.105649
2008-11-06 14:30:00,GC_PC,0,0,0,0.400000,1.750000,2.083333,2.666667,2.333333,8.116667,0.816074
2008-11-07 18:00:00,EB,27,0,1,,-0.100000,0.800000,-0.100000,-0.300000,0.200000,
2008-11-10 15:30:00,P,24,0,0,-0.200000,-0.400000,-0.800000,-1.400000,-3.325000,-4.333333,-0.010168
2008-11-12 17:00:00,EB,22,0,0,-0.100000,-0.100000,-0.575000,-0.875000,0.087500,-2.050000,0.239706
2008-11-12 19:00:00,P,22,0,1,,,1.800000,0.000000,-0.150000,-1.250000,
2008-11-13 14:00:00,EB,21,0,0,-0.300000,0.133333,0.300000,-1.100000,-1.533333,-0.150000,0.162202
2008-11-13 14:00:00,EB,21,0,0,-0.300000,0.133333,0.300000,-1.100000,-1.533333,-0.150000,0.162202
2008-11-13 20:00:00,P,21,0,1,,,0.500000,1.500000,1.500000,0.500000,
2008-11-14 16:30:00,P,20,0,0,-0.200000,-0.150000,-1.000000,-2.830000,-3.725000,-4.533333,-1.333387
2008-11-14 17:00:00,EB,20,0,0,0.100000,0.400000,0.320000,-0.133333,-0.250000,-0.650000,-0.345040
2008-11-15 11:15:00,EB,19,1,0,,,,,,,
2008-11-17 09:00:00,EB,17,0,1,-0.250000,-0.480000,-0.620000,-0.780000,-1.375000,-0.166667,
2008-11-18 09:10:00,EB,16,0,1,-3.400000,-2.725000,-1.908333,-1.300000,-1.533333,0.266667,-1.837259
2008-11-18 16:00:00,EB,16,0,0,0.100000,0.150000,-0.066667,-0.100000,0.600000,-0.350000,0.856560
2008-11-18 19:30:00,P,16,0,1,,,-0.500000,0.200000,-0.500000,0.300000,
2008-11-21 12:30:00,EB,13,0,0,-0.200000,-0.900000,-1.380000,-2.450000,-3.140000,-3.671429,-0.676237
2008-11-21 14:00:00,P,13,0,0,0.233333,-0.050000,-0.000000,-0.300000,-0.400000,-1.200000,-0.492081
2008-11-25 18:00:00,EB,9,0,1,0.150000,0.250000,0.200000,1.400000,1.780000,3.066667,
2008-11-26 09:30:00,P,8,0,0,-1.183333,-1.000000,-1.330000,-1.533333,-2.440000,-3.375000,0.631094
2008-11-27 16:30:00,P,7,0,0,-0.100000,-0.100000,-0.037500,-0.075000,-0.775000,-1.825000,0.287868
2008-12-04 13:45:00,GC_ME,0,0,0,1.933333,3.975000,3.616667,5.025000,9.350000,7.975000,-1.466979
2008-12-04 13:45:00,GC_PR,0,0,0,1.000000,3.850000,3.850000,2.100000,2.366667,1.940000,-0.769883
2008-12-04 14:30:00,GC_PC,0,0,0,0.950000,2.400000,0.166667,3.575000,5.116667,3.340000,0.912433
2008-12-08 11:30:00,EB,38,0,0,-0.100000,0.200000,0.266667,0.600000,0.125000,-0.500000,0.546993
2008-12-08 15:00:00,P,38,0,0,-0.100000,0.300000,1.140000,2.300000,1.400000,0.575000,-0.235610
2008-12-08 19:15:00,P,38,0,1,,,-0.500000,,-1.500000,-2.500000,
2008-12-09 12:00:00,EB,37,0,0,,1.500000,1.040000,1.566667,1.500000,2.783333,-0.080423
2008-12-10 04:45:00,EB,36,0,1,,,,,,0.100000,
2008-12-10 19:15:00,EB,36,0,1,0.300000,0.700000,-1.250000,0.100000,0.000000,0.400000,
2008-12-11 09:05:00,P,35,0,1,0.500000,0.300000,0.450000,-0.350000,-2.560000,-5.520000,
2008-12-15 14:30:00,EB,31,0,0,,0.200000,1.200000,-0.075000,0.050000,0.450000,0.300625
2008-12-15 18:30:00,P,31,0,1,,,,0.600000,0.000000,-0.360000,
2008-12-15 23:15:00,EB,31,0,1,,,,,,,
2008-12-23 18:30:00,P,23,0,1,,,-0.100000,-0.600000,0.400000,0.800000,
2008-12-31 11:00:00,EB,15,0,0,,0.200000,0.100000,0.900000,0.900000,0.200000,
2009-01-04 19:15:00,EB,11,1,1,,,,,,,
2009-01-08 20:00:00,P,7,0,1,,0.000000,-0.500000,-0.100000,-0.350000,-0.800000,
2009-01-09 09:00:00,P,6,0,1,-1.100000,-0.850000,-1.960000,-2.090000,-1.320000,-1.725000,
2009-01-13 10:00:00,P,2,0,0,1.000000,-0.325000,-0.150000,0.100000,-0.033333,-1.200000,-0.559384
2009-01-15 13:45:00,GC_ME,0,0,0,-2.325000,-0.300000,-0.975000,-0.775000,-0.360000,0.975000,-0.569896
2009-01-15 13:45:00,GC_PR,0,0,0,-5.700000,-5.600000,-6.180000,-3.775000,-1.560000,-1.680000,-0.391722
2009-01-15 14:30:00,GC_PC,0,0,0,0.825000,3.860000,5.560000,3.240000,1.750000,2.780000,-0.246663
2009-01-15 16:30:00,EB,21,0,0,0.000000,0.900000,1.100000,2.187500,4.940000,8.670000,-0.098073
2009-01-16 12:30:00,EB,20,0,0,-0.600000,-0.150000,-0.133333,0.070000,0.540000,1.800000,1.054193
2009-01-19 12:50:00,P,17,0,0,0.000000,0.000000,0.150000,-0.020000,0.033333,0.300000,-0.666952
2009-01-21 10:30:00,P,15,0,0,-2.400000,-3.550000,-1.600000,-0.250000,-0.066667,-0.150000,-0.324931
2009-01-21 14:30:00,EB,15,0,0,-1.700000,-0.700000,-0.875000,-0.950000,-0.775000,-1.320000,1.227476
2009-01-22 14:30:00,EB,14,0,0,0.200000,0.000000,-0.175000,-0.833333,-0.775000,-0.850000,-1.393176
2009-02-02 13:00:00,EB,3,0,0,0.000000,0.000000,-0.300000,-0.100000,1.000000,0.133333,0.113058
2009-02-05 13:45:00,GC_ME,0,0,0,-1.350000,-3.850000,-5.225000,-6.500000,-6.866667,-7.100000,-0.457044
2009-02-05 13:45:00,GC_PR,0,0,0,-0.150000,0.100000,0.075000,-0.587500,-0.900000,-0.983333,-0.267785
2009-02-05 14:30:00,GC_PC,0,0,0,-1.700000,-3.800000,-5.233333,-6.300000,-6.433333,-5.700000,-0.403000
2009-02-06 18:00:00,EB,27,0,1,,,-1.533333,-2.233333,-2.325000,-2.733333,
2009-02-11 11:45:00,EB,22,0,0,,0.900000,-0.400000,-0.162500,-1.300000,-1.625000,0.292088
2009-02-11 16:00:00,EB,22,0,0,,-0.200000,0.050000,-0.066667,-0.033333,-0.900000,-0.404110
2009-02-11 19:00:00,EB,22,0,1,,-0.100000,0.000000,-0.200000,-1.700000,-0.450000,
2009-02-11 22:30:00,EB,22,0,1,,,,,,,
2009-02-12 09:00:00,EB,21,0,1,-1.300000,-1.133333,-1.766667,-1.775000,-2.300000,-3.120000,
2009-02-12 19:00:00,P,21,0,1,,0.100000,-0.100000,-0.300000,-0.766667,-0.933333,
2009-02-12 19:30:00,EB,21,0,1,,0.500000,-0.200000,0.100000,0.000000,-0.300000,
2009-02-13 12:00:00,EB,20,0,0,,-0.100000,0.225000,-0.720000,-0.880000,-0.367500,-0.345327
2009-02-14 14:30:00,EB,19,1,0,,,,,,,
2009-02-16 15:45:00,P,17,0,0,1.200000,0.100000,-0.320000,-0.900000,-0.640000,-1.346667,-0.370395
2009-02-18 15:40:00,EB,15,0,0,0.200000,0.000000,-0.033333,0.200000,0.166667,-1.158000,-1.550191
2009-02-20 09:00:00,P,13,0,1,-1.000000,-1.250000,-1.083333,-2.820000,-3.275000,-4.978000,
2009-02-20 17:55:00,EB,13,0,1,,0.000000,-0.033333,-0.500000,-1.100000,-0.066667,
2009-02-21 16:00:00,EB,12,1,0,,,,,,,
2009-02-23 09:00:00,P,10,0,1,0.033333,-0.041667,-0.280000,-0.850000,-1.200000,-0.054286,
2009-02-23 12:00:00,EB,10,0,0,0.150000,0.200000,0.180000,0.483333,0.416667,-0.126667,-0.638632
2009-02-26 14:00:00,P,7,0,0,-0.025000,-0.366667,-0.560000,-0.528571,-1.814286,-2.602500,-0.479644
2009-02-26 19:00:00,EB,7,0,1,,,0.233333,-0.200000,-0.600000,-0.533333,
2009-02-27 10:00:00,EB,6,0,0,-0.025000,-0.050000,-0.100000,-0.375000,-0.800000,-0.980000,0.394716
2009-02-28 17:30:00,EB,5,1,1,,,,,,,
2009-03-03 18:30:00,P,2,0,1,0.400000,,-0.200000,-0.100000,0.025000,0.325000,
2009-03-05 13:45:00,GC_ME,0,0,0,1.825000,0.712500,0.233333,1.000000,-0.716667,-0.540000,0.228921
2009-03-05 13:45:00,GC_PR,0,0,0,3.275000,2.100000,2.514286,1.640000,1.940000,1.180000,-0.012160
2009-03-05 14:30:00,GC_PC,0,0,0,-1.625000,-1.950000,-1.385714,-0.720000,-2.383333,-1.527143,0.275574
2009-03-05 17:00:00,EB,28,0,0,0.075000,0.316667,0.050000,0.460000,0.260000,-0.106000,-1.935091
2009-03-07 14:30:00,EB,26,1,0,,,,,,,
2009-03-08 01:00:00,P,25,1,1,,,,,,,
2009-03-09 10:00:00,EB,24,0,0,0.020000,0.150000,0.166667,0.275000,1.550000,1.520000,-0.940481
2009-03-12 13:00:00,P,21,0,0,0.600000,0.400000,-0.050000,-0.160000,-0.240000,-0.502500,0.567244
2009-03-16 14:15:00,EB,17,0,0,0.800000,,-0.150000,-0.150000,0.140000,-0.991667,-0.209163
2009-03-16 17:30:00,P,17,0,1,,,-0.100000,-0.400000,-0.680000,-0.100000,0.475769
2009-03-17 20:15:00,P,16,0,1,,,,,0.200000,0.500000,
2009-03-24 14:00:00,EB,9,0,0,0.800000,0.400000,0.250000,-0.260000,-1.216667,-0.660000,-0.408743
2009-03-24 21:00:00,EB,9,0,1,,,,,,,
2009-03-26 11:15:00,EB,7,0,0,-0.025000,0.000000,-0.314286,-0.600000,-0.460000,-1.345000,0.132390
2009-03-30 10:30:00,EB,3,0,0,0.000000,0.200000,0.520000,1.100000,0.833333,0.700000,0.158747
2009-03-30 16:30:00,P,3,0,0,-0.100000,0.000000,-0.016667,-0.600000,-0.816667,-1.198333,-0.910209
2009-04-02 13:45:00,GC_ME,0,0,0,8.150000,6.100000,6.440000,6.020000,5.220000,6.545000,-0.051048
2009-04-02 13:45:00,GC_PR,0,0,0,4.700000,2.950000,3.757143,3.900000,4.200000,4.750000,0.085080
2009-04-02 14:30:00,GC_PC,0,0,0,3.500000,2.600000,3.200000,2.400000,0.840000,1.283333,-0.273485
2009-04-03 11:00:00,EB,34,0,0,-0.250000,-0.175000,-0.400000,-1.075000,-0.920000,-0.050000,0.496996
2009-04-06 10:20:00,EB,31,0,0,-0.200000,-0.900000,-1.040000,-2.766667,-1.266667,-0.360000,-0.385681
2009-04-17 05:00:00,P,20,0,1,,,0.100000,,,-0.400000,
2009-04-18 05:30:00,P,19,1,1,,,,,,,
2009-04-21 19:30:00,EB,16,0,1,,,0.000000,-0.500000,-0.400000,-0.166667,
2009-04-24 16:45:00,P,13,0,0,-0.200000,-0.200000,-0.175000,-0.425000,-0.760000,-1.065000,0.612592
2009-04-27 18:45:00,P,10,0,1,,,-0.400000,-0.650000,-0.950000,-0.190000,
2009-04-28 18:30:00,EB,9,0,1,,,-0.500000,0.250000,0.566667,0.933333,
2009-04-29 17:30:00,EB,8,0,1,,,0.700000,-0.200000,-0.375000,-0.782500,0.100761
2009-05-04 13:00:00,EB,3,0,0,,,-0.100000,0.250000,0.300000,0.690000,-0.244246
2009-05-06 11:30:00,EB,1,0,0,-0.200000,-0.250000,-0.425000,-0.460000,-0.720000,-0.604000,-0.459211
2009-05-07 13:45:00,GC_ME,0,0,0,-0.975000,-1.358333,-1.533333,-2.500000,-3.580000,-1.952500,-0.291795
2009-05-07 13:45:00,GC_PR,0,0,0,-0.450000,-0.825000,-0.200000,-0.700000,1.840000,0.756000,0.280883
2009-05-07 14:30:00,GC_PC,0,0,0,-0.575000,-0.950000,-1.514286,-3.140000,-5.516667,-3.877500,-0.790182
2009-05-12 14:30:00,EB,23,0,0,0.100000,0.050000,-0.025000,-0.037500,-0.025000,-0.446000,-0.107892
2009-05-14 10:00:00,EB,21,0,0,0.100000,0.100000,-0.100000,0.000000,0.580000,1.664000,0.499496
2009-05-14 12:30:00,P,21,0,0,-0.100000,0.250000,0.275000,0.500000,0.475000,-0.013333,-0.209632
2009-05-14 17:30:00,EB,21,0,1,,,-0.566667,-0.200000,0.233333,0.532500,0.128483
2009-05-14 18:20:00,EB,21,0,1,,,,-0.100000,0.000000,0.078000,
2009-05-19 11:30:00,EB,16,0,0,4.200000,4.450000,3.428571,3.360000,2.980000,2.108000,0.521418
2009-05-25 10:30:00,P,10,0,0,-0.025000,-0.300000,0.150000,0.475000,0.680000,2.372000,0.421895
2009-05-25 20:00:00,EB,10,0,1,,,,,,,
2009-05-27 10:00:00,EB,8,0,0,0.400000,0.200000,0.340000,-0.033333,0.075000,0.261667,-0.199437
2009-05-27 17:15:00,EB,8,0,1,0.050000,-0.000000,0.050000,-0.033333,0.133333,-0.020000,
2009-05-28 18:00:00,EB,7,0,1,0.100000,,0.100000,-0.250000,-0.400000,1.376000,
2009-05-29 11:15:00,P,6,0,0,-0.300000,-0.533333,-0.233333,-0.250000,-0.220000,0.018000,0.022170
2009-06-04 13:45:00,GC_ME,0,0,0,0.400000,1.925000,1.357143,3.691667,6.000000,9.533333,0.012025
2009-06-04 13:45:00,GC_PR,0,0,0,0.166667,0.200000,0.516667,0.510000,1.133333,1.330000,-0.433702
2009-06-04 14:30:00,GC_PC,0,0,0,0.140000,0.900000,0.971429,3.560000,5.300000,8.791667,0.308350
2009-06-04 16:50:00,EB,28,0,0,0.050000,1.000000,0.775000,1.080000,1.830000,2.554000,0.169575
2009-06-05 09:50:00,P,27,0,0,0.060000,-0.400000,-0.150000,-0.800000,-1.760000,-1.096667,-0.072573
2009-06-05 14:30:00,EB,27,0,0,0.500000,0.400000,0.080000,0.975000,1.560000,3.477500,1.147890
2009-06-06 12:00:00,EB,26,1,0,,,,,,,
2009-06-08 19:35:00,EB,24,0,1,,,-0.900000,0.000000,1.000000,0.900000,
2009-06-10 13:00:00,EB,22,0,0,-0.800000,-0.600000,-0.125000,-0.150000,0.557143,0.328571,-0.114914
2009-06-10 18:30:00,EB,22,0,1,,,0.100000,0.100000,0.733333,1.184000,
2009-06-12 13:30:00,P,20,0,0,0.000000,-0.133333,-0.233333,-0.175000,0.175000,0.166667,-0.101923
2009-06-12 17:30:00,P,20,0,1,0.100000,0.100000,0.000000,0.050000,0.175000,0.372000,0.063806
2009-06-15 09:15:00,EB,17,0,1,-0.150000,-0.366667,-0.025000,-0.680000,-1.200000,-1.203333,-1.033990
2009-06-15 17:00:00,EB,17,0,0,-0.100000,0.000000,-0.100000,0.100000,0.020000,0.256000,-0.458935
2009-06-15 19:00:00,EB,17,0,1,,-0.100000,-0.200000,-0.100000,-0.433333,-0.600000,
2009-06-19 09:00:00,EB,13,0,1,-0.166667,0.150000,-0.000000,-0.325000,-0.560000,-1.954000,
2009-06-19 11:30:00,EB,13,0,0,0.500000,0.540000,0.775000,0.260000,0.200000,-0.436667,0.233162
2009-06-22 14:00:00,P,10,0,0,-0.150000,-0.050000,-0.200000,0.250000,0.000000,-0.396667,-0.383012
2009-06-23 09:00:00,EB,9,0,1,0.250000,-0.175000,0.150000,-0.200000,-0.600000,-0.446667,
2009-06-24 14:00:00,EB,8,0,0,-0.366667,0.233333,-0.100000,0.300000,0.183333,-0.168333,0.742987
2009-06-24 17:30:00,EB,8,0,1,,1.200000,-0.533333,-0.900000,-0.516667,-0.420000,0.183926
2009-06-25 12:00:00,EB,7,0,0,0.333333,0.066667,0.180000,1.075000,0.783333,1.530000,-0.465462
2009-06-25 20:30:00,EB,7,0,1,,0.000000,-0.100000,0.000000,-0.100000,-1.000000,
2009-07-02 13:45:00,GC_ME,0,0,0,-5.500000,-5.266667,-5.533333,-6.525000,-5.650000,-6.294000,-1.655737
2009-07-02 13:45:00,GC_PR,0,0,0,0.200000,-0.325000,0.020000,0.250000,1.050000,1.920000,0.160539
2009-07-02 14:30:00,GC_PC,0,0,0,-5.600000,-5.200000,-5.650000,-6.650000,-6.983333,-8.140000,-1.674403
2009-07-05 11:45:00,P,32,1,0,,,,,,,
2009-07-06 17:10:00,EB,31,0,1,,,,0.000000,0.200000,0.710000,0.507710
2009-07-08 09:45:00,EB,29,0,0,-2.100000,-1.000000,-0.283333,-0.400000,-0.160000,-0.038333,-0.185969
2009-07-08 11:50:00,EB,29,0,0,-0.750000,-0.100000,-0.571429,0.100000,0.066667,0.346667,-0.144653
2009-07-13 12:00:00,P,24,0,0,-0.200000,-0.100000,-0.050000,0.050000,0.100000,0.138571,0.439524
2009-07-16 14:30:00,P,21,0,0,-0.300000,-0.550000,-0.533333,-0.725000,-1.400000,-1.813333,0.229731
2009-07-16 15:00:00,EB,21,0,0,-0.250000,-0.400000,-0.575000,-0.266667,-0.440000,-0.993333,0.112087
2009-07-24 12:00:00,EB,13,0,0,0.100000,0.250000,-1.300000,0.040000,-0.160000,-1.011429,-0.060704
2009-08-06 13:45:00,GC_ME,0,0,0,-1.300000,-0.650000,-0.525000,-0.050000,0.583333,2.725000,-0.095402
2009-08-06 13:45:00,GC_PR,0,0,0,0.233333,0.533333,0.425000,0.125000,-0.691667,0.936667,0.150773
2009-08-06 14:30:00,GC_PC,0,0,0,-1.550000,-1.133333,-0.866667,0.260000,1.241667,3.600000,-0.373830
2009-08-22 10:00:00,P,12,1,0,,,,,,,
2009-09-03 13:45:00,GC_ME,0,0,0,-1.375000,-2.100000,-1.866667,-4.560000,-5.740000,-5.204000,-0.218859
2009-09-03 13:45:00,GC_PR,0,0,0,-0.125000,0.200000,0.233333,0.300000,0.360000,0.635000,-0.081521
2009-09-03 14:30:00,GC_PC,0,0,0,-1.450000,-2.100000,-2.075000,-4.760000,-6.140000,-5.890000,-0.263175
2009-09-03 16:00:00,EB,35,0,0,0.150000,0.266667,0.440000,0.116667,-0.400000,-0.440000,-0.650658
2009-09-04 08:50:00,EB,34,0,1,0.100000,0.000000,0.000000,0.566667,0.920000,1.592500,
2009-09-04 08:50:00,P,34,0,1,0.100000,0.000000,0.000000,0.566667,0.920000,1.592500,
2009-09-04 11:00:00,EB,34,0,0,0.125000,0.400000,0.425000,0.333333,0.075000,0.047500,-0.089913
2009-09-09 08:15:00,P,29,0,1,-0.400000,-0.200000,0.000000,0.100000,-0.550000,-0.357500,
2009-09-09 09:10:00,EB,29,0,1,-0.100000,0.100000,-0.075000,-0.100000,-0.600000,-0.971667,0.027359
2009-09-09 16:15:00,EB,29,0,0,0.300000,0.100000,0.500000,0.033333,-0.100000,-0.967500,0.000000
2009-09-11 09:00:00,EB,27,0,1,0.000000,0.250000,0.066667,-0.300000,-0.450000,-1.275000,
2009-09-11 11:45:00,EB,27,0,0,0.100000,-0.100000,-0.100000,-0.225000,-0.425000,-0.782000,-0.185291
2009-09-15 17:00:00,EB,23,0,0,,-0.100000,-0.600000,0.000000,0.240000,0.033333,-0.156981
2009-09-21 09:00:00,EB,17,0,1,-0.200000,-0.100000,-0.200000,-0.460000,-1.425000,-2.840000,
2009-09-24 19:00:00,EB,14,0,1,,,,,0.000000,-0.150000,
2009-09-25 13:45:00,EB,13,0,0,,0.100000,0.100000,0.100000,0.525000,0.390000,-0.398902
2009-09-28 16:30:00,P,10,0,0,0.100000,0.100000,0.200000,0.100000,-0.266667,-0.307500,0.238584
2009-09-30 09:45:00,EB,8,0,0,0.100000,0.200000,-0.175000,0.100000,0.225000,0.498333,-0.029641
2009-09-30 19:45:00,P,8,0,1,,0.100000,0.000000,0.100000,0.333333,0.150000,
2009-10-05 16:15:00,EB,3,0,0,,-0.300000,-0.300000,0.140000,0.550000,1.174000,0.335914
2009-10-08 13:45:00,GC_ME,0,0,0,-1.100000,-1.000000,-1.350000,-2.083333,-3.080000,-4.220000,-0.173250
2009-10-08 13:45:00,GC_PR,0,0,0,-0.400000,-0.300000,-0.140000,-0.333333,-0.620000,-0.370000,-0.027027
2009-10-08 14:30:00,GC_PC,0,0,0,-0.387500,-0.766667,-1.216667,-1.916667,-2.700000,-3.731667,-0.160450
2009-10-09 11:30:00,P,27,0,0,-0.200000,-0.200000,-0.125000,0.000000,-0.566667,-1.716667,-0.098352
2009-10-13 11:00:00,EB,23,0,0,0.100000,-0.266667,-0.466667,-0.700000,-1.620000,-1.765000,-0.194969
2009-10-14 15:15:00,EB,22,0,0,-0.200000,-0.100000,0.100000,-0.200000,-0.780000,-1.095000,-0.256207
2009-10-15 13:25:00,P,21,0,0,-0.300000,-0.200000,-0.200000,-0.500000,-0.733333,-1.086667,-0.849135
2009-10-16 10:00:00,EB,20,0,0,-0.100000,-0.550000,-0.460000,-0.525000,-0.450000,-0.445714,-0.396171
2009-10-16 15:15:00,EB,20,0,0,-0.100000,-0.100000,0.000000,0.100000,0.360000,0.800000,-0.296076
2009-10-16 16:00:00,EB,20,0,0,,0.000000,0.125000,0.400000,0.500000,0.223333,-0.686198
2009-10-18 09:30:00,EB,18,1,0,,,,,,,
2009-10-27 09:45:00,EB,9,0,0,0.060000,0.033333,-0.325000,-0.550000,-0.833333,-1.058333,-0.161725
2009-10-30 17:30:00,EB,6,0,1,,0.100000,0.200000,0.125000,-0.360000,-0.930000,-0.327338
2009-11-05 13:45:00,GC_ME,0,0,0,-0.933333,-1.100000,-1.200000,-1.650000,-0.980000,-0.472000,0.810821
2009-11-05 13:45:00,GC_PR,0,0,0,-0.366667,-0.233333,-0.214286,0.580000,-0.250000,0.384000,-0.052288
2009-11-05 14:30:00,GC_PC,0,0,0,-0.560000,-0.720000,-0.966667,-1.560000,-0.671429,0.108000,0.993445
2009-11-06 17:30:00,EB,27,0,1,,-0.100000,-0.150000,-0.100000,0.066667,0.105000,0.034010
2009-11-09 20:15:00,EB,24,0,1,,,,,0.175000,0.316667,
2009-11-10 16:45:00,EB,23,0,0,,-0.200000,-0.100000,0.240000,0.600000,0.720000,-0.427715
2009-11-12 10:30:00,EB,21,0,0,-0.200000,-0.100000,-0.200000,-0.120000,0.320000,0.140000,0.309500
2009-11-16 11:30:00,EB,17,0,0,0.000000,0.200000,0.160000,0.100000,-0.237500,-0.345000,-0.114749
2009-11-17 15:30:00,EB,16,0,0,-0.200000,0.100000,0.100000,0.200000,-0.175000,-0.752000,-0.114218
2009-11-17 17:00:00,EB,16,0,0,,,0.100000,-0.250000,-0.380000,-0.745000,0.133998
2009-11-17 18:00:00,P,16,0,1,,,,0.000000,-0.266667,-0.450000,
2009-11-18 09:40:00,P,15,0,0,-0.200000,-0.200000,-0.100000,0.333333,0.500000,0.595000,-0.031167
2009-11-19 17:00:00,P,14,0,0,,-0.100000,-0.100000,-0.033333,0.280000,-0.176667,0.069548
2009-11-19 18:52:00,EB,14,0,1,,,,0.100000,0.100000,-0.200000,
2009-11-19 19:00:00,EB,14,0,1,,,,0.100000,0.100000,-2.570000,
2009-11-20 11:30:00,P,13,0,0,0.100000,0.000000,0.100000,-0.050000,-0.400000,-0.642000,-0.662132
2009-11-20 16:30:00,EB,13,0,0,-0.100000,0.300000,-0.200000,0.375000,-0.091667,-0.595000,-0.333402
2009-11-23 10:30:00,EB,10,0,0,-0.433333,-0.400000,-0.400000,-0.420000,-0.883333,-1.156667,0.067837
2009-11-23 14:00:00,P,10,0,0,-0.100000,-0.100000,-0.300000,0.025000,-0.020000,-0.325000,0.030600
2009-12-01 19:00:00,EB,2,0,1,,,,0.000000,-0.200000,-0.133333,
2009-12-03 13:45:00,GC_ME,0,0,0,-2.466667,-2.700000,-3.340000,-3.766667,-2.800000,-0.307500,0.315313
2009-12-03 13:45:00,GC_PR,0,0,0,-0.666667,-0.175000,-0.500000,-0.075000,0.200000,0.180000,0.046329
2009-12-03 14:30:00,GC_PC,0,0,0,-2.266667,-2.475000,-2.980000,-3.600000,-2.840000,-0.218000,0.193724
2009-12-04 13:30:00,EB,41,0,0,0.000000,0.000000,-0.100000,-0.000000,0.550000,3.575000,0.004545
2009-12-07 09:00:00,P,38,0,1,-0.275000,-0.300000,-0.150000,-0.200000,-0.866667,-0.033333,
2009-12-07 14:00:00,P,38,0,0,,,0.000000,0.100000,0.333333,0.670000,0.097387
2009-12-08 17:00:00,EB,37,0,0,0.000000,-0.100000,0.000000,0.200000,-0.150000,-0.030000,0.113715
2009-12-10 18:30:00,P,35,0,1,,,,-0.100000,-0.266667,-0.866667,
2009-12-11 10:30:00,EB,34,0,0,-0.150000,-0.120000,-0.100000,0.000000,0.750000,0.516000,0.081422
2009-12-11 13:00:00,EB,34,0,0,0.400000,0.100000,0.000000,-0.016667,-0.100000,0.120000,0.155353
2009-12-11 13:15:00,P,34,0,0,0.100000,0.100000,0.050000,-0.033333,-0.120000,0.374000,0.190192
2009-12-18 11:00:00,EB,27,0,0,-0.100000,0.000000,0.100000,0.050000,0.537500,0.879167,0.313998
2010-01-14 13:45:00,GC_ME,0,0,0,-0.050000,-0.300000,-0.525000,-1.285714,-2.505556,-2.568333,-0.181666
2010-01-14 13:45:00,GC_PR,0,0,0,0.100000,0.000000,-0.183333,-0.220000,-0.035714,-2.436667,0.119438
2010-01-14 14:30:00,GC_PC,0,0,0,-0.116667,-0.500000,-0.483333,-1.337500,-2.420000,-2.631667,-0.306740
2010-01-18 19:00:00,EB,17,0,1,,,,0.200000,0.000000,0.100000,
2010-01-20 09:15:00,EB,15,0,1,0.000000,0.200000,0.300000,0.250000,0.457143,1.421667,0.281200
2010-01-21 13:00:00,EB,14,0,0,0.000000,0.100000,-0.100000,0.116667,-0.250000,0.494000,0.794424
2010-01-21 13:00:00,P,14,0,0,0.000000,0.100000,-0.100000,0.116667,-0.250000,0.494000,0.794424
2010-01-22 13:00:00,EB,13,0,0,-0.100000,-0.033333,-0.133333,-0.333333,-1.011111,-1.605000,0.014828
2010-01-26 10:00:00,EB,9,0,0,0.100000,0.000000,-0.200000,-0.288889,-0.638889,-1.252000,0.140969
2010-01-26 18:30:00,EB,9,0,1,0.000000,-0.100000,0.000000,-0.100000,0.150000,0.033333,
2010-01-28 10:00:00,EB,7,0,0,-0.200000,0.100000,0.050000,-0.312500,-0.630000,-1.294286,-0.106967
2010-01-28 17:29:00,P,7,0,1,,,-0.100000,0.050000,-0.216667,-0.530000,
2010-01-29 12:15:00,EB,6,0,0,0.000000,-0.100000,0.000000,0.200000,0.016667,-0.144286,0.155584
2010-02-04 13:45:00,GC_ME,0,0,0,0.000000,0.033333,-0.150000,-0.988889,-1.672222,-2.713333,-0.952937
2010-02-04 13:45:00,GC_PR,0,0,0,0.000000,-0.033333,0.033333,-0.183333,-0.327273,-0.757143,0.013330
2010-02-04 14:30:00,GC_PC,0,0,0,0.000000,-0.187500,-0.433333,-1.025000,-1.433333,-2.166667,-0.907954
2010-02-11 22:00:00,P,21,0,1,,,,,,,
2010-02-19 13:30:00,EB,13,0,0,0.000000,-0.100000,0.000000,0.100000,-0.020000,-0.367500,0.046358
2010-02-22 20:30:00,EB,10,0,1,,,,,-0.100000,-0.100000,
2010-02-23 15:00:00,P,9,0,0,0.000000,-0.100000,0.000000,0.000000,-0.220000,-0.933333,0.291847
2010-02-24 11:00:00,EB,8,0,0,-0.150000,-0.100000,-0.200000,-0.125000,0.025000,0.266000,0.181246
2010-02-25 11:45:00,EB,7,0,0,0.200000,0.100000,0.066667,-0.033333,0.491667,0.950000,-0.330444
2010-02-26 14:00:00,EB,6,0,0,,0.100000,0.400000,0.100000,-0.027778,-0.535000,0.072495
2010-03-01 10:00:00,P,3,0,0,0.033333,0.070000,0.066667,-0.100000,-0.222222,-0.422857,-0.177299
2010-03-03 08:00:00,P,1,0,1,-0.500000,0.100000,-0.600000,-0.200000,0.300000,0.435000,
2010-03-04 13:45:00,GC_ME,0,0,0,-0.460000,-0.575000,-0.425000,-2.250000,-1.568750,-0.621667,0.308229
2010-03-04 13:45:00,GC_PR,0,0,0,-0.150000,-0.100000,0.000000,-0.375000,-0.007143,0.462500,0.020927
2010-03-04 14:30:00,GC_PC,0,0,0,-0.180000,-0.358333,-0.414286,-2.362500,-1.718750,-0.475714,0.282619
2010-03-08 18:00:00,EB,31,0,1,,,,0.100000,-0.100000,-0.090000,
2010-03-10 19:00:00,P,29,0,1,0.000000,,,0.100000,0.200000,0.095000,
2010-03-12 21:45:00,P,27,0,1,,,,,,,
2010-03-15 10:30:00,EB,24,0,0,-0.100000,-0.100000,-0.100000,-0.133333,0.050000,0.050000,0.039157
2010-03-15 13:00:00,EB,24,0,0,0.100000,-0.100000,0.000000,-0.057143,-0.066667,-0.204000,-0.074678
2010-03-16 15:45:00,EB,23,0,0,,,0.200000,-0.060000,0.250000,-0.076667,0.703000
2010-03-19 08:30:00,P,20,0,1,0.000000,-0.100000,0.000000,-0.050000,-0.108333,0.220000,
2010-03-22 16:30:00,P,17,0,0,-0.400000,-0.200000,-0.100000,-0.300000,-0.362500,-1.112000,0.010049
2010-03-22 17:45:00,EB,17,0,1,,,,-0.160000,-0.225000,-0.320000,
2010-03-24 10:00:00,EB,15,0,0,-0.200000,-0.200000,0.066667,0.416667,0.887500,2.437500,-0.148321
2010-03-24 16:00:00,EB,15,0,0,0.400000,,-0.050000,-0.025000,-0.833333,-1.291667,-0.276836
2010-03-25 09:00:00,P,14,0,1,-0.033333,-0.100000,-0.250000,-0.100000,0.066667,0.128000,
2010-03-25 19:30:00,EB,14,0,1,,,0.000000,-0.300000,-0.150000,-0.340000,
2010-03-26 08:30:00,EB,13,0,1,0.050000,0.500000,0.300000,0.360000,0.066667,0.133333,
2010-03-26 17:00:00,P,13,0,0,,0.000000,-0.100000,0.300000,0.166667,-0.160000,-0.073732
2010-03-26 21:00:00,EB,13,0,1,,,,,,,
2010-03-31 10:45:00,P,8,0,0,0.033333,0.000000,0.150000,0.366667,0.665000,0.350000,0.041456
2010-03-31 19:30:00,EB,8,0,1,,,,0.100000,0.100000,-0.250000,
2010-04-08 13:45:00,GC_ME,0,0,0,0.100000,0.050000,0.033333,-0.016667,-0.200000,-0.410000,-0.100230
2010-04-08 13:45:00,GC_PR,0,0,0,0.050000,0.033333,0.150000,0.150000,0.178571,0.287500,0.012955
2010-04-08 14:30:00,GC_PC,0,0,0,0.000000,-0.100000,0.200000,-0.083333,-0.200000,-0.612500,0.064882
2010-04-09 14:30:00,EB,27,0,0,-0.100000,0.000000,-0.100000,-0.100000,0.750000,0.320000,-0.152731
2010-04-09 17:30:00,P,27,0,1,,0.100000,0.000000,0.250000,0.412500,0.770000,
2010-04-10 09:45:00,P,26,1,0,,,,,,,
2010-04-12 10:00:00,EB,24,0,0,0.100000,0.100000,0.360000,0.390000,0.200000,-0.140000,-0.179155
2010-04-12 11:00:00,P,24,0,0,-0.100000,-0.100000,-0.050000,0.125000,0.178571,-0.304444,-0.056940
2010-04-12 16:00:00,EB,24,0,0,-0.300000,-0.400000,-0.100000,-0.100000,0.144444,-0.278750,0.027663
2010-04-15 15:15:00,EB,21,0,0,,-0.100000,0.033333,0.166667,0.590000,0.628750,-0.048562
2010-04-19 17:00:00,EB,17,0,0,,0.000000,0.000000,-0.100000,-0.060000,-0.207500,-0.095141
2010-04-26 18:30:00,P,10,0,1,,,0.100000,-0.300000,-0.030000,0.297500,
2010-04-27 09:00:00,EB,9,0,1,-0.100000,-0.225000,-0.075000,-0.060000,-0.750000,-0.778000,
2010-04-27 16:15:00,EB,9,0,0,0.200000,0.066667,-0.250000,-0.078571,0.071429,-0.508571,-0.072843
2010-04-27 19:15:00,P,9,0,1,,-0.200000,-0.200000,0.050000,0.375000,0.552500,
2010-04-28 08:15:00,EB,8,0,1,0.150000,0.050000,-0.500000,-2.050000,-2.720000,-2.786667,
2010-04-28 10:00:00,EB,8,0,0,0.300000,0.360000,0.142857,0.600000,0.850000,-1.124286,-1.327388
2010-04-29 13:30:00,P,7,0,0,0.000000,-0.066667,-0.220000,-0.075000,0.187500,0.564000,0.400114
2010-05-05 15:15:00,EB,1,0,0,0.033333,0.012500,0.214286,0.100000,-0.121429,-0.386250,0.496901
2010-05-06 13:45:00,GC_ME,0,0,0,0.400000,0.400000,0.440000,1.340000,1.190000,-0.936667,-0.690378
2010-05-06 13:45:00,GC_PR,0,0,0,0.200000,0.366667,-0.140000,0.128571,0.291667,0.163333,-0.327668
2010-05-06 14:30:00,GC_PC,0,0,0,0.250000,0.350000,0.340000,1.260000,1.040000,-0.878333,0.041307
2010-05-06 17:30:00,P,35,0,1,-0.600000,-0.133333,-0.500000,-1.480000,-0.580000,-0.772500,0.518488
2010-05-12 10:00:00,P,29,0,0,0.200000,0.000000,0.133333,-0.414286,0.000000,-0.256667,0.937473
2010-05-13 13:15:00,EB,28,0,0,,0.100000,0.200000,0.200000,0.156250,0.410000,0.115391
2010-05-19 17:00:00,P,22,0,0,0.100000,0.000000,-0.200000,-0.160000,-0.040000,0.682500,-0.134959
2010-05-20 15:00:00,P,21,0,0,0.000000,0.000000,0.050000,-0.160000,-0.875000,-2.057143,0.181492
2010-05-21 12:45:00,EB,20,0,0,0.000000,0.300000,0.200000,-0.020000,-0.028571,-1.230000,-1.847564
2010-05-26 09:40:00,EB,15,0,0,0.100000,-0.050000,-0.340000,-0.212500,0.507143,-0.125000,0.343575
2010-05-27 13:00:00,EB,14,0,0,0.000000,0.000000,0.100000,0.216667,0.688889,0.267500,0.007344
2010-05-28 11:10:00,EB,13,0,0,0.266667,0.066667,0.100000,-0.033333,-0.207143,-0.156000,-0.270484
2010-05-28 17:30:00,P,13,0,1,0.100000,0.500000,-0.100000,0.700000,-0.266667,0.015000,
2010-05-31 10:00:00,P,10,0,0,-0.100000,0.300000,0.050000,-0.100000,-0.410000,0.212000,0.001528
2010-05-31 18:30:00,P,10,0,1,,,,,,,
2010-06-09 11:00:00,P,1,0,0,-0.100000,-0.200000,0.033333,-0.225000,-0.157143,-0.580000,-0.637532
2010-06-10 13:45:00,GC_ME,0,0,0,-0.400000,-0.550000,-0.840000,-0.316667,0.350000,1.422500,0.690185
2010-06-10 13:45:00,GC_PR,0,0,0,0.175000,0.266667,0.500000,0.966667,1.093750,0.750000,-0.274056
2010-06-10 14:30:00,GC_PC,0,0,0,-0.366667,-0.966667,-0.920000,-1.340000,-0.322222,0.382500,0.939780
2010-06-10 21:00:00,P,28,0,1,0.000000,-0.100000,0.000000,0.200000,0.100000,0.622500,
2010-06-11 09:00:00,EB,27,0,1,0.100000,-0.100000,0.100000,0.366667,0.042857,-0.896667,
2010-06-11 13:20:00,EB,27,0,0,-0.100000,0.200000,0.050000,0.050000,-0.075000,-0.971429,-0.024269
2010-06-14 18:30:00,EB,24,0,1,,,,-0.100000,0.000000,-0.353750,
2010-06-16 11:30:00,EB,22,0,0,0.000000,-0.100000,-0.050000,0.350000,0.122222,-0.067500,0.480627
2010-06-16 19:15:00,EB,22,0,1,,,0.000000,,0.200000,0.235000,
2010-06-18 10:00:00,P,20,0,0,0.200000,0.266667,0.000000,0.158333,0.264286,0.358571,-0.309138
2010-06-18 12:00:00,EB,20,0,0,0.100000,0.150000,0.000000,-0.087500,0.114286,0.220000,-0.596667
2010-06-18 12:00:00,EB,20,0,0,0.100000,0.150000,0.000000,-0.087500,0.114286,0.220000,-0.596667
2010-06-18 13:00:00,EB,20,0,0,-0.100000,0.100000,0.000000,-0.025000,0.133333,0.135714,0.536580
2010-06-21 12:45:00,EB,17,0,0,-0.200000,-0.316667,0.240000,-0.250000,0.444444,-0.051667,-0.102782
2010-06-21 16:00:00,EB,17,0,0,-0.300000,-0.200000,-0.400000,-0.120000,0.283333,-0.131667,-0.309963
2010-06-21 16:30:00,P,17,0,0,0.100000,0.050000,0.050000,0.100000,0.716667,0.872500,-0.188444
2010-06-28 10:40:00,EB,10,0,0,0.150000,-0.133333,-0.200000,-0.300000,0.340000,-0.785000,0.647114
2010-06-30 16:30:00,P,8,0,0,0.000000,0.250000,0.100000,0.350000,0.950000,1.138750,-0.003500
2010-07-01 17:00:00,EB,7,0,0,0.200000,0.300000,0.000000,0.766667,1.200000,1.074000,0.106917
2010-07-02 12:00:00,EB,6,0,0,-0.400000,-0.200000,0.050000,-0.033333,-0.160000,0.125000,0.113711
2010-07-03 09:15:00,EB,5,1,1,,,,,,,
2010-07-05 18:00:00,EB,3,0,1,0.000000,,0.000000,0.000000,0.166667,0.170000,
2010-07-08 13:45:00,GC_ME,0,0,0,2.350000,2.716667,2.885714,4.757143,4.911111,4.020000,0.578458
2010-07-08 13:45:00,GC_PR,0,0,0,0.920000,0.733333,0.900000,1.025000,0.727778,0.837500,0.226632
2010-07-08 14:30:00,GC_PC,0,0,0,1.685714,2.016667,2.412500,3.950000,4.312500,3.605000,0.343102
2010-07-09 08:50:00,P,27,0,1,-1.100000,-0.762500,-0.837500,0.100000,0.757143,0.876667,
2010-07-09 09:30:00,EB,27,0,0,-1.480000,-1.500000,-1.200000,-0.542857,-0.022222,-0.135000,0.134571
2010-07-09 11:30:00,EB,27,0,0,-1.280000,-1.240000,-0.983333,-1.675000,-0.944444,0.245000,0.110668
2010-07-09 16:10:00,EB,27,0,0,0.166667,0.200000,0.000000,0.437500,0.112500,0.027143,0.254171
2010-07-23 09:15:00,EB,13,0,1,0.100000,0.320000,0.757143,0.844444,1.477778,1.444286,0.762576
2010-07-23 12:00:00,EB,13,0,0,-0.150000,0.140000,0.300000,-0.300000,-0.325000,-0.025000,0.208584
2010-08-05 13:45:00,GC_ME,0,0,0,-0.300000,-0.368750,-0.235714,-0.787500,-1.687500,-1.985714,-0.600065
2010-08-05 13:45:00,GC_PR,0,0,0,0.100000,-0.020000,-0.150000,-0.333333,-0.350000,-0.417500,-0.131473
2010-08-05 14:30:00,GC_PC,0,0,0,-0.500000,-0.300000,-0.125000,-0.357143,-1.300000,-1.845000,-0.468158
2010-09-02 13:45:00,GC_ME,0,0,0,-0.666667,-0.700000,-0.616667,-1.200000,-0.872727,-0.974375,-0.118593
2010-09-02 13:45:00,GC_PR,0,0,0,-0.400000,-0.350000,-0.016667,-0.088889,-0.200000,-0.432857,-0.033147
2010-09-02 14:30:00,GC_PC,0,0,0,-0.500000,-0.600000,-0.625000,-1.050000,-0.780000,-0.760625,0.039840
2010-09-03 14:00:00,EB,34,0,0,0.000000,-0.100000,0.100000,0.142857,0.571429,2.100000,1.454370
2010-09-04 11:15:00,P,33,1,0,,,,,,,
2010-09-05 18:30:00,P,32,1,1,,,,,,,
2010-09-06 11:00:00,EB,31,0,0,0.100000,-0.200000,0.000000,0.166667,0.175000,0.242222,0.215348
2010-09-07 08:00:00,EB,30,0,1,-0.462500,0.200000,0.200000,-0.050000,-0.833333,-1.242500,
2010-09-07 19:30:00,EB,30,0,1,0.000000,0.000000,0.000000,0.000000,0.100000,-0.100000,
2010-09-10 11:20:00,EB,27,0,0,-0.250000,-0.100000,0.400000,-0.250000,0.020000,0.235000,-0.178287
2010-09-15 15:10:00,EB,22,0,0,0.000000,-0.500000,-0.300000,0.000000,-0.325000,-0.394375,0.026218
2010-09-19 18:00:00,P,18,1,1,,,,,,,
2010-09-20 10:00:00,P,17,0,0,-0.500000,0.100000,-0.060000,-0.050000,0.260000,0.890000,0.077881
2010-09-20 14:25:00,P,17,0,0,-0.800000,-0.300000,-0.150000,-0.100000,0.028571,-0.676667,-0.331856
2010-09-27 09:00:00,P,10,0,1,0.266667,0.400000,0.275000,0.100000,0.100000,0.031250,
2010-09-27 15:00:00,P,10,0,0,0.050000,0.000000,-0.620000,0.100000,0.414286,0.401875,-0.329544
2010-09-27 17:00:00,EB,10,0,0,,,-0.400000,0.387500,0.114286,0.116667,-0.279085
2010-09-27 20:00:00,EB,10,0,1,,,0.100000,-0.100000,0.100000,0.100000,
2010-09-28 08:45:00,EB,9,0,1,0.150000,-0.100000,-0.125000,-0.360000,-0.750000,-1.496667,
2010-09-28 09:30:00,EB,9,0,0,-0.100000,0.050000,-0.100000,-0.160000,-0.457143,-0.579375,-0.250664
2010-09-29 09:30:00,EB,8,0,0,-0.416667,-0.466667,-0.266667,-0.487500,-0.600000,-0.552000,-1.347101
2010-09-29 09:30:00,EB,8,0,0,-0.416667,-0.466667,-0.266667,-0.487500,-0.600000,-0.552000,-1.347101
2010-09-29 16:00:00,EB,8,0,0,0.666667,0.375000,0.580000,0.714286,-0.311111,-0.610000,-0.555953
2010-09-29 22:00:00,P,8,0,1,,,,,,,
2010-10-04 10:30:00,EB,3,0,0,-0.700000,-0.700000,-0.666667,-0.300000,-0.011111,-0.008571,-0.149611
2010-10-07 13:45:00,GC_ME,0,0,0,-0.266667,0.240000,-0.040000,-0.460000,-0.770000,-1.043333,0.069195
2010-10-07 13:45:00,GC_PR,0,0,0,-0.033333,-0.091667,-0.275000,-0.366667,0.077778,0.236667,-0.100386
2010-10-07 14:30:00,GC_PC,0,0,0,0.100000,0.333333,0.140000,-0.400000,-0.900000,-1.137143,0.136689
2010-10-08 15:30:00,EB,27,0,0,0.000000,-0.200000,0.150000,-0.233333,-0.600000,-0.347500,0.013318
2010-10-09 14:30:00,EB,26,1,0,,,,,,,
2010-10-09 21:15:00,EB,26,1,1,,,,,,,
2010-10-10 14:00:00,EB,25,1,0,,,,,,,
2010-10-11 18:00:00,P,24,0,1,,0.000000,0.000000,-0.100000,-0.060000,-0.000000,
2010-10-12 18:20:00,P,23,0,1,,,0.250000,0.650000,1.666667,3.228333,
2010-10-14 09:00:00,EB,21,0,1,3.993750,3.300000,2.655556,2.036364,2.225000,2.662500,
2010-10-15 10:45:00,EB,20,0,0,-0.150000,0.207143,-0.233333,-0.057143,-0.487500,-0.684286,0.091808
2010-10-16 13:00:00,P,19,1,0,,,,,,,
2010-10-17 10:00:00,P,18,1,0,,,,,,,
2010-10-18 10:00:00,EB,17,0,0,1.600000,1.540000,1.385714,1.014286,0.942857,0.691429,-0.144485
2010-10-19 14:30:00,P,16,0,0,0.942857,0.842857,0.971429,0.450000,0.600000,0.725000,-0.273876
2010-10-20 08:30:00,EB,15,0,1,1.866667,1.860000,1.560000,1.350000,1.116667,1.011667,
2010-10-20 12:00:00,EB,15,0,0,-0.600000,-0.150000,-0.100000,-0.400000,0.425000,0.794286,0.238497
2010-10-20 14:20:00,EB,15,0,0,0.100000,0.400000,0.033333,0.466667,0.437500,0.277778,-0.326694
2010-10-22 14:00:00,EB,13,0,0,0.400000,0.220000,0.320000,0.600000,0.200000,0.643333,0.042990
2010-10-25 10:45:00,EB,10,0,0,1.300000,0.620000,0.275000,0.375000,0.037500,0.050000,-0.098424
2010-10-25 13:40:00,EB,10,0,0,-0.066667,0.100000,-0.100000,-0.414286,-0.788889,-0.961667,-0.280065
2010-10-27 09:45:00,EB,8,0,0,-0.100000,-0.933333,-0.125000,-0.918182,-0.490000,-0.746875,0.234915
2010-10-29 12:30:00,EB,6,0,0,-0.100000,-0.275000,-0.166667,-0.183333,0.437500,1.005556,-0.040956
2010-11-01 01:30:00,EB,3,0,1,,,,,,,
2010-11-04 13:45:00,GC_ME,0,0,0,-0.460000,-0.516667,-0.650000,-0.793750,-0.987500,-2.902857,-0.124637
2010-11-04 13:45:00,GC_PR,0,0,0,0.225000,-0.200000,-0.050000,0.183333,-0.100000,-0.257500,-0.040507
2010-11-04 14:30:00,GC_PC,0,0,0,-0.725000,-0.560000,-0.683333,-0.892857,-1.122222,-2.433750,-0.110458
2010-11-08 12:30:00,P,24,0,0,0.600000,-0.100000,0.100000,0.325000,0.414286,0.751000,0.224363
2010-11-10 19:00:00,P,22,0,1,,0.000000,-0.100000,-0.100000,-0.133333,-0.956667,
2010-11-11 10:15:00,EB,21,0,0,0.350000,-0.025000,0.057143,0.133333,-0.025000,0.002500,0.031381
2010-11-13 09:00:00,P,19,1,1,,,,,,,
2010-11-15 08:45:00,EB,17,0,1,-0.266667,-0.066667,-0.380000,-0.387500,-0.720000,-1.362500,
2010-11-15 09:05:00,EB,17,0,1,-0.975000,-1.050000,-0.920000,-0.992857,-1.442857,-1.221667,
2010-11-16 09:00:00,EB,16,0,1,-0.614286,-0.542857,-0.214286,-0.840000,-0.844444,-1.118333,
2010-11-16 15:30:00,EB,16,0,0,-0.016667,0.160000,0.280000,0.525000,1.133333,1.858333,-0.096966
2010-11-17 15:20:00,EB,15,0,0,-0.771429,-0.600000,-0.112500,-0.237500,-0.166667,-0.625714,0.171736
2010-11-18 14:30:00,EB,14,0,0,0.000000,0.300000,0.200000,0.350000,0.188889,-0.760714,-0.117691
2010-11-18 14:30:00,P,14,0,0,0.000000,0.300000,0.200000,0.350000,0.188889,-0.760714,-0.117691
2010-11-19 08:45:00,EB,13,0,1,-0.833333,-0.566667,-0.200000,0.000000,-0.020000,-0.674000,
2010-11-19 08:45:00,EB,13,0,1,-0.833333,-0.566667,-0.200000,0.000000,-0.020000,-0.674000,
2010-11-19 09:00:00,EB,13,0,1,-0.580000,0.000000,-0.066667,-0.500000,0.040000,-0.254000,
2010-11-19 14:45:00,EB,13,0,0,0.200000,0.383333,0.460000,-0.016667,-0.075000,0.136875,-0.109126
2010-11-19 15:00:00,P,13,0,0,0.075000,-0.116667,-0.025000,-0.166667,-0.611111,-0.546250,-0.387526
2010-11-22 17:00:00,P,10,0,0,0.000000,-0.200000,0.000000,-0.516667,-0.644444,-1.015000,0.030599
2010-11-22 19:00:00,EB,10,0,1,,,-0.100000,-0.200000,-0.250000,-0.233333,
2010-11-23 09:35:00,EB,9,0,0,-0.283333,-0.100000,-0.340000,-0.114286,0.242857,0.610000,0.637937
2010-11-25 09:00:00,EB,7,0,1,-0.300000,-0.150000,-0.633333,-0.766667,-1.300000,-1.228333,
2010-11-25 10:10:00,EB,7,0,0,-0.100000,-0.400000,-0.233333,0.477778,0.866667,1.958333,-0.227670
2010-11-30 16:30:00,P,2,0,0,-0.100000,-0.150000,0.140000,-0.371429,-1.900000,-2.077143,0.061477
2010-12-02 13:45:00,GC_ME,0,0,0,-1.560000,-2.250000,-2.857143,-3.233333,-2.418182,-1.132857,-0.286963
2010-12-02 13:45:00,GC_PR,0,0,0,-0.555556,-1.540000,-0.150000,-0.600000,-0.075000,-0.079286,0.142389
2010-12-02 14:30:00,GC_PC,0,0,0,-1.760000,-2.175000,-2.375000,-2.983333,-2.162500,-1.110000,-0.385272
2010-12-03 08:30:00,P,41,0,1,0.933333,0.200000,0.000000,0.266667,0.166667,-0.056667,
2010-12-07 19:15:00,EB,37,0,1,,,,0.100000,-0.100000,0.095000,
2010-12-08 15:30:00,P,36,0,0,-1.388889,-0.585714,-0.400000,0.157143,1.022222,1.387143,0.042175
2010-12-11 10:50:00,EB,33,1,0,,,,,,,
2010-12-13 19:30:00,P,31,0,1,,,,0.000000,0.200000,0.450000,
2011-01-07 10:00:00,P,6,0,0,-0.133333,-0.390000,-0.580000,-1.037500,-0.800000,-0.502000,0.363526
2011-01-10 13:00:00,P,3,0,0,0.100000,0.000000,-0.300000,-0.100000,-0.211111,-0.836250,0.037906
2011-01-13 13:45:00,GC_ME,0,0,0,0.600000,0.925000,1.566667,3.250000,6.128571,8.928571,-0.016163
2011-01-13 13:45:00,GC_PR,0,0,0,0.033333,0.175000,0.420000,0.194444,0.120000,-0.000000,0.121741
2011-01-13 14:30:00,GC_PC,0,0,0,0.483333,0.442857,1.212500,3.144444,5.800000,8.959286,-0.024759
2011-01-13 20:00:00,EB,21,0,1,,0.200000,0.300000,0.200000,0.825000,0.600000,
2011-01-15 18:00:00,EB,19,1,1,,,,,,,
2011-01-19 19:00:00,EB,15,0,1,,0.050000,-0.100000,-0.100000,-0.133333,0.315000,
2011-01-19 19:20:00,EB,15,0,1,,0.100000,-0.100000,0.100000,-0.100000,0.282500,
2011-01-20 19:00:00,EB,14,0,1,,,,,0.700000,1.028000,
2011-01-26 17:00:00,EB,8,0,0,1.700000,1.550000,1.220000,0.522222,0.825000,0.832000,-0.279225
2011-01-27 11:30:00,EB,7,0,0,-0.483333,0.183333,0.314286,0.937500,2.211111,2.957143,0.314404
2011-01-27 14:00:00,EB,7,0,0,0.766667,0.875000,1.212500,0.780000,0.510000,0.200000,0.006709
2011-01-27 19:00:00,EB,7,0,1,,0.200000,0.000000,0.100000,-0.150000,-0.872500,
2011-01-28 15:15:00,EB,6,0,0,1.414286,1.387500,1.742857,1.511111,1.500000,1.238000,-0.220644
2011-02-01 16:00:00,P,2,0,0,-0.242857,-0.125000,-0.060000,0.012500,0.366667,0.273333,0.459944
2011-02-03 13:45:00,GC_ME,0,0,0,-1.228571,-2.462500,-2.762500,-3.022222,-4.412500,-5.183333,0.158244
2011-02-03 13:45:00,GC_PR,0,0,0,-0.683333,-0.962500,-0.800000,-0.240000,-0.487500,0.356000,-0.179990
2011-02-03 14:30:00,GC_PC,0,0,0,-1.262500,-2.287500,-2.725000,-3.290000,-5.030000,-6.416667,0.308250
2011-02-04 09:30:00,EB,27,0,0,-0.912500,-0.471429,-0.400000,-0.220000,0.355556,0.700000,0.095931
2011-02-04 12:30:00,EB,27,0,0,-0.600000,-0.185714,0.050000,0.330000,0.827273,1.482500,-0.034924
2011-02-07 15:00:00,P,24,0,0,-3.050000,-2.166667,-0.900000,-1.171429,-0.557143,0.092857,-0.068727
2011-02-09 19:00:00,EB,22,0,1,,-0.233333,-0.333333,-0.350000,-0.375000,-0.282500,
2011-02-10 11:30:00,EB,21,0,0,0.220000,0.475000,0.181250,0.450000,0.609091,0.230000,0.031009
2011-02-11 18:30:00,P,20,0,1,,,,-0.200000,-0.200000,-0.100000,
2011-02-18 14:00:00,P,13,0,0,0.000000,0.166667,0.480000,1.737500,3.645455,4.366667,-0.032648
2011-02-21 18:00:00,EB,10,0,1,0.100000,0.400000,0.200000,0.350000,0.333333,0.272500,
2011-02-22 10:00:00,EB,9,0,0,-0.525000,0.314286,0.020000,-0.012500,0.787500,1.248000,0.118835
2011-02-23 18:00:00,P,8,0,1,0.000000,-0.200000,-0.200000,-0.200000,-0.728571,-0.796000,
2011-02-25 19:30:00,EB,6,0,1,,,,0.000000,-0.500000,-0.280000,
2011-03-03 13:45:00,GC_ME,0,0,0,1.050000,7.857143,10.333333,13.400000,16.037500,15.573333,-0.157335
2011-03-03 13:45:00,GC_PR,0,0,0,-0.140000,1.587500,0.550000,1.116667,4.866667,1.773333,-0.040001
2011-03-03 14:30:00,GC_PC,0,0,0,1.350000,7.983333,10.485714,13.714286,16.042857,15.392000,-0.011350
2011-03-04 11:15:00,EB,34,0,0,0.733333,0.566667,0.028571,-0.466667,-0.240000,0.139286,0.074867
2011-03-04 12:50:00,EB,34,0,0,0.125000,-0.260000,-0.425000,-0.037500,0.125000,0.620833,-0.138418
2011-03-04 16:25:00,P,34,0,0,-0.100000,-0.300000,0.066667,-0.233333,0.200000,0.055000,-0.244948
2011-03-07 13:00:00,P,31,0,0,0.225000,0.450000,0.480000,-0.100000,-0.180000,0.255000,-0.059804
2011-03-10 16:00:00,EB,28,0,0,0.100000,-0.100000,0.075000,-0.100000,-0.142857,-0.283750,0.173929
2011-03-11 11:00:00,EB,27,0,0,-0.300000,-0.200000,-0.250000,-0.633333,-0.588889,-1.362000,-0.096754
2011-03-14 19:30:00,EB,24,0,1,,,,0.200000,0.166667,0.206667,
2011-03-15 18:00:00,EB,23,0,1,,,,0.100000,0.233333,0.140000,
2011-03-18 11:30:00,EB,20,0,0,0.100000,0.300000,0.500000,1.466667,2.133333,2.538333,0.300771
2011-03-18 17:00:00,P,20,0,0,0.550000,0.600000,1.566667,1.660000,2.300000,3.246000,-0.061104
2011-03-21 15:00:00,P,17,0,0,0.100000,-0.050000,-0.050000,0.416667,0.562500,0.851429,0.012287
2011-03-21 15:00:00,EB,17,0,0,0.100000,-0.050000,-0.050000,0.416667,0.562500,0.851429,0.012287
2011-03-23 09:30:00,P,15,0,0,0.511111,0.120000,0.080000,0.187500,0.266667,-0.231429,-0.124575
2011-03-25 21:15:00,EB,13,0,1,,,,,,,
2011-03-28 15:00:00,P,10,0,0,0.960000,0.950000,0.925000,0.512500,0.340000,0.396429,0.011666
2011-03-28 18:00:00,EB,10,0,1,,,,0.000000,0.350000,-0.163333,
2011-03-30 10:30:00,EB,8,0,0,-2.811111,-1.450000,-1.562500,-0.425000,-0.700000,-0.170000,-0.132138
2011-03-31 03:15:00,P,7,0,1,,,-0.100000,-0.300000,0.000000,0.910000,
2011-04-01 16:40:00,EB,6,0,0,0.200000,-0.200000,0.200000,0.050000,-0.128571,-0.750000,-0.000338
2011-04-02 08:30:00,EB,5,1,1,,,,,,,
2011-04-04 16:30:00,P,3,0,0,-0.700000,-0.200000,-0.066667,0.000000,-0.333333,-0.424286,-0.091951
2011-04-07 13:45:00,GC_ME,0,0,0,1.400000,0.900000,1.700000,1.714286,0.575000,-1.569286,0.342851
2011-04-07 13:45:00,GC_PR,0,0,0,0.933333,1.420000,1.150000,0.928571,-0.057143,-0.027500,0.379117
2011-04-07 14:30:00,GC_PC,0,0,0,0.333333,-0.133333,0.700000,0.433333,0.685714,-1.325000,-0.006358
2011-04-08 08:00:00,EB,27,0,1,2.400000,-0.100000,0.600000,-0.500000,0.500000,1.533333,
2011-04-08 09:20:00,EB,27,0,0,0.383333,0.140000,0.316667,0.985714,1.385714,1.940000,0.010049
2011-04-12 12:40:00,EB,23,0,0,-0.450000,-0.450000,-0.260000,-0.511111,-0.114286,-0.160000,-0.053513
2011-04-13 15:00:00,EB,22,0,0,-0.350000,-0.225000,-0.150000,-0.511111,-0.622222,-0.804286,-0.262941
2011-04-13 19:00:00,EB,22,0,1,,,,-0.050000,-0.250000,-0.457500,
2011-04-14 07:40:00,EB,21,0,1,0.100000,0.300000,0.025000,0.400000,0.100000,0.253333,
2011-04-15 17:15:00,EB,20,0,1,,0.400000,0.250000,-0.050000,-0.060000,-0.640000,
2011-05-02 11:00:00,P,3,0,0,0.400000,0.350000,0.200000,0.040000,0.216667,1.080625,0.000662
2011-05-02 17:15:00,EB,3,0,1,0.300000,-0.050000,-0.300000,0.500000,-0.050000,0.023333,
2011-05-03 19:30:00,EB,2,0,1,,,-0.100000,-0.075000,-0.500000,-0.633333,
2011-05-05 13:45:00,GC_ME,0,0,0,-2.500000,-6.383333,-7.062500,-9.471429,-12.388889,-13.250000,0.226710
2011-05-05 13:45:00,GC_PR,0,0,0,-0.980000,-0.780000,-1.571429,-1.533333,-1.412500,-0.250000,0.119357
2011-05-05 14:30:00,GC_PC,0,0,0,-1.585714,-5.925000,-6.475000,-9.022222,-12.162500,-13.035000,0.167618
2011-05-05 14:30:00,P,35,0,0,-1.650000,-6.255556,-6.337500,-8.500000,-11.500000,-11.896111,-0.209004
2011-05-10 10:30:00,EB,30,0,0,-1.557143,-1.575000,-0.900000,-0.985714,-0.400000,-0.144286,0.586860
2011-05-10 11:00:00,EB,30,0,0,-4.937500,-3.783333,-2.625000,-2.271429,-1.887500,-1.413750,0.278690
2011-05-11 11:45:00,EB,29,0,0,0.750000,0.500000,0.366667,0.400000,0.483333,-0.017500,0.069615
2011-05-11 12:30:00,EB,29,0,0,0.400000,0.100000,0.285714,0.150000,-0.314286,-0.870000,-0.079711
2011-05-12 09:15:00,EB,28,0,1,-2.128571,-0.460000,-1.185714,-0.800000,-0.920000,-0.075714,0.135018
2011-05-12 11:30:00,EB,28,0,0,-0.966667,-0.360000,-0.314286,-0.488889,-0.300000,-1.143889,-0.151884
2011-05-13 10:00:00,EB,27,0,0,-0.200000,-0.275000,-0.540000,-0.225000,-0.087500,-0.138571,0.103114
2011-05-13 10:00:00,P,27,0,0,-0.200000,-0.275000,-0.540000,-0.225000,-0.087500,-0.138571,0.103114
2011-05-13 11:00:00,EB,27,0,0,0.400000,0.287500,-0.125000,-0.385714,-0.866667,-0.910000,-0.464897
2011-05-13 18:30:00,EB,27,0,1,,0.100000,-0.100000,0.100000,0.550000,0.325000,
2011-05-18 09:00:00,EB,22,0,1,1.857143,1.540000,1.075000,0.650000,0.150000,-0.325000,
2011-05-18 09:00:00,EB,22,0,1,1.857143,1.540000,1.075000,0.650000,0.150000,-0.325000,
2011-05-18 11:30:00,EB,22,0,0,-0.100000,-0.100000,0.400000,0.550000,0.660000,0.505714,-0.167203
2011-05-19 17:30:00,EB,21,0,1,-0.100000,-0.400000,-0.050000,-0.233333,0.140000,-0.125000,
2011-05-23 10:50:00,EB,17,0,0,-0.383333,-0.400000,-0.400000,-0.137500,-0.112500,-0.643889,-0.226824
2011-05-23 15:00:00,EB,17,0,0,0.220000,0.440000,0.475000,0.243750,0.612500,0.665000,0.020371
2011-05-25 16:30:00,EB,15,0,0,0.166667,-0.500000,-0.500000,0.237500,0.577778,0.897500,0.891143
2011-05-26 11:20:00,P,14,0,0,-0.520000,0.183333,0.414286,0.300000,0.330000,0.242222,-0.089426
2011-05-26 14:00:00,EB,14,0,0,-0.166667,-0.220000,-0.150000,-0.337500,-0.911111,-1.758750,-0.158757
2011-05-26 15:00:00,EB,14,0,0,-0.033333,-0.220000,-0.614286,-0.788889,-1.577778,-2.152857,-0.023478
2011-06-01 15:00:00,P,8,0,0,0.100000,-0.040000,-0.033333,0.050000,-0.511111,-1.365000,0.060433
2011-06-02 11:15:00,P,7,0,0,0.100000,0.650000,0.050000,0.316667,0.790000,1.398750,0.316091
2011-06-03 16:15:00,EB,6,0,0,0.060000,0.100000,0.400000,0.785714,1.988889,4.500000,0.520394
2011-06-06 10:00:00,EB,3,0,0,-0.075000,0.325000,-0.100000,0.300000,0.100000,-0.053889,0.016919
2011-06-06 11:30:00,EB,3,0,0,0.400000,0.300000,0.083333,-0.020000,-0.410000,-0.804286,-0.210806
2011-06-06 18:00:00,P,3,0,1,,0.300000,0.250000,0.050000,0.100000,0.206667,
2011-06-09 13:45:00,GC_ME,0,0,0,-0.940000,-0.720000,-0.033333,-1.600000,-3.757143,-5.975000,0.206756
2011-06-09 13:45:00,GC_PR,0,0,0,-0.160000,-1.010000,-0.250000,-0.640000,-0.850000,-0.802857,-0.006904
2011-06-09 14:30:00,GC_PC,0,0,0,-0.500000,0.240000,0.400000,-1.414286,-3.271429,-5.377500,0.260674
2011-06-10 08:50:00,P,27,0,1,-0.750000,-0.550000,-0.214286,-0.657143,-0.742857,-0.646000,
2011-06-10 09:30:00,EB,27,0,0,-0.733333,-0.850000,-1.144444,-0.700000,-0.637500,-0.700000,-0.068695
2011-06-10 13:00:00,EB,27,0,0,0.450000,0.475000,0.340000,0.500000,0.950000,1.457500,0.165063
2011-06-10 15:15:00,EB,27,0,0,-0.350000,-0.383333,-0.260000,-0.444444,-1.277778,-2.847143,-0.823359
2011-06-13 15:00:00,P,24,0,0,0.475000,0.475000,0.350000,0.160000,0.171429,0.218571,0.155770
2011-06-15 14:00:00,EB,22,0,0,-0.100000,-0.300000,-0.050000,-0.022222,-0.411111,-0.820000,-0.783871
2011-06-15 15:00:00,EB,22,0,0,-0.566667,-0.380000,-0.550000,-0.450000,-1.009091,-1.918333,-0.176706
2011-06-16 12:00:00,EB,21,0,0,0.600000,0.660000,0.316667,-0.385714,-0.485714,0.539000,0.158354
2011-06-16 19:00:00,EB,21,0,1,,,,0.033333,-0.520000,-1.072500,
2011-06-17 02:00:00,P,20,0,1,,,,,-0.300000,4.470000,
2011-06-17 13:00:00,EB,20,0,0,-0.200000,-0.125000,-0.350000,-0.411111,-0.172727,-0.125714,0.422562
2011-06-19 11:00:00,P,18,1,0,,,,,,,
2011-06-20 18:00:00,EB,17,0,1,,,,0.500000,0.300000,0.230000,
2011-06-24 12:00:00,EB,13,0,0,1.125000,0.100000,0.700000,0.275000,-0.600000,-1.037143,-0.972189
2011-06-27 09:00:00,EB,10,0,1,-0.262500,-0.740000,-1.240000,-1.100000,-1.600000,-0.449000,
2011-06-27 12:30:00,EB,10,0,0,0.075000,0.440000,0.433333,-0.214286,-0.100000,-0.505000,-0.084488
2011-06-28 20:45:00,P,9,0,1,,,,-0.100000,-0.000000,0.350000,
2011-06-30 09:00:00,P,7,0,1,1.711111,1.040000,1.660000,0.485714,0.500000,1.321250,
2011-07-07 13:45:00,GC_ME,0,0,0,0.850000,0.666667,0.483333,0.762500,1.466667,3.132857,0.647554
2011-07-07 13:45:00,GC_PR,0,0,0,0.620000,0.560000,0.300000,-0.325000,-0.555556,-1.034286,0.018632
2011-07-07 14:30:00,GC_PC,0,0,0,0.666667,0.500000,0.471429,1.125000,1.977778,3.821429,0.174599
2011-07-08 19:30:00,EB,27,0,1,,,-0.200000,-0.350000,-0.725000,-0.753333,
2011-07-10 12:00:00,P,25,1,0,,,,,,,
2011-07-11 17:00:00,EB,24,0,0,-0.733333,-0.133333,-0.820000,-1.150000,-1.900000,-2.536000,0.282806
2011-07-22 17:00:00,P,13,0,0,-0.400000,-0.100000,0.250000,-0.250000,0.150000,-0.006667,0.164376
2011-07-27 21:00:00,EB,8,0,1,,0.000000,0.000000,0.100000,-0.250000,-0.290000,
2011-08-04 13:45:00,GC_ME,0,0,0,-7.980000,-9.375000,-11.100000,-14.142857,-18.200000,-18.241250,-1.189498
2011-08-04 13:45:00,GC_PR,0,0,0,-0.466667,-0.475000,-0.900000,-1.420000,-2.360000,-0.626667,-0.066506
2011-08-04 14:30:00,GC_PC,0,0,0,-7.566667,-9.166667,-11.066667,-14.028571,-18.085714,-18.718750,-0.666967
2011-08-27 18:25:00,P,12,1,1,,,,,,,
2011-08-29 15:00:00,P,10,0,0,0.250000,0.100000,0.200000,2.412500,5.128571,6.326000,0.572332
2011-08-31 14:00:00,EB,8,0,0,-0.175000,0.133333,0.214286,-0.250000,-0.533333,-1.117000,0.131527
2011-09-01 09:30:00,EB,7,0,0,-0.150000,-0.100000,-0.533333,-1.225000,-2.085714,-3.408000,-0.817473
2011-09-05 10:00:00,P,3,0,0,-0.687500,-0.916667,-1.666667,-0.885714,-0.512500,-0.162857,-0.058199
2011-09-08 13:45:00,GC_ME,0,0,0,3.750000,2.516667,1.412500,-1.088889,-3.188889,-4.125000,-0.344969
2011-09-08 13:45:00,GC_PR,0,0,0,2.607143,1.142857,0.725000,-0.322222,-1.862500,-2.315000,-0.550198
2011-09-08 14:30:00,GC_PC,0,0,0,1.571429,0.985714,0.587500,-0.777778,-2.244444,-2.813750,0.297993
2011-09-12 13:00:00,P,24,0,0,-0.028571,0.266667,0.175000,0.375000,0.462500,1.143333,-0.062402
2011-09-15 09:00:00,EB,21,0,1,1.493750,1.933333,1.928571,1.900000,1.175000,0.800000,
2011-09-15 09:30:00,EB,21,0,0,0.940000,1.660000,2.050000,1.406250,0.550000,0.223333,0.993232
2011-09-15 18:30:00,EB,21,0,1,0.000000,0.700000,0.000000,-1.160000,-1.400000,-1.632143,
2011-09-15 20:00:00,P,21,0,1,0.200000,0.100000,0.200000,0.100000,-0.120000,-0.280000,
2011-09-16 10:00:00,EB,20,0,0,0.035714,0.112500,0.416667,0.037500,0.055556,-0.195000,-0.629844
2011-09-19 15:00:00,EB,17,0,0,-0.666667,-0.825000,-0.725000,-0.380000,-0.100000,-0.366667,-0.591020
2011-09-23 22:30:00,P,13,0,1,,,,,,,
2011-09-24 17:40:00,EB,12,1,1,,,,,,,
2011-09-25 01:00:00,P,11,1,1,,,,,,,
2011-09-26 15:30:00,EB,10,0,0,1.800000,0.366667,0.444444,0.200000,-0.228571,-0.472222,-1.721299
2011-10-03 16:00:00,EB,3,0,0,1.166667,0.933333,1.180000,1.262500,1.114286,0.944000,-0.075562
2011-10-04 15:00:00,P,2,0,0,0.780000,0.900000,0.816667,0.714286,0.075000,0.056250,-0.458315
2011-10-04 17:45:00,EB,2,0,1,0.400000,0.000000,0.900000,-0.020000,-0.460000,-0.329000,
2011-10-05 09:00:00,EB,1,0,1,-0.657143,0.030000,0.416667,0.900000,0.766667,-0.693333,
2011-10-05 12:40:00,EB,1,0,0,-0.300000,0.200000,0.025000,-0.242857,0.166667,1.021111,0.417857
2011-10-06 13:45:00,GC_ME,0,0,0,13.600000,11.900000,10.916667,10.837500,11.075000,12.123333,-0.870683
2011-10-06 13:45:00,GC_PR,0,0,0,13.185714,10.000000,8.857143,8.185714,6.685714,4.831667,-0.770894
2011-10-06 14:30:00,GC_PC,0,0,0,0.200000,1.920000,2.066667,3.175000,5.485714,7.620000,-0.455895
2011-10-10 10:00:00,EB,24,0,0,0.266667,0.600000,0.712500,1.285714,2.150000,2.402500,0.258886
2011-10-11 09:30:00,P,23,0,0,0.050000,-0.100000,0.057143,-0.087500,-0.575000,-0.908333,-0.380523
2011-10-12 10:30:00,EB,22,0,0,-1.985714,-1.128571,-0.825000,-0.085714,1.428571,3.640000,0.699799
2011-10-12 20:30:00,P,22,0,1,,-0.200000,-0.300000,-0.233333,-1.000000,-0.980000,
2011-10-13 09:00:00,EB,21,0,1,-1.342857,-0.575000,-0.414286,0.100000,0.340000,1.100000,
2011-10-17 16:35:00,EB,17,0,0,0.000000,-0.075000,0.000000,-0.550000,-1.062500,-0.225000,-0.402657
2011-10-19 17:30:00,P,15,0,1,-0.100000,-0.100000,-0.100000,-0.400000,0.150000,0.900000,
2011-10-21 09:40:00,P,13,0,0,-0.050000,-0.080000,-0.200000,-0.220000,-0.716667,-0.200000,0.002618
2011-10-21 10:00:00,EB,13,0,0,0.033333,0.140000,-0.025000,0.025000,0.000000,0.050000,-0.263263
2011-10-21 13:30:00,EB,13,0,0,0.300000,0.140000,0.166667,0.325000,0.562500,0.866667,0.893230
2011-10-21 15:45:00,EB,13,0,0,0.200000,0.416667,0.350000,0.466667,0.014286,-0.550000,0.596715
2011-10-24 11:00:00,EB,10,0,0,0.066667,0.200000,-0.166667,0.350000,0.550000,0.480000,0.252847
2011-10-26 16:00:00,EB,8,0,0,0.150000,0.160000,0.425000,-0.200000,-1.075000,-2.700000,-1.246581
2011-10-27 11:00:00,EB,7,0,0,0.300000,0.725000,0.100000,0.275000,0.133333,0.200000,0.450756
2011-11-02 20:30:00,P,1,0,1,,,,,,,
2011-11-03 13:45:00,GC_ME,0,0,0,-13.766667,-12.225000,-10.971429,-8.575000,-7.410000,-6.566667,0.168044
2011-11-03 13:45:00,GC_PR,0,0,0,-14.128571,-12.057143,-10.425000,-9.800000,-9.580000,-8.950000,0.523324
2011-11-03 14:30:00,GC_PC,0,0,0,0.940000,-1.540000,-1.650000,0.870000,2.525000,1.183333,-0.265837
2011-11-04 11:00:00,EB,34,0,0,0.133333,0.316667,0.242857,-0.142857,-0.214286,-0.325000,-0.134112
2011-11-04 12:00:00,EB,34,0,0,0.125000,0.000000,0.233333,-0.500000,-0.500000,0.166667,-0.454137
2011-11-07 18:45:00,EB,31,0,1,,0.100000,-0.300000,0.100000,0.100000,0.766667,
2011-11-08 09:50:00,EB,30,0,0,-0.066667,0.220000,0.128571,0.166667,0.537500,0.375000,0.760579
2011-11-08 20:00:00,EB,30,0,1,,0.400000,0.700000,0.700000,2.266667,3.300000,
2011-11-09 20:00:00,EB,29,0,1,,-0.100000,-0.100000,-0.233333,-0.400000,-0.000000,
2011-11-10 13:15:00,EB,28,0,0,0.100000,0.240000,0.712500,0.630000,0.550000,-0.700000,0.107675
2011-11-10 19:00:00,EB,28,0,1,,0.200000,0.300000,0.800000,0.233333,0.300000,
2011-11-10 19:00:00,EB,28,0,1,,0.200000,0.300000,0.800000,0.233333,0.300000,
2011-11-11 12:30:00,EB,27,0,0,-1.500000,-0.120000,-0.200000,-0.716667,-0.128571,0.200000,0.233334
2011-11-14 16:30:00,EB,24,0,0,0.200000,-0.300000,-0.850000,-1.255556,-0.940000,-0.433333,0.297038
2011-11-14 19:00:00,EB,24,0,1,0.300000,1.200000,0.200000,0.733333,0.666667,0.650000,
2011-11-15 14:00:00,EB,23,0,0,-0.066667,-0.033333,0.040000,0.187500,0.200000,0.100000,0.786721
2011-11-18 09:00:00,P,20,0,1,-0.483333,-0.400000,-0.742857,-2.950000,-3.683333,-5.525000,
2011-11-18 10:15:00,EB,20,0,0,-0.200000,-0.025000,0.457143,0.944444,2.037500,2.750000,0.696928
2011-11-18 10:30:00,EB,20,0,0,-0.380000,-0.033333,0.414286,1.330000,1.225000,1.340000,0.444132
2011-11-21 13:45:00,EB,17,0,0,0.050000,0.025000,-0.050000,0.050000,0.211111,0.650000,-0.001834
2011-11-23 11:00:00,EB,15,0,0,-0.060000,0.200000,-0.080000,0.722222,0.880000,1.420000,-0.661248
2011-11-24 06:30:00,EB,14,0,1,0.600000,0.400000,-1.200000,0.400000,1.300000,1.400000,
2011-11-24 09:00:00,P,14,0,1,0.941667,0.640000,0.516667,0.462500,0.633333,0.875000,
2011-11-24 13:40:00,EB,14,0,0,-0.000000,0.200000,1.000000,0.955556,0.085714,1.166667,0.119908
2011-11-24 19:30:00,EB,14,0,1,,,,,,,
2011-11-25 17:00:00,EB,13,0,0,-0.150000,-0.125000,-0.100000,-0.450000,-1.042857,-0.380000,-0.184855
2011-11-30 01:30:00,EB,8,0,1,0.100000,0.400000,0.200000,-2.900000,-2.000000,-3.800000,
2011-12-01 09:00:00,P,7,0,1,0.675000,-0.033333,0.000000,-0.428571,-0.012500,-1.275000,
2011-12-02 18:30:00,EB,6,0,1,0.000000,0.100000,0.100000,0.100000,0.100000,-0.333333,
2011-12-08 13:45:00,GC_ME,0,0,0,2.233333,0.016667,-1.057143,-1.575000,-1.042857,0.000000,-1.135366
2011-12-08 13:45:00,GC_PR,0,0,0,2.162500,0.975000,0.925000,1.211111,0.987500,2.025000,-0.351900
2011-12-08 14:30:00,GC_PC,0,0,0,0.783333,-1.040000,-1.812500,-3.000000,-2.811111,-1.625000,-0.862526
2011-12-08 16:30:00,EB,35,0,0,-0.040000,-0.050000,-0.016667,0.477778,0.612500,-1.625000,-0.408643
2011-12-09 16:15:00,EB,34,0,0,0.160000,0.150000,0.180000,0.625000,0.400000,-0.433333,-0.103857
2011-12-15 12:25:00,P,28,0,0,-0.133333,0.100000,-0.200000,0.137500,-0.187500,-0.880000,-0.161972
2011-12-19 16:30:00,EB,24,0,0,0.100000,0.200000,-0.100000,0.000000,0.262500,1.200000,-0.903301
2012-01-06 15:00:00,EB,6,0,0,-0.200000,-0.200000,-0.360000,-0.400000,-0.442857,-0.575000,-1.447566
2012-01-12 13:45:00,GC_ME,0,0,0,-0.200000,0.033333,-0.164286,-0.242857,-0.455556,-1.475000,-0.852262
2012-01-12 13:45:00,GC_PR,0,0,0,0.200000,0.033333,0.135714,0.557143,0.277778,-0.016667,-0.290811
2012-01-12 14:30:00,GC_PC,0,0,0,-0.266667,-0.025000,-0.375000,-0.412500,-0.640000,-1.333333,-0.590741
2012-01-16 19:00:00,P,24,0,1,-0.200000,0.000000,-0.200000,-0.900000,-0.300000,-0.700000,
2012-01-24 15:05:00,EB,16,0,0,0.050000,0.150000,0.066667,0.137500,0.190000,0.671429,0.083742
2012-01-27 12:00:00,EB,13,0,0,0.100000,-0.100000,-0.050000,-0.175000,-0.680000,-0.600000,-0.052828
2012-01-27 14:15:00,P,13,0,0,0.000000,0.100000,-0.266667,-0.020000,-0.185714,-0.520000,-0.775974
2012-02-09 13:45:00,GC_ME,0,0,0,-0.100000,0.240000,0.280000,-0.083333,0.444444,0.920000,0.465740
2012-02-09 13:45:00,GC_PR,0,0,0,0.150000,0.200000,0.000000,0.133333,0.157143,-0.260000,0.280079
2012-02-09 14:30:00,GC_PC,0,0,0,-0.033333,0.060000,0.320000,-0.122222,0.255556,0.320000,-0.246974
2012-02-20 18:30:00,EB,17,0,1,,,,,,,
2012-02-22 11:00:00,EB,15,0,0,0.200000,0.100000,0.200000,0.214286,0.385714,0.716667,0.028518
2012-02-27 14:45:00,EB,10,0,0,0.033333,-0.150000,0.060000,0.000000,-0.662500,-1.020000,-0.249589
2012-02-28 09:00:00,EB,9,0,1,-0.150000,0.233333,0.340000,0.600000,0.714286,1.600000,
2012-03-05 10:30:00,EB,3,0,0,-0.120000,-0.166667,-0.300000,-0.400000,-0.185714,0.412500,0.228247
2012-03-08 13:45:00,GC_ME,0,0,0,0.166667,0.100000,-0.233333,-0.250000,-0.311111,0.250000,-0.236541
2012-03-08 13:45:00,GC_PR,0,0,0,0.633333,0.050000,-0.340000,-0.366667,-0.088889,0.200000,0.036360
2012-03-08 14:30:00,GC_PC,0,0,0,0.000000,0.125000,-0.225000,-0.157143,-0.277778,0.000000,-0.222188
2012-03-13 12:30:00,P,22,0,0,0.100000,-0.100000,0.000000,0.316667,0.157143,0.200000,-0.040901
2012-03-14 13:00:00,EB,21,0,0,0.200000,-0.166667,0.100000,-0.325000,-0.500000,-0.957143,-0.179417
2012-03-15 14:45:00,EB,20,0,0,0.000000,0.100000,-0.100000,0.000000,0.250000,0.000000,0.058184
2012-03-22 20:30:00,EB,13,0,1,,,,0.000000,0.100000,0.900000,
2012-03-23 18:30:00,EB,12,0,1,0.000000,,-0.300000,-0.200000,-0.780000,-0.700000,
2012-03-26 06:40:00,EB,9,0,1,,,,,,0.500000,
2012-03-26 18:00:00,P,9,0,1,,0.000000,-0.100000,-0.200000,-0.300000,0.025000,
2012-03-27 17:00:00,EB,8,0,0,,,0.100000,0.100000,-0.237500,-0.625000,-0.224427
2012-03-28 17:30:00,EB,7,0,1,,0.200000,-0.100000,-0.100000,0.083333,-0.050000,-0.259271
2012-04-04 13:45:00,GC_ME,0,0,0,0.150000,0.000000,0.100000,0.370000,0.710000,0.371429,-0.201563
2012-04-04 13:45:00,GC_PR,0,0,0,-0.025000,0.075000,0.175000,0.388889,0.544444,0.800000,0.129429
2012-04-04 14:30:00,GC_PC,0,0,0,0.125000,0.100000,-0.080000,-0.012500,0.312500,-0.333333,-0.358457
2012-04-11 08:30:00,EB,22,0,1,-0.100000,-0.266667,-0.500000,-0.800000,-0.680000,0.433333,
2012-04-12 13:00:00,EB,21,0,0,-0.100000,-0.100000,-0.025000,-0.314286,-0.275000,-0.085714,0.272670
2012-04-12 15:00:00,EB,21,0,0,0.200000,-0.050000,0.033333,-0.114286,-0.387500,-0.500000,0.558534
2012-04-12 20:00:00,EB,21,0,1,,,-0.100000,-0.100000,-0.200000,-0.100000,
2012-04-13 08:55:00,EB,20,0,1,0.200000,-0.550000,-0.725000,-0.283333,-0.150000,-0.066667,
2012-04-17 14:30:00,P,16,0,0,,-0.100000,0.100000,0.166667,0.033333,0.200000,0.361190
2012-04-17 20:00:00,EB,16,0,1,0.100000,,0.100000,0.100000,0.100000,-0.100000,
2012-04-18 13:00:00,EB,15,0,0,-0.100000,-0.100000,0.100000,-0.066667,-0.014286,-0.380000,-0.294692
2012-04-19 17:30:00,EB,14,0,1,,0.500000,0.100000,-0.100000,-0.033333,-0.433333,
2012-04-19 20:30:00,EB,14,0,1,,,,,0.000000,-0.200000,
2012-04-20 16:00:00,EB,13,0,0,-0.100000,0.500000,0.000000,0.050000,0.271429,0.716667,0.431675
2012-04-20 18:45:00,EB,13,0,1,0.000000,-0.100000,-0.300000,-0.100000,-0.100000,0.100000,
2012-04-24 12:45:00,EB,9,0,0,0.100000,0.000000,0.100000,0.133333,0.633333,1.100000,0.197223
2012-04-25 09:00:00,P,8,0,1,0.150000,0.000000,0.125000,-0.133333,-0.342857,-0.460000,
2012-04-25 11:15:00,EB,8,0,0,0.000000,-0.116667,-0.125000,-0.200000,-0.200000,-0.475000,-0.326047
2012-04-26 09:30:00,P,7,0,0,0.000000,-0.100000,-0.100000,-0.016667,-0.114286,-0.240000,0.286274
2012-04-27 12:50:00,EB,6,0,0,0.200000,0.050000,0.000000,-0.087500,-0.212500,-0.385714,0.193743
2012-05-03 13:45:00,GC_ME,0,0,0,0.950000,1.350000,0.860000,1.400000,1.462500,1.957143,-1.051739
2012-05-03 13:45:00,GC_PR,0,0,0,0.500000,0.575000,0.150000,0.260000,0.100000,0.120000,-0.174286
2012-05-03 14:30:00,GC_PC,0,0,0,0.300000,0.666667,0.640000,1.200000,1.325000,1.957143,-0.768192
2012-05-08 13:30:00,EB,29,0,0,0.100000,-0.100000,-0.200000,-0.022222,0.414286,0.780000,0.867044
2012-05-08 15:00:00,P,29,0,0,0.000000,0.100000,0.100000,0.420000,0.560000,1.133333,-0.056137
2012-05-08 15:30:00,EB,29,0,0,-0.450000,-0.100000,-0.200000,0.100000,0.437500,0.633333,-0.644891
2012-05-09 09:30:00,EB,28,0,0,0.150000,0.120000,0.033333,-0.400000,-1.012500,-0.840000,0.104367
2012-05-10 10:00:00,EB,27,0,0,0.150000,0.000000,0.240000,-0.025000,0.000000,-0.120000,-0.015662
2012-05-16 16:00:00,P,21,0,0,0.000000,0.000000,0.150000,0.200000,0.187500,0.780000,0.526853
2012-05-18 11:00:00,EB,19,0,0,0.100000,0.100000,-0.050000,0.320000,0.466667,0.150000,0.159339
2012-05-21 09:00:00,EB,16,0,1,-0.100000,-0.100000,-0.125000,-0.066667,0.180000,0.300000,
2012-05-24 18:20:00,EB,13,0,1,-0.300000,-0.100000,0.100000,-0.425000,-0.425000,0.000000,
2012-05-24 18:30:00,P,13,0,1,-0.300000,0.000000,0.033333,-0.150000,-0.250000,0.400000,
2012-05-25 09:00:00,EB,12,0,1,0.187500,0.000000,-0.033333,-0.233333,-0.571429,-0.450000,
2012-05-31 09:00:00,P,6,0,1,-0.100000,0.050000,-0.366667,0.033333,0.183333,0.625000,
2012-06-05 12:30:00,EB,1,0,0,0.100000,-0.100000,-0.300000,0.000000,0.250000,0.100000,-0.176703
2012-06-06 13:45:00,GC_ME,0,0,0,1.166667,1.666667,1.100000,2.150000,3.157143,4.100000,-0.618606
2012-06-06 13:45:00,GC_PR,0,0,0,1.441667,1.533333,0.850000,0.825000,0.871429,0.600000,-0.481763
2012-06-06 14:30:00,GC_PC,0,0,0,0.175000,0.500000,0.500000,1.155556,2.162500,3.316667,0.012734
2012-06-08 15:30:00,EB,27,0,0,0.100000,0.100000,0.150000,0.100000,0.388889,0.433333,0.055661
2012-06-12 12:15:00,EB,23,0,0,0.400000,0.100000,0.075000,0.000000,0.000000,-0.040000,-0.064567
2012-06-12 14:15:00,EB,23,0,0,0.100000,0.100000,0.166667,0.050000,0.060000,0.600000,0.186990
2012-06-15 08:50:00,P,20,0,1,-0.640000,-0.660000,-0.814286,-0.550000,-0.700000,-1.200000,
2012-06-15 11:00:00,EB,20,0,0,0.100000,-0.050000,-0.100000,-0.350000,-0.080000,0.057143,0.256214
2012-06-16 10:00:00,EB,19,1,0,,,,,,,
2012-06-18 14:00:00,EB,17,0,0,-0.100000,-0.100000,-0.100000,-0.300000,-0.283333,0.160000,-0.827645
2012-06-20 12:00:00,P,15,0,0,0.100000,-0.100000,0.100000,0.050000,0.085714,0.160000,-0.121054
2012-06-28 13:00:00,EB,7,0,0,0.350000,0.283333,0.337500,-0.066667,-0.425000,-0.757143,0.518028
2012-06-28 18:30:00,EB,7,0,1,0.000000,-0.100000,-0.100000,-0.300000,-0.100000,0.000000,
2012-07-02 09:25:00,EB,3,0,0,0.166667,-0.150000,0.000000,-0.016667,0.100000,0.383333,0.746410
2012-07-05 13:45:00,GC_ME,0,0,0,-9.571429,-8.937500,-8.757143,-7.937500,-7.328571,-6.750000,-1.547151
2012-07-05 13:45:00,GC_PR,0,0,0,-10.137500,-9.214286,-8.800000,-7.650000,-6.028571,-5.283333,-0.345966
2012-07-05 14:30:00,GC_PC,0,0,0,0.522222,-0.711111,0.400000,-2.362500,-1.225000,-1.657143,-1.300087
2012-07-06 09:45:00,EB,27,0,0,-0.450000,-0.400000,-0.400000,-0.483333,0.014286,0.183333,0.170566
2012-07-09 14:30:00,P,24,0,0,0.100000,0.100000,0.033333,0.142857,0.416667,0.662500,-0.033593
2012-07-12 14:00:00,P,21,0,0,,-0.000000,0.050000,0.020000,-0.171429,-0.257143,-0.065942
2012-07-17 17:30:00,EB,16,0,1,0.100000,,0.100000,0.320000,0.600000,0.600000,
2012-07-19 16:00:00,EB,14,0,0,0.300000,0.600000,1.300000,0.000000,-0.100000,-0.300000,-0.320949
2012-07-20 16:00:00,EB,13,0,0,,-0.125000,-0.675000,-1.285714,-1.637500,-1.733333,-0.416756
2012-07-20 23:30:00,EB,13,0,1,,,,,,,
2012-07-23 11:15:00,P,10,0,0,0.150000,-0.200000,0.033333,-0.060000,-0.066667,-0.366667,-0.477042
2012-07-26 12:10:00,P,7,0,0,,0.100000,-0.033333,0.225000,0.362500,0.900000,2.044585
2012-08-02 13:45:00,GC_ME,0,0,0,2.550000,1.950000,2.128571,2.111111,2.425000,1.512500,-2.731543
2012-08-02 13:45:00,GC_PR,0,0,0,1.950000,1.492857,1.185714,0.955556,1.000000,1.750000,0.053568
2012-08-02 14:30:00,GC_PC,0,0,0,0.933333,0.500000,1.175000,1.230000,1.266667,0.487500,-2.958866
2012-08-27 18:00:00,EB,10,0,1,,,0.000000,-0.100000,-0.233333,-0.150000,
2012-08-30 20:00:00,EB,7,0,1,-0.100000,,-0.100000,0.000000,-0.150000,-0.000000,
2012-08-31 11:15:00,EB,6,0,0,0.550000,0.533333,0.360000,0.100000,-0.385714,-0.260000,0.015295
2012-09-04 15:00:00,EB,2,0,0,-0.200000,0.000000,0.000000,-0.150000,-0.157143,0.157143,-0.390714
2012-09-06 13:45:00,GC_ME,0,0,0,0.700000,0.375000,0.366667,0.333333,0.133333,0.380000,1.161666
2012-09-06 13:45:00,GC_PR,0,0,0,0.500000,0.612500,0.500000,0.433333,0.416667,0.716667,0.164681
2012-09-06 14:30:00,GC_PC,0,0,0,0.300000,-0.158333,-0.150000,0.033333,-0.412500,-0.483333,0.862114
2012-09-06 19:00:00,P,28,0,1,,-0.100000,0.200000,0.000000,0.300000,0.833333,
2012-09-07 14:10:00,EB,27,0,0,,-0.100000,-0.033333,-0.377778,-0.940000,-2.300000,-0.224841
2012-09-11 18:00:00,EB,23,0,1,,,,-0.100000,-0.100000,0.000000,
2012-09-20 10:45:00,EB,14,0,0,-0.100000,0.000000,-0.100000,-0.150000,-0.483333,-0.450000,-0.508932
2012-09-20 18:30:00,EB,14,0,1,,,0.000000,0.100000,0.100000,0.200000,
2012-09-23 09:00:00,EB,11,1,1,,,,,,,
2012-09-25 16:30:00,P,9,0,0,0.000000,0.000000,-0.100000,-0.185714,-0.150000,1.050000,0.111817
2012-09-28 13:30:00,EB,6,0,0,,0.000000,0.100000,0.200000,0.175000,0.416667,-0.192899
2012-10-01 18:30:00,EB,3,0,1,,,,,0.000000,-0.133333,
2012-10-04 13:45:00,GC_ME,0,0,0,-0.100000,0.100000,0.275000,0.375000,-0.114286,0.275000,-0.097146
2012-10-04 13:45:00,GC_PR,0,0,0,0.300000,0.066667,0.033333,-0.080000,-0.112500,0.414286,0.151741
2012-10-04 14:30:00,GC_PC,0,0,0,0.000000,0.200000,0.225000,0.414286,0.083333,0.080000,-0.257705
2012-10-08 19:00:00,EB,31,0,1,,,,0.166667,0.150000,0.000000,
2012-10-09 09:30:00,P,30,0,0,0.000000,-0.100000,0.033333,-0.100000,-0.180000,-0.500000,-0.547759
2012-10-10 09:00:00,EB,29,0,1,0.033333,0.000000,0.200000,0.220000,0.616667,0.750000,
2012-10-13 07:15:00,EB,26,1,1,,,,,,,
2012-10-13 18:00:00,P,26,1,1,,,,,,,
2012-10-17 16:30:00,EB,22,0,0,0.100000,0.166667,0.200000,0.357143,0.285714,-0.233333,0.088188
2012-10-22 10:30:00,EB,17,0,0,,0.000000,0.100000,0.000000,0.125000,1.183333,0.546801
2012-10-22 15:00:00,EB,17,0,0,-0.100000,0.000000,0.100000,-0.175000,-0.280000,-0.428571,-0.226267
2012-10-24 14:00:00,P,15,0,0,,0.000000,0.000000,-0.100000,-0.333333,-0.700000,-0.086409
2012-10-26 10:00:00,EB,13,0,0,,-0.100000,-0.100000,0.120000,-0.057143,-0.414286,0.046987
2012-10-26 10:00:00,EB,13,0,0,,-0.100000,-0.100000,0.120000,-0.057143,-0.414286,0.046987
2012-10-26 14:30:00,EB,13,0,0,0.000000,-0.100000,-0.100000,0.050000,-0.033333,0.000000,0.467474
2012-10-30 09:00:00,P,9,0,1,-0.100000,0.500000,0.800000,-0.020000,0.200000,0.333333,
2012-10-30 13:00:00,EB,9,0,0,0.100000,0.200000,0.000000,0.060000,0.100000,0.166667,0.042263
2012-10-31 01:30:00,EB,8,0,1,,,,,,,
2012-10-31 06:00:00,EB,8,0,1,,,,,,,
2012-10-31 14:15:00,EB,8,0,0,0.000000,-0.100000,-0.100000,0.033333,-0.100000,-0.300000,-0.202963
2012-11-07 13:10:00,P,1,0,0,-0.200000,-0.500000,-0.450000,-0.500000,-0.485714,-1.366667,-0.891205
2012-11-08 13:45:00,GC_ME,0,0,0,0.600000,0.660000,0.725000,1.014286,1.011111,1.150000,-0.037624
2012-11-08 13:45:00,GC_PR,0,0,0,0.600000,0.266667,0.175000,0.100000,0.225000,0.200000,0.005203
2012-11-08 14:30:00,GC_PC,0,0,0,0.100000,0.512500,0.633333,0.900000,0.944444,0.900000,0.028838
2012-11-09 14:30:00,EB,27,0,0,0.000000,0.000000,-0.300000,0.080000,0.033333,0.000000,0.415760
2012-11-14 16:45:00,EB,22,0,0,,0.100000,0.100000,-0.300000,-0.050000,0.033333,-0.030673
2012-11-15 11:00:00,EB,21,0,0,-0.100000,0.100000,0.200000,0.200000,0.020000,0.083333,-0.038523
2012-11-15 13:00:00,P,21,0,0,0.000000,0.000000,-0.200000,-0.120000,0.133333,-0.200000,-0.308667
2012-11-15 15:00:00,EB,21,0,0,0.000000,0.000000,0.000000,-0.066667,-0.040000,-0.200000,0.493000
2012-11-19 09:30:00,EB,17,0,0,0.000000,0.100000,0.000000,0.060000,0.000000,0.000000,0.066107
2012-11-19 10:00:00,EB,17,0,0,,0.100000,0.100000,0.200000,0.066667,0.200000,-0.167311
2012-11-20 11:30:00,EB,16,0,0,0.000000,0.100000,0.100000,0.050000,0.160000,0.360000,0.207768
2012-11-21 09:00:00,EB,15,0,1,-0.650000,-0.400000,-0.400000,-0.160000,-0.200000,-0.060000,
2012-11-23 10:15:00,P,13,0,0,0.100000,0.000000,-0.100000,-0.050000,0.050000,0.380000,0.341215
2012-11-26 09:45:00,EB,10,0,0,0.075000,0.350000,0.100000,-0.100000,-0.235714,-0.300000,-0.253507
2012-11-26 19:30:00,EB,10,0,1,,,,0.000000,-0.100000,0.100000,
2012-11-28 06:40:00,EB,8,0,1,,0.000000,0.000000,0.000000,,-0.100000,
2012-11-29 17:00:00,EB,7,0,0,0.600000,0.000000,0.000000,-0.100000,-0.100000,-0.150000,0.248126
2012-11-29 18:00:00,EB,7,0,1,0.000000,-0.200000,-0.166667,-0.100000,0.033333,-0.100000,
2012-11-30 09:15:00,P,6,0,1,-0.150000,0.100000,0.050000,-0.100000,-0.214286,-0.216667,0.110702
2012-11-30 12:00:00,EB,6,0,0,-0.000000,-0.033333,-0.050000,0.000000,-0.042857,-0.083333,0.181779
2012-12-01 11:30:00,EB,5,1,0,,,,,,,
2012-12-03 13:00:00,EB,3,0,0,0.033333,0.066667,0.040000,-0.062500,0.143750,0.500000,0.208901
2012-12-03 16:30:00,EB,3,0,0,0.000000,-0.100000,-0.050000,-0.033333,0.150000,0.212500,-0.417279
2012-12-05 19:30:00,EB,1,0,1,,,0.200000,0.300000,0.100000,0.100000,
2012-12-06 13:45:00,GC_ME,0,0,0,-0.050000,-0.100000,-0.700000,-0.957143,-1.957143,-2.877778,-0.017690
2012-12-06 13:45:00,GC_PR,0,0,0,0.200000,0.225000,0.200000,0.214286,0.493750,0.418750,-0.051148
2012-12-06 14:30:00,GC_PC,0,0,0,-0.100000,-0.260000,-0.880000,-1.277778,-2.400000,-3.225000,0.078913
2012-12-06 15:00:00,EB,35,0,0,0.100000,-0.300000,-0.960000,-1.288889,-2.516667,-3.081250,0.252962
2012-12-07 11:00:00,P,34,0,0,-0.100000,0.000000,0.200000,-0.140000,-0.180000,0.100000,-0.242880
2012-12-13 14:00:00,EB,28,0,0,0.000000,0.050000,-0.100000,0.050000,0.060000,0.185714,0.046507
2012-12-13 20:00:00,EB,28,0,1,0.000000,0.000000,0.000000,0.000000,0.100000,0.100000,
2012-12-14 13:00:00,EB,27,0,0,0.000000,0.100000,0.000000,-0.100000,-0.175000,-0.285714,-0.127698
2012-12-17 15:30:00,P,24,0,0,0.000000,0.100000,0.800000,0.140000,0.260000,0.300000,0.172074
2012-12-17 17:00:00,EB,24,0,0,0.100000,-0.150000,-0.100000,-0.066667,0.300000,0.475000,0.132977
2012-12-19 12:00:00,EB,22,0,0,0.000000,0.000000,0.000000,-0.042857,0.100000,0.012500,-0.064340
2013-01-10 13:45:00,GC_ME,0,0,0,0.433333,0.450000,1.100000,1.400000,2.562500,3.442857,0.332840
2013-01-10 13:45:00,GC_PR,0,0,0,0.250000,0.200000,0.433333,0.360000,0.585714,1.300000,0.179335
2013-01-10 14:30:00,GC_PC,0,0,0,0.375000,0.437500,1.083333,1.283333,2.112500,2.822222,0.127413
2013-01-10 16:30:00,P,28,0,0,0.100000,0.200000,0.000000,0.725000,0.250000,0.075000,-0.652858
2013-01-10 18:00:00,EB,28,0,1,-0.100000,0.000000,0.033333,0.150000,0.166667,0.466667,
2013-01-14 20:30:00,EB,24,0,1,,,-0.100000,-0.100000,-0.100000,0.100000,0.000000
2013-01-16 11:40:00,EB,22,0,0,-0.300000,0.150000,0.000000,0.250000,0.250000,0.242857,0.182280
2013-01-16 18:00:00,EB,22,0,1,,,0.000000,-0.100000,0.100000,-0.100000,
2013-01-18 12:00:00,EB,20,0,0,0.100000,-0.500000,0.050000,-0.120000,-0.612500,-0.662500,-0.138574
2013-01-21 19:00:00,EB,17,0,1,,,,,,,
2013-01-22 19:00:00,P,16,0,1,,-0.100000,-0.100000,-0.100000,-0.100000,-0.400000,
2013-01-25 10:30:00,P,13,0,0,0.275000,0.366667,0.200000,0.187500,0.375000,0.642857,0.131111
2013-01-29 12:00:00,EB,9,0,0,-0.200000,0.100000,-0.300000,-0.533333,-1.222222,-1.742857,0.028879
2013-01-29 13:00:00,EB,9,0,0,0.025000,-0.020000,0.175000,0.325000,0.570000,1.285714,0.005116
2013-01-29 19:00:00,EB,9,0,1,,,-0.100000,,0.200000,0.100000,
2013-01-31 09:30:00,EB,7,0,0,0.300000,0.025000,0.250000,0.200000,-0.257143,-0.575000,-0.504689
2013-01-31 15:45:00,EB,7,0,0,0.200000,0.200000,0.260000,0.325000,0.180000,0.037500,0.102050
2013-02-07 13:45:00,GC_ME,0,0,0,-0.300000,-0.550000,-0.975000,-1.266667,-2.285714,-4.240000,-0.049761
2013-02-07 13:45:00,GC_PR,0,0,0,0.400000,0.075000,0.133333,0.033333,0.080000,-0.460000,-0.214616
2013-02-07 14:30:00,GC_PC,0,0,0,-0.366667,-0.666667,-1.000000,-1.342857,-2.325000,-3.900000,0.276673
2013-02-07 16:30:00,EB,28,0,0,0.000000,0.000000,0.200000,-0.200000,-0.300000,-0.462500,-0.421451
2013-02-11 18:30:00,EB,24,0,1,,-0.100000,-0.100000,-0.100000,-0.375000,-0.600000,
2013-02-12 08:20:00,EB,23,0,1,0.066667,0.066667,0.200000,0.120000,0.183333,0.066667,
2013-02-12 15:30:00,P,23,0,0,0.000000,-0.100000,-0.200000,0.060000,0.020000,0.140000,0.054253
2013-02-13 16:50:00,EB,22,0,0,-0.100000,0.000000,-0.100000,-0.100000,-0.075000,-0.300000,-0.301931
2013-02-15 10:15:00,P,20,0,0,0.000000,0.050000,0.000000,-0.100000,0.100000,0.014286,-0.039886
2013-02-15 19:00:00,EB,20,0,1,,,,,0.000000,0.000000,
2013-02-18 15:30:00,P,17,0,0,0.000000,-0.100000,0.000000,-0.033333,-0.120000,-0.100000,-0.065401
2013-02-18 20:15:00,EB,17,0,1,,,,,,,
2013-02-19 20:15:00,EB,16,0,1,,,,,0.000000,0.100000,
2013-02-22 11:00:00,EB,13,0,0,-0.400000,-0.133333,-0.675000,-0.657143,0.075000,-0.333333,0.031496
2013-02-22 12:30:00,EB,13,0,0,-0.400000,-0.280000,-0.725000,-0.922222,0.137500,0.500000,0.617708
2013-02-25 19:00:00,EB,10,0,1,0.100000,,0.000000,-0.400000,-0.100000,-0.466667,
2013-02-27 09:30:00,EB,8,0,0,-0.166667,-0.180000,0.033333,-0.033333,0.222222,0.362500,-0.176927
2013-02-27 15:00:00,EB,8,0,0,-0.200000,-0.200000,-0.100000,-0.150000,-0.175000,-0.033333,0.362899
2013-02-27 18:30:00,P,8,0,1,,,,-0.350000,-0.375000,-0.733333,
2013-02-28 09:45:00,EB,7,0,0,-0.166667,-0.200000,-0.100000,-0.271429,-0.387500,-0.600000,-0.454020
2013-02-28 11:00:00,EB,7,0,0,-0.400000,-0.100000,-0.150000,-0.271429,-0.537500,-0.912500,-0.180820
2013-02-28 16:00:00,EB,7,0,0,0.100000,0.066667,-0.020000,-0.066667,-0.193750,-0.485714,-0.014100
2013-03-02 20:00:00,EB,5,1,1,,,,,,,
2013-03-03 15:00:00,P,4,1,0,,,,,,,
2013-03-04 18:10:00,EB,3,0,1,,,0.100000,-0.200000,0.100000,-0.100000,
2013-03-07 13:45:00,GC_ME,0,0,0,0.300000,0.433333,0.633333,1.342857,2.325000,3.585714,-0.060597
2013-03-07 13:45:00,GC_PR,0,0,0,0.200000,0.100000,0.125000,0.283333,0.650000,1.057143,0.038291
2013-03-07 14:30:00,GC_PC,0,0,0,0.100000,0.325000,0.566667,1.157143,1.737500,2.542857,-0.107017
2013-03-07 18:00:00,EB,28,0,1,,,,0.033333,-0.100000,-0.250000,0.092622
2013-03-08 09:20:00,EB,27,0,0,0.400000,-0.100000,-0.066667,-0.350000,-0.457143,-0.520000,0.217676
2013-03-11 10:00:00,EB,24,0,0,0.100000,0.500000,0.033333,0.116667,0.283333,0.185714,-0.072166
2013-03-12 11:30:00,EB,23,0,0,0.000000,0.300000,-0.050000,0.050000,-0.033333,0.160000,0.109463
2013-03-15 17:30:00,P,20,0,1,,,0.000000,-0.033333,0.000000,-0.100000,
2013-03-18 10:00:00,EB,17,0,0,0.100000,0.150000,0.650000,0.000000,-0.133333,0.220000,0.222279
2013-03-18 18:00:00,EB,17,0,1,,0.100000,,0.100000,-0.100000,-0.050000,
2013-03-19 09:00:00,P,16,0,1,0.200000,0.100000,0.300000,0.257143,0.328571,0.300000,
2013-03-19 16:00:00,EB,16,0,0,0.100000,0.250000,0.100000,0.062500,0.550000,0.575000,-0.206431
2013-03-20 13:30:00,EB,15,0,0,0.100000,0.100000,0.200000,0.325000,0.783333,0.883333,-0.098132
2013-03-25 12:00:00,EB,10,0,0,0.000000,-0.200000,0.100000,0.225000,0.433333,0.800000,-0.284167
2013-04-02 18:20:00,EB,2,0,1,,0.100000,0.100000,0.100000,0.100000,-0.150000,
2013-04-04 13:45:00,GC_ME,0,0,0,-0.200000,0.050000,0.100000,-0.260000,-0.685714,-1.550000,-0.822704
2013-04-04 13:45:00,GC_PR,0,0,0,0.200000,0.400000,0.120000,0.083333,-0.133333,-0.414286,-0.148559
2013-04-04 14:30:00,GC_PC,0,0,0,-0.250000,-0.200000,-0.166667,-0.366667,-0.557143,-1.066667,-0.713197
2013-04-04 17:30:00,EB,28,0,1,,0.200000,0.100000,0.100000,0.266667,0.300000,
2013-04-05 08:30:00,EB,27,0,1,0.100000,-0.100000,0.300000,0.200000,0.425000,0.450000,
2013-04-05 11:30:00,EB,27,0,0,0.125000,0.075000,0.100000,0.300000,0.275000,0.371429,-0.606137
2013-04-08 12:45:00,P,24,0,0,0.000000,0.000000,0.100000,0.266667,0.728571,0.875000,-0.058852
2013-04-09 18:00:00,EB,23,0,1,-0.100000,-0.100000,-0.100000,-0.100000,-0.033333,-0.100000,
2013-04-11 16:30:00,EB,21,0,0,0.000000,0.000000,0.100000,0.000000,-0.033333,0.140000,0.611507
2013-04-11 20:50:00,EB,21,0,1,,,,-0.100000,0.100000,-0.200000,
2013-04-15 15:30:00,P,17,0,0,0.000000,-0.100000,-0.200000,-0.150000,0.100000,0.025000,-0.145773
2013-04-16 15:00:00,P,16,0,0,-0.100000,-0.100000,0.200000,0.233333,0.225000,0.314286,0.062456
2013-04-17 08:00:00,EB,15,0,1,0.000000,0.000000,-0.300000,-0.033333,0.200000,0.300000,
2013-04-18 22:15:00,EB,14,0,1,,,,,-0.100000,-0.100000,
2013-04-20 19:00:00,EB,12,1,1,,,,,,,
2013-04-22 13:00:00,EB,10,0,0,0.000000,0.000000,-0.200000,-0.100000,0.033333,-0.116667,-0.118159
2013-04-24 14:30:00,EB,8,0,0,0.100000,-0.100000,-0.166667,-0.140000,-0.140000,-0.142857,0.083220
2013-04-24 15:00:00,EB,8,0,0,-0.100000,-0.033333,-0.040000,0.040000,-0.033333,-0.100000,0.470321
2013-04-25 09:55:00,EB,7,0,0,0.200000,0.100000,0.016667,-0.033333,0.371429,0.700000,-0.071739
2013-04-25 14:00:00,EB,7,0,0,0.000000,0.000000,0.000000,0.033333,-0.033333,-0.360000,-0.156748
2013-04-25 14:30:00,EB,7,0,0,0.000000,0.000000,-0.100000,0.000000,-0.166667,-0.175000,-0.569160
2013-04-26 09:15:00,EB,6,0,1,-0.200000,-0.100000,-0.150000,0.400000,0.100000,0.100000,-0.044627
2013-04-29 12:00:00,EB,3,0,0,0.000000,0.000000,0.000000,0.100000,0.000000,0.166667,0.049701
2013-05-02 13:45:00,GC_ME,0,0,0,-0.233333,-0.325000,-0.250000,-0.916667,-1.928571,-2.657143,0.003689
2013-05-02 13:45:00,GC_PR,0,0,0,-0.066667,-0.133333,0.050000,0.166667,-0.185714,-0.228571,0.427232
2013-05-02 14:30:00,GC_PC,0,0,0,-0.166667,-0.240000,-0.300000,-1.000000,-1.771429,-2.542857,-0.298673
2013-05-02 17:00:00,P,35,0,0,0.100000,0.050000,-0.233333,-0.450000,-0.783333,-0.720000,0.347668
2013-05-03 11:45:00,EB,34,0,0,-0.100000,-0.200000,-0.100000,0.125000,-0.360000,-0.040000,0.210270
2013-05-06 15:00:00,P,31,0,0,0.000000,0.400000,-0.000000,0.150000,0.080000,0.257143,-0.053024
2013-05-06 18:00:00,EB,31,0,1,,0.100000,,0.100000,0.150000,0.333333,
2013-05-07 19:00:00,EB,30,0,1,,,0.100000,0.000000,0.200000,-0.300000,
2013-05-08 14:15:00,EB,29,0,0,0.000000,0.100000,0.100000,0.140000,0.166667,0.300000,-0.102645
2013-05-08 17:00:00,EB,29,0,0,,0.000000,0.100000,0.100000,-0.166667,-0.525000,0.123689
2013-05-10 18:00:00,EB,27,0,1,,0.100000,0.200000,0.000000,-0.450000,-0.500000,
2013-05-14 18:00:00,EB,23,0,1,,,,0.100000,0.100000,0.000000,
2013-05-16 15:30:00,EB,21,0,0,-0.033333,-0.100000,-0.250000,-0.357143,-0.212500,-0.125000,-0.108445
2013-05-17 11:15:00,EB,20,0,0,-0.100000,0.100000,-0.033333,-0.250000,-0.500000,-0.833333,0.656312
2013-05-17 11:30:00,EB,20,0,0,-0.100000,0.100000,0.100000,-0.166667,-0.425000,-0.671429,0.451731
2013-05-17 12:15:00,EB,20,0,0,-0.400000,0.000000,-0.066667,-0.166667,-0.428571,-0.662500,-0.095887
2013-05-17 13:00:00,EB,20,0,0,0.000000,0.000000,0.033333,-0.042857,0.185714,0.100000,-0.099184
2013-05-22 18:00:00,EB,15,0,1,0.000000,,0.100000,0.300000,0.300000,1.400000,
2013-05-23 14:50:00,EB,14,0,0,0.000000,0.300000,-0.200000,0.000000,0.125000,0.842857,-0.010120
2013-05-23 23:30:00,P,14,0,1,,,,,,0.400000,
2013-05-24 14:30:00,EB,13,0,0,0.400000,0.100000,0.100000,0.075000,0.116667,0.033333,-0.236168
2013-05-27 08:30:00,EB,10,0,1,0.000000,0.000000,0.100000,0.450000,0.680000,0.800000,
2013-05-28 14:00:00,EB,9,0,0,0.300000,0.100000,0.100000,-0.150000,-0.200000,-0.540000,0.175743
2013-05-28 17:00:00,EB,9,0,0,,0.000000,0.100000,0.420000,0.940000,1.750000,-0.283761
2013-05-29 17:00:00,EB,8,0,0,0.000000,0.000000,0.000000,0.175000,0.120000,0.500000,-0.326220
2013-06-03 03:00:00,P,3,0,1,,,,,,0.100000,
2013-06-03 03:40:00,EB,3,0,1,,,-0.100000,,0.100000,0.100000,
2013-06-06 13:45:00,GC_ME,0,0,0,0.450000,0.600000,0.750000,1.728571,3.183333,5.766667,-0.737755
2013-06-06 13:45:00,GC_PR,0,0,0,0.400000,0.300000,0.300000,0.228571,0.316667,0.660000,0.145349
2013-06-06 14:30:00,GC_PC,0,0,0,0.200000,0.220000,0.460000,1.557143,3.114286,5.483333,-0.780728
2013-06-10 10:00:00,EB,24,0,0,0.100000,0.150000,0.250000,0.116667,0.083333,0.266667,0.244282
2013-06-11 15:10:00,EB,23,0,0,0.000000,-0.033333,0.100000,0.114286,0.125000,0.175000,-0.075358
2013-06-11 18:30:00,EB,23,0,1,,,,0.100000,-0.033333,0.100000,
2013-06-12 13:30:00,EB,22,0,0,-0.033333,0.000000,0.000000,0.033333,-0.160000,-0.216667,-0.027828
2013-06-13 17:00:00,P,21,0,0,-0.100000,-0.100000,-0.100000,0.400000,0.025000,0.350000,-0.042811
2013-06-13 17:30:00,EB,21,0,1,,,-0.100000,-0.100000,-0.050000,0.000000,
2013-06-13 17:40:00,EB,21,0,1,,,0.100000,-0.100000,-0.150000,0.100000,
2013-06-14 13:00:00,EB,20,0,0,0.200000,-0.100000,-0.100000,-0.216667,-0.416667,-0.585714,0.201847
2013-06-17 15:15:00,EB,17,0,0,0.000000,-0.100000,-0.100000,0.100000,0.180000,0.320000,0.266794
2013-06-17 18:30:00,EB,17,0,1,0.100000,,0.100000,0.200000,-0.700000,0.100000,
2013-06-18 08:00:00,P,16,0,1,-0.050000,0.300000,-0.200000,-0.150000,0.450000,0.283333,
2013-06-23 10:00:00,EB,11,1,0,,,,,,,
2013-06-24 14:45:00,EB,10,0,0,0.433333,0.840000,0.828571,0.416667,-0.457143,-0.740000,0.243783
2013-06-25 09:10:00,EB,9,0,1,-0.366667,-0.378571,-0.485714,-1.100000,-1.214286,-1.433333,-0.051668
2013-06-25 14:15:00,P,9,0,0,0.100000,0.033333,0.171429,0.783333,0.942857,1.062500,-0.263557
2013-06-26 09:30:00,EB,8,0,0,-0.080000,-0.033333,-0.075000,0.133333,-0.140000,-0.533333,1.004104
2013-06-26 14:15:00,EB,8,0,0,0.000000,-0.100000,-0.133333,-0.260000,-0.420000,-0.642857,0.007309
2013-06-26 17:15:00,EB,8,0,1,,0.000000,0.100000,0.000000,0.316667,0.500000,
2013-06-27 19:00:00,EB,7,0,1,,0.000000,0.200000,0.200000,0.250000,0.166667,
2013-07-04 13:45:00,GC_ME,0,0,0,-0.300000,-0.675000,-0.957143,-1.557143,-2.916667,-4.120000,1.618294
2013-07-04 13:45:00,GC_PR,0,0,0,-0.166667,-0.333333,-0.225000,-0.100000,-0.733333,-1.042857,-0.167489
2013-07-04 14:30:00,GC_PC,0,0,0,-0.350000,-0.675000,-0.928571,-1.557143,-2.566667,-3.900000,1.398489
2013-07-05 12:30:00,EB,27,0,0,0.000000,0.000000,-0.100000,0.000000,0.116667,0.457143,-0.054527
2013-07-08 15:00:00,P,24,0,0,0.100000,-0.100000,-0.100000,0.000000,-0.083333,-0.683333,-0.052680
2013-07-09 17:00:00,EB,23,0,0,,,-0.100000,0.033333,0.075000,-0.020000,0.055584
2013-07-10 16:00:00,EB,22,0,0,0.000000,-0.100000,-0.033333,0.100000,0.425000,0.600000,-0.115082
2013-07-10 16:15:00,EB,22,0,0,,-0.100000,-0.100000,-0.040000,0.542857,0.950000,-0.053026
2013-07-11 10:30:00,EB,21,0,0,-0.100000,0.100000,0.250000,0.221429,0.266667,0.585714,-0.091433
2013-07-12 03:30:00,EB,20,0,1,,,,,,-0.100000,
2013-07-15 15:00:00,EB,17,0,0,0.000000,0.000000,0.100000,0.100000,-0.100000,-0.583333,0.089877
2013-07-15 17:00:00,EB,17,0,0,,,,-0.100000,-0.200000,0.140000,0.087172
2013-07-18 09:00:00,EB,14,0,1,0.000000,0.100000,0.100000,-0.100000,-0.300000,-0.200000,
2013-08-01 13:45:00,GC_ME,0,0,0,0.000000,0.400000,0.150000,0.800000,2.166667,3.440000,0.222365
2013-08-01 13:45:00,GC_PR,0,0,0,0.000000,-0.100000,-0.100000,-0.100000,-0.180000,-0.728571,-0.028288
2013-08-01 14:30:00,GC_PC,0,0,0,0.000000,0.250000,0.125000,0.933333,2.416667,4.140000,0.104793
2013-08-21 12:00:00,EB,15,0,0,0.100000,0.100000,0.100000,0.033333,0.142857,0.228571,0.034219
2013-08-25 18:30:00,EB,11,1,1,,,,,0.000000,,
2013-08-27 13:00:00,EB,9,0,0,0.000000,0.000000,-0.200000,0.100000,-0.080000,-0.242857,0.112798
2013-08-27 19:00:00,EB,9,0,1,,0.000000,-0.100000,-0.100000,-0.250000,-0.466667,
2013-08-29 14:00:00,EB,7,0,0,0.000000,0.000000,0.000000,0.033333,0.240000,0.857143,-0.230821
2013-09-02 13:20:00,EB,3,0,0,0.000000,-0.100000,-0.100000,-0.040000,0.100000,0.233333,0.183261
2013-09-04 10:55:00,EB,1,0,0,0.000000,-0.200000,-0.100000,-0.075000,-0.175000,0.385714,-0.044581
2013-09-05 13:45:00,GC_ME,0,0,0,0.000000,-0.300000,-0.133333,-0.316667,-0.614286,0.540000,0.119705
2013-09-05 13:45:00,GC_PR,0,0,0,-0.300000,-0.200000,-0.100000,-0.266667,-0.366667,-0.283333,-0.055332
2013-09-05 14:30:00,GC_PC,0,0,0,0.000000,0.100000,-0.020000,-0.066667,-0.216667,0.650000,0.154840
2013-09-06 12:40:00,EB,26,0,0,0.000000,0.100000,0.300000,0.180000,0.183333,0.240000,0.044000
2013-09-10 14:30:00,EB,22,0,0,0.000000,0.000000,0.100000,0.100000,0.180000,0.220000,-0.045674
2013-09-11 12:00:00,EB,21,0,0,0.100000,0.100000,0.000000,-0.100000,0.100000,-0.250000,0.131585
2013-09-11 19:00:00,EB,21,0,1,0.000000,,-0.100000,0.000000,-0.100000,-0.900000,
2013-09-12 13:40:00,P,20,0,0,0.000000,0.000000,0.000000,0.233333,-0.100000,0.300000,0.183615
2013-09-16 07:30:00,EB,16,0,1,0.200000,0.200000,0.200000,-0.100000,-0.900000,0.100000,
2013-09-16 10:00:00,P,16,0,0,-1.050000,-0.050000,0.100000,0.033333,0.300000,0.233333,0.039065
2013-09-17 10:30:00,EB,15,0,0,0.000000,0.000000,0.000000,-0.100000,0.140000,0.283333,0.101750
2013-09-17 19:00:00,EB,15,0,1,,,0.100000,0.000000,0.000000,0.000000,
2013-09-18 07:30:00,EB,14,0,1,0.000000,-0.100000,0.100000,0.100000,0.000000,-0.200000,
2013-09-23 15:00:00,P,9,0,0,0.000000,0.000000,-0.100000,-0.050000,-0.166667,-0.633333,-0.236931
2013-09-24 13:00:00,EB,8,0,0,0.000000,-0.100000,-0.100000,0.150000,0.020000,-0.171429,0.064444
2013-09-24 18:30:00,EB,8,0,1,,,,,,-0.400000,
2013-09-25 14:00:00,EB,7,0,0,0.100000,0.000000,-0.100000,-0.100000,0.100000,0.042857,0.248106
2013-09-26 10:30:00,EB,6,0,0,0.050000,0.100000,0.100000,0.125000,0.050000,-0.100000,-0.162097
2013-09-26 15:20:00,EB,6,0,0,0.000000,-0.100000,0.000000,0.033333,0.100000,0.380000,0.261773
2013-09-26 16:10:00,EB,6,0,0,0.000000,0.000000,0.000000,0.100000,-0.160000,-0.283333,-0.342393
2013-09-27 00:15:00,EB,5,0,1,,,,0.300000,0.500000,0.400000,
2013-09-27 10:30:00,EB,5,0,0,-0.100000,0.000000,0.100000,-0.033333,-0.133333,-0.133333,-0.066117
2013-09-27 11:00:00,P,5,0,0,0.000000,0.000000,0.100000,0.100000,-0.233333,-0.816667,-0.382387
2013-09-30 09:45:00,EB,2,0,0,0.000000,0.100000,0.000000,-0.060000,-0.060000,-0.075000,0.118715
2013-09-30 18:00:00,EB,2,0,1,,,0.000000,0.100000,0.250000,0.375000,
2013-10-02 13:45:00,GC_ME,0,0,0,0.000000,0.000000,-0.133333,0.100000,0.000000,-0.200000,-0.201151
2013-10-02 13:45:00,GC_PR,0,0,0,0.200000,0.100000,-0.033333,0.180000,0.140000,0.080000,0.083813
2013-10-02 14:30:00,GC_PC,0,0,0,0.100000,-0.100000,-0.060000,-0.140000,-0.260000,-0.360000,-0.157091
2013-10-03 17:00:00,EB,35,0,0,,,-0.100000,0.100000,0.200000,-0.233333,-0.026870
2013-10-07 11:30:00,EB,31,0,0,-0.100000,0.500000,0.200000,0.066667,0.025000,-0.033333,0.111454
2013-10-07 13:15:00,EB,31,0,0,0.000000,0.000000,-0.100000,0.300000,-0.100000,-0.280000,0.136266
2013-10-09 19:45:00,EB,29,0,1,,-0.100000,-0.400000,-0.300000,0.100000,0.100000,
2013-10-10 00:00:00,P,28,0,1,,,,0.300000,,0.500000,
2013-10-10 18:20:00,P,28,0,1,,,0.050000,-0.050000,-0.050000,-0.400000,
2013-10-10 21:00:00,EB,28,0,1,0.000000,0.000000,0.400000,0.000000,0.100000,0.200000,
2013-10-11 14:30:00,EB,27,0,0,0.000000,-0.100000,0.000000,0.300000,0.283333,-0.060000,0.028307
2013-10-11 15:00:00,P,27,0,0,0.000000,0.000000,-0.100000,0.200000,0.333333,0.066667,0.233690
2013-10-12 20:30:00,EB,26,1,1,,,,,,,
2013-10-14 18:00:00,EB,24,0,1,,-0.100000,0.000000,0.000000,-0.200000,0.100000,
2013-10-15 19:00:00,EB,23,0,1,,0.000000,0.000000,0.000000,0.100000,0.100000,
2013-10-16 19:00:00,EB,22,0,1,,-0.200000,,-0.100000,-0.200000,-0.533333,
2013-10-16 20:00:00,P,22,0,1,,,-0.300000,0.400000,-0.100000,-0.266667,
2013-10-18 09:00:00,EB,20,0,1,0.000000,0.100000,-0.100000,-0.033333,0.000000,-0.466667,
2013-10-21 09:00:00,EB,17,0,1,0.200000,0.100000,0.100000,0.233333,0.000000,-0.033333,
2013-10-25 19:00:00,EB,13,0,1,,,,,-0.100000,0.100000,
2013-10-28 04:20:00,EB,10,0,1,,,,,,,
2013-10-30 20:00:00,EB,8,0,1,,,,,-0.400000,-0.733333,
2013-11-04 09:00:00,EB,3,0,1,-0.150000,-0.233333,-0.133333,0.000000,0.100000,0.316667,
2013-11-04 12:30:00,EB,3,0,0,0.000000,-0.033333,-0.200000,-0.140000,-0.100000,-0.033333,-0.054235
2013-11-05 09:00:00,EB,2,0,1,-0.150000,-0.033333,-0.033333,0.050000,0.166667,0.766667,
2013-11-05 14:30:00,P,2,0,0,0.300000,0.000000,0.000000,0.300000,0.300000,0.583333,-0.082366
2013-11-05 15:00:00,EB,2,0,0,0.000000,-0.100000,0.000000,0.200000,0.342857,0.714286,0.002969
2013-11-07 13:45:00,GC_ME,0,0,0,-0.200000,-0.225000,-0.450000,-1.087500,-2.500000,-4.533333,0.926796
2013-11-07 13:45:00,GC_PR,0,0,0,-0.340000,-0.275000,-0.533333,-1.328571,-3.383333,-6.250000,1.227759
2013-11-07 14:30:00,GC_PC,0,0,0,0.200000,0.300000,0.133333,0.125000,1.016667,2.166667,-0.517775
2013-11-08 09:00:00,EB,27,0,1,-0.085714,-0.020000,-0.060000,0.371429,0.657143,0.683333,
2013-11-08 15:00:00,EB,27,0,0,0.000000,0.033333,0.033333,0.100000,-0.050000,-0.171429,0.435708
2013-11-12 17:00:00,EB,23,0,0,0.200000,-0.100000,0.300000,-0.100000,0.000000,0.333333,-0.313708
2013-11-13 19:30:00,EB,22,0,1,,-0.200000,,,,-0.333333,
2013-11-15 13:15:00,EB,20,0,0,-0.100000,0.150000,0.066667,0.100000,0.125000,0.000000,-0.053351
2013-11-18 09:30:00,EB,17,0,0,0.200000,0.100000,0.200000,0.066667,0.300000,0.220000,-0.120002
2013-11-18 20:00:00,EB,17,0,1,,,,,0.000000,-0.100000,
2013-11-19 09:30:00,EB,16,0,0,0.180000,0.233333,0.100000,0.140000,0.362500,0.650000,-0.058711
2013-11-21 11:00:00,P,14,0,0,0.100000,0.100000,0.100000,0.200000,0.328571,0.566667,0.262047
2013-11-21 19:00:00,EB,14,0,1,,0.300000,0.050000,0.000000,0.100000,0.033333,
2013-11-22 09:30:00,P,13,0,0,0.328571,0.000000,0.166667,-0.166667,0.220000,0.200000,-0.164564
2013-11-23 09:30:00,EB,12,1,0,,,,,,,
2013-11-25 01:15:00,EB,10,0,1,,0.000000,-0.200000,-0.100000,,0.000000,
2013-11-26 13:30:00,EB,9,0,0,-1.140000,-1.271429,-0.916667,-0.557143,-0.687500,-0.712500,0.036130
2013-11-26 19:00:00,EB,9,0,1,,-0.200000,0.000000,0.100000,0.000000,0.250000,
2013-11-27 19:00:00,EB,8,0,1,,,,,,-0.200000,
2013-11-28 09:30:00,EB,7,0,0,0.380000,0.360000,0.366667,0.457143,0.333333,0.140000,0.234615
2013-11-29 09:30:00,EB,6,0,0,0.050000,-0.020000,-0.200000,-0.033333,-0.183333,-0.066667,-0.082723
2013-12-02 10:15:00,EB,3,0,0,0.000000,-0.100000,-0.100000,-0.033333,-0.020000,0.000000,-0.020144
2013-12-05 13:45:00,GC_ME,0,0,0,1.087500,0.925000,0.940000,1.350000,1.400000,1.957143,-0.345618
2013-12-05 13:45:00,GC_PR,0,0,0,0.266667,0.250000,0.325000,0.350000,0.175000,-0.066667,0.152902
2013-12-05 14:30:00,GC_PC,0,0,0,0.714286,0.780000,0.816667,1.300000,1.385714,1.962500,-0.513379
2013-12-06 09:30:00,EB,34,0,0,1.142857,1.062500,0.900000,0.600000,0.371429,0.642857,-0.069813
2013-12-09 09:15:00,EB,31,0,1,0.250000,0.033333,0.100000,0.033333,-0.300000,0.050000,-0.211664
2013-12-10 13:00:00,P,30,0,0,-0.200000,0.100000,0.100000,0.200000,0.000000,0.060000,-0.220066
2013-12-11 12:00:00,EB,29,0,0,-0.100000,0.100000,0.200000,0.200000,0.200000,0.166667,0.081156
2013-12-12 09:00:00,P,28,0,1,0.325000,0.266667,0.400000,-0.400000,-1.016667,-2.233333,
2013-12-12 15:15:00,EB,28,0,0,0.100000,0.100000,0.200000,0.350000,0.357143,0.285714,-0.288364
2013-12-13 10:45:00,EB,27,0,0,0.100000,0.200000,0.100000,0.087500,-0.457143,-0.583333,-0.062360
2013-12-13 12:15:00,EB,27,0,0,0.500000,0.200000,0.350000,0.400000,0.742857,0.550000,0.025530
2013-12-14 16:30:00,EB,26,1,0,,,,,,,
2013-12-15 09:30:00,EB,25,1,0,,,,,,,
2013-12-16 15:00:00,P,24,0,0,-0.100000,0.000000,-0.100000,0.100000,-0.200000,-0.180000,0.211511
2014-01-09 13:45:00,GC_ME,0,0,0,-0.050000,-0.266667,-0.300000,-0.425000,-0.862500,-1.150000,-0.350647
2014-01-09 13:45:00,GC_PR,0,0,0,-0.100000,-0.050000,0.160000,-0.157143,0.200000,0.371429,-0.115496
2014-01-09 14:30:00,GC_PC,0,0,0,-0.125000,-0.260000,-0.450000,-0.700000,-1.012500,-1.500000,-0.029208
2014-01-13 11:00:00,EB,24,0,0,-0.075000,0.000000,-0.033333,-0.000000,-0.220000,-0.171429,-0.194197
2014-01-14 15:00:00,EB,23,0,0,0.775000,0.500000,0.620000,0.466667,0.585714,0.733333,-0.027396
2014-01-15 14:05:00,EB,22,0,0,0.100000,0.200000,0.142857,0.400000,0.285714,0.700000,-0.003183
2014-01-22 12:30:00,EB,15,0,0,0.200000,0.200000,0.033333,0.028571,0.180000,0.500000,0.071253
2014-01-23 21:00:00,EB,14,0,1,,0.100000,-0.200000,0.100000,0.200000,-0.300000,
2014-01-24 18:00:00,P,13,0,1,,0.000000,0.100000,0.233333,0.200000,0.175000,0.101483
2014-01-30 20:00:00,EB,7,0,1,,,,0.100000,0.000000,-0.066667,
2014-01-31 15:30:00,EB,6,0,0,-0.733333,-0.316667,-0.333333,-0.185714,0.180000,0.100000,0.448150
2014-02-03 18:30:00,EB,3,0,1,-0.100000,-0.100000,-0.200000,0.050000,0.000000,-0.366667,
2014-02-06 13:45:00,GC_ME,0,0,0,2.260000,2.800000,2.785714,3.075000,3.185714,3.300000,0.024105
2014-02-06 13:45:00,GC_PR,0,0,0,0.600000,0.400000,0.400000,0.600000,0.233333,1.212500,0.149989
2014-02-06 14:30:00,GC_PC,0,0,0,2.014286,2.340000,2.385714,2.612500,2.957143,3.271429,-0.229756
2014-02-07 11:45:00,EB,27,0,0,-0.150000,0.000000,0.100000,-0.033333,-0.033333,-0.220000,0.097290
2014-02-12 12:10:00,EB,22,0,0,-0.150000,-0.333333,-0.340000,-0.442857,-0.683333,-1.000000,-0.295060
2014-02-12 16:30:00,P,22,0,0,-0.400000,0.000000,-0.100000,0.100000,0.266667,0.760000,-0.261510
2014-02-12 19:30:00,EB,22,0,1,,0.500000,0.000000,0.100000,0.000000,-0.100000,
2014-02-13 11:00:00,EB,21,0,0,-0.133333,-0.100000,0.100000,0.000000,0.000000,0.180000,0.027607
2014-02-13 12:20:00,EB,21,0,0,-0.100000,0.075000,0.100000,0.080000,0.100000,0.150000,-0.113757
2014-02-18 12:20:00,EB,16,0,0,0.083333,0.200000,0.200000,0.150000,0.275000,0.340000,0.125949
2014-02-20 11:30:00,EB,14,0,0,0.400000,0.050000,-0.060000,0.116667,0.100000,0.160000,0.096890
2014-02-26 14:00:00,EB,8,0,0,0.200000,-0.033333,-0.100000,-0.175000,-0.328571,-0.450000,-0.003179
2014-02-27 16:30:00,EB,7,0,0,0.066667,0.000000,-0.033333,0.000000,0.240000,0.380000,0.489061
2014-02-27 19:30:00,P,7,0,1,,,,0.100000,0.100000,0.100000,
2014-03-03 15:00:00,P,3,0,0,-0.100000,-0.200000,-0.225000,-0.050000,-0.014286,0.200000,0.428882
2014-03-06 13:45:00,GC_ME,0,0,0,3.933333,3.666667,3.333333,2.700000,2.625000,2.687500,-0.319551
2014-03-06 13:45:00,GC_PR,0,0,0,1.160000,0.750000,0.971429,0.242857,0.800000,0.711111,-0.064354
2014-03-06 14:30:00,GC_PC,0,0,0,3.416667,3.160000,2.833333,2.437500,2.300000,2.175000,-0.359667
2014-03-07 11:20:00,EB,27,0,0,0.380000,0.637500,0.611111,1.033333,1.271429,1.216667,-0.046035
2014-03-12 09:00:00,EB,22,0,1,-0.125000,0.100000,0.100000,-0.025000,0.100000,0.100000,
2014-03-12 14:00:00,EB,22,0,0,0.100000,0.000000,0.100000,0.020000,-0.242857,-0.371429,-0.127683
2014-03-13 09:15:00,EB,21,0,1,-0.133333,-0.183333,-0.180000,-0.175000,-0.233333,-0.400000,-0.109354
2014-03-13 18:00:00,P,21,0,1,0.000000,-0.100000,-0.100000,0.000000,-0.200000,-0.033333,
2014-03-20 16:00:00,EB,14,0,0,-0.400000,-0.100000,-0.100000,-0.100000,-0.166667,-0.185714,0.011395
2014-03-22 17:30:00,EB,12,1,1,,,,,,,
2014-03-24 13:00:00,EB,10,0,0,0.000000,-0.100000,-0.033333,-0.150000,-0.285714,-0.328571,0.252603
2014-03-25 17:00:00,P,9,0,0,-0.200000,-0.200000,-0.100000,-0.500000,-0.600000,-0.660000,0.110241
2014-03-31 11:00:00,EB,3,0,0,0.100000,0.100000,0.000000,-0.166667,-0.160000,0.114286,-0.153532
2014-04-03 13:45:00,GC_ME,0,0,0,2.833333,1.800000,1.471429,1.437500,1.380000,0.816667,0.797180
2014-04-03 13:45:00,GC_PR,0,0,0,0.975000,1.028571,0.728571,0.987500,1.040000,1.033333,-0.172973
2014-04-03 14:30:00,GC_PC,0,0,0,1.720000,1.150000,1.066667,0.625000,0.285714,-0.266667,0.988635
2014-04-07 11:40:00,EB,31,0,0,0.100000,-0.100000,-0.100000,-0.033333,-0.033333,-0.187500,-0.230993
2014-04-07 15:00:00,EB,31,0,0,-0.233333,-0.275000,0.000000,-0.262500,-0.233333,-0.357143,-0.158445
2014-04-09 12:15:00,EB,29,0,0,0.266667,0.300000,0.200000,0.100000,0.283333,0.316667,-0.135329
2014-04-10 15:00:00,EB,28,0,0,0.133333,0.066667,0.100000,0.100000,0.033333,-0.200000,0.113341
2014-04-10 20:00:00,EB,28,0,1,,,,,0.000000,0.100000,
2014-04-12 18:00:00,P,26,1,1,,,,,,,
2014-04-13 21:30:00,EB,25,1,1,,,,,,,
2014-04-17 16:00:00,EB,21,0,0,0.100000,,0.000000,0.100000,-0.000000,0.271429,0.013015
2014-04-24 11:00:00,P,14,0,0,0.200000,0.200000,0.100000,0.066667,-0.200000,-0.700000,-0.005624
2014-04-24 18:15:00,EB,14,0,1,,,0.000000,0.100000,0.000000,-0.175000,
2014-04-28 15:30:00,EB,10,0,0,0.720000,0.360000,0.200000,0.066667,0.333333,0.571429,0.225853
2014-04-30 11:00:00,EB,8,0,0,-0.100000,0.100000,0.225000,0.350000,0.460000,0.675000,-0.208405
2014-05-05 18:00:00,EB,3,0,1,0.000000,0.000000,,0.050000,0.100000,-0.100000,
2014-05-08 13:45:00,GC_ME,0,0,0,3.533333,1.316667,0.400000,-0.737500,-2.200000,-3.642857,0.240616
2014-05-08 13:45:00,GC_PR,0,0,0,2.050000,1.183333,1.137500,0.900000,0.614286,0.371429,-0.331830
2014-05-08 14:30:00,GC_PC,0,0,0,2.314286,0.340000,-0.487500,-1.487500,-2.600000,-4.000000,0.552139
2014-05-12 09:00:00,EB,24,0,1,0.162500,0.128571,0.100000,-0.100000,-0.085714,-0.066667,
2014-05-14 09:30:00,EB,22,0,0,-0.550000,-0.483333,-0.516667,-0.600000,-0.714286,-0.942857,-0.171969
2014-05-15 09:10:00,EB,21,0,1,-0.816667,-1.066667,-1.000000,-0.907143,-1.200000,-1.028571,0.176504
2014-05-15 10:50:00,EB,21,0,0,-0.300000,-0.233333,-0.066667,0.160000,0.280000,0.400000,0.262136
2014-05-16 11:30:00,EB,20,0,0,0.150000,0.100000,0.160000,0.050000,-0.100000,-0.100000,-0.388969
2014-05-19 10:00:00,EB,17,0,0,-0.100000,0.100000,0.180000,0.140000,0.166667,0.225000,-0.621385
2014-05-19 11:30:00,EB,17,0,0,0.000000,0.025000,0.050000,0.100000,0.060000,0.180000,0.137257
2014-05-23 09:30:00,EB,13,0,0,-0.200000,-0.033333,-0.100000,0.000000,-0.083333,-0.025000,0.100438
2014-05-24 07:30:00,EB,12,1,1,0.000000,0.000000,0.000000,0.100000,0.400000,,
2014-05-26 10:00:00,P,10,0,0,-0.100000,-0.250000,-0.100000,-0.080000,-0.150000,-0.500000,0.104834
2014-05-27 15:30:00,P,9,0,0,0.000000,-0.050000,0.033333,0.100000,0.214286,0.585714,0.090962
2014-05-27 17:00:00,EB,9,0,0,-0.300000,0.100000,0.200000,0.250000,0.300000,0.480000,-0.070536
2014-05-28 07:00:00,EB,8,0,1,,-0.300000,-0.600000,0.250000,,0.100000,
2014-05-28 15:00:00,EB,8,0,0,-0.100000,-0.100000,-0.000000,-0.050000,0.000000,-0.050000,-0.041339
2014-05-30 17:15:00,EB,6,0,1,0.000000,,0.100000,0.100000,0.200000,-0.400000,
2014-05-31 10:00:00,EB,5,1,0,,,,,,,
2014-06-02 12:30:00,EB,3,0,0,0.033333,0.100000,0.100000,-0.100000,-0.100000,0.033333,0.012917
2014-06-04 15:00:00,EB,1,0,0,-0.150000,-0.233333,0.000000,-0.150000,-0.200000,0.180000,0.102895
2014-06-05 13:45:00,GC_ME,0,0,0,-4.233333,-3.120000,-2.466667,-0.900000,0.450000,1.228571,0.761406
2014-06-05 13:45:00,GC_PR,0,0,0,0.610000,0.975000,0.685714,1.157143,1.128571,-0.057143,0.196194
2014-06-05 14:30:00,GC_PC,0,0,0,-5.200000,-4.133333,-3.233333,-1.887500,-0.362500,0.287500,0.511971
2014-06-10 13:15:00,EB,23,0,0,-0.800000,-0.566667,-0.375000,-0.200000,-0.240000,-0.125000,-0.132472
2014-06-11 10:15:00,EB,22,0,0,-0.300000,-0.450000,-0.400000,-0.566667,-0.300000,-0.525000,-0.000303
2014-06-11 11:00:00,P,22,0,0,-0.000000,-0.266667,-0.340000,-0.360000,-0.400000,-0.500000,-0.216635
2014-06-20 10:15:00,EB,13,0,0,0.200000,0.100000,0.200000,0.328571,0.400000,0.437500,0.181584
2014-06-23 09:00:00,EB,10,0,1,-0.200000,0.125000,0.140000,-0.150000,-0.333333,-0.633333,
2014-06-23 14:00:00,EB,10,0,0,-0.300000,-0.200000,-0.133333,0.100000,0.100000,-0.033333,-0.050066
2014-06-24 15:50:00,EB,9,0,0,0.100000,0.200000,0.100000,0.100000,0.033333,0.128571,0.231518
2014-07-03 13:45:00,GC_ME,0,0,0,-0.200000,-0.200000,-0.450000,-0.325000,-0.500000,-0.616667,0.482527
2014-07-03 13:45:00,GC_PR,0,0,0,0.000000,-0.200000,0.000000,0.025000,-0.025000,-0.075000,0.007348
2014-07-03 14:30:00,GC_PC,0,0,0,-0.200000,-0.200000,-0.266667,-0.328571,-0.480000,-0.616667,0.537318
2014-07-03 19:15:00,EB,35,0,1,,,0.100000,0.100000,,-0.100000,
2014-07-03 19:15:00,EB,35,0,1,,,0.100000,0.100000,,-0.100000,
2014-07-06 10:15:00,EB,32,1,0,,,,,,,
2014-07-07 18:00:00,EB,31,0,1,,,,,0.100000,-0.100000,
2014-07-09 08:10:00,EB,29,0,1,-0.200000,-0.120000,-0.125000,-0.100000,0.100000,0.033333,
2014-07-09 09:00:00,EB,29,0,1,-0.266667,-0.200000,0.033333,0.133333,0.175000,0.175000,
2014-07-09 20:30:00,P,29,0,1,0.000000,0.000000,0.000000,0.000000,0.000000,0.000000,
2014-07-13 16:00:00,EB,25,1,0,,,,,,,
2014-07-14 19:30:00,P,24,0,1,,,0.000000,,-0.100000,-0.100000,
2014-07-23 13:30:00,EB,15,0,0,0.000000,-0.100000,0.400000,-0.100000,-0.100000,-0.020000,-0.021853
2014-07-26 13:00:00,EB,12,1,0,,,,,,,
2014-08-07 13:45:00,GC_ME,0,0,0,0.050000,0.066667,0.150000,0.233333,0.233333,0.100000,0.018381
2014-08-07 13:45:00,GC_PR,0,0,0,-0.100000,0.100000,0.033333,0.200000,0.050000,0.333333,0.305911
2014-08-07 14:30:00,GC_PC,0,0,0,0.000000,0.100000,0.100000,0.180000,0.150000,-0.150000,-0.374348
2014-08-22 20:30:00,P,13,0,1,,,,,,,
2014-09-02 11:15:00,EB,2,0,0,-0.100000,-0.200000,-0.066667,-0.350000,-0.666667,-0.550000,-0.066315
2014-09-03 11:30:00,EB,1,0,0,-0.100000,0.100000,-0.200000,0.050000,0.200000,0.200000,-0.090240
2014-09-04 13:45:00,GC_ME,0,0,0,-5.466667,-5.433333,-5.366667,-5.050000,-4.400000,-4.150000,0.999252
2014-09-04 13:45:00,GC_PR,0,0,0,-3.150000,-4.000000,-4.550000,-4.525000,-4.820000,-5.140000,0.537345
2014-09-04 14:30:00,GC_PC,0,0,0,-1.800000,-2.533333,-2.033333,-0.200000,0.760000,1.075000,0.547252
2014-09-08 12:15:00,EB,24,0,0,-0.100000,0.000000,0.200000,0.100000,0.000000,0.000000,-0.140610
2014-09-08 15:30:00,EB,24,0,0,0.100000,0.000000,-0.100000,0.000000,-0.100000,-0.100000,0.167398
2014-09-10 17:00:00,EB,22,0,0,,,,0.000000,-0.200000,-0.166667,0.093486
2014-09-11 21:00:00,P,21,0,1,,,,,,,
2014-09-17 11:00:00,EB,15,0,0,0.000000,0.000000,-0.100000,0.100000,0.100000,0.100000,-0.007717
2014-09-20 01:00:00,EB,12,1,1,,,,,,,
2014-09-21 06:00:00,EB,11,1,1,,,,,,,
2014-09-22 12:30:00,EB,10,0,0,0.000000,0.000000,0.100000,0.400000,-0.100000,0.166667,0.136216
2014-09-22 15:00:00,P,10,0,0,0.000000,0.000000,0.000000,0.100000,0.066667,-0.100000,0.042861
2014-09-25 09:00:00,P,7,0,1,0.000000,-0.000000,-0.100000,-0.250000,-0.350000,-0.625000,
2014-09-26 12:15:00,EB,6,0,0,0.000000,0.000000,0.000000,-0.400000,-0.200000,-0.275000,0.016474
2014-09-26 17:00:00,EB,6,0,0,,,,-0.100000,,0.100000,0.143392
2014-09-30 09:45:00,EB,2,0,0,-0.100000,0.000000,0.050000,0.033333,0.033333,0.100000,-0.107863
2014-10-02 13:45:00,GC_ME,0,0,0,0.500000,,0.000000,0.150000,0.200000,0.200000,-1.598282
2014-10-02 13:45:00,GC_PR,0,0,0,-0.200000,-0.100000,0.100000,0.100000,0.000000,0.050000,-0.191882
2014-10-02 14:30:00,GC_PC,0,0,0,0.500000,,0.100000,0.200000,0.033333,0.150000,-1.438779
2014-10-09 17:00:00,P,28,0,0,,,0.000000,,0.000000,0.433333,0.218062
2014-10-10 16:00:00,P,27,0,0,,-0.100000,0.000000,0.100000,0.000000,-0.300000,-0.621369
2014-10-10 20:00:00,EB,27,0,1,0.000000,0.000000,,,0.000000,,
2014-10-13 14:00:00,EB,24,0,0,0.000000,0.100000,0.200000,-0.033333,-0.050000,0.000000,0.225751
2014-10-15 09:00:00,P,22,0,1,-0.475000,-0.433333,-0.320000,-0.300000,-0.275000,-0.600000,
2014-10-17 08:45:00,EB,20,0,1,0.300000,-0.050000,-0.200000,0.033333,-0.133333,-0.025000,
2014-10-17 09:45:00,EB,20,0,0,0.000000,0.175000,0.100000,-0.233333,-0.140000,0.333333,0.997003
2014-10-17 10:00:00,EB,20,0,0,0.000000,0.100000,0.150000,-0.075000,0.340000,0.450000,0.416611
2014-10-20 13:50:00,EB,17,0,0,0.000000,0.000000,-2.700000,0.100000,-0.166667,0.150000,0.076224
2014-10-22 15:40:00,EB,15,0,0,0.000000,-0.200000,0.000000,-0.050000,-0.166667,-0.100000,0.210385
2014-10-22 19:45:00,EB,15,0,1,,,,,0.000000,-0.100000,
2014-10-24 16:30:00,P,13,0,0,,-0.700000,-0.600000,-0.200000,-0.100000,0.100000,0.095033
2014-11-03 13:00:00,EB,3,0,0,-0.300000,-0.050000,-0.300000,-0.100000,0.133333,-0.033333,-0.052037
2014-11-04 08:40:00,EB,2,0,1,-0.100000,0.100000,-0.100000,0.400000,0.300000,0.100000,
2014-11-06 13:45:00,GC_ME,0,0,0,0.400000,-0.050000,-0.066667,0.033333,-0.300000,-0.325000,1.200708
2014-11-06 13:45:00,GC_PR,0,0,0,0.400000,-0.200000,-0.250000,-0.100000,-0.175000,0.100000,-0.296855
2014-11-06 14:30:00,GC_PC,0,0,0,-0.200000,-0.700000,0.200000,0.033333,-0.350000,-0.375000,1.373514
2014-11-07 16:15:00,EB,27,0,0,0.200000,-0.200000,-0.400000,-0.300000,0.433333,0.000000,0.556692
2014-11-07 23:00:00,EB,27,0,1,,,,,,,
2014-11-10 19:00:00,EB,24,0,1,,0.000000,0.000000,0.000000,0.000000,0.100000,
2014-11-12 15:00:00,P,22,0,0,-1.400000,-0.950000,-0.800000,-0.100000,-0.100000,0.000000,-0.028160
2014-11-13 08:00:00,EB,21,0,1,0.000000,0.000000,0.000000,-0.100000,-0.200000,0.300000,
2014-11-13 14:15:00,EB,21,0,0,0.000000,-0.566667,-0.300000,0.050000,-0.200000,-0.175000,-0.292915
2014-11-14 22:00:00,EB,20,0,1,,,,,,1.000000,
2014-11-17 10:00:00,EB,17,0,0,0.100000,-0.100000,-0.100000,0.100000,0.200000,-0.066667,-0.450205
2014-11-17 14:30:00,EB,17,0,0,-0.200000,-0.200000,-0.433333,0.100000,-0.012500,-0.000000,-0.205584
2014-11-17 15:45:00,EB,17,0,0,-0.200000,-0.200000,-0.100000,0.050000,-0.050000,0.100000,0.968245
2014-11-17 17:00:00,P,17,0,0,,-0.600000,-0.100000,0.000000,,0.100000,0.048325
2014-11-18 09:30:00,EB,16,0,0,-0.466667,0.200000,0.000000,0.100000,-0.133333,0.050000,0.235317
2014-11-19 10:00:00,EB,15,0,0,0.070000,-0.350000,-0.025000,0.250000,0.066667,0.475000,0.521041
2014-11-20 15:30:00,EB,14,0,0,0.000000,-0.100000,-0.900000,0.100000,0.040000,0.025000,0.335662
2014-11-20 16:30:00,EB,14,0,0,-0.125000,,-0.100000,-0.100000,0.100000,0.100000,0.300535
2014-11-20 16:30:00,P,14,0,0,-0.125000,,-0.100000,-0.100000,0.100000,0.100000,0.300535
2014-11-21 09:00:00,P,13,0,1,0.050000,-0.100000,-0.250000,-0.033333,0.000000,-0.480000,
2014-11-22 11:00:00,EB,12,1,0,,,,,,,
2014-11-24 11:00:00,EB,10,0,0,0.500000,0.150000,0.100000,-0.100000,0.000000,-0.100000,0.098295
2014-11-26 10:10:00,EB,8,0,0,-0.260000,-0.107143,-0.087500,-0.100000,-0.320000,-0.166667,0.180395
2014-11-27 12:30:00,P,7,0,0,-0.200000,-0.133333,-0.300000,-0.100000,-0.125000,-0.200000,0.086201
2014-11-27 15:30:00,P,7,0,0,-0.500000,-1.300000,-1.600000,0.100000,-0.300000,0.000000,0.008019
2014-11-29 11:30:00,EB,5,1,0,,,,,,,
2014-12-04 13:45:00,GC_ME,0,0,0,0.133333,0.350000,0.300000,0.775000,0.783333,0.980000,-1.618653
2014-12-04 13:45:00,GC_PR,0,0,0,-0.520000,-0.050000,-0.100000,0.100000,-0.075000,0.066667,-0.149574
2014-12-04 14:30:00,GC_PC,0,0,0,-0.166667,-0.100000,0.000000,0.725000,0.900000,0.925000,-1.463717
2014-12-09 18:00:00,EB,44,0,1,,,,0.100000,0.200000,-0.100000,
2014-12-10 16:00:00,EB,43,0,0,-0.600000,-0.300000,-0.200000,0.125000,0.100000,0.033333,-0.839001
2015-01-22 13:45:00,GC_ME,0,0,0,-0.145000,-0.436667,-0.343333,-0.529000,-1.451667,-2.086000,0.485625
2015-01-22 13:45:00,GC_PR,0,0,0,0.106667,-0.102500,0.057500,0.318000,0.142500,0.043333,0.312843
2015-01-22 14:30:00,GC_PC,0,0,0,-0.395000,-0.460000,-0.880000,-0.756667,-1.479167,-2.060000,0.244365
2015-01-25 11:00:00,EB,39,1,0,,,,,,,
2015-01-29 10:10:00,EB,35,0,0,1.600000,0.000000,0.070000,0.018333,0.040000,0.069000,0.260058
2015-01-29 17:30:00,EB,35,0,1,-1.100000,-0.700000,-0.100000,-0.125000,0.300000,0.307000,
2015-01-31 11:10:00,EB,33,1,0,,,,,,,
2015-02-02 09:05:00,EB,31,0,1,0.100000,0.020000,0.038333,-0.002500,-0.017500,0.333750,
2015-02-05 12:30:00,EB,28,0,0,-0.400000,0.066667,0.033333,-0.072500,0.123333,0.053750,0.107474
2015-02-11 08:00:00,EB,22,0,1,0.005000,0.300000,0.200000,0.250000,0.000000,-0.300000,
2015-02-12 10:05:00,EB,21,0,0,-0.205000,-0.100000,0.001667,-0.348000,-0.148333,-0.095000,0.585527
2015-02-12 19:10:00,EB,21,0,1,,,,-0.100000,-0.200000,-0.100000,
2015-02-13 19:00:00,EB,20,0,1,,0.100000,0.100000,0.100000,0.100000,0.300000,
2015-02-24 15:00:00,P,9,0,0,0.695000,-0.221667,-0.265000,-0.062000,-0.015000,0.110000,0.040288
2015-02-25 17:30:00,P,8,0,1,-0.100000,,,0.000000,0.100000,0.200000,
2015-02-27 19:20:00,EB,6,0,1,,,,-0.100000,,0.100000,
2015-03-05 13:45:00,GC_ME,0,0,0,-0.700000,-0.950000,-1.200000,-0.200000,-0.100000,-0.020000,-0.065869
2015-03-05 13:45:00,GC_PR,0,0,0,-1.200000,-0.566667,-1.500000,0.000000,0.416667,0.275000,0.033488
2015-03-05 14:30:00,GC_PC,0,0,0,-0.300000,-1.150000,-1.566667,-0.200000,-0.175000,-0.341667,-0.123364
2015-03-10 09:00:00,EB,36,0,1,0.600000,0.000000,0.100000,-0.175000,-0.275000,-0.450000,
2015-03-11 09:00:00,P,35,0,1,0.100000,-0.450000,-0.150000,-0.100000,0.000000,0.350000,
2015-03-11 09:30:00,EB,35,0,0,0.000000,-0.100000,0.000000,0.000000,-0.033333,0.100000,0.522379
2015-03-12 08:45:00,EB,34,0,1,0.200000,0.200000,-0.050000,0.100000,0.050000,0.100000,
2015-03-16 19:45:00,P,30,0,1,,,,,,,
2015-03-16 20:10:00,EB,30,0,1,,,,,,-0.100000,
2015-03-17 11:00:00,P,29,0,0,0.000000,-2.300000,-0.400000,0.153000,-0.340000,0.046250,-0.387913
2015-03-17 11:45:00,EB,29,0,0,0.000000,-0.150000,-0.060000,0.091667,0.055000,0.065000,-0.612321
2015-03-18 10:45:00,EB,28,0,0,-0.300000,-0.258750,-0.450000,-0.045000,-0.294000,-0.383000,-0.281619
2015-03-18 11:00:00,P,28,0,0,-0.300000,-0.052500,-0.300000,-0.177000,-0.161250,-0.331667,-0.494318
2015-03-23 11:00:00,EB,23,0,0,0.005000,0.300000,0.070000,0.160000,0.220000,0.212000,-0.053843
2015-03-25 12:25:00,EB,21,0,0,-1.855000,1.745000,-0.240000,-0.020000,-0.245000,-0.138333,-0.020780
2015-03-26 14:15:00,P,20,0,0,-0.300000,-0.800000,-0.557500,-0.068750,-0.025000,-0.023750,-0.042638
2015-04-11 20:30:00,EB,4,1,1,,,,,,,
2015-04-15 13:45:00,GC_ME,0,0,0,0.100000,0.053333,-0.718750,0.172000,0.247500,0.622500,0.149460
2015-04-15 13:45:00,GC_PR,0,0,0,0.200000,-0.026667,-0.713750,-0.250000,-0.003750,0.043750,-0.002627
2015-04-15 14:30:00,GC_PC,0,0,0,0.021667,-0.206000,-0.256000,0.293000,0.446250,0.540000,0.104759
2015-04-16 15:00:00,EB,48,0,0,-0.205000,-0.565000,-0.108750,-0.151250,-0.274000,-0.095000,0.325997
2015-04-16 21:00:00,EB,48,0,1,,,,,,,
2015-04-17 21:30:00,P,47,0,1,,,,,,,
2015-04-18 18:00:00,P,46,1,1,,,,,,,
2015-04-20 15:00:00,EB,44,0,0,-0.920000,-3.700000,-0.675000,-0.093333,-0.090000,-0.081250,0.261590
2015-04-23 09:45:00,EB,41,0,0,-0.100000,0.220000,0.118333,0.045000,-0.007500,-0.030000,-0.852648
2015-04-24 11:30:00,P,40,0,0,0.000000,0.010000,0.020000,0.081667,0.010000,-0.139000,-0.518641
2015-04-24 20:00:00,EB,40,0,1,,,0.100000,0.100000,0.100000,-0.700000,
2015-04-27 14:00:00,EB,37,0,0,0.000000,-1.100000,-0.005000,0.015000,0.010000,0.150000,0.260990
2015-05-07 18:45:00,EB,27,0,1,,0.000000,,,-0.100000,-0.033333,
2015-05-08 14:30:00,EB,26,0,0,-0.005000,-0.100000,-0.015000,-0.015000,-0.147000,-0.416667,0.717886
2015-05-13 08:45:00,EB,21,0,1,-0.092500,-0.008333,-0.101667,-0.238333,-0.171000,-0.128333,
2015-05-13 18:00:00,EB,21,0,1,,0.000000,-0.266667,-0.260000,-0.115000,0.260000,
2015-05-14 17:00:00,P,20,0,0,1.000000,0.500000,-0.100000,0.100000,-0.048333,0.180000,0.165728
2015-05-18 08:00:00,EB,16,0,1,,0.000000,-0.000000,0.100000,-0.050000,0.100000,
2015-05-19 10:30:00,EB,15,0,0,-0.015000,0.112500,0.321250,-0.011000,0.015000,-0.085000,-0.262447
2015-05-22 10:00:00,P,12,0,0,-0.113333,-0.003333,-0.200000,-0.006667,0.025000,0.016250,-0.069798
2015-05-30 10:00:00,EB,4,1,0,,,,,,,
2015-06-03 13:45:00,GC_ME,0,0,0,0.005000,-0.005000,-0.011667,0.214000,0.485000,0.837500,-0.319152
2015-06-03 13:45:00,GC_PR,0,0,0,-0.010000,0.102500,0.130000,0.068000,0.077500,0.118333,0.165548
2015-06-03 14:30:00,GC_PC,0,0,0,0.020000,0.042500,0.077500,0.235000,0.392500,0.632500,-0.588103
2015-06-04 08:00:00,EB,42,0,1,,-0.900000,0.100000,0.100000,-0.337500,-0.300000,
2015-06-08 10:00:00,EB,38,0,0,-0.010000,0.200000,0.010000,0.092500,0.158000,0.235000,0.182882
2015-06-08 16:00:00,EB,38,0,0,0.000000,0.010000,0.020000,0.036250,0.015000,0.151667,0.290684
2015-06-11 17:45:00,EB,35,0,1,0.000000,,,0.500000,-0.131250,-0.500000,
2015-06-15 11:45:00,EB,31,0,0,0.200000,0.025000,0.070000,-0.073750,0.092500,0.000000,-0.354090
2015-06-15 15:00:00,P,31,0,0,0.100000,-0.090000,-0.125000,-0.118750,0.012500,-0.016667,0.120421
2015-06-16 16:30:00,EB,30,0,0,,0.100000,-0.200000,0.266667,0.050000,-0.295000,0.669096
2015-06-24 16:00:00,EB,22,0,0,,0.010000,0.010000,-0.073333,0.070000,0.200000,0.037340
2015-06-30 19:00:00,EB,16,0,1,,0.000000,0.000000,0.000000,-0.100000,-0.100000,
2015-07-02 17:10:00,EB,14,0,1,0.005000,-0.700000,-0.195000,0.162500,0.030000,-0.230000,-0.258049
2015-07-03 08:00:00,EB,13,0,1,,,0.000000,0.000000,-0.200000,-0.200000,
2015-07-05 08:00:00,EB,11,1,1,,,,,,,
2015-07-14 16:45:00,EB,2,0,0,,,,0.100000,-0.060000,0.019167,0.166493
2015-07-16 13:45:00,GC_ME,0,0,0,0.000000,0.000000,-0.100000,0.095000,0.000000,0.467500,0.055420
2015-07-16 13:45:00,GC_PR,0,0,0,0.000000,0.000000,0.000000,0.050000,-0.107500,0.192500,0.075252
2015-07-16 14:30:00,GC_PC,0,0,0,0.000000,0.000000,0.000000,0.098333,0.200000,0.547500,-0.057257
2015-08-25 12:40:00,EB,9,0,0,0.005000,-0.100000,0.005000,-0.400000,-0.175833,-0.235000,-0.105524
2015-08-26 12:40:00,EB,8,0,0,-0.005000,0.300000,0.200000,-0.100000,-0.065000,0.132500,0.935767
2015-08-27 13:15:00,EB,7,0,0,0.200000,0.000000,0.035000,0.050000,0.210000,0.090000,-0.156090
2015-08-28 18:25:00,EB,6,0,1,,,0.000000,,,,
2015-08-29 18:25:00,EB,5,1,1,,,,,,,
2015-09-03 13:45:00,GC_ME,0,0,0,-0.100000,0.047500,0.000000,-0.165000,-0.285000,-0.646667,0.968188
2015-09-03 13:45:00,GC_PR,0,0,0,0.015000,0.015000,0.062500,0.053333,-0.141667,-0.370000,0.130268
2015-09-03 14:30:00,GC_PC,0,0,0,-0.110000,0.037500,-0.010000,-0.237500,-0.344167,-0.685000,0.894511
2015-09-09 17:30:00,EB,43,0,1,,,0.020000,0.100000,0.017500,-0.076000,-0.465411
2015-09-10 10:30:00,EB,42,0,0,0.010000,0.055000,-0.020000,-0.025000,0.060000,0.193333,-0.140075
2015-09-10 13:30:00,EB,42,0,0,0.000000,0.000000,0.005000,-0.200000,0.050000,0.045000,-0.617566
2015-09-10 13:40:00,EB,42,0,0,0.000000,0.000000,0.010000,-0.200000,0.005000,0.056000,-0.320272
2015-09-11 08:00:00,EB,41,0,1,,-0.800000,0.000000,-0.100000,-0.390000,-0.397500,
2015-09-18 12:30:00,EB,34,0,0,0.000000,-0.050000,-0.080000,-0.100000,-0.223750,-0.757500,-0.326196
2015-09-21 14:45:00,EB,31,0,0,0.000000,-0.200000,-0.015000,-0.090000,-0.045000,-0.016667,-0.242420
2015-09-21 18:30:00,EB,31,0,1,,,,0.000000,,,
2015-09-23 13:30:00,EB,29,0,0,0.000000,-0.050000,-0.045000,-0.025000,-0.060000,0.012500,-0.221310
2015-09-23 15:00:00,P,29,0,0,0.000000,0.105000,0.195000,0.391667,0.250000,0.991250,-0.223639
2015-09-24 18:45:00,EB,28,0,1,,,,,,0.100000,
2015-09-28 10:00:00,EB,24,0,0,0.100000,0.005000,0.020000,0.000000,0.094000,-0.147500,-0.746783
2015-09-29 19:00:00,EB,23,0,1,,,,,0.100000,0.000000,
2015-10-01 09:30:00,EB,21,0,0,0.085000,0.077500,0.117500,0.130000,-0.033333,-0.353000,0.075714
2015-10-02 03:30:00,P,20,0,1,,,,,,,
2015-10-02 16:00:00,EB,20,0,0,0.070000,0.000000,0.016667,-0.016250,0.231000,0.440000,0.999714
2015-10-06 19:00:00,P,16,0,1,,,,0.000000,0.100000,0.100000,
2015-10-08 13:15:00,EB,14,0,0,-0.015000,-0.015000,-0.020000,0.058333,-0.025000,-0.160000,0.143192
2015-10-10 01:00:00,P,12,1,1,,,,,,,
2015-10-11 15:30:00,EB,11,1,0,,,,,,,
2015-10-13 08:30:00,EB,9,0,1,0.000000,0.000000,0.000000,0.000000,-0.050000,-0.180000,
2015-10-14 03:00:00,EB,8,0,1,0.000000,0.000000,0.000000,0.000000,0.000000,0.100000,
2015-10-15 03:15:00,EB,7,0,1,-0.800000,,0.000000,0.100000,0.200000,0.200000,
2015-10-16 13:30:00,EB,6,0,0,0.000000,0.005000,0.010000,-0.045000,0.115000,0.000000,0.046438
2015-10-20 09:30:00,EB,2,0,0,0.015000,0.015000,0.015000,0.100000,0.040000,0.033333,-0.719925
2015-10-22 13:45:00,GC_ME,0,0,0,0.000000,-1.300000,-1.122500,-2.179000,-3.310000,-3.835000,2.027210
2015-10-22 13:45:00,GC_PR,0,0,0,0.310000,0.260000,-0.362500,-0.116000,-0.403000,-0.368000,-0.086459
2015-10-22 14:30:00,GC_PC,0,0,0,0.000000,-1.500000,-1.222500,-2.204167,-3.295000,-3.900000,2.061388
2015-10-26 11:45:00,EB,38,0,0,0.000000,0.020000,0.095000,0.055000,0.105000,0.100000,-0.084010
2015-10-27 23:00:00,EB,37,0,1,0.000000,,,,,0.000000,
2015-10-28 10:15:00,EB,36,0,0,0.000000,0.020000,0.050000,0.011250,0.142500,-0.100000,-0.021704
2015-10-28 15:45:00,EB,36,0,0,0.000000,0.105000,0.142500,0.308000,0.415000,0.510000,0.467512
2015-10-29 16:00:00,EB,35,0,0,0.000000,0.097500,-0.020000,0.047500,-0.140000,0.023000,0.184331
2015-11-02 09:50:00,EB,31,0,0,0.200000,0.300000,0.033333,0.004000,0.297500,0.536667,0.536593
2015-11-02 12:10:00,EB,31,0,0,0.000000,-0.015000,-0.171667,-0.010000,-0.027000,0.081667,0.214949
2015-11-03 19:30:00,P,30,0,1,,0.000000,,-0.100000,-0.100000,-0.100000,
2015-11-04 12:00:00,P,29,0,0,0.000000,-0.110000,-0.015000,0.035000,-0.081667,-0.066250,-0.024526
2015-11-04 16:20:00,EB,29,0,0,,0.132500,0.228333,0.275000,0.428000,0.748000,-0.051328
2015-11-05 11:45:00,P,28,0,0,0.000000,0.110000,0.010000,-0.030000,0.034000,-0.172000,-0.027420
2015-11-05 12:15:00,EB,28,0,0,0.000000,0.020000,-0.016250,0.035000,-0.033750,-0.052500,0.058290
2015-11-06 09:45:00,EB,27,0,0,-0.010000,-0.082500,-0.085000,-0.116667,-0.146667,-0.049167,-0.100940
2015-11-06 11:00:00,EB,27,0,0,0.200000,-0.100000,-0.127500,-0.243333,-0.200000,-0.299167,-0.154818
2015-11-09 16:15:00,EB,24,0,0,-0.005000,0.010000,0.060000,-0.051250,-0.012500,-0.344286,-0.379819
2015-11-10 12:15:00,EB,23,0,0,0.030000,0.027000,0.155000,0.148000,0.053750,-0.012000,0.336153
2015-11-11 14:15:00,P,22,0,0,-0.100000,-0.290000,-0.464000,-0.503571,-0.505625,-0.271000,-0.157436
2015-11-11 14:30:00,EB,22,0,0,-0.056667,-0.013000,-0.129000,0.259167,-0.060000,-0.203750,-0.165039
2015-11-11 17:00:00,EB,22,0,0,0.300000,0.300000,-0.100000,-0.200000,0.046000,-0.080000,0.355333
2015-11-12 09:30:00,P,21,0,0,-0.396250,-0.808000,-0.854167,-0.924000,-0.731429,-0.802500,0.343846
2015-11-12 19:45:00,EB,21,0,1,,0.000000,0.000000,-0.100000,0.000000,0.000000,
2015-11-13 10:00:00,EB,20,0,0,0.005000,0.281667,0.080000,0.295000,0.138000,0.167500,-0.274039
2015-11-16 10:30:00,EB,17,0,0,0.005000,0.300000,0.144167,0.510000,0.742000,0.955714,0.063488
2015-11-16 11:15:00,P,17,0,0,0.025000,0.075000,0.067500,0.047500,-0.008750,0.230000,-0.097763
2015-11-16 17:00:00,EB,17,0,0,0.040000,0.132500,0.015000,-0.061667,-0.077500,-0.216000,-0.050536
2015-11-16 20:30:00,EB,17,0,1,,,0.100000,0.800000,0.100000,0.100000,
2015-11-17 10:00:00,EB,16,0,0,0.092500,0.073333,0.189000,0.258000,0.348333,0.714000,0.318276
2015-11-18 09:00:00,EB,15,0,1,-0.077500,-0.086000,0.098000,0.173571,0.308750,0.330000,
2015-11-18 19:30:00,EB,15,0,1,,,,0.000000,-0.100000,-0.200000,
2015-11-19 09:00:00,EB,14,0,1,0.065000,-0.410000,-0.023000,-0.036667,0.103333,0.272857,
2015-11-19 09:30:00,EB,14,0,0,-0.005000,0.163333,0.085000,-0.052500,0.324000,0.377000,-0.034599
2015-11-20 09:00:00,P,13,0,1,0.017500,-0.181667,-0.421429,-0.355000,-0.645833,-0.880000,
2015-11-20 09:15:00,EB,13,0,1,0.002500,-0.330000,-0.478571,-0.432500,-0.580833,-0.791667,-0.515803
2015-11-20 11:00:00,EB,13,0,0,0.025000,0.177500,0.085000,0.053000,0.093750,0.378750,-0.089028
2015-11-20 14:00:00,EB,13,0,0,-0.005000,0.000000,0.025000,0.060000,-0.120000,0.053333,0.073807
2015-11-21 20:30:00,EB,12,1,1,,,,,,,
2015-11-23 16:30:00,EB,10,0,0,-0.188333,-0.195000,-0.242500,-0.213750,-0.307500,-0.325000,0.284264
2015-11-24 14:00:00,EB,9,0,0,0.230000,0.560000,0.380000,0.200000,0.667500,0.743333,-0.419583
2015-12-03 13:45:00,GC_ME,0,0,0,4.766667,5.945000,6.754000,7.908125,10.100000,11.646667,-3.580193
2015-12-03 13:45:00,GC_PR,0,0,0,4.517500,5.595000,5.723333,5.614286,5.460000,5.246667,-1.126247
2015-12-03 14:30:00,GC_PC,0,0,0,0.816667,0.952000,2.071667,2.950000,4.695000,6.336429,-2.402470
2015-12-03 16:00:00,EB,49,0,0,-0.010000,-0.035000,0.018333,0.490625,1.023571,1.890714,-0.684208
2015-12-04 18:20:00,P,48,0,1,0.100000,,0.050000,-0.150000,-0.100000,0.075000,
2015-12-07 09:00:00,EB,45,0,1,0.238333,0.038333,0.064167,-0.187500,-0.043333,-0.196667,
2015-12-09 07:00:00,EB,43,0,1,,,-1.195000,-0.240000,-0.240000,0.000000,
2015-12-10 12:30:00,EB,42,0,0,0.000000,-0.075000,0.037500,-0.033333,-0.166667,-0.508333,-0.460389
2015-12-11 12:30:00,EB,41,0,0,0.000000,-0.015000,-0.030000,-0.026667,-0.317000,-0.272500,0.106116
2015-12-14 12:00:00,P,38,0,0,0.100000,-0.015000,0.183333,-0.110000,-0.127500,-0.286429,-1.111751
2016-01-12 11:30:00,EB,9,0,0,0.050000,0.020000,-0.035000,-0.004000,-0.017500,-0.077500,0.591857
2016-01-12 20:00:00,EB,9,0,1,0.000000,0.000000,0.000000,0.000000,0.100000,-0.100000,
2016-01-13 12:00:00,EB,8,0,0,0.030000,0.057000,0.085000,-0.051667,0.060000,-0.001000,-0.345602
2016-01-15 15:10:00,EB,6,0,0,-0.140000,-0.030000,-0.030000,0.113750,0.406250,0.624000,-0.255446
2016-01-18 09:15:00,EB,3,0,1,0.155000,-0.030000,0.045000,0.113750,0.037000,0.217000,0.311931
2016-01-21 13:45:00,GC_ME,0,0,0,0.700000,-0.200000,-1.525000,-2.525000,-3.703000,-4.315000,0.401518
2016-01-21 13:45:00,GC_PR,0,0,0,0.790000,0.255000,-0.335000,-0.320000,-0.075000,-0.731000,0.333277
2016-01-21 14:30:00,GC_PC,0,0,0,0.300000,-0.533333,-1.850000,-2.920000,-3.743000,-4.124000,-0.393551
2016-01-22 08:45:00,P,48,0,1,-0.055000,-0.070000,-0.075000,-0.111000,-0.064000,0.128333,
2016-01-22 13:00:00,EB,48,0,0,-0.030000,0.025000,0.051250,-0.195000,-0.285000,-0.156000,0.318503
2016-01-25 19:00:00,EB,45,0,1,,,,0.200000,0.100000,0.266667,
2016-01-25 19:00:00,P,45,0,1,,,,0.200000,0.100000,0.266667,
2016-01-27 09:00:00,EB,43,0,1,0.100000,-0.200000,0.030000,0.062500,0.110000,0.050000,
2016-01-27 12:00:00,EB,43,0,0,0.000000,0.000000,-0.010000,-0.150000,-0.010000,0.115000,-0.241715
2016-01-27 14:00:00,EB,43,0,0,0.000000,0.390000,0.520000,0.750000,0.640000,0.925000,0.299770
2016-02-01 10:15:00,EB,38,0,0,0.000000,-0.047500,0.005000,-0.106667,0.013333,-0.250833,-0.665828
2016-02-01 17:00:00,P,38,0,0,,0.015000,0.225000,0.187500,-0.195000,0.151667,0.242226
2016-02-04 09:00:00,P,35,0,1,0.100000,-0.026250,0.460000,-0.078000,-0.135000,0.150000,
2016-02-04 13:00:00,EB,35,0,0,0.000000,-0.070000,-0.080000,-0.105000,-0.029000,0.033333,-0.294629
2016-02-10 15:00:00,EB,29,0,0,0.000000,-0.073333,-0.030000,-0.163333,-0.185833,-0.378333,-0.476612
2016-02-15 15:00:00,P,24,0,0,0.005000,0.050000,0.010000,-0.348750,-0.554000,-0.349167,-0.282362
2016-02-22 19:00:00,EB,17,0,1,0.000000,0.200000,0.000000,0.000000,0.100000,-0.200000,
2016-02-26 19:30:00,EB,13,0,1,,0.000000,,0.100000,0.100000,-0.183333,
2016-03-01 15:05:00,EB,9,0,0,0.060000,0.040000,0.020000,0.111667,0.000000,0.540000,-0.107661
2016-03-02 09:30:00,EB,8,0,0,0.005000,0.110000,-0.086667,0.146667,0.539286,0.687000,0.314313
2016-03-02 18:00:00,EB,8,0,1,0.000000,0.000000,0.000000,0.033333,-0.196000,-0.008750,
2016-03-10 13:45:00,GC_ME,0,0,0,2.555000,2.822500,2.823000,4.018000,5.991667,6.319167,0.691010
2016-03-10 13:45:00,GC_PR,0,0,0,2.576667,2.512500,2.713000,2.190000,2.660000,2.379167,2.285624
2016-03-10 14:30:00,GC_PC,0,0,0,0.267500,0.030000,0.706000,1.637000,3.330000,4.240000,-1.353635
2016-03-21 08:45:00,EB,31,0,1,-0.100000,0.003333,-0.040000,0.015000,-0.200000,-0.386667,
2016-03-21 10:30:00,EB,31,0,0,0.000000,0.015000,0.040000,0.005000,0.040000,0.060000,0.299401
2016-03-22 17:00:00,EB,30,0,0,0.000000,0.000000,0.000000,0.000000,0.010000,-0.015000,0.693349
2016-03-23 10:30:00,EB,29,0,0,0.015000,-0.035000,0.090000,-0.087500,-0.020000,-0.060000,-0.061557
2016-04-04 10:30:00,EB,17,0,0,-0.200000,-0.005000,-1.000000,0.025000,-0.035000,-0.035000,0.306145
2016-04-07 09:00:00,EB,14,0,1,-0.005000,-0.068333,0.000000,0.000000,0.030000,-0.371250,
2016-04-07 16:00:00,P,14,0,0,0.000000,0.000000,0.000000,0.300000,-0.033333,0.200000,-0.477316
2016-04-09 08:30:00,EB,12,1,1,,,,,,,
2016-04-13 23:15:00,EB,8,0,1,0.000000,0.000000,0.000000,0.000000,0.000000,0.000000,
2016-04-15 16:30:00,P,6,0,0,0.010000,0.005000,0.015000,0.071667,0.015000,-0.030000,0.188919
2016-04-20 12:00:00,P,1,0,0,0.000000,0.015000,0.000000,0.025000,0.090000,0.325000,0.296047
2016-04-21 13:45:00,GC_ME,0,0,0,0.035000,0.035000,0.025000,0.300000,0.226667,0.115000,-0.248362
2016-04-21 13:45:00,GC_PR,0,0,0,0.040000,-0.060000,0.035000,0.100000,0.040000,-0.320000,-0.169395
2016-04-21 14:30:00,GC_PC,0,0,0,0.020000,0.095000,0.080000,0.195000,0.220000,0.200000,-0.200696
2016-04-25 12:30:00,EB,38,0,0,0.000000,0.005000,0.015000,0.000000,0.105000,0.200000,0.048077
2016-04-25 14:15:00,EB,38,0,0,0.000000,0.000000,0.000000,-0.030000,-0.070000,0.200000,-0.025027
2016-04-25 15:45:00,EB,38,0,0,0.000000,-0.035000,0.000000,-0.050000,0.010000,-0.090000,-0.322610
2016-04-26 19:00:00,EB,37,0,1,0.000000,0.000000,0.000000,0.000000,0.000000,-0.100000,
2016-05-02 16:00:00,P,31,0,0,0.000000,-0.005000,-0.010000,0.030000,0.020000,0.300000,0.072196
2016-05-02 19:00:00,EB,31,0,1,,,0.000000,0.200000,0.400000,0.400000,
2016-05-03 09:15:00,EB,30,0,1,-0.100000,0.010000,-0.005000,-0.050000,-0.167500,-0.446667,-1.137120
2016-05-03 11:00:00,EB,30,0,0,0.000000,-0.020000,-0.035000,-0.035000,-0.120000,-0.338333,-0.263405
2016-05-09 11:10:00,EB,24,0,0,0.000000,-0.025000,0.100000,-0.065000,-0.073333,-0.102500,0.181620
2016-05-11 10:45:00,EB,22,0,0,0.020000,0.055000,0.060000,0.045000,0.020000,0.021250,0.003392
2016-05-17 09:45:00,EB,16,0,0,0.000000,0.000000,-0.070000,0.040000,0.095000,0.300000,-0.231847
2016-05-20 15:00:00,EB,13,0,0,0.000000,0.000000,0.000000,0.010000,0.045000,0.000000,0.128162
2016-05-24 09:00:00,EB,9,0,1,0.000000,-0.003333,-0.015000,-0.040000,-0.102500,-0.228750,
2016-05-25 12:30:00,EB,8,0,0,0.000000,0.000000,0.000000,0.000000,0.200000,0.100000,0.078970
2016-05-25 12:30:00,EB,8,0,0,0.000000,0.000000,0.000000,0.000000,0.200000,0.100000,0.078970
2016-06-01 09:00:00,EB,1,0,1,-0.087500,-0.090000,-0.070000,-0.045000,-0.125000,-0.132500,
2016-06-02 13:45:00,GC_ME,0,0,0,-0.020000,-0.050000,-0.030000,-0.095000,-0.190000,-0.606667,-0.450677
2016-06-02 13:45:00,GC_PR,0,0,0,0.000000,-0.005000,-0.010000,-0.005000,-0.500000,-0.313333,-0.238304
2016-06-02 14:30:00,GC_PC,0,0,0,-0.020000,-0.035000,-0.015000,-0.090000,-0.190000,-0.402500,-0.144870
2016-06-02 16:00:00,P,49,0,0,0.000000,0.000000,-0.005000,0.025000,0.070000,0.037500,-0.075838
2016-06-06 10:00:00,EB,45,0,0,-0.147500,0.000000,0.000000,-0.150000,-0.085000,-0.030000,-0.375586
2016-06-06 15:45:00,EB,45,0,0,0.000000,0.000000,-0.005000,-0.095000,-0.015000,-0.010000,0.179174
2016-06-07 16:15:00,EB,44,0,0,0.000000,0.005000,0.000000,-0.090000,-0.127500,-0.167500,0.092819
2016-06-09 09:00:00,P,42,0,1,0.000000,-0.005000,-0.100000,-0.035000,-0.070000,-0.291667,
2016-06-14 18:00:00,EB,37,0,1,0.000000,0.000000,-0.100000,-0.100000,0.100000,0.100000,
2016-06-15 16:30:00,EB,36,0,0,,0.100000,-0.015000,-0.025000,-0.056667,0.068750,-0.045674
2016-06-16 17:15:00,EB,35,0,1,,,,0.010000,0.174167,0.163750,
2016-06-17 13:45:00,EB,34,0,0,0.000000,-0.200000,0.000000,0.025000,0.020000,0.063333,0.490668
2016-06-17 17:30:00,P,34,0,1,0.000000,-0.100000,0.000000,-0.100000,-0.200000,-0.473333,
2016-06-20 15:00:00,EB,31,0,0,0.100000,0.100000,-0.005000,0.070000,0.110000,0.168333,-0.256545
2016-06-20 18:30:00,EB,31,0,1,,,-0.100000,,-0.100000,-0.020000,
2016-06-21 14:30:00,EB,30,0,0,0.000000,-0.300000,0.120000,0.150000,-0.100000,-0.163333,-0.035721
2016-06-21 15:00:00,P,30,0,0,0.000000,-0.300000,-0.500000,-0.322500,-0.375000,-0.401667,0.082767
2016-06-23 13:15:00,EB,28,0,0,0.000000,-0.085000,-0.095000,-0.043333,-0.005000,-0.097500,-0.295854
2016-06-27 19:30:00,P,24,0,1,0.000000,0.000000,0.000000,-0.200000,0.066667,0.100000,
2016-06-28 10:00:00,P,23,0,0,-0.100000,0.140000,0.447500,0.181000,0.386250,0.436250,0.012665
2016-06-29 15:30:00,EB,22,0,0,0.000000,0.150000,0.195000,0.205000,0.186667,0.215000,0.039990
2016-06-29 17:30:00,EB,22,0,1,0.000000,0.000000,0.000000,-0.100000,0.000000,0.100000,
2016-07-01 09:15:00,EB,20,0,1,-0.076667,-0.080000,0.040000,-0.081667,-0.131429,0.033000,-0.766550
2016-07-01 12:00:00,EB,20,0,0,0.005000,0.005000,0.020000,0.157500,0.206000,0.125000,0.206175
2016-07-03 11:10:00,EB,18,1,0,,,,,,,
2016-07-05 14:05:00,EB,16,0,0,0.000000,0.000000,-0.105000,-0.090000,-0.080000,-0.102500,0.267523
2016-07-05 19:00:00,EB,16,0,1,0.000000,-0.200000,0.000000,-0.300000,-0.100000,-0.100000,
2016-07-06 09:00:00,P,15,0,1,0.000000,-0.400000,-0.300000,-0.033333,-0.085000,-0.100000,
2016-07-07 12:00:00,EB,14,0,0,0.020000,0.020000,0.030000,0.045000,-0.035000,-0.070833,0.129219
2016-07-07 18:00:00,EB,14,0,1,0.000000,0.000000,-0.055000,-0.095000,-0.105000,-0.008333,
2016-07-21 13:45:00,GC_ME,0,0,0,0.000000,0.300000,0.000000,1.700000,-0.131250,0.200000,0.268922
2016-07-21 13:45:00,GC_PR,0,0,0,0.400000,0.620000,0.000000,1.366667,0.250000,-0.020000,-0.037838
2016-07-21 14:30:00,GC_PC,0,0,0,-0.140000,-0.100000,-0.050000,0.186000,-0.214167,0.225000,0.225580
2016-07-28 20:00:00,EB,42,0,1,,,0.000000,0.000000,0.000000,-0.100000,
2016-08-27 18:25:00,EB,12,1,1,,,,,,,
2016-08-31 09:15:00,EB,8,0,1,0.100000,0.007500,0.090000,-0.078333,-0.176250,-0.102000,0.573096
2016-09-03 08:30:00,EB,5,1,1,,,,,,,
2016-09-08 13:45:00,GC_ME,0,0,0,1.015000,0.907500,0.656667,0.833000,1.379167,1.789000,-0.704287
2016-09-08 13:45:00,GC_PR,0,0,0,0.837500,0.932000,0.763333,0.725000,1.128333,1.142000,-0.413773
2016-09-08 14:30:00,GC_PC,0,0,0,0.226667,-0.162500,0.100000,0.160833,0.446667,0.618333,-0.369076
2016-09-13 11:00:00,P,37,0,0,-0.200000,-0.010000,-0.100000,-0.026250,0.005000,0.030000,0.005650
2016-09-13 20:00:00,EB,37,0,1,0.000000,0.000000,,0.000000,-0.100000,-0.100000,
2016-09-15 19:30:00,EB,35,0,1,0.000000,0.000000,,-0.100000,-0.100000,-0.100000,
2016-09-15 20:15:00,EB,35,0,1,0.000000,0.000000,,0.100000,,-0.100000,
2016-09-19 19:00:00,EB,31,0,1,0.000000,-0.100000,,-0.200000,0.100000,-0.100000,
2016-09-22 15:00:00,P,28,0,0,0.000000,-0.125000,-0.155000,0.032500,-0.126250,-0.235000,0.177160
2016-09-26 10:00:00,EB,24,0,0,0.100000,0.020000,0.065000,-0.050000,0.123750,-0.075000,-0.021116
2016-09-26 14:30:00,EB,24,0,0,0.000000,0.000000,-0.200000,-0.223333,-0.343333,-0.300000,-0.012733
2016-09-26 16:00:00,P,24,0,0,0.000000,0.010000,0.010000,0.005000,-0.030000,0.015000,0.207640
2016-09-27 20:00:00,EB,23,0,1,0.000000,0.000000,,0.000000,-0.100000,0.000000,
2016-09-28 10:00:00,P,22,0,0,0.005000,0.005000,-0.005000,0.035000,0.075000,0.230000,0.101310
2016-09-28 17:00:00,P,22,0,0,0.000000,-0.020000,0.000000,0.060000,0.075000,0.018333,-0.155886
2016-09-29 11:00:00,EB,21,0,0,-0.200000,-0.100000,-0.010000,-0.020000,0.060000,0.080000,-0.160094
2016-09-29 16:00:00,EB,21,0,0,0.000000,0.000000,0.010000,0.000000,-0.010000,-0.045000,-0.525580
2016-10-03 18:00:00,EB,17,0,1,0.010000,0.000000,0.000000,0.060000,0.105000,0.107500,
2016-10-04 12:50:00,EB,16,0,0,-0.025000,-0.040000,-0.075000,-0.137500,-0.295000,-0.423750,0.147239
2016-10-06 15:15:00,EB,14,0,0,0.020000,-0.030000,-0.073333,0.100000,0.040000,0.262500,0.096402
2016-10-06 22:00:00,EB,14,0,1,0.000000,0.000000,,0.000000,0.000000,0.000000,
2016-10-07 13:15:00,P,13,0,0,0.055000,0.080000,0.085000,0.127500,0.081667,0.005000,0.132021
2016-10-07 15:00:00,EB,13,0,0,0.010000,0.010000,0.000000,-0.030000,-0.240000,-0.438000,-0.204227
2016-10-08 13:30:00,EB,12,1,0,,,,,,,
2016-10-08 19:00:00,P,12,1,1,,,,,,,
2016-10-11 18:00:00,EB,9,0,1,0.000000,0.000000,0.100000,0.100000,0.100000,0.100000,
2016-10-12 11:15:00,EB,8,0,0,0.000000,-0.070000,-0.130000,-0.500000,-0.237500,-0.180000,-0.134080
2016-10-12 22:00:00,EB,8,0,1,0.000000,0.000000,,0.000000,0.000000,0.000000,
2016-10-17 11:45:00,EB,3,0,0,-0.075000,-0.085000,-0.005000,-0.203333,-0.246250,-0.428000,0.167683
2016-10-20 13:45:00,GC_ME,0,0,0,-0.050000,-0.030000,0.110000,0.070000,-0.197500,-0.200000,0.098889
2016-10-20 13:45:00,GC_PR,0,0,0,-0.015000,0.075000,0.060000,0.020000,-0.150000,-0.094000,-0.066579
2016-10-20 14:30:00,GC_PC,0,0,0,-0.040000,-0.040000,0.150000,0.086667,-0.160000,0.109000,0.196009
2016-10-25 17:30:00,P,44,0,1,0.000000,0.000000,0.000000,0.000000,0.100000,0.100000,
2016-10-26 19:00:00,EB,43,0,1,0.000000,0.000000,,0.000000,-0.100000,0.100000,
2016-10-27 19:00:00,EB,42,0,1,0.000000,0.000000,-0.100000,-0.100000,0.000000,,
2016-10-28 09:30:00,EB,41,0,0,-0.100000,-0.045000,-0.030000,-0.009286,-0.168000,-0.282857,0.077868
2016-11-03 22:00:00,EB,35,0,1,0.000000,0.000000,,0.000000,0.100000,,
2016-11-04 18:00:00,EB,34,0,1,,0.100000,0.000000,0.100000,0.200000,0.100000,
2016-11-07 10:15:00,EB,31,0,0,0.000000,-0.015000,0.095000,-0.006667,0.035000,-0.117500,0.170002
2016-11-07 18:00:00,EB,31,0,1,0.000000,0.000000,-0.100000,0.100000,0.000000,0.100000,
2016-11-09 09:30:00,EB,29,0,0,-1.400000,-0.015000,-0.005000,-0.108750,-0.056667,-0.295000,0.316292
2016-11-09 17:45:00,EB,29,0,1,0.000000,-0.100000,-0.100000,0.100000,0.200000,0.733571,
2016-11-10 15:30:00,EB,28,0,0,0.000000,-0.020000,0.005000,-0.165000,-0.220000,-0.578333,-0.333636
2016-11-10 15:50:00,EB,28,0,0,0.000000,-0.030000,0.056667,-0.090000,-0.396000,-0.706667,-0.804432
2016-11-10 18:45:00,EB,28,0,1,0.300000,,0.100000,0.000000,0.000000,0.100000,
2016-11-14 11:00:00,EB,24,0,0,0.010000,0.071667,0.081250,0.190000,0.292500,0.601000,-0.132074
2016-11-14 16:00:00,P,24,0,0,0.000000,-0.100000,-0.100000,-0.033333,-0.100000,0.012500,0.196263
2016-11-14 19:00:00,EB,24,0,1,0.000000,0.200000,,-0.100000,-0.100000,0.100000,
2016-11-15 09:30:00,EB,23,0,0,0.000000,0.112500,0.030000,0.034000,0.088750,-0.140000,-0.263735
2016-11-16 09:30:00,EB,22,0,0,-0.015000,-0.080000,-0.080000,0.062500,-0.050000,0.187000,-0.087208
2016-11-17 09:10:00,EB,21,0,1,-0.015000,-0.025000,-0.045000,-0.050000,-0.076667,-0.085000,0.098664
2016-11-17 22:45:00,EB,21,0,1,0.000000,0.000000,,0.000000,,,
2016-11-18 09:15:00,P,20,0,1,0.060000,-0.035000,-0.013333,-0.061667,-0.243333,-0.603333,-0.809470
2016-11-18 18:00:00,EB,20,0,1,0.000000,0.000000,0.100000,0.000000,0.100000,0.100000,
2016-11-21 17:10:00,EB,17,0,1,0.000000,0.000000,-0.002500,0.010000,0.070000,0.245000,0.028693
2016-11-21 17:20:00,P,17,0,1,0.000000,0.000000,-0.100000,-0.075000,0.165000,0.206667,
2016-11-24 17:10:00,EB,14,0,1,0.000000,0.000000,,0.000000,0.200000,0.300000,0.040469
2016-11-28 13:15:00,EB,10,0,0,0.100000,0.160000,0.165000,0.210000,0.185000,0.100000,0.208006
2016-11-28 15:00:00,P,10,0,0,-0.020000,-0.020000,-0.020000,-0.040000,0.060000,0.040000,-0.078590
2016-11-30 13:30:00,P,8,0,0,-0.015000,-0.085000,-0.127500,-0.143333,-0.278333,-0.136429,-0.099521
2016-12-06 15:15:00,EB,2,0,0,-0.010000,0.000000,0.015000,0.100000,0.100000,0.423333,0.127773
2016-12-08 13:45:00,GC_ME,0,0,0,0.100000,-0.097500,0.085000,-0.086667,-0.082500,-0.576000,0.763993
2016-12-08 13:45:00,GC_PR,0,0,0,0.135000,-0.110000,0.055000,-0.415000,-0.562000,-0.340000,0.326520
2016-12-08 14:30:00,GC_PC,0,0,0,-0.035000,0.030000,0.070000,0.128000,0.220000,-0.331250,0.365329
2016-12-09 16:15:00,EB,41,0,0,-0.005000,-0.085000,-0.130000,-0.080000,-0.148000,-0.141000,0.269538
2016-12-16 13:15:00,EB,34,0,0,0.000000,-0.015000,-0.010000,-0.010000,-0.055000,0.053333,-0.255135
2017-01-06 12:15:00,EB,13,0,0,0.000000,0.000000,0.000000,-0.020000,-0.010000,0.010000,0.095321
2017-01-16 13:30:00,EB,3,0,0,0.055000,0.075000,0.110000,0.050000,0.065000,0.120000,0.012121
2017-01-16 16:30:00,EB,3,0,0,-0.090000,-0.115000,-0.020000,-0.005000,-0.025000,-0.060000,0.059130
2017-01-19 13:45:00,GC_ME,0,0,0,-0.055000,0.005000,-0.075000,-0.015000,-0.055000,-0.241667,0.354611
2017-01-19 13:45:00,GC_PR,0,0,0,-0.060000,-0.010000,-0.070000,-0.040000,-0.098333,-0.335000,-0.048011
2017-01-19 14:30:00,GC_PC,0,0,0,-0.020000,0.015000,-0.047500,0.020000,0.090000,0.058333,0.382979
2017-01-20 11:45:00,EB,48,0,0,-0.033333,-0.142500,0.040000,0.100000,0.172500,0.148333,0.256816
2017-01-20 15:15:00,EB,48,0,0,0.000000,0.015000,0.040000,0.038750,0.253333,0.361000,0.177593
2017-01-23 12:30:00,P,45,0,0,-0.105000,-0.117500,-0.180000,-0.080000,-0.128750,-0.180000,0.107099
2017-01-23 14:15:00,EB,45,0,0,0.005000,-0.030000,0.010000,0.010000,-0.025000,-0.073333,-0.146383
2017-01-24 16:15:00,EB,44,0,0,0.000000,0.050000,0.005000,0.200000,0.292500,0.365000,-0.029914
2017-01-24 19:00:00,EB,44,0,1,0.000000,0.000000,-0.005000,-0.020000,-0.025000,0.085000,
2017-01-26 12:00:00,EB,42,0,0,0.000000,-0.005000,-0.010000,0.040000,-0.025000,-0.045000,-0.149251
2017-01-31 09:00:00,P,37,0,1,0.100000,0.008333,0.247500,0.253333,0.428333,0.866250,
2017-01-31 13:15:00,EB,37,0,0,0.000000,-0.005000,-0.010000,-0.020000,-0.205000,-0.203000,-0.031218
2017-01-31 15:30:00,EB,37,0,0,0.000000,-0.055000,-0.071667,-0.220000,-0.337500,-0.557500,-0.632569
2017-02-02 13:15:00,P,35,0,0,0.000000,-1.490000,0.030000,0.090000,0.170000,-0.046667,0.119479
2017-02-02 18:00:00,EB,35,0,1,0.000000,0.040000,0.060000,0.020000,0.177500,0.397500,
2017-02-02 19:45:00,EB,35,0,1,0.000000,0.000000,,0.000000,0.000000,-0.010000,
2017-02-03 13:45:00,EB,34,0,0,0.000000,-0.015000,-0.030000,0.035000,0.100000,0.060000,0.086145
2017-02-06 15:00:00,P,31,0,0,0.000000,0.050000,0.410000,0.326250,0.388750,0.805000,0.060733
2017-02-10 10:50:00,EB,27,0,0,0.000000,0.100000,0.100000,0.174000,0.133333,0.427000,-0.004878
2017-02-16 15:00:00,EB,21,0,0,0.005000,0.005000,0.015000,0.015000,0.040000,0.163750,0.042863
2017-02-23 09:55:00,EB,14,0,0,-0.060000,-0.105000,-0.040000,-0.200000,-0.125000,-0.408750,0.105271
2017-02-23 12:00:00,EB,14,0,0,0.035000,0.055000,0.050000,0.025000,0.020000,0.038750,-0.084935
2017-03-02 20:30:00,EB,7,0,1,0.000000,,,0.000000,0.000000,0.200000,
2017-03-06 18:40:00,EB,3,0,1,0.000000,0.000000,0.010000,0.000000,0.005000,0.000000,
2017-03-09 13:45:00,GC_ME,0,0,0,-0.070000,-0.095000,-0.020000,-0.112500,0.445000,2.144167,0.393460
2017-03-09 13:45:00,GC_PR,0,0,0,0.020000,-0.010000,-0.100000,-0.193333,-0.206000,-0.809167,-0.055492
2017-03-09 14:30:00,GC_PC,0,0,0,-0.050000,-0.055000,0.035000,0.130000,0.960000,3.144286,0.427846
2017-03-13 13:45:00,EB,45,0,0,0.020000,0.015000,0.030000,-0.010000,0.066667,0.547000,0.068817
2017-03-13 14:30:00,P,45,0,0,-0.050000,-0.040000,-0.050000,-0.227500,-0.326250,-0.299000,0.101259
2017-03-15 10:30:00,EB,43,0,0,0.100000,0.020000,-0.056667,-0.015000,-0.346667,-0.522000,-0.115286
2017-03-16 19:00:00,EB,42,0,1,0.000000,0.100000,0.020000,0.100000,0.232500,1.166000,
2017-03-22 12:30:00,EB,36,0,0,-0.100000,-0.100000,0.030000,-0.055000,-0.058333,-0.116250,-0.047407
2017-03-23 15:45:00,EB,35,0,0,0.000000,0.000000,0.010000,0.068333,0.117000,0.307857,0.460584
2017-03-27 13:00:00,EB,31,0,0,0.000000,-0.010000,-0.015000,-0.080000,-0.165000,-0.033333,-0.003498
2017-03-27 14:00:00,EB,31,0,0,0.000000,-0.200000,-0.060000,-0.055000,0.118750,0.362500,-0.120695
2017-03-28 09:00:00,EB,30,0,1,-1.000000,-0.060000,-0.090000,-0.195000,-0.182500,-0.343000,
2017-03-28 13:45:00,EB,30,0,0,0.000000,0.025000,0.080000,0.200000,0.140000,-0.123000,-0.122298
2017-03-29 18:50:00,EB,29,0,1,0.000000,0.000000,-0.030000,0.000000,-0.100000,-0.150000,
2017-03-30 08:00:00,EB,28,0,1,-0.100000,-0.100000,0.690000,0.083333,-0.020000,-0.223750,
2017-03-30 12:00:00,EB,28,0,0,0.000000,-0.001667,-0.005000,-0.037500,-0.036000,-0.040000,-0.063422
2017-03-31 11:00:00,EB,27,0,0,0.100000,0.000000,0.005000,-0.060000,-0.090000,-0.237500,0.181632
2017-04-03 08:30:00,EB,24,0,1,-0.145000,-1.300000,-0.073750,-0.076667,-0.303333,-0.125000,
2017-04-04 12:30:00,EB,23,0,0,0.000000,0.000000,0.100000,0.005000,0.170000,0.205000,0.112494
2017-04-04 15:30:00,P,23,0,0,-0.010000,0.000000,-0.030000,0.072500,-0.047500,-0.065000,0.090223
2017-04-06 09:00:00,P,21,0,1,0.300000,-0.300000,-0.020000,-0.020000,-0.060000,0.081667,
2017-04-06 09:30:00,EB,21,0,0,0.300000,-0.300000,-0.020000,-0.005000,0.105000,0.372000,0.200930
2017-04-06 13:45:00,EB,21,0,0,0.000000,0.000000,-0.025000,-0.060000,-0.100000,-0.295000,0.187355
2017-04-06 18:40:00,EB,21,0,1,0.000000,0.000000,,0.000000,0.005000,-0.015000,
2017-04-08 08:30:00,EB,19,1,1,,,,,,,
2017-04-10 15:00:00,EB,17,0,0,-0.035000,0.000000,-0.080000,-0.090000,-0.179000,-0.442500,0.057758
2017-04-19 14:00:00,EB,8,0,0,3.700000,0.005000,0.005000,0.020000,0.097500,0.122000,-0.141675
2017-04-19 16:30:00,EB,8,0,0,0.000000,0.000000,-0.005000,-0.015000,0.200000,0.133750,-0.030970
2017-04-21 16:00:00,P,6,0,0,-0.005000,-0.021667,0.000000,-0.062500,0.023333,-0.235833,0.078704
2017-04-27 13:45:00,GC_ME,0,0,0,-0.165000,-0.140000,-0.205000,-0.107143,-0.394000,-0.724286,0.025238
2017-04-27 13:45:00,GC_PR,0,0,0,-0.015000,-0.067500,-0.182500,-0.086250,-0.020000,-0.111667,-0.027482
2017-04-27 14:30:00,GC_PC,0,0,0,-0.145000,-0.150000,-0.090000,-0.098571,-0.283333,-0.565714,0.018507
2017-05-04 12:30:00,EB,35,0,0,0.000000,-0.047500,0.100000,-0.173333,-0.050833,-0.105833,0.104574
2017-05-04 13:00:00,EB,35,0,0,0.000000,0.015000,0.020000,-0.077500,0.033333,-0.017500,0.050900
2017-05-04 13:35:00,EB,35,0,0,0.000000,0.015000,0.020000,-0.086667,-0.125000,-0.170833,-0.077395
2017-05-04 17:30:00,P,35,0,1,0.000000,-0.031667,0.175000,0.745000,0.890000,0.745000,
2017-05-10 13:00:00,P,29,0,0,0.000000,0.000000,0.020000,0.075000,0.140000,0.223333,0.058236
2017-05-11 18:30:00,EB,28,0,1,-0.200000,-0.100000,0.005000,0.000000,0.015000,-0.040000,
2017-05-15 13:45:00,EB,24,0,0,0.000000,0.000000,0.000000,-0.030000,-0.117500,-0.260000,0.014329
2017-05-16 19:00:00,EB,23,0,1,0.000000,0.000000,-0.010000,0.000000,0.000000,0.200000,
2017-05-18 09:50:00,EB,21,0,0,-0.025000,-0.050000,-0.025000,0.232500,-0.020000,-0.315000,-0.153356
2017-05-18 14:30:00,EB,21,0,0,0.000000,0.010000,0.030000,0.127500,0.193333,0.570000,0.199244
2017-05-18 14:45:00,EB,21,0,0,0.000000,0.005000,0.030000,0.080000,0.264000,0.611000,0.250181
2017-05-18 19:00:00,P,21,0,1,,-0.015000,,-0.010000,-0.010000,0.010000,
2017-05-19 11:00:00,EB,20,0,0,0.000000,0.020000,0.040000,0.100000,0.175000,0.345000,0.124869
2017-05-19 14:00:00,EB,20,0,0,0.000000,0.005000,0.010000,-0.001667,0.026667,-0.026667,0.011463
2017-05-23 17:00:00,EB,16,0,0,0.000000,-0.010000,,0.015000,0.025000,0.278333,0.084075
2017-05-24 10:30:00,EB,15,0,0,-0.005000,0.000000,-0.010000,-0.020000,-0.030000,0.011667,-0.029215
2017-05-24 14:45:00,P,15,0,0,-0.010000,-0.010000,-0.020000,0.000000,-0.100000,-0.122500,-0.035382
2017-05-25 18:15:00,EB,14,0,1,0.000000,0.005000,-0.005000,0.010000,0.005000,-0.138333,
2017-05-29 15:00:00,EB,10,0,0,-0.010000,0.000000,-0.010000,0.015000,0.015000,-0.070000,0.062990
2017-05-31 09:20:00,EB,8,0,0,-0.005000,0.000000,0.000000,-0.015000,0.040000,-0.042500,0.030319
2017-05-31 14:30:00,EB,8,0,0,-0.070000,-0.025000,-0.030000,-0.075000,-0.152500,-0.281250,-0.051605
2017-06-01 15:50:00,EB,7,0,0,-0.020000,-0.025000,-0.030000,-0.045000,-0.105000,-0.166667,0.008702
2017-06-08 13:45:00,GC_ME,0,0,0,-0.100000,-0.102500,-0.108333,-0.102000,-0.289375,-0.562000,-0.169845
2017-06-08 13:45:00,GC_PR,0,0,0,-0.050000,-0.055000,-0.070000,-0.147000,-0.201250,-0.435000,-0.097815
2017-06-08 14:30:00,GC_PC,0,0,0,-0.050000,-0.075000,-0.088750,0.093333,-0.119286,-0.478000,-0.102929
2017-06-13 08:00:00,EB,37,0,1,0.000000,0.100000,,0.045000,0.030000,-0.010000,
2017-06-14 09:15:00,EB,36,0,1,0.000000,-0.035000,0.000000,0.035000,0.090000,0.000000,0.363886
2017-06-19 10:00:00,EB,31,0,0,0.000000,-0.195000,0.070000,-0.175000,0.050000,0.000000,-0.020666
2017-06-19 10:30:00,EB,31,0,0,0.000000,-0.010000,-0.025000,-0.025000,-0.010000,-0.100000,-0.053607
2017-06-20 16:00:00,EB,30,0,0,0.000000,-0.010000,-0.030000,-0.015000,-0.085000,-0.187500,-0.297990
2017-06-26 17:00:00,P,24,0,0,0.000000,0.015000,0.010000,0.025000,0.020000,0.050000,-0.144103
2017-06-27 10:00:00,P,23,0,0,0.000000,0.000000,-0.100000,0.140000,0.760000,1.613333,-0.254825
2017-06-30 12:30:00,EB,20,0,0,0.000000,0.000000,0.010000,0.000000,-0.068750,0.197500,-0.004874
2017-06-30 14:00:00,EB,20,0,0,0.005000,0.010000,0.010000,0.040000,0.063333,0.590000,-0.246018
2017-07-02 12:30:00,EB,18,1,0,,,,,,,
2017-07-04 14:30:00,EB,16,0,0,0.000000,-0.055000,-0.040000,-0.080000,-0.110000,-0.175000,0.008607
2017-07-04 19:40:00,EB,16,0,1,0.000000,0.000000,,0.000000,0.000000,0.000000,
2017-07-06 12:00:00,EB,14,0,0,-0.010000,-0.015000,-0.010000,0.045000,-0.021250,0.098000,-0.207950
2017-07-07 10:10:00,EB,13,0,0,-0.100000,0.005000,0.005000,0.000000,-0.003333,-0.060000,0.006945
2017-07-09 12:00:00,EB,11,1,0,,,,,,,
2017-07-11 14:00:00,EB,9,0,0,0.000000,0.000000,0.000000,0.100000,0.100000,0.345000,-0.020737
2017-07-20 13:45:00,GC_ME,0,0,0,-0.140000,-0.120000,-0.150000,-0.170000,-0.336000,-0.429167,0.056068
2017-07-20 13:45:00,GC_PR,0,0,0,-0.095000,-0.097500,-0.100000,-0.143333,-0.350000,-0.740000,0.148850
2017-07-20 14:30:00,GC_PC,0,0,0,-0.040000,-0.040000,-0.050000,0.045000,-0.005000,0.329167,-0.264971
2017-07-24 08:15:00,EB,45,0,1,0.080000,0.085000,0.090000,0.015000,-0.040000,-0.090000,
2017-07-25 06:00:00,EB,44,0,1,0.000000,0.000000,,0.000000,-0.100000,,
2017-07-26 17:30:00,EB,43,0,1,0.000000,0.025000,0.040000,0.015000,-0.030000,-0.016667,
2017-08-22 14:00:00,EB,16,0,0,0.000000,0.000000,0.000000,0.005000,-0.005000,-0.010000,0.275785
2017-08-23 09:25:00,P,15,0,0,0.005000,0.005000,0.068333,0.107500,0.186250,0.547000,-0.145429
2017-08-25 21:00:00,P,13,0,1,0.000000,0.000000,,0.000000,0.000000,,
2017-09-01 11:15:00,EB,6,0,0,-0.010000,0.010000,0.030000,0.050000,0.181250,0.432500,0.058080
2017-09-04 09:40:00,EB,3,0,0,0.200000,0.005000,0.010000,0.030000,0.005000,0.063750,-0.077591
2017-09-07 13:45:00,GC_ME,0,0,0,-0.055000,-0.040000,-0.055000,-0.175000,-0.475000,-0.683333,0.056666
2017-09-07 13:45:00,GC_PR,0,0,0,-0.020000,0.010000,-0.010000,-0.512500,0.005000,0.357500,-0.021105
2017-09-07 14:30:00,GC_PC,0,0,0,-0.035000,-0.030000,-0.080000,-0.160000,-0.480000,-0.931250,0.041337
2017-09-11 09:00:00,EB,45,0,1,0.020000,0.025000,0.010000,-0.045000,-0.136667,-0.216250,
2017-09-12 15:45:00,EB,44,0,0,0.000000,0.000000,0.000000,0.045000,0.082500,0.256667,-0.097539
2017-09-13 19:00:00,EB,43,0,1,0.000000,0.000000,,0.000000,-0.010000,-0.060000,
2017-09-14 18:00:00,EB,42,0,1,0.000000,-0.005000,0.010000,0.030000,0.011667,0.090000,
2017-09-15 10:15:00,EB,41,0,0,0.000000,0.100000,0.050000,0.110000,0.204000,0.563750,0.062715
2017-09-15 10:55:00,EB,41,0,0,0.000000,0.000000,0.070000,0.156667,0.390000,0.704000,0.071191
2017-09-18 16:30:00,EB,38,0,0,0.000000,-0.045000,-0.070000,0.080000,0.110000,0.009000,-0.039402
2017-09-21 15:30:00,P,35,0,0,0.000000,0.005000,0.005000,-0.040000,0.010000,0.022000,-0.056702
2017-09-22 09:15:00,EB,34,0,1,0.000000,0.025000,0.040000,0.095000,0.129000,0.458571,0.146290
2017-09-22 10:30:00,P,34,0,0,0.000000,0.020000,0.040000,0.065000,0.108333,0.275000,0.017785
2017-09-22 13:15:00,EB,34,0,0,0.000000,0.005000,0.010000,0.015000,0.052500,0.070000,-0.209164
2017-09-22 15:15:00,EB,34,0,0,0.000000,-0.005000,-0.010000,-0.040000,0.030000,-0.152000,-0.011290
2017-09-25 09:00:00,EB,31,0,1,0.000000,-0.045000,-0.040000,0.035000,0.015000,-0.076250,
2017-09-25 11:15:00,EB,31,0,0,0.000000,-0.035000,-0.045000,-0.040000,-0.081250,-0.196250,-0.215001
2017-09-25 15:00:00,P,31,0,0,0.100000,0.005000,0.175000,-0.001667,0.021250,-0.160000,0.058201
2017-09-28 10:00:00,EB,28,0,0,-0.005000,-0.095000,-0.170000,-0.205000,-0.227000,-0.526429,0.192824
2017-09-28 13:10:00,EB,28,0,0,0.000000,0.010000,0.005000,-0.100000,-0.068333,0.050000,-0.050252
2017-10-02 15:00:00,EB,24,0,0,0.000000,-0.010000,-0.010000,0.010000,-0.052500,-0.190000,0.028125
2017-10-09 09:45:00,EB,17,0,0,0.005000,0.010000,0.000000,0.051667,0.085000,0.031667,-0.181399
2017-10-09 18:00:00,EB,17,0,1,0.000000,0.000000,-0.010000,-0.030000,-0.100000,-0.185000,
2017-10-11 20:50:00,EB,15,0,1,0.000000,0.000000,,0.000000,0.100000,,
2017-10-12 16:30:00,EB,14,0,0,0.000000,-0.005000,-0.005000,-0.010000,-0.010000,-0.015000,0.026348
2017-10-12 22:00:00,EB,14,0,1,,0.000000,,,0.000000,,
2017-10-12 22:10:00,EB,14,0,1,,0.000000,,,0.000000,,
2017-10-13 16:15:00,EB,13,0,0,0.000000,0.000000,-0.010000,0.010000,-0.026667,0.040000,0.188960
2017-10-13 18:45:00,P,13,0,1,0.005000,0.005000,-0.010000,-0.020000,-0.020000,-0.085000,
2017-10-13 22:10:00,EB,13,0,1,,0.000000,0.000000,,0.000000,,
2017-10-14 19:30:00,EB,12,1,1,,0.000000,0.000000,0.000000,0.000000,,
2017-10-15 15:00:00,EB,11,1,0,,,,,,,
2017-10-16 20:00:00,EB,10,0,1,,0.000000,0.000000,0.000000,0.000000,0.000000,
2017-10-17 10:00:00,EB,9,0,0,-0.025000,-0.030000,-0.040000,-0.035000,-0.034000,-0.103750,-0.124517
2017-10-17 11:30:00,EB,9,0,0,0.055000,0.070000,0.150000,0.085000,0.033333,-0.104000,0.170215
2017-10-18 10:10:00,P,8,0,0,0.035000,0.045000,0.045000,0.045000,0.030000,0.315833,0.077829
2017-10-23 09:00:00,EB,3,0,1,0.092500,0.090000,0.065000,0.080000,0.041667,-0.010000,
2017-10-26 13:45:00,GC_ME,0,0,0,0.060000,-0.022500,-0.010000,0.006667,-0.128000,-0.532500,0.400803
2017-10-26 13:45:00,GC_PR,0,0,0,-0.085000,-0.102500,-0.105000,-0.135000,-0.254000,-0.718000,0.241591
2017-10-26 14:30:00,GC_PC,0,0,0,0.030000,-0.030000,0.095000,0.110000,0.071667,0.128333,0.035927
2017-10-27 09:15:00,EB,48,0,1,0.160000,0.200000,0.180000,-0.010000,0.026250,-0.247500,0.299911
2017-11-03 21:15:00,EB,41,0,1,0.000000,0.000000,0.000000,0.000000,0.000000,-0.002500,
2017-11-06 09:00:00,EB,38,0,1,0.000000,-0.025000,-0.040000,-0.045000,0.000000,-0.083750,
2017-11-06 19:00:00,EB,38,0,1,0.000000,0.000000,0.000000,0.015000,0.025000,0.010000,
2017-11-07 10:00:00,P,37,0,0,0.000000,0.000000,-0.005000,-0.010000,0.020000,0.080000,-0.209487
2017-11-07 15:30:00,EB,37,0,0,0.000000,-0.010000,0.000000,-0.010000,-0.140000,-0.045000,0.098262
2017-11-09 11:00:00,EB,35,0,0,0.000000,0.035000,0.040000,-0.005000,0.100000,0.052500,-0.188263
2017-11-09 14:15:00,EB,35,0,0,0.000000,0.010000,0.000000,0.100000,0.010000,0.063333,-0.125679
2017-11-09 14:45:00,EB,35,0,0,0.000000,0.005000,0.000000,0.015000,0.010000,0.093750,-0.050257
2017-11-09 19:20:00,EB,35,0,1,0.000000,-0.005000,0.000000,0.000000,0.005000,0.030000,
2017-11-10 13:30:00,EB,34,0,0,0.000000,0.000000,0.000000,-0.100000,-0.005000,-0.057500,0.151593
2017-11-11 11:00:00,P,33,1,0,0.000000,0.000000,0.000000,0.000000,0.000000,,
2017-11-13 10:00:00,EB,31,0,0,0.000000,0.000000,0.080000,-0.037500,-0.050000,-0.205000,-0.177467
2017-11-14 10:00:00,EB,30,0,0,0.000000,-0.010000,0.000000,-0.015000,-0.010000,-0.050000,-0.281676
2017-11-14 16:30:00,EB,30,0,0,0.000000,-0.005000,0.000000,0.000000,0.005000,-0.005000,0.115297
2017-11-15 11:00:00,EB,29,0,0,0.000000,0.000000,0.000000,0.000000,0.071667,0.030000,-0.150468
2017-11-16 09:45:00,EB,28,0,0,0.000000,0.060000,0.070000,0.090000,0.182000,0.303750,0.215817
2017-11-16 12:00:00,EB,28,0,0,0.000000,-0.025000,-0.040000,-0.035000,-0.075000,-0.061250,-0.148429
2017-11-17 09:30:00,P,27,0,0,0.000000,0.005000,-0.020000,-0.030000,0.120000,0.093750,-0.421287
2017-11-20 13:15:00,EB,24,0,0,0.000000,-0.010000,-0.020000,-0.025000,-0.020000,-0.010000,-0.195113
2017-11-20 15:00:00,P,24,0,0,0.000000,0.000000,0.025000,0.020000,0.025000,0.075000,0.053689
2017-11-20 15:15:00,EB,24,0,0,0.000000,0.000000,0.010000,0.005000,0.020000,0.006667,0.111257
2017-11-23 09:35:00,EB,21,0,0,0.300000,-0.015000,0.090000,0.057500,-0.035000,0.023333,0.279764
2017-11-23 19:15:00,EB,21,0,1,0.000000,0.000000,0.000000,0.000000,0.000000,0.005000,
2017-11-24 09:00:00,EB,20,0,1,-0.100000,0.020000,0.075000,0.100000,0.136667,0.192500,
2017-11-24 13:30:00,EB,20,0,0,0.000000,0.000000,-0.080000,-0.050000,-0.092500,-0.100000,-0.168049
2017-11-29 11:00:00,EB,15,0,0,0.000000,0.010000,0.005000,0.010000,0.005000,-0.096667,0.008317
2017-11-30 09:00:00,EB,14,0,1,0.260000,0.087000,0.225000,0.198000,0.097500,0.105000,
2017-11-30 11:00:00,EB,14,0,0,0.480000,0.616000,0.160000,0.303000,0.220833,-0.065000,0.111713
2017-12-06 11:30:00,EB,8,0,0,-0.005000,-0.005000,-0.035000,-0.006667,0.015000,-0.080000,0.138110
2017-12-12 20:00:00,P,2,0,1,0.010000,0.005000,0.005000,0.000000,0.000000,0.000000,
2017-12-14 13:45:00,GC_ME,0,0,0,-0.100000,0.030000,0.107500,-0.085000,-0.018750,-0.242500,0.198809
2017-12-14 13:45:00,GC_PR,0,0,0,0.015000,0.071667,0.075000,0.057500,-0.053333,0.056250,-0.173888
2017-12-14 14:30:00,GC_PC,0,0,0,-0.165000,0.020000,0.095000,-0.090000,-0.006667,-0.332500,0.363775
2017-12-16 04:15:00,EB,40,1,1,0.000000,0.000000,0.000000,0.000000,0.000000,,
2018-01-18 15:30:00,EB,7,0,0,0.000000,0.000000,-0.120000,-0.010000,-0.060000,-0.158333,-0.160193
2018-01-25 13:45:00,GC_ME,0,0,0,0.000000,0.035000,-0.020000,0.070000,-0.263000,0.484000,-0.604995
2018-01-25 13:45:00,GC_PR,0,0,0,0.000000,0.035000,0.060000,-0.100000,-0.303000,-0.154000,-0.067556
2018-01-25 14:30:00,GC_PC,0,0,0,0.000000,0.020000,0.005000,0.100000,-0.046250,0.800000,-0.589225
2018-01-26 11:00:00,EB,41,0,0,0.000000,-0.005000,0.000000,0.027500,-0.001667,0.173333,-0.039228
2018-01-29 11:00:00,EB,38,0,0,0.000000,0.000000,0.000000,-0.010000,0.051667,0.025000,-0.017583
2018-01-29 11:45:00,EB,38,0,0,0.000000,0.000000,-0.005000,-0.090000,-0.179000,-0.302000,0.128613
2018-01-29 17:00:00,EB,38,0,0,0.105000,0.000000,0.050000,0.020000,-0.080000,-0.325000,0.130283
2018-01-30 17:30:00,EB,37,0,1,0.000000,0.005000,0.000000,0.010000,0.010000,0.025000,
2018-01-31 10:50:00,EB,36,0,0,0.000000,0.000000,0.000000,-0.050000,-0.065000,0.008333,-0.088520
2018-02-01 12:15:00,EB,35,0,0,0.000000,0.000000,0.000000,0.005000,0.000000,0.147000,-0.163755
2018-02-02 11:00:00,EB,34,0,0,0.000000,-0.100000,0.100000,-0.300000,-0.040000,0.010000,-0.016941
2018-02-05 17:00:00,P,31,0,0,0.000000,0.000000,0.000000,0.025000,0.015000,-0.045000,-0.257473
2018-02-07 10:00:00,EB,29,0,0,-0.100000,-0.200000,0.000000,-0.095000,-0.010000,-0.196667,0.198027
2018-02-08 11:45:00,EB,28,0,0,0.000000,0.000000,0.005000,0.070000,0.073333,0.046667,-0.226985
2018-02-08 12:05:00,EB,28,0,0,0.000000,0.000000,0.000000,0.055000,0.030000,0.110000,-0.253387
2018-02-14 11:20:00,EB,22,0,0,0.000000,0.000000,0.100000,-0.025000,0.055000,0.005000,-0.022634
2018-02-15 09:55:00,EB,21,0,0,0.000000,0.000000,0.045000,-0.065000,-0.070000,-0.111667,0.195499
2018-02-15 11:45:00,EB,21,0,0,0.000000,0.000000,0.000000,-0.010000,0.100000,0.030000,-0.174139
2018-02-15 13:15:00,EB,21,0,0,0.000000,0.000000,0.000000,0.100000,-0.001667,-0.044000,-0.096107
2018-02-16 09:20:00,EB,20,0,0,0.000000,0.000000,0.000000,-0.010000,-0.035000,-0.223000,0.269069
2018-02-22 10:30:00,EB,14,0,0,-0.100000,0.000000,-0.100000,0.005000,0.005000,-0.140000,0.229876
2018-02-23 19:30:00,EB,13,0,1,0.000000,0.010000,0.000000,0.050000,0.050000,0.060000,
2018-02-26 11:00:00,EB,10,0,0,-0.005000,0.000000,-0.020000,-0.055000,0.120000,0.283000,0.040741
2018-02-26 15:40:00,P,10,0,0,-0.145000,-0.060000,-0.020000,-0.020000,-0.158333,-0.127500,-0.298852
2018-02-27 09:40:00,EB,9,0,0,0.200000,0.282500,-0.076667,-0.020000,0.070000,0.276000,-0.128631
2018-03-02 09:10:00,EB,6,0,1,0.000000,-0.100000,0.000000,0.060000,-0.001000,-0.135000,-0.641253
2018-03-08 13:45:00,GC_ME,0,0,0,0.000000,-0.005000,-0.010000,-0.075000,-0.248000,-0.287000,0.665003
2018-03-08 13:45:00,GC_PR,0,0,0,0.000000,-0.005000,-0.005000,0.052500,-0.060000,0.603333,-0.112802
2018-03-08 14:30:00,GC_PC,0,0,0,0.000000,-0.052500,-0.015000,-0.118333,-0.154000,-0.922500,0.763790
2018-03-09 09:30:00,EB,48,0,0,0.200000,-0.080000,0.270000,0.037500,0.300000,0.100000,-0.014963
2018-03-09 09:45:00,EB,48,0,0,0.200000,-0.080000,-0.060000,0.060000,0.010000,0.102500,-0.058660
2018-03-14 08:30:00,EB,43,0,1,0.000000,-0.100000,-0.075000,-0.020000,-0.138333,-0.092500,
2018-03-14 09:00:00,P,43,0,1,-0.100000,-0.100000,-0.055000,0.017500,-0.008750,-0.031250,
2018-03-14 09:45:00,EB,43,0,0,0.000000,0.000000,-0.005000,-0.010000,-0.100000,0.048333,0.064091
2018-03-14 11:45:00,EB,43,0,0,0.000000,0.000000,0.005000,0.005000,-1.000000,0.040000,0.046676
2018-03-14 17:15:00,EB,43,0,1,0.000000,0.000000,0.000000,0.005000,0.015000,0.016000,
2018-03-15 16:45:00,EB,42,0,0,0.000000,0.900000,0.000000,0.200000,0.005000,-0.030000,-0.002927
2018-03-19 19:00:00,EB,38,0,1,0.000000,0.010000,0.000000,0.000000,0.035000,0.030000,
2018-03-22 09:30:00,EB,35,0,0,0.000000,-0.015000,-0.015000,0.003333,-0.046667,-0.333000,-0.161439
2018-04-06 09:30:00,EB,20,0,0,0.000000,-0.020000,-0.020000,-0.020000,-0.055000,0.005000,-0.154337
2018-04-09 15:00:00,EB,17,0,0,-0.005000,0.000000,0.000000,-0.005000,-0.005000,0.070000,-0.176764
2018-04-09 18:45:00,EB,17,0,1,0.000000,0.005000,0.000000,0.000000,0.000000,0.000000,
2018-04-11 13:00:00,P,15,0,0,0.000000,-0.005000,0.000000,-0.015000,-0.015000,-0.038333,-0.263890
2018-04-12 14:15:00,EB,14,0,0,-0.005000,-0.005000,-0.010000,-0.010000,0.035000,-0.208333,-0.002330
2018-04-16 18:30:00,EB,10,0,1,,,,,0.000000,0.000000,
2018-04-20 17:00:00,P,6,0,0,0.020000,0.015000,0.015000,0.005000,0.005000,-0.277500,0.031491
2018-04-23 16:00:00,EB,3,0,0,0.000000,0.000000,0.005000,-0.005000,-0.005000,0.091667,0.134888
2018-04-26 13:45:00,GC_ME,0,0,0,-0.010000,-0.020000,-0.055000,-0.010000,-0.070000,-0.522000,-0.123038
2018-04-26 13:45:00,GC_PR,0,0,0,-0.020000,-0.030000,-0.055000,-0.105000,0.006667,-0.290000,0.030616
2018-04-26 14:30:00,GC_PC,0,0,0,0.010000,0.000000,-0.047500,0.200000,-0.075000,-0.268000,-0.213834
2018-04-27 08:45:00,EB,48,0,1,-0.005000,-0.100000,-0.005000,-0.020000,-0.010000,-0.047500,
2018-04-27 10:00:00,EB,48,0,0,0.000000,0.003333,0.005000,0.065000,1.100000,-0.060000,-0.057194
2018-05-03 13:00:00,EB,42,0,0,0.000000,0.005000,0.000000,-0.005000,0.015000,-0.072500,-0.065192
2018-05-03 14:00:00,EB,42,0,0,0.000000,0.000000,0.000000,0.000000,-0.020000,-0.047500,-0.001977
2018-05-03 14:30:00,EB,42,0,0,0.000000,0.000000,0.000000,0.300000,0.052500,-0.040000,0.066129
2018-05-04 09:50:00,EB,41,0,0,0.000000,0.000000,0.035000,0.020000,0.015000,0.141250,-0.018693
2018-05-07 17:30:00,EB,38,0,1,,,,,-0.005000,0.015000,
2018-05-11 15:15:00,P,34,0,0,0.000000,-0.005000,-0.010000,-0.100000,0.100000,0.120000,0.116352
2018-05-14 12:00:00,EB,31,0,0,0.000000,0.020000,0.020000,-0.050000,-0.081667,-0.084000,-0.224105
2018-05-14 12:15:00,EB,31,0,0,0.000000,0.000000,0.020000,-0.075000,-0.016667,-0.010000,-0.078033
2018-05-14 13:45:00,EB,31,0,0,0.000000,0.030000,0.025000,0.085000,0.087500,-0.005000,0.007307
2018-05-14 17:00:00,EB,31,0,0,0.000000,0.040000,0.080000,-0.055000,0.100000,0.265000,0.090385
2018-05-14 19:45:00,EB,31,0,1,0.000000,0.000000,0.000000,0.000000,0.000000,-0.015000,
2018-05-16 14:15:00,P,29,0,0,0.000000,0.010000,0.000000,-0.053333,-0.058333,-0.390000,0.164658
2018-05-17 12:30:00,EB,28,0,0,0.000000,-0.035000,-0.040000,0.016250,-0.090000,-0.077500,-0.103570
2018-05-24 10:30:00,EB,21,0,0,0.060000,-0.030000,-0.040000,-0.035000,0.067500,0.382000,0.136841
2018-05-24 12:30:00,EB,21,0,0,-0.005000,-0.040000,0.025000,-0.045000,-0.088333,-0.226000,-0.177635
2018-05-25 15:15:00,EB,20,0,0,-0.033333,0.100000,-0.245000,-0.312000,-0.402500,-0.676667,-0.334477
2018-05-29 12:00:00,EB,16,0,0,0.030000,0.200000,0.033333,0.248333,0.386667,0.904000,0.539398
2018-05-29 17:30:00,EB,16,0,1,0.085000,0.195000,0.215000,0.293750,0.486250,-0.165000,
2018-06-06 08:30:00,EB,8,0,1,-0.005000,-0.010000,-0.098333,-0.083000,0.007500,1.150000,
2018-06-08 09:15:00,EB,6,0,1,-0.010000,-0.010000,0.045000,-0.092500,-0.282500,-0.646250,-0.014572
2018-06-14 13:45:00,GC_ME,0,0,0,-0.090000,-0.077500,-0.030000,-0.281667,-0.517500,-2.621250,1.248558
2018-06-14 13:45:00,GC_PR,0,0,0,0.015000,-0.005000,-0.025000,-0.150000,-0.665000,-2.508750,0.704729
2018-06-14 14:30:00,GC_PC,0,0,0,-0.065000,-0.052500,0.040000,-0.258333,-0.060000,-0.571667,0.615216
2018-06-15 10:45:00,EB,41,0,0,-0.100000,0.010000,0.600000,-0.100000,-0.051667,0.136667,0.035098
2018-06-18 19:30:00,P,38,0,1,-0.010000,-0.010000,-0.005000,-0.010000,-0.010000,-0.010000,
2018-06-19 10:00:00,P,37,0,0,0.100000,0.012500,-0.135000,0.100000,-0.183333,-0.222500,-0.113104
2018-06-26 03:20:00,EB,30,0,1,0.000000,0.000000,0.000000,0.000000,0.000000,,
2018-06-26 14:00:00,EB,30,0,0,0.000000,0.085000,0.110000,0.082500,-0.083333,-0.100000,0.160146
2018-07-01 12:00:00,EB,25,1,0,,,,,,,
2018-07-02 15:30:00,EB,24,0,0,-0.005000,-0.005000,-0.100000,0.005000,-0.015000,-0.085000,0.098352
2018-07-03 18:00:00,EB,23,0,1,,0.000000,0.000000,0.000000,-0.005000,0.042500,
2018-07-05 10:30:00,EB,21,0,0,0.020000,0.040000,0.025000,0.035000,0.006667,0.057500,0.050336
2018-07-05 13:30:00,EB,21,0,0,0.000000,0.175000,-0.100000,-0.015000,-0.015000,-0.298333,0.058177
2018-07-08 10:30:00,EB,18,1,0,,,,,,,
2018-07-09 15:00:00,P,17,0,0,-0.015000,-0.030000,-0.040000,-0.035000,-0.050000,0.100000,0.117534
2018-07-10 19:00:00,EB,16,0,1,0.005000,0.005000,0.005000,0.055000,,-0.005000,
2018-07-11 09:00:00,P,15,0,1,0.010000,0.020000,0.000000,0.030000,0.030000,0.005000,
2018-07-26 13:45:00,GC_ME,0,0,0,-0.035000,-0.050000,-0.040000,-0.020000,-0.195000,-0.545833,0.236170
2018-07-26 13:45:00,GC_PR,0,0,0,-0.045000,-0.035000,-0.040000,0.032500,-0.120000,-0.171000,0.070220
2018-07-26 14:30:00,GC_PC,0,0,0,0.010000,-0.010000,0.000000,-0.055000,-0.130000,-0.303000,0.122245
2018-08-28 13:00:00,EB,16,0,0,-0.025000,0.010000,0.005000,0.000000,-0.005000,0.048333,-0.029509
2018-08-31 19:30:00,EB,13,0,1,,0.015000,0.015000,0.010000,0.005000,-0.040000,
2018-09-03 08:30:00,EB,10,0,1,0.040000,0.075000,0.110000,0.180000,-0.012500,-0.797500,
2018-09-05 10:30:00,EB,8,0,0,,-0.005000,-0.005000,-0.005000,0.092500,0.065000,-0.246531
2018-09-06 09:10:00,EB,7,0,1,-0.010000,-0.030000,-0.020000,-0.090000,0.032500,0.102000,0.159543
2018-09-06 13:45:00,EB,7,0,0,0.005000,-0.010000,-0.020000,-0.050000,-0.176000,-0.142500,0.100023
2018-09-13 13:45:00,GC_ME,0,0,0,-0.050000,-0.070000,-0.065000,-0.038333,-0.210000,0.090000,-0.186779
2018-09-13 13:45:00,GC_PR,0,0,0,-0.040000,-0.055000,-0.060000,-0.035000,-0.043333,-0.196667,-0.119945
2018-09-13 14:30:00,GC_PC,0,0,0,0.000000,-0.010000,-0.025000,-0.052500,-0.070000,0.150000,-0.049000
2018-09-17 11:00:00,EB,38,0,0,0.050000,-0.010000,-0.015000,-0.010000,-0.100000,-0.090000,-0.435730
2018-09-17 12:15:00,EB,38,0,0,-0.195000,-0.200000,0.000000,-0.025000,-0.010000,0.203333,0.094373
2018-09-17 14:00:00,EB,38,0,0,-0.100000,-0.068333,-0.100000,-0.005000,0.100000,0.070000,-0.078914
2018-09-18 09:00:00,P,37,0,1,-0.100000,0.100000,-1.400000,0.200000,-0.100000,0.000000,
2018-09-19 15:30:00,P,36,0,0,0.000000,0.000000,-0.010000,-0.200000,-0.020000,-0.058333,0.307073
2018-09-20 19:20:00,EB,35,0,1,0.000000,0.000000,0.000000,-0.005000,0.000000,0.025000,
2018-09-24 15:00:00,P,31,0,0,0.000000,0.000000,0.000000,0.100000,0.137500,0.981250,-0.243007
2018-09-25 10:10:00,EB,30,0,0,0.000000,0.000000,0.000000,-0.200000,-0.125000,-0.442500,-0.070550
2018-09-25 12:45:00,EB,30,0,0,0.000000,-0.005000,-0.010000,-0.010000,0.020000,0.223333,0.028656
2018-09-25 14:30:00,EB,30,0,0,0.000000,-0.005000,0.000000,-0.025000,0.005000,-0.126667,-0.091523
2018-09-25 18:00:00,EB,30,0,1,0.000000,0.000000,0.005000,0.005000,0.025000,0.160000,
2018-09-27 15:30:00,P,28,0,0,0.000000,0.005000,0.010000,0.010000,0.015000,0.195000,0.087201
2018-09-27 19:00:00,EB,28,0,1,0.000000,0.000000,0.000000,0.000000,-0.006667,-0.115000,
2018-09-28 14:35:00,EB,27,0,0,-0.010000,-0.035000,-0.045000,-0.011250,-0.050000,0.800000,0.350940
2018-10-03 08:20:00,EB,22,0,1,-0.005000,-0.015000,-0.005000,-0.100000,0.096667,-0.026667,
2018-10-04 18:00:00,EB,21,0,1,-0.005000,0.000000,0.000000,-0.015000,-0.010000,-0.020000,
2018-10-05 13:00:00,EB,20,0,0,-0.005000,-0.005000,-0.020000,-0.010000,-0.010000,0.035000,-0.038641
2018-10-10 10:00:00,EB,15,0,0,-0.005000,-0.015000,-0.010000,0.035000,0.038000,0.245833,0.120323
2018-10-12 10:45:00,P,13,0,0,-0.005000,0.010000,0.000000,0.110000,0.011667,-0.040000,-0.034107
2018-10-12 11:10:00,EB,13,0,0,0.000000,0.015000,0.020000,0.020000,0.030000,-0.025000,-0.021122
2018-10-13 06:00:00,EB,12,1,1,,,,,,,
2018-10-13 07:45:00,P,12,1,1,,,,,,,
2018-10-15 20:00:00,EB,10,0,1,0.000000,0.000000,0.000000,0.005000,-0.100000,0.005000,
2018-10-17 09:30:00,EB,8,0,0,-0.035000,-0.040000,-0.045000,-0.040000,0.037500,-0.132500,-0.428364
2018-10-25 13:45:00,GC_ME,0,0,0,-0.080000,-0.080000,-0.080000,0.073333,-0.136667,-0.791667,-0.597045
2018-10-25 13:45:00,GC_PR,0,0,0,-0.010000,-0.057500,-0.020000,-0.030000,0.062500,0.079000,-0.173980
2018-10-25 14:30:00,GC_PC,0,0,0,-0.070000,-0.070000,-0.070000,0.080000,-0.185833,-0.682000,-0.349145
2018-10-26 16:00:00,P,48,0,0,0.145000,0.105000,0.050000,0.036250,0.222000,-0.160000,-0.623759
2018-10-26 16:15:00,EB,48,0,0,0.010000,-0.025000,-0.095000,-0.013000,0.041000,-0.250000,-0.549894
2018-10-30 14:30:00,EB,44,0,0,0.000000,0.015000,0.030000,0.010000,0.030000,-0.251250,0.514995
2018-10-30 15:10:00,EB,44,0,0,0.000000,0.000000,0.100000,0.020000,0.000000,-0.337500,-0.236052
2018-11-05 14:00:00,EB,38,0,0,0.100000,-0.065000,-0.010000,0.023333,0.018333,-0.158333,-0.058890
2018-11-06 13:00:00,EB,37,0,0,0.000000,0.020000,0.040000,0.015000,0.040000,0.157000,-0.071711
2018-11-08 15:15:00,EB,35,0,0,0.000000,0.050000,0.030000,0.010000,-0.047500,-0.118333,0.144699
2018-11-08 16:20:00,P,35,0,0,0.000000,0.015000,0.020000,0.020000,0.045000,0.050000,-0.270903
2018-11-09 11:00:00,EB,34,0,0,0.000000,0.010000,0.010000,-0.015000,0.078750,0.152500,-0.041387
2018-11-12 10:00:00,EB,31,0,0,0.000000,-0.050000,-0.080000,-0.103333,-0.133750,0.002500,-0.163341
2018-11-12 16:30:00,EB,31,0,0,0.000000,0.030000,0.040000,0.030000,-0.020000,-0.136667,-0.235140
2018-11-13 09:00:00,EB,30,0,1,0.000000,0.100000,0.010000,-0.045000,0.101667,0.260000,
2018-11-13 09:45:00,EB,30,0,0,0.000000,0.052500,0.100000,-0.045000,-0.400000,-0.040833,-0.311197
2018-11-13 20:00:00,EB,30,0,1,0.000000,-0.005000,0.000000,0.010000,-0.005000,-0.050000,
2018-11-15 13:15:00,EB,28,0,0,0.000000,0.020000,0.030000,0.100000,-0.020000,-0.263333,0.086542
2018-11-15 14:10:00,EB,28,0,0,0.000000,0.000000,0.005000,-0.025000,-0.132500,-0.312000,-0.350149
2018-11-15 15:35:00,EB,28,0,0,0.000000,-0.010000,-0.040000,-0.050000,0.065000,0.122500,0.066638
2018-11-16 09:30:00,P,27,0,0,0.000000,0.015000,0.000000,-0.165000,-0.070000,0.128750,-0.348330
2018-11-22 18:30:00,EB,21,0,1,0.000000,0.000000,0.010000,0.010000,0.015000,-0.025000,
2018-11-23 13:00:00,EB,20,0,0,0.000000,0.005000,0.000000,-0.063333,-0.010000,0.103333,0.023312
2018-11-26 10:00:00,EB,17,0,0,0.000000,-0.025000,0.045000,0.045000,-0.051667,-0.044286,0.050286
2018-11-26 13:30:00,EB,17,0,0,0.000000,0.010000,0.000000,0.005000,0.015000,-0.035000,-0.212433
2018-11-26 15:00:00,P,17,0,0,0.000000,0.000000,0.060000,0.025000,0.020000,-0.027500,0.245595
2018-11-27 17:00:00,EB,16,0,0,0.000000,0.055000,0.085000,0.040000,-0.011250,-0.026667,0.307916
2018-11-28 13:05:00,EB,15,0,0,0.000000,0.020000,0.025000,0.010000,0.085000,0.233000,0.162485
2018-11-28 14:00:00,EB,15,0,0,0.000000,0.010000,0.005000,0.000000,-0.073750,0.142500,-0.103086
2018-11-28 16:20:00,EB,15,0,0,0.000000,0.000000,0.000000,0.010000,-0.010000,-0.140000,-0.164013
2018-11-29 09:00:00,EB,14,0,1,0.100000,0.380000,-0.100000,0.060000,-0.046000,-0.196667,
2018-11-30 11:00:00,EB,13,0,0,0.000000,0.005000,-0.005000,0.040000,-0.006667,-0.140000,0.138895
2018-11-30 13:45:00,EB,13,0,0,0.000000,0.000000,0.060000,0.000000,0.072500,0.096667,0.326906
2018-12-05 09:30:00,P,8,0,0,0.005000,0.010000,0.005000,0.080000,0.056667,-0.033333,0.284138
2018-12-06 09:15:00,EB,7,0,1,-0.015000,-0.005000,0.040000,0.051250,0.023333,-0.150000,-0.702141
2018-12-07 09:30:00,EB,6,0,0,0.000000,-0.050000,-0.060000,0.020000,0.117500,0.132500,0.292765
2018-12-13 13:45:00,GC_ME,0,0,0,-0.035000,-0.050000,-0.060000,-0.285000,-0.280000,-0.373750,0.120628
2018-12-13 13:45:00,GC_PR,0,0,0,-0.010000,-0.010000,-0.030000,-0.146667,-0.028333,0.398333,0.078922
2018-12-13 14:30:00,GC_PC,0,0,0,-0.025000,-0.040000,-0.050000,-0.166667,-0.261250,-0.651000,-0.061805
2018-12-14 09:15:00,EB,41,0,1,-0.015000,-0.055000,-0.100000,0.140000,-0.051250,-0.539000,-0.571941
2018-12-14 10:30:00,EB,41,0,0,-0.070000,-0.065000,-0.065000,-0.050000,0.026250,0.260000,0.254363
2018-12-15 11:30:00,P,40,1,0,,,,,,,
2018-12-18 09:15:00,EB,37,0,1,0.000000,0.690000,0.490000,-0.100000,-0.087500,-0.326667,0.012791
2018-12-21 12:00:00,EB,34,0,0,0.000000,0.000000,-0.010000,-0.056667,-0.115000,-0.085000,0.576770
2019-01-07 13:45:00,EB,17,0,0,-0.060000,-0.105000,-0.110000,-0.157500,-0.080000,0.500000,-0.029091
2019-01-11 09:20:00,EB,13,0,0,0.000000,0.000000,0.000000,0.000000,-0.102500,-0.104000,0.148080
2019-01-15 11:30:00,P,9,0,0,-0.025000,-0.020000,-0.030000,-0.010000,-0.045000,-0.100000,-0.108174
2019-01-15 16:45:00,P,9,0,0,-0.005000,-0.010000,0.010000,0.000000,-0.040000,-0.280000,0.212028
2019-01-17 12:00:00,EB,7,0,0,-0.005000,0.000000,0.000000,-0.100000,-0.035000,-0.096250,0.023160
2019-01-24 13:45:00,GC_ME,0,0,0,-0.190000,-0.130000,-0.110000,-0.160000,-0.236667,-0.505000,-0.609007
2019-01-24 13:45:00,GC_PR,0,0,0,-0.175000,-0.155000,-0.100000,-0.026667,-0.132500,0.280000,-0.113949
2019-01-24 14:30:00,GC_PC,0,0,0,-0.015000,-0.052500,-0.060000,-0.136667,-0.298333,-0.455000,-0.489262
2019-01-28 15:00:00,P,38,0,0,-0.020000,-0.025000,-0.025000,0.000000,-0.188333,-0.262500,-0.186402
2019-01-31 09:00:00,EB,35,0,1,-0.100000,0.000000,-0.100000,-0.106667,0.045000,0.128000,
2019-01-31 11:15:00,EB,35,0,0,0.000000,0.060000,-0.010000,-0.014000,-0.060000,0.052500,-0.157200
2019-02-04 09:30:00,EB,31,0,0,0.000000,-0.100000,0.000000,0.100000,-0.040000,-0.100000,0.064143
2019-02-07 13:15:00,EB,28,0,0,0.000000,-0.010000,0.010000,0.010000,-0.085000,-0.228000,-0.209854
2019-02-11 09:00:00,EB,24,0,1,0.000000,-0.015000,-0.025000,-0.057500,-0.100000,0.080833,
2019-02-13 00:30:00,EB,22,0,1,0.000000,0.000000,0.000000,0.000000,0.000000,,
2019-02-15 14:00:00,EB,20,0,0,0.000000,-0.015000,-0.005000,-0.035000,-0.135000,-0.140000,0.605641
2019-02-19 11:15:00,EB,16,0,0,0.000000,0.005000,0.030000,-0.100000,0.110000,0.239000,0.081027
2019-02-19 16:00:00,EB,16,0,0,0.000000,-0.010000,-0.010000,0.100000,-0.040000,-0.021667,0.160909
2019-02-20 08:00:00,EB,15,0,1,0.000000,-0.010000,0.100000,0.000000,-0.015000,0.145000,
2019-02-21 09:00:00,EB,14,0,1,0.000000,-0.005000,-0.100000,-0.040000,-0.075000,0.153750,
2019-02-22 17:15:00,P,13,0,1,0.000000,0.000000,0.000000,0.000000,0.005000,-0.005000,
2019-02-26 15:30:00,EB,9,0,0,0.000000,0.000000,0.000000,-0.100000,0.087500,0.195000,0.333976
2019-02-26 20:00:00,EB,9,0,1,0.000000,0.000000,0.000000,0.000000,0.000000,-0.010000,
2019-02-27 09:30:00,EB,8,0,0,0.000000,0.305000,0.000000,0.100000,0.087500,0.244167,-0.147947
2019-03-07 13:45:00,GC_ME,0,0,0,-0.010000,-0.100000,-0.005000,-0.126667,-0.685000,-2.075000,-0.361021
2019-03-07 13:45:00,GC_PR,0,0,0,-0.010000,-0.100000,-0.010000,-0.115000,-0.667500,-1.346667,0.444263
2019-03-07 14:30:00,GC_PC,0,0,0,-0.005000,0.000000,0.047500,-0.020000,-0.085000,-0.778000,-0.897244
2019-03-12 11:45:00,EB,29,0,0,0.000000,0.000000,0.000000,-0.100000,-0.100000,-0.146667,-0.289708
2019-03-13 18:00:00,EB,28,0,1,0.000000,0.000000,0.000000,0.000000,0.045000,0.075000,
2019-03-18 14:15:00,EB,23,0,0,0.000000,-0.015000,-0.020000,-0.025000,-0.020000,-0.078750,0.072992
2019-03-18 16:10:00,EB,23,0,0,-0.005000,0.005000,-0.010000,0.015000,-0.040000,-0.165000,-0.202129
2019-03-19 10:35:00,EB,22,0,0,0.000000,0.000000,0.000000,0.030000,-0.005000,0.138333,0.089698
2019-03-22 09:15:00,EB,19,0,1,0.000000,-0.005000,-0.010000,0.098333,-0.030000,-0.556667,-1.026435
2019-03-22 11:15:00,EB,19,0,0,0.000000,0.000000,0.000000,-0.100000,0.015000,-0.037500,0.044891
2019-03-25 10:30:00,EB,16,0,0,-0.005000,0.000000,-0.010000,-0.030000,-0.100000,0.135000,0.281530
2019-03-27 09:00:00,P,14,0,1,0.000000,-0.010000,0.000000,-0.100000,-0.020000,0.022500,
2019-03-27 09:45:00,EB,14,0,0,0.000000,1.100000,0.000000,0.000000,-0.040000,-0.090000,0.202067
2019-03-27 11:00:00,EB,14,0,0,0.000000,0.005000,-0.160000,0.036667,-0.075000,-0.253333,-0.224636
2019-03-27 11:45:00,EB,14,0,0,0.000000,0.000000,0.000000,-0.107500,-0.231000,-0.448333,0.022667
2019-03-27 14:30:00,EB,14,0,0,-0.045000,-0.026667,-0.198333,-0.148333,-0.354167,-1.586250,0.058174
2019-03-28 10:10:00,EB,13,0,0,-0.010000,-0.005000,0.030000,-0.114167,-0.417500,-0.178750,-0.133475
2019-03-29 10:45:00,EB,12,0,0,0.005000,0.010000,0.010000,-0.003333,-0.186667,-0.026250,-0.193640
2019-04-01 15:00:00,EB,9,0,0,0.000000,0.000000,0.130000,-0.015000,0.031667,0.103750,-0.063381
2019-04-02 09:00:00,EB,8,0,1,0.035000,0.040000,0.040000,0.010000,0.096667,0.206667,
2019-04-06 10:40:00,EB,4,1,0,0.000000,0.000000,0.000000,0.000000,0.000000,,
2019-04-10 13:45:00,GC_ME,0,0,0,0.000000,-0.100000,0.000000,0.000000,-0.350000,-1.833333,0.039947
2019-04-10 13:45:00,GC_PR,0,0,0,-0.080000,-0.095000,-0.010000,-0.085000,-0.125000,-0.113333,-0.033823
2019-04-10 14:30:00,GC_PC,0,0,0,0.000000,0.000000,-0.100000,-0.100000,-0.300000,-1.675000,0.114385
2019-04-10 20:00:00,EB,57,0,1,0.005000,0.005000,0.010000,0.000000,0.015000,0.040000,
2019-04-12 14:45:00,EB,55,0,0,0.000000,0.000000,-0.010000,0.005000,0.025000,0.135000,-0.100252
2019-04-12 16:00:00,P,55,0,0,-0.030000,-0.030000,-0.030000,0.080000,0.127500,0.156667,-0.131265
2019-04-17 16:30:00,EB,50,0,0,0.000000,0.000000,0.000000,-0.005000,-0.065000,0.010000,0.078242
2019-04-25 14:30:00,EB,42,0,0,0.000000,0.100000,-0.010000,0.005000,0.100000,0.103333,-0.184614
2019-05-01 10:30:00,EB,36,1,0,0.000000,0.000000,0.000000,0.000000,0.000000,,
2019-05-02 19:30:00,EB,35,0,1,0.000000,0.000000,0.000000,0.000000,0.000000,0.005000,
2019-05-06 09:30:00,EB,31,0,0,0.000000,0.000000,0.000000,0.010000,-0.100000,0.070833,-0.201143
2019-05-06 17:00:00,EB,31,0,0,0.000000,0.000000,0.000000,0.000000,0.010000,-0.005000,0.286122
2019-05-08 13:30:00,P,29,0,0,0.000000,0.000000,0.000000,0.000000,0.035000,0.105000,0.232220
2019-05-10 09:00:00,EB,27,0,1,0.000000,0.000000,-0.100000,-0.500000,0.010000,-0.157500,
2019-05-10 09:30:00,EB,27,0,0,0.000000,0.000000,0.000000,0.000000,-0.005000,-0.095000,-0.274107
2019-05-10 16:15:00,EB,27,0,0,0.000000,0.000000,0.000000,0.200000,-0.076667,-0.110000,-0.380598
2019-05-15 16:15:00,EB,22,0,0,0.000000,0.015000,0.020000,0.015000,0.175000,0.555000,0.879977
2019-05-15 18:30:00,EB,22,0,1,0.000000,,0.000000,-0.100000,-0.035000,-0.105000,
2019-05-16 09:30:00,EB,21,0,0,0.000000,-0.015000,-0.030000,-0.025000,-0.085000,-0.028750,-0.083617
2019-05-16 14:30:00,EB,21,0,0,0.000000,0.005000,0.000000,0.070000,0.010000,0.171667,0.166934
2019-05-16 20:00:00,EB,21,0,1,0.000000,0.000000,0.010000,0.000000,0.000000,0.015000,
2019-05-20 10:00:00,EB,17,0,0,0.000000,-0.015000,-0.040000,-0.100000,0.005000,0.115000,-0.183857
2019-05-21 11:00:00,EB,16,0,0,0.000000,0.030000,0.040000,0.100000,0.141667,0.215000,0.203729
2019-05-22 09:30:00,P,15,0,0,0.100000,0.015000,0.025000,-0.026667,-0.016667,-0.155000,-0.155131
2019-05-22 11:30:00,EB,15,0,0,0.000000,0.050000,0.060000,-0.047500,-0.008333,0.050000,0.257385
2019-05-23 10:40:00,EB,14,0,0,-0.100000,0.050000,-0.085000,0.018333,0.067500,-0.090000,-0.284545
2019-05-26 13:45:00,EB,11,1,0,,,,,,,
2019-05-27 10:40:00,EB,10,0,0,0.000000,0.000000,0.000000,0.010000,0.020000,0.040000,-0.194469
2019-05-29 09:30:00,EB,8,0,0,-0.005000,0.080000,0.037500,-0.010000,0.000000,-0.216667,-0.047802
2019-06-06 13:45:00,GC_ME,0,0,0,0.300000,1.400000,1.150000,1.660000,2.641667,3.323750,-0.588523
2019-06-06 13:45:00,GC_PR,0,0,0,0.200000,1.400000,1.033333,1.356000,2.355000,2.900000,-0.298268
2019-06-06 14:30:00,GC_PC,0,0,0,0.130000,-0.050000,0.030000,0.256250,0.675000,0.524000,-0.268561
2019-06-10 14:15:00,EB,45,0,0,0.010000,0.010000,0.000000,-0.055000,-0.013333,-0.191667,-0.029843
2019-06-12 10:15:00,P,43,0,0,0.000000,0.000000,-0.100000,-0.055000,-0.060000,-0.005000,-0.215190
2019-06-12 11:00:00,EB,43,0,0,0.000000,0.000000,-0.110000,0.005000,0.028333,-0.185000,0.017435
2019-06-12 14:15:00,EB,43,0,0,0.000000,0.005000,0.010000,0.120000,-0.040000,0.012500,0.268555
2019-06-14 12:00:00,EB,41,0,0,0.000000,0.025000,-0.040000,-0.243333,-0.078333,-0.091667,-0.262480
2019-06-17 19:00:00,P,38,0,1,,-0.010000,-0.040000,-0.030000,-0.025000,-0.015000,
2019-06-18 10:00:00,P,37,0,0,0.000000,-0.730000,-0.867500,-2.712500,-3.612500,-4.235000,1.243297
2019-06-19 16:00:00,P,36,0,0,0.000000,-0.020000,-0.030000,-0.070000,-0.122500,0.240000,-0.081656
2019-06-20 09:30:00,EB,35,0,0,0.100000,-0.030000,-0.306667,0.145000,0.118333,0.627500,-0.109980
2019-06-24 13:00:00,EB,31,0,0,0.000000,-0.010000,-0.040000,0.005000,0.141000,-0.010000,-0.010420
2019-06-25 09:15:00,EB,30,0,1,0.000000,-0.022500,-0.015000,-0.078333,-0.242500,-0.216250,0.125533
2019-06-25 19:15:00,EB,30,0,1,,0.035000,0.035000,0.060000,0.085000,0.100000,
2019-06-26 11:00:00,EB,29,0,0,0.000000,-0.015000,-0.015000,0.090000,0.080000,0.151250,0.325741
2019-06-28 09:30:00,EB,27,0,0,0.090000,0.000000,0.020000,0.083333,0.000000,0.034000,0.015659
2019-06-29 15:00:00,EB,26,1,0,,,,,,,
2019-07-01 08:45:00,EB,24,0,1,-0.062500,-0.092500,-0.100000,-0.120000,-0.163333,-0.490000,
2019-07-01 12:15:00,EB,24,0,0,1.300000,0.010000,0.010000,0.040000,0.100000,0.251667,0.023408
2019-07-04 09:00:00,EB,21,0,1,-0.080000,-0.252500,0.025000,-0.020000,0.110000,-0.093333,
2019-07-04 11:10:00,EB,21,0,0,0.005000,0.020000,-0.100000,0.098000,-0.005000,-0.632500,0.029675
2019-07-05 09:15:00,EB,20,0,1,-0.158333,-0.100000,-0.262500,-0.293750,-0.292500,-0.151000,-0.073004
2019-07-07 09:30:00,EB,18,1,0,,,,,,,
2019-07-11 12:15:00,EB,14,0,0,0.025000,0.040000,0.152500,0.150000,0.105000,0.191250,-0.220751
2019-07-17 09:00:00,EB,8,0,1,-0.022500,0.022500,0.015000,-0.125000,-0.090000,-0.036667,
2019-07-25 13:45:00,GC_ME,0,0,0,3.880000,3.512500,2.490000,2.327500,1.870000,1.836000,-0.736605
2019-07-25 13:45:00,GC_PR,0,0,0,3.477500,2.953750,2.248750,1.808000,-0.073333,-1.186000,0.739431
2019-07-25 14:30:00,GC_PC,0,0,0,0.700000,0.605000,0.345000,1.198000,1.884000,2.930000,-1.467136
2019-08-27 14:00:00,EB,16,0,0,-0.105000,-0.190000,-0.195000,-0.207500,-0.271250,-0.142500,0.247813
2019-09-02 08:45:00,EB,10,0,1,-0.065000,-0.456250,-0.155000,-0.165000,-0.250000,-0.100000,
2019-09-04 13:00:00,EB,8,0,0,-0.020000,-0.112500,-0.030000,-0.097500,-0.046667,-0.281250,0.237376
2019-09-04 16:00:00,EB,8,0,0,-0.035000,-0.045000,-0.050000,-0.083333,-0.067500,-0.203000,-0.165631
2019-09-04 18:30:00,EB,8,0,1,-0.030000,-0.025000,-0.040000,-0.070000,-0.291667,-0.521250,
2019-09-05 09:00:00,EB,7,0,1,0.315000,-0.200000,-0.035000,0.010000,-0.100000,0.005000,
2019-09-05 11:15:00,EB,7,0,0,0.045000,0.156667,0.163333,0.313333,0.673000,-0.167500,0.049177
2019-09-07 11:15:00,EB,5,1,0,,,,,,,
2019-09-12 13:45:00,GC_ME,0,0,0,3.505000,3.992857,4.106000,5.238750,6.742000,7.700000,0.042326
2019-09-12 13:45:00,GC_PR,0,0,0,3.690000,3.211429,3.477500,2.948750,2.442000,1.592500,0.595402
2019-09-12 14:30:00,GC_PC,0,0,0,-0.320000,0.617500,0.362500,2.262500,4.193000,5.937500,-0.452821
2019-09-16 14:00:00,EB,38,0,0,0.110000,0.107500,0.073333,0.046667,0.271667,-0.092500,-0.005667
2019-09-17 18:35:00,EB,37,0,1,0.000000,0.000000,-0.020000,-0.120000,-0.215000,-0.229000,
2019-09-17 19:10:00,EB,37,0,1,0.000000,0.000000,-0.010000,0.010000,0.005000,-0.047500,
2019-09-18 10:00:00,EB,36,0,0,0.000000,0.065000,0.095000,0.070000,-0.230000,-0.246000,0.042835
2019-09-19 14:00:00,EB,35,0,0,0.000000,-0.030000,-0.500000,0.070000,0.120000,0.040000,0.080114
2019-09-23 15:00:00,P,31,0,0,0.000000,-0.050000,-0.070000,-0.131000,-0.447000,-0.192500,-0.056836
2019-09-23 19:00:00,EB,31,0,1,0.000000,0.000000,0.000000,-0.007500,0.100000,0.237500,
2019-09-24 14:00:00,EB,30,0,0,0.000000,-0.025000,-0.050000,-0.040000,-0.040000,-0.019000,-0.109225
2019-09-24 16:30:00,EB,30,0,0,0.000000,0.105000,0.130000,0.070000,-0.060000,-0.107500,-0.239481
2019-09-25 11:00:00,EB,29,0,0,0.000000,-0.170000,-0.260000,-0.380000,-0.455000,-0.483333,-0.218266
2019-09-25 16:00:00,EB,29,0,0,0.000000,0.020000,0.020000,-0.015000,0.170000,0.340000,0.059812
2019-09-26 15:30:00,P,28,0,0,,,,0.000000,,0.100000,0.003681
2019-09-27 14:30:00,EB,27,0,0,,,,-0.300000,,-0.400000,-0.050230
2019-09-29 20:00:00,EB,25,1,1,,,,,,,
2019-10-01 03:00:00,EB,23,0,1,,,,,,,
2019-10-01 18:45:00,P,23,0,1,,,,,,,
2019-10-02 13:00:00,EB,22,0,0,,0.100000,0.100000,0.100000,,0.800000,-0.056191
2019-10-03 09:45:00,EB,21,0,0,,,-0.100000,-0.100000,,-0.350000,0.238758
2019-10-04 13:25:00,EB,20,0,0,,,,,,0.200000,0.103498
2019-10-11 12:00:00,P,13,0,0,,0.100000,0.100000,0.233333,0.600000,0.800000,-0.129247
2019-10-11 12:30:00,EB,13,0,0,,0.000000,0.000000,0.100000,0.500000,0.850000,-0.263193
2019-10-16 16:00:00,EB,8,0,0,,0.100000,0.100000,-0.000000,-0.200000,-0.200000,0.075847
2019-10-17 16:30:00,EB,7,0,0,,,0.100000,-0.133333,-0.100000,-0.100000,-0.107654
2019-10-18 16:00:00,P,6,0,0,-0.015000,-0.087500,-0.246667,-0.100000,0.100000,-0.548750,-0.284151
2019-10-21 17:40:00,EB,3,0,1,-0.015000,-0.015000,-0.020000,0.017500,-0.130000,-0.120000,
2019-10-24 13:45:00,GC_ME,0,0,0,0.045000,-0.025000,0.080000,-0.013333,0.110000,0.190000,-0.223458
2019-10-24 13:45:00,GC_PR,0,0,0,-0.060000,-0.087500,-0.080000,-0.166667,-0.162500,-0.173333,-0.114212
2019-10-24 14:30:00,GC_PC,0,0,0,0.095000,-0.092500,0.210000,0.087500,0.217500,0.445000,-0.104129
2019-10-28 16:00:00,P,45,0,0,0.090000,0.070000,0.040000,-0.058333,-0.056667,-0.105000,-0.017063
2019-10-30 18:30:00,EB,43,0,1,,,,-0.100000,-0.400000,-0.300000,
2019-10-31 09:00:00,EB,42,0,1,-1.245000,-0.033333,-0.200000,-0.066667,-0.150000,-0.075000,
2019-11-04 20:30:00,P,38,0,1,,,,0.000000,0.000000,-0.050000,
2019-11-06 10:00:00,EB,36,0,0,,-0.183333,-0.183333,-0.146667,0.013333,0.043750,-0.308137
2019-11-06 10:30:00,EB,36,0,0,,-0.030000,-0.050000,-0.140000,-0.140000,-0.035000,-0.108165
2019-11-11 16:30:00,EB,31,0,0,,-0.100000,-0.120000,0.080000,0.040000,0.050000,0.018382
2019-11-12 09:00:00,EB,30,0,1,,0.035000,0.050000,0.130000,-0.100000,0.237500,
2019-11-12 09:30:00,EB,30,0,0,-0.100000,-0.035000,-0.081667,-0.085000,-0.111250,-0.170000,-0.098481
2019-11-14 10:45:00,EB,28,0,0,,0.050000,0.086667,0.080000,0.155000,0.268750,0.047043
2019-11-14 12:00:00,EB,28,0,0,,0.100000,0.100000,-0.100000,0.000000,-0.000000,0.001893
2019-11-15 09:00:00,EB,27,0,1,,0.100000,-0.050000,-0.040000,-0.060000,-0.046667,
2019-11-15 16:00:00,EB,27,0,0,,-0.090000,-0.110000,-0.090000,-0.060000,-0.016250,0.036988
2019-11-18 10:00:00,EB,24,0,0,0.020000,0.090000,0.120000,0.137500,0.207500,0.310000,-0.141753
2019-11-18 14:05:00,EB,24,0,0,,-0.060000,-0.080000,-0.120000,-0.183333,-0.475833,-0.394545
2019-11-20 18:00:00,EB,22,0,1,,0.095000,0.120000,0.150000,0.140000,0.040000,
2019-11-21 09:10:00,EB,21,0,1,0.005000,-0.040000,-0.020000,-0.183333,-0.286667,-0.231250,-0.032209
2019-11-21 10:40:00,EB,21,0,0,-0.005000,-0.005000,-0.073333,-0.030000,0.100000,0.107500,0.347135
2019-11-22 09:30:00,P,20,0,0,-0.050000,-0.107500,-0.050000,0.008333,-0.078750,-0.300000,-0.306055
2019-11-25 19:00:00,EB,17,0,1,0.020000,0.030000,0.040000,0.055000,0.035000,0.000000,
2019-11-25 19:30:00,EB,17,0,1,0.000000,0.000000,0.000000,0.015000,0.020000,0.020000,
2019-11-26 09:15:00,EB,16,0,1,-0.025000,0.025000,-0.045000,0.080000,-0.140000,-0.310000,-0.100284
2019-11-27 10:30:00,EB,15,0,0,-0.055000,-0.100000,0.040000,0.056667,0.060000,0.015000,0.058636
2019-11-27 11:30:00,P,15,0,0,0.070000,0.120000,0.175000,0.100000,0.098333,0.085000,-0.198118
2019-11-28 17:35:00,EB,14,0,1,0.005000,,0.020000,0.000000,-0.040000,0.030000,
2019-11-28 21:00:00,EB,14,0,1,,,,,,,
2019-11-29 18:30:00,EB,13,0,1,,0.005000,0.010000,-0.010000,0.040000,0.000000,
2019-12-02 15:00:00,P,10,0,0,0.000000,0.010000,0.010000,0.040000,0.090000,0.217500,-0.250270
2019-12-03 18:30:00,EB,9,0,1,0.000000,0.010000,0.000000,0.000000,0.010000,0.025000,
2019-12-12 13:45:00,GC_ME,0,0,0,0.170000,,,0.100000,0.300000,0.133333,0.333460
2019-12-12 13:45:00,GC_PR,0,0,0,0.042500,0.045000,0.045000,-0.037500,0.010000,0.148000,-0.172965
2019-12-12 14:30:00,GC_PC,0,0,0,0.135000,0.025000,0.150000,0.180000,0.137500,0.073750,0.510851
2019-12-13 18:00:00,EB,41,0,1,0.170000,0.170000,0.170000,0.110000,0.075000,-0.160000,
2019-12-16 13:30:00,EB,38,0,0,0.035000,0.020000,0.030000,-0.100000,-0.010000,-0.055000,0.059008
2019-12-16 14:00:00,EB,38,0,0,-0.010000,-0.010000,-0.010000,-0.020000,-0.035000,-0.107500,0.115625
2019-12-18 09:30:00,P,36,0,0,0.000000,0.000000,0.300000,-0.100000,-0.300000,0.200000,0.069895
2019-12-18 12:15:00,EB,36,0,0,0.100000,0.100000,0.100000,0.100000,-0.300000,0.100000,-0.085283
2020-01-06 09:15:00,EB,17,0,1,-0.090000,-0.170000,-0.285000,-0.190000,-0.196667,-0.295000,-0.733496
2020-01-08 14:00:00,EB,15,0,0,0.200000,0.360000,0.080000,-0.025000,0.060000,0.170000,-0.125545
2020-01-09 16:45:00,EB,14,0,0,,,0.000000,-0.100000,-0.100000,0.375000,-0.098484
2020-01-09 19:00:00,EB,14,0,1,,,,,,-0.100000,
2020-01-14 09:30:00,EB,9,0,0,0.010000,-0.020000,0.130000,0.300000,0.065000,0.162000,0.169042
2020-01-16 19:00:00,P,7,0,1,0.000000,0.000000,0.000000,-0.010000,-0.010000,-0.010000,
2020-01-23 13:45:00,GC_ME,0,0,0,0.030000,-0.015000,-0.095000,-0.187500,-0.460000,-0.886667,-0.554697
2020-01-23 13:45:00,GC_PR,0,0,0,0.080000,0.040000,0.100000,0.040000,-0.065000,-0.116667,-0.105834
2020-01-23 14:30:00,GC_PC,0,0,0,-0.030000,-0.055000,-0.105000,-0.227500,-0.398750,-0.975000,-0.278918
2020-01-23 20:00:00,P,49,0,1,0.005000,0.005000,0.010000,0.020000,0.050000,0.215000,
2020-01-27 18:00:00,EB,45,0,1,0.000000,0.005000,0.005000,0.015000,-0.005000,-0.045000,
2020-01-28 16:00:00,EB,44,0,0,,0.045000,0.110000,0.145000,0.100000,0.510000,0.566041
2020-02-03 10:15:00,EB,38,0,0,0.000000,-0.102500,-0.140000,-0.213333,-0.192500,-0.503750,-0.218445
2020-02-05 09:10:00,EB,36,0,1,0.000000,0.145000,0.000000,0.280000,0.700000,1.170000,0.676601
2020-02-05 12:30:00,EB,36,0,0,0.000000,0.040000,0.026667,0.160000,0.135000,0.120000,-0.080063
2020-02-05 13:15:00,P,36,0,0,0.000000,-0.005000,-0.100000,0.082500,0.157500,0.085000,0.162280
2020-02-06 09:00:00,P,35,0,1,0.100000,0.100000,-0.000000,0.000000,-0.200000,0.340000,
2020-02-06 09:15:00,EB,35,0,1,0.000000,0.000000,0.000000,-0.100000,0.000000,0.240000,-0.077999
2020-02-11 15:00:00,P,30,0,0,,0.105000,0.140000,0.315000,0.367500,0.262500,0.179589
2020-02-11 17:30:00,EB,30,0,1,,-0.040000,-0.085000,-0.070000,-0.085000,-0.075000,
2020-02-11 18:00:00,EB,30,0,1,,0.010000,0.010000,0.020000,0.030000,0.125000,
2020-02-12 10:50:00,EB,29,0,0,0.000000,-0.155000,-0.160000,-0.180000,-0.215000,-0.279000,0.031000
2020-02-13 13:00:00,EB,28,0,0,0.000000,0.015000,0.010000,0.008333,0.040000,0.075000,0.229174
2020-02-13 18:00:00,EB,28,0,1,,-0.005000,-0.010000,0.040000,0.010000,-0.087500,
2020-02-13 19:00:00,EB,28,0,1,,-0.065000,-0.095000,-0.105000,-0.050000,-0.100000,
2020-02-17 15:00:00,EB,24,0,0,0.000000,-0.070000,0.005000,-0.095000,-0.105000,-0.197500,0.110050
2020-02-18 14:45:00,EB,23,0,0,0.005000,0.050000,0.060000,0.071667,0.208750,0.410000,0.169754
2020-02-20 11:30:00,EB,21,0,0,0.005000,-0.005000,0.000000,0.015000,0.000000,-0.100000,-0.059148
2020-02-21 18:00:00,EB,20,0,1,0.012500,0.020000,0.020000,0.040000,0.020000,-0.050000,
2020-02-26 09:00:00,EB,15,0,1,-0.110000,-0.065000,-0.326667,-0.379000,-0.238333,-0.598000,
2020-02-26 14:30:00,P,15,0,0,-0.010000,-0.083750,0.027500,0.006667,0.077500,0.514000,0.385068
2020-02-27 10:30:00,EB,14,0,0,-0.050000,0.000000,-0.166667,-0.200000,0.100000,0.225000,0.013394
2020-02-27 10:45:00,P,14,0,0,0.100000,-0.150000,-0.100000,-0.200000,-0.100000,0.200000,-0.506877
2020-02-27 11:10:00,EB,14,0,0,-0.100000,-0.150000,-0.300000,0.050000,0.250000,0.200000,-0.671874
2020-02-27 17:00:00,EB,14,0,0,1.100000,2.000000,1.333333,1.575000,1.533333,1.750000,0.509832
2020-02-27 21:00:00,EB,14,0,1,,,,,,,
2020-03-02 13:30:00,EB,10,0,0,0.437500,0.570000,0.722500,0.338000,0.657000,0.199000,1.164626
2020-03-12 13:45:00,GC_ME,0,0,0,9.130000,9.497500,9.338000,7.770000,7.395000,5.680000,-3.906333
2020-03-12 13:45:00,GC_PR,0,0,0,9.496667,8.926250,9.569000,8.440000,8.075000,6.333000,-1.923620
2020-03-12 14:30:00,GC_PC,0,0,0,0.935000,0.245000,-0.482000,-0.763000,-0.478750,-0.679000,-1.930583
2020-04-16 11:05:00,EB,14,0,0,0.120000,-0.000000,-0.100000,0.642500,-0.005000,-0.036667,-0.344434
2020-04-16 12:00:00,P,14,0,0,0.025000,0.130000,0.165000,0.198750,0.092500,0.013333,-0.096255
2020-04-30 13:45:00,GC_ME,0,0,0,1.945000,1.450000,1.150000,0.727000,0.327500,-0.812500,-1.049449
2020-04-30 13:45:00,GC_PR,0,0,0,1.730000,0.652500,-0.130000,0.065000,-1.325000,-1.920000,-0.338955
2020-04-30 14:30:00,GC_PC,0,0,0,0.260000,0.153333,0.807500,0.930000,1.147500,0.835000,-0.790160
2020-05-05 10:00:00,EB,30,0,0,0.000000,-0.133333,-0.140000,-0.135000,-0.310000,-0.050000,-0.828468
2020-05-07 09:00:00,EB,28,0,1,0.005000,0.075000,0.030000,-0.018333,-0.010000,0.047500,
2020-05-07 16:00:00,P,28,0,0,-0.015000,-0.230000,-0.300000,-0.060000,-0.281667,-0.327500,-0.246386
2020-05-08 13:00:00,P,27,0,0,0.015000,0.100000,0.125000,0.200000,0.357500,0.275000,0.083109
2020-05-11 12:45:00,EB,24,0,0,0.005000,0.030000,0.008333,-0.051667,-0.013333,0.083750,0.113484
2020-05-13 13:00:00,EB,22,0,0,0.000000,0.100000,0.100000,0.250000,0.100000,0.012500,0.086528
2020-05-13 17:00:00,EB,22,0,0,,-0.100000,-0.100000,-0.200000,-0.200000,0.100000,-0.654983
2020-05-13 18:00:00,EB,22,0,1,,0.100000,0.100000,-0.100000,-0.250000,-0.300000,
2020-05-14 17:00:00,EB,21,0,0,-0.055000,-0.120000,-0.232500,-0.200000,-0.245000,-0.431250,0.807120
2020-05-19 16:00:00,EB,16,0,0,0.040000,0.075000,0.060000,-0.025000,0.050000,0.016667,-0.269728
2020-05-21 09:30:00,EB,14,0,0,-0.060000,-0.097500,-0.025000,-0.052500,0.043333,-0.083333,-0.140339
2020-05-22 16:30:00,EB,13,0,0,0.015000,0.050000,0.050000,0.020000,0.100000,0.072500,0.187427
2020-05-26 14:45:00,EB,9,0,0,0.035000,-0.017500,0.095000,0.045000,0.108333,0.193333,0.200825
2020-05-27 09:30:00,P,8,0,0,0.045000,-0.008333,-0.025000,-0.093750,-0.085000,-0.050000,0.307023
2020-05-27 10:30:00,EB,8,0,0,-0.310000,-0.365000,-0.270000,-0.228750,-0.281667,-0.480000,0.761073
2020-06-04 13:45:00,GC_ME,0,0,0,0.095000,0.266667,0.292500,0.226667,0.208333,-0.326250,0.022745
2020-06-04 13:45:00,GC_PR,0,0,0,0.040000,0.177500,0.030000,-0.356000,-0.797500,-1.761667,0.729994
2020-06-04 14:30:00,GC_PC,0,0,0,0.060000,0.288333,0.066667,0.436000,1.111667,0.942500,-0.447867
2020-06-08 15:45:00,P,38,0,0,0.000000,-0.030000,-0.045000,-0.125000,-0.115000,-0.262500,-0.788797
2020-06-10 13:00:00,EB,36,0,0,0.000000,-0.040000,-0.060000,-0.075000,-0.170000,-0.165000,0.283308
2020-06-10 15:30:00,EB,36,0,0,0.000000,-0.045000,-0.070000,-0.190000,-0.156667,-0.125000,-0.736817
2020-06-13 12:00:00,P,33,1,0,,,,,,,
2020-06-22 16:15:00,EB,24,0,0,0.000000,0.010000,0.020000,0.055000,0.150000,0.158000,-0.212982
2020-06-22 18:30:00,EB,24,0,1,,,0.030000,0.040000,0.110000,0.175000,
2020-06-24 09:00:00,EB,22,0,1,0.030000,0.107500,0.066667,-0.138750,-0.180000,-0.190000,
2020-06-25 14:30:00,EB,21,0,0,-0.020000,0.005000,0.010000,-0.012000,0.025000,-0.020000,0.422940
2020-06-25 16:30:00,EB,21,0,0,0.000000,-0.010000,-0.040000,-0.100000,-0.098333,0.051667,0.434712
2020-06-26 09:00:00,P,20,0,1,0.000000,0.000000,-0.100000,-0.050000,-0.250000,-0.333333,
2020-06-27 11:05:00,EB,19,1,0,,,,,,,
2020-06-30 13:00:00,EB,16,0,0,0.000000,0.010000,0.000000,-0.025000,-0.125000,0.120000,0.106003
2020-06-30 17:00:00,EB,16,0,0,0.030000,0.050000,0.050000,0.121667,0.275000,0.650000,0.307989
2020-07-01 09:45:00,EB,15,0,0,0.015000,0.025000,0.090000,0.075000,0.105000,0.192500,-0.015106
2020-07-01 14:10:00,P,15,0,0,0.130000,0.185000,0.100000,0.000000,0.255000,0.455000,1.145697
2020-07-02 15:00:00,EB,14,0,0,0.040000,0.060000,0.040000,0.074000,0.050000,0.026000,0.547529
2020-07-02 19:00:00,EB,14,0,1,0.000000,-0.015000,0.000000,-0.020000,-0.040000,-0.065000,
2020-07-04 12:40:00,P,12,1,0,,,,,,,
2020-07-07 08:15:00,EB,9,0,1,0.012500,-0.050000,0.056667,-0.060000,-0.117500,-0.036250,
2020-07-08 16:00:00,EB,8,0,0,0.065000,0.080000,0.090000,0.060000,0.200000,0.272500,-0.032461
2020-07-13 11:30:00,EB,3,0,0,0.000000,-0.100000,-0.100000,0.200000,-0.000000,0.700000,0.047530
2020-07-16 13:45:00,GC_ME,0,0,0,-0.320000,-0.197500,-0.100000,-0.306667,-0.160000,-0.220000,0.268635
2020-07-16 13:45:00,GC_PR,0,0,0,-0.150000,-0.136667,-0.210000,-0.232500,-0.278000,-1.470000,-0.055097
2020-07-16 14:30:00,GC_PC,0,0,0,-0.080000,-0.045000,0.090000,-0.077500,0.123000,-0.227500,0.267440
2020-07-17 10:30:00,EB,55,0,0,0.140000,0.140000,0.135000,0.115000,0.016667,0.055000,0.027966
2020-07-17 10:30:00,EB,55,0,0,0.140000,0.140000,0.135000,0.115000,0.016667,0.055000,0.027966
2020-07-20 10:00:00,EB,52,0,0,-0.165000,-0.130000,-0.075000,0.005000,0.020000,-0.165000,0.807832
2020-07-20 16:30:00,EB,52,0,0,0.060000,0.040000,0.010000,0.015000,0.090000,0.130000,0.125377
2020-07-22 15:15:00,P,50,0,0,0.000000,-0.020000,0.017500,-0.230000,-0.250000,-0.197500,-0.006811
2020-07-22 17:00:00,EB,50,0,0,,0.010000,0.055000,0.120000,0.385000,0.363333,-0.214328
2020-07-23 11:00:00,EB,49,0,0,0.100000,-0.033333,0.045000,-0.003333,-0.085000,-0.095000,-0.157816
2020-08-18 10:00:00,EB,23,0,0,0.000000,0.000000,0.000000,0.000000,-0.100000,0.100000,0.468498
2020-08-26 13:30:00,EB,15,0,0,0.000000,0.000000,0.000000,0.000000,0.100000,0.166667,-0.127218
2020-08-27 17:50:00,EB,14,0,1,,,,,0.000000,0.100000,
2020-09-01 09:30:00,EB,9,0,0,0.000000,0.000000,0.000000,0.000000,0.150000,0.337500,-0.108928
2020-09-01 18:00:00,EB,9,0,1,,,,,0.400000,-0.000000,
2020-09-10 13:45:00,GC_ME,0,0,0,0.000000,0.000000,0.000000,0.000000,-0.200000,0.237500,0.506387
2020-09-10 13:45:00,GC_PR,0,0,0,0.000000,0.000000,0.000000,-0.100000,-0.300000,1.000000,0.070834
2020-09-10 14:30:00,GC_PC,0,0,0,0.000000,0.750000,0.600000,0.100000,0.200000,0.062500,0.482460
2020-09-10 19:00:00,P,49,0,1,,,,,,-0.175000,
2020-09-11 10:50:00,EB,48,0,0,0.000000,0.000000,-1.100000,0.100000,-0.033333,0.166667,-0.129298
2020-09-11 11:30:00,P,48,0,0,0.000000,0.000000,0.000000,0.000000,0.000000,0.100000,-0.309621
2020-09-11 11:45:00,EB,48,0,0,0.000000,0.100000,0.000000,0.000000,0.200000,0.200000,-0.068660
2020-09-11 14:00:00,EB,48,0,0,0.000000,0.000000,0.000000,-0.100000,-0.200000,0.100000,-0.115766
2020-09-13 11:35:00,P,46,1,0,,,,,,,
2020-09-14 15:30:00,EB,45,0,0,0.000000,0.000000,0.000000,-0.150000,-0.250000,0.025000,-0.140132
2020-09-15 09:15:00,EB,44,0,1,0.000000,0.000000,0.000000,-0.100000,0.100000,0.050000,-0.347031
2020-09-16 13:00:00,EB,43,0,0,0.000000,0.000000,0.000000,0.100000,-0.100000,1.300000,-0.199999
2020-09-17 10:00:00,EB,42,0,0,0.000000,0.100000,0.100000,0.100000,0.425000,0.700000,0.047527
2020-09-18 11:15:00,EB,41,0,0,0.000000,-0.050000,-0.100000,-0.325000,-0.433333,-0.383333,0.021431
2020-09-18 16:00:00,EB,41,0,0,0.000000,0.000000,0.100000,0.033333,0.100000,0.350000,-0.272084
2020-09-21 14:20:00,P,38,0,0,0.000000,0.000000,0.000000,-0.100000,0.200000,-0.337500,-0.123876
2020-09-22 14:00:00,EB,37,0,0,0.000000,0.000000,0.000000,0.000000,-0.100000,-0.237500,-0.095752
2020-09-28 11:45:00,EB,31,0,0,0.100000,0.100000,0.100000,0.066667,-0.300000,0.100000,0.431218
2020-09-28 15:30:00,EB,31,0,0,0.000000,-0.200000,0.000000,-0.100000,-0.066667,-0.233333,0.256953
2020-09-28 15:45:00,P,31,0,0,0.100000,-0.100000,0.000000,-0.133333,0.100000,0.150000,0.310241
2020-09-30 09:30:00,P,29,0,0,0.000000,0.000000,-0.100000,0.100000,0.100000,-0.025000,-0.283827
2020-09-30 16:00:00,EB,29,0,0,0.000000,0.000000,0.000000,0.000000,0.200000,-0.000000,0.157347
2020-10-01 17:45:00,EB,28,0,1,,0.000000,,0.100000,0.100000,0.000000,
2020-10-02 12:00:00,EB,27,0,0,0.000000,0.000000,-2.500000,-1.200000,0.100000,0.012500,0.012638
2020-10-06 10:35:00,P,23,0,0,,,,,0.000000,-0.100000,0.167236
2020-10-06 15:00:00,P,23,0,0,,,,0.100000,0.100000,0.000000,-0.125857
2020-10-06 17:30:00,EB,23,0,1,,,,,,-0.100000,
2020-10-07 14:10:00,P,22,0,0,,,,-0.200000,-0.300000,-0.337500,0.178145
2020-10-08 09:25:00,EB,21,0,0,0.200000,-0.100000,,0.000000,-0.050000,-0.100000,-0.389720
2020-10-08 10:00:00,EB,21,0,0,,0.100000,0.000000,0.066667,0.100000,-0.100000,-0.295013
2020-10-08 12:15:00,EB,21,0,0,,,-0.200000,-0.166667,0.000000,-0.200000,0.100061
2020-10-12 10:45:00,EB,17,0,0,0.000000,0.000000,0.000000,0.200000,0.100000,0.033333,-0.270895
2020-10-12 13:00:00,P,17,0,0,0.000000,0.100000,0.000000,0.000000,0.200000,0.100000,0.331398
2020-10-12 17:00:00,EB,17,0,0,,,,,,0.050000,0.155177
2020-10-12 18:45:00,EB,17,0,1,,,,,,,
2020-10-14 10:00:00,P,15,0,0,0.000000,0.000000,0.100000,0.100000,-0.100000,-0.025000,0.262469
2020-10-14 13:00:00,EB,15,0,0,0.000000,-0.100000,0.000000,-0.100000,0.000000,0.175000,-0.013774
2020-10-14 14:00:00,EB,15,0,0,-0.100000,0.000000,0.000000,-0.300000,-0.100000,0.133333,0.128265
2020-10-15 18:00:00,P,14,0,1,,,0.100000,,0.100000,0.100000,
2020-10-18 15:05:00,P,11,1,0,,,,,,,
2020-10-19 09:15:00,EB,10,0,1,0.000000,0.000000,0.100000,0.000000,-0.100000,-0.000000,-0.167670
2020-10-19 13:30:00,EB,10,0,0,0.000000,0.000000,0.000000,0.000000,-0.100000,-0.275000,-0.197764
2020-10-19 14:30:00,P,10,0,0,0.000000,0.000000,0.000000,-0.050000,-0.000000,-0.300000,-0.054154
2020-10-19 14:40:00,EB,10,0,0,0.000000,0.000000,0.000000,0.200000,-0.000000,-0.200000,-0.114078
2020-10-19 14:45:00,P,10,0,0,0.000000,0.000000,0.000000,0.100000,-0.000000,-0.000000,-0.123615
2020-10-21 12:00:00,EB,8,0,0,0.000000,0.000000,0.000000,-0.150000,0.100000,-0.075000,0.004994
2020-10-21 15:55:00,EB,8,0,0,0.000000,0.000000,0.000000,-0.200000,-0.100000,-0.437500,0.150712
2020-10-22 09:00:00,EB,7,0,1,0.000000,0.000000,-0.100000,-0.300000,-0.100000,0.030000,
2020-10-29 13:45:00,GC_ME,0,0,0,0.100000,-0.333333,-0.600000,-0.650000,-0.866667,-0.666667,1.302136
2020-10-29 13:45:00,GC_PR,0,0,0,0.000000,0.066667,0.100000,0.100000,0.233333,0.050000,0.211286
2020-10-29 14:30:00,GC_PC,0,0,0,0.100000,-0.375000,-0.733333,-1.000000,-1.133333,-0.966667,1.044223
2020-10-30 10:00:00,EB,41,0,0,0.000000,-0.100000,0.000000,-0.166667,-0.100000,-0.125000,0.540623
2020-10-30 13:00:00,EB,41,0,0,0.000000,0.000000,0.000000,0.000000,0.000000,-0.100000,-0.261536
2020-10-31 12:00:00,EB,40,1,0,,,,,,,
2020-11-02 15:00:00,EB,38,0,0,0.000000,0.000000,0.100000,0.100000,-0.200000,-0.200000,-0.144803
2020-11-04 09:45:00,EB,36,0,0,0.000000,0.100000,-0.100000,-0.100000,-0.100000,-0.100000,0.839866
2020-11-04 14:00:00,EB,36,0,0,0.000000,0.000000,0.000000,-0.033333,-0.166667,0.650000,0.550057
2020-11-04 16:00:00,EB,36,0,0,,,0.000000,0.100000,-0.100000,0.066667,1.166512
2020-11-05 11:40:00,EB,35,0,0,0.000000,0.000000,0.000000,0.100000,0.050000,0.100000,0.403872
2020-11-05 16:10:00,EB,35,0,0,,,,0.000000,0.000000,-0.100000,0.143142
2020-11-09 10:25:00,P,31,0,0,0.000000,-0.100000,-0.100000,0.100000,0.000000,-0.100000,0.104114
2020-11-09 13:00:00,EB,31,0,0,0.000000,0.100000,0.200000,0.475000,1.033333,2.033333,3.381345
2020-11-11 14:00:00,P,29,0,0,0.000000,0.000000,0.000000,0.225000,0.250000,0.150000,-0.049399
2020-11-12 10:50:00,EB,28,0,0,0.000000,0.000000,0.000000,0.100000,0.000000,-0.100000,0.060284
2020-11-12 14:00:00,EB,28,0,0,0.000000,0.000000,0.000000,-0.200000,0.100000,0.100000,-0.134474
2020-11-12 15:15:00,EB,28,0,0,0.000000,0.000000,0.000000,0.000000,-0.233333,-0.333333,0.117261
2020-11-12 16:30:00,EB,28,0,0,,,,0.000000,,-0.400000,-0.251606
2020-11-16 10:00:00,EB,24,0,0,0.000000,-0.040000,-0.100000,-0.133333,0.015000,-0.100000,0.188083
2020-11-16 14:00:00,P,24,0,0,-0.030000,-0.250000,0.100000,-0.025000,-0.403333,-0.300000,-0.125925
2020-11-16 14:30:00,EB,24,0,0,0.000000,0.000000,0.000000,-0.100000,-0.100000,-0.833333,0.071673
2020-11-17 17:00:00,P,23,0,0,,0.080000,0.100000,0.003333,0.003333,-0.050000,0.080215
2020-11-19 09:00:00,P,21,0,1,0.010000,0.005000,0.070000,0.035000,0.155000,-0.357500,
2020-11-19 16:15:00,EB,21,0,0,-0.010000,-0.020000,-0.045000,-0.082500,0.045000,0.000000,-0.131991
2020-11-20 09:35:00,P,20,0,0,0.040000,0.095000,0.090000,0.020000,-0.146667,0.032500,0.065895
2020-11-20 10:45:00,EB,20,0,0,-0.010000,0.025000,0.040000,-0.037500,-0.052500,-0.010000,0.184424
2020-11-23 14:10:00,EB,17,0,0,0.005000,0.000000,0.010000,0.010000,-0.020000,0.043333,-0.205594
2020-11-24 14:15:00,EB,16,0,0,-0.040000,0.000000,0.000000,0.010000,-0.060000,-0.033333,-0.068451
2020-11-24 15:00:00,P,16,0,0,-0.040000,-0.055000,-0.030000,0.005000,-0.020000,0.143333,-0.088434
2020-11-24 18:45:00,EB,16,0,1,0.010000,0.005000,0.000000,0.020000,0.020000,-0.025000,
2020-11-26 13:00:00,EB,14,0,0,0.035000,-0.025000,-0.020000,0.040000,-0.080000,-0.107500,-0.044389
2020-11-26 14:00:00,EB,14,0,0,-0.017500,-0.005000,0.100000,0.030000,0.073333,-0.197500,0.168241
2020-11-27 10:30:00,EB,13,0,0,0.005000,0.010000,0.010000,-0.080000,-0.060000,-0.087000,-0.207070
2020-11-27 11:00:00,EB,13,0,0,-0.005000,-0.005000,-0.010000,-0.040000,-0.040000,-0.135000,-0.002272
2020-11-30 11:30:00,P,10,0,0,-0.010000,-0.020000,0.000000,-0.050000,-0.070000,-0.100000,0.075982
2020-12-01 18:00:00,P,9,0,1,0.005000,0.000000,0.000000,0.010000,-0.020000,-0.100000,
2020-12-10 13:45:00,GC_ME,0,0,0,1.015000,1.072500,1.008333,1.298333,1.312500,1.296250,-0.690835
2020-12-10 13:45:00,GC_PR,0,0,0,0.975000,1.000000,1.000000,1.366667,1.500000,2.100000,-0.057499
2020-12-10 14:30:00,GC_PC,0,0,0,0.655000,0.285000,0.540000,0.198000,0.554000,-0.244000,-0.666638
2020-12-14 10:45:00,EB,38,0,0,0.010000,0.080000,0.120000,0.183333,0.088333,0.585000,0.320267
2020-12-14 14:30:00,EB,38,0,0,0.000000,-0.010000,-0.010000,-0.010000,-0.005000,0.196667,-0.089410
2020-12-15 15:05:00,EB,37,0,0,-0.100000,0.005000,0.000000,-0.005000,-0.100000,0.040000,-0.163785
2020-12-16 09:30:00,EB,36,0,0,0.000000,0.005000,0.073333,0.133333,0.157500,0.055000,0.270828
2020-12-16 16:30:00,EB,36,0,0,,,,0.055000,0.010000,0.100000,0.332524
2020-12-16 17:15:00,EB,36,0,1,,,0.005000,0.045000,0.075000,0.095000,
2020-12-17 17:00:00,EB,35,0,0,,-0.025000,-0.040000,0.015000,0.261667,0.419000,-0.083337
2020-12-17 18:30:00,EB,35,0,1,,0.005000,0.005000,0.020000,0.035000,0.001250,
2021-01-04 21:45:00,EB,17,0,1,,,,,,,
2021-01-11 15:40:00,P,10,0,0,0.000000,0.000000,0.010000,0.050000,0.080000,0.102500,0.617591
2021-01-13 10:00:00,P,8,0,0,0.000000,0.000000,0.000000,0.000000,0.000000,0.100000,0.245674
2021-01-21 13:45:00,GC_ME,0,0,0,-0.100000,0.000000,-0.100000,-0.200000,-0.100000,-0.116667,-0.341685
2021-01-21 13:45:00,GC_PR,0,0,0,-0.100000,0.000000,-0.100000,-0.200000,-0.300000,-0.066667,-0.142392
2021-01-21 14:30:00,GC_PC,0,0,0,0.000000,0.015000,0.040000,0.025000,0.013333,0.262500,-0.139926
2021-01-25 09:45:00,P,45,0,0,-0.090000,-0.075000,0.000000,-0.258750,-0.406667,-0.166250,-0.043256
2021-01-25 11:45:00,EB,45,0,0,-0.005000,0.010000,0.000000,-0.028750,0.003333,-0.075000,0.040315
2021-01-25 14:45:00,EB,45,0,0,0.020000,0.015000,0.000000,0.055000,-0.017500,-0.037500,0.362976
2021-01-25 14:45:00,EB,45,0,0,0.020000,0.015000,0.000000,0.055000,-0.017500,-0.037500,0.362976
2021-01-27 16:00:00,EB,43,0,0,-0.200000,-0.200000,-0.300000,0.000000,0.350000,0.312500,0.658315
2021-01-28 18:15:00,EB,42,0,1,,,,,0.125000,-0.500000,
2021-02-05 14:30:00,EB,34,0,0,0.000000,0.015000,0.020000,0.023333,0.143333,0.107500,0.012839
2021-02-08 17:00:00,P,31,0,0,,-0.005000,,-0.020000,-0.050000,-0.100000,-0.343922
2021-02-09 16:00:00,EB,30,0,0,0.000000,0.005000,0.000000,0.010000,-0.100000,-0.200000,0.101680
2021-02-10 14:00:00,EB,29,0,0,0.000000,0.000000,-0.020000,-0.105000,-0.250000,-0.300000,0.034383
2021-02-10 14:00:00,P,29,0,0,0.000000,0.000000,-0.020000,-0.105000,-0.250000,-0.300000,0.034383
2021-02-11 09:00:00,EB,28,0,1,0.000000,0.010000,0.000000,0.050000,-0.045000,-0.600000,
2021-02-18 17:15:00,EB,21,0,1,-0.010000,-0.020000,-0.005000,0.000000,-0.045000,-0.092500,
2021-02-22 15:30:00,P,17,0,0,,-0.075000,-0.045000,0.075000,0.010000,-0.155000,0.192445
2021-02-25 11:45:00,EB,14,0,0,0.005000,0.005000,0.020000,0.040000,0.242000,0.435000,-0.298581
2021-02-25 16:00:00,EB,14,0,0,0.000000,-0.300000,-0.100000,0.100000,0.200000,1.140000,-0.482864
2021-02-26 09:30:00,EB,13,0,0,0.040000,0.006667,0.055000,-0.224000,-0.377500,-0.137500,0.840378
2021-03-01 16:20:00,EB,10,0,0,0.010000,0.020000,0.070000,0.092500,0.143333,0.095000,0.437102
2021-03-01 17:10:00,P,10,0,1,,0.010000,0.005000,-0.040000,0.010000,0.010000,0.001079
2021-03-02 14:40:00,EB,9,0,0,0.000000,0.005000,0.000000,0.100000,0.083333,0.230000,0.077133
2021-03-03 14:00:00,EB,8,0,0,-0.025000,-0.030000,0.010000,-0.023333,0.070000,0.171000,-0.552805
2021-03-03 16:00:00,EB,8,0,0,-0.093333,-0.092500,-0.090000,-0.010000,0.228750,0.366667,-0.081296
2021-03-03 20:30:00,EB,8,0,1,,,,0.005000,0.020000,0.010000,
2021-03-11 13:45:00,GC_ME,0,0,0,0.275000,0.308333,0.352500,0.333750,0.382500,0.567500,0.107792
2021-03-11 13:45:00,GC_PR,0,0,0,0.222500,0.150000,0.148750,0.308333,0.107500,0.071250,0.223676
2021-03-11 14:30:00,GC_PC,0,0,0,0.140000,0.140000,0.246667,0.170000,0.305000,0.073750,0.034427
2021-03-17 16:00:00,EB,36,0,0,0.000000,0.000000,0.080000,-0.010000,0.020000,0.192500,0.135291
2021-03-18 09:00:00,P,35,0,1,0.000000,0.000000,-0.070000,0.015000,0.067500,0.122500,
2021-03-18 14:00:00,EB,35,0,0,0.000000,0.010000,0.020000,0.125000,0.184000,0.102000,0.007774
2021-03-18 19:00:00,EB,35,0,1,,,-0.005000,-0.020000,-0.110000,-0.125000,
2021-03-19 11:45:00,EB,34,0,0,0.000000,0.000000,-0.030000,-0.023333,0.200000,0.198750,-0.146432
2021-03-24 16:40:00,P,29,0,0,,,,0.005000,0.010000,-0.092500,0.056645
2021-03-25 18:00:00,EB,28,0,1,,,-0.020000,0.050000,0.120000,0.100000,
2021-03-25 18:00:00,EB,28,0,1,,,-0.020000,0.050000,0.120000,0.100000,
2021-03-27 10:30:00,EB,26,1,0,,,,,,,
2021-04-08 11:30:00,P,14,0,0,0.000000,0.005000,0.000000,-0.200000,0.000000,-0.100000,-0.113838
2021-04-09 09:30:00,EB,13,0,0,0.000000,-0.025000,-0.010000,0.200000,0.100000,0.200000,0.034985
2021-04-12 09:45:00,EB,10,0,0,-0.020000,-0.005000,-0.100000,0.000000,-0.110000,-0.100000,-0.176947
2021-04-14 09:00:00,EB,8,0,1,0.000000,0.075000,0.020000,0.005000,0.003333,0.112500,
2021-04-14 13:45:00,EB,8,0,0,-0.120000,0.000000,-0.105000,0.048333,-0.015000,-0.042500,-0.158313
2021-04-14 16:00:00,P,8,0,0,0.000000,0.000000,0.000000,0.200000,0.200000,0.200000,-0.006786
2021-04-14 19:00:00,EB,8,0,1,0.010000,0.010000,0.020000,0.060000,0.085000,0.160000,
2021-04-22 13:45:00,GC_ME,0,0,0,0.080000,0.077500,0.013333,-0.120000,-0.175000,-0.493750,-0.083361
2021-04-22 13:45:00,GC_PR,0,0,0,-0.045000,-0.025000,0.000000,-0.095000,0.057500,0.043333,-0.048419
2021-04-22 14:30:00,GC_PC,0,0,0,0.120000,0.092500,0.083333,-0.040000,-0.152500,-0.575000,-0.092089
2021-04-26 14:00:00,EB,45,0,0,0.005000,0.000000,0.010000,-0.010000,0.105000,-0.083333,0.120332
2021-04-26 15:00:00,EB,45,0,0,-0.015000,-0.035000,-0.060000,-0.050000,-0.040000,-0.381667,0.135863
2021-04-28 16:00:00,P,43,0,0,0.000000,0.000000,-0.030000,-0.020000,0.090000,0.600000,0.034594
2021-04-29 09:30:00,EB,42,0,0,0.000000,0.000000,0.005000,-0.030000,0.010000,0.000000,0.144665
2021-04-29 11:00:00,EB,42,0,0,0.000000,-0.025000,-0.040000,0.000000,-0.113333,0.000000,-0.107322
2021-05-05 15:00:00,EB,36,0,0,0.000000,0.000000,0.015000,0.010000,0.100000,-0.150000,0.168680
2021-05-06 12:30:00,EB,35,0,0,0.000000,0.000000,-0.040000,-0.050000,-0.100000,-0.220000,0.027280
2021-05-06 13:15:00,P,35,0,0,0.000000,0.000000,0.000000,-0.010000,0.100000,-0.100000,0.020789
2021-05-06 15:15:00,EB,35,0,0,0.000000,0.000000,0.010000,0.035000,-0.100000,0.066667,-0.279794
2021-05-07 12:00:00,P,34,0,0,0.000000,-0.005000,0.000000,0.010000,0.020000,-0.033333,0.247251
2021-05-18 16:00:00,P,23,0,0,,,-0.005000,-0.020000,0.035000,-0.057500,0.106358
2021-05-19 08:00:00,EB,22,0,1,,,0.070000,0.150000,0.180000,0.260000,
2021-05-21 13:00:00,P,20,0,0,0.000000,0.000000,-0.030000,-0.030000,-0.100000,-0.121250,0.171595
2021-05-25 16:00:00,EB,16,0,0,0.000000,0.000000,0.000000,-0.000000,-0.100000,-0.200000,-0.183008
2021-05-27 11:45:00,EB,14,0,0,0.000000,-0.010000,0.000000,0.080000,0.100000,0.050000,0.022088
2021-05-27 15:00:00,EB,14,0,0,0.000000,-0.005000,-0.005000,0.015000,0.050000,-0.120000,0.336763
2021-06-02 19:10:00,P,8,0,1,,0.015000,,,-0.025000,,
2021-06-03 15:45:00,EB,7,0,0,0.015000,0.025000,0.025000,0.025000,0.020000,0.100000,0.061151
2021-06-10 13:45:00,GC_ME,0,0,0,0.015000,0.015000,0.017500,-0.087500,-0.191667,-0.083333,0.475785
2021-06-10 13:45:00,GC_PR,0,0,0,-0.015000,-0.015000,-0.015000,-0.080000,-0.027500,0.010000,0.104996
2021-06-10 14:30:00,GC_PC,0,0,0,-0.080000,-0.080000,-0.075000,-0.125000,-0.128333,-0.050000,0.310315
2021-06-14 15:00:00,EB,38,0,0,-0.095000,-0.065000,-0.050000,0.010000,0.100000,0.142500,0.061724
2021-06-15 13:00:00,EB,37,0,0,0.000000,0.005000,0.000000,-0.010000,-0.040000,-0.060000,0.060733
2021-06-15 15:50:00,EB,37,0,0,,-0.130000,-0.080000,-0.020000,-0.006667,0.113333,-0.101686
2021-06-16 10:00:00,EB,36,0,0,0.000000,-0.035000,-0.055000,0.010000,0.010000,-0.006250,-0.101026
2021-06-16 11:00:00,EB,36,0,0,0.000000,0.025000,0.045000,0.005000,-0.010000,0.002500,-0.025101
2021-06-17 14:30:00,EB,35,0,0,0.000000,0.010000,0.020000,0.015000,-0.020000,0.050000,0.041717
2021-06-17 16:00:00,EB,35,0,0,,-0.050000,-0.080000,0.020000,0.020000,0.177500,0.298485
2021-06-21 16:15:00,P,31,0,0,,0.005000,0.010000,0.000000,0.025000,0.100000,0.309768
2021-06-22 16:00:00,EB,30,0,0,0.000000,0.010000,0.020000,-0.050000,0.158333,-0.100000,0.173765
2021-06-22 19:30:00,EB,30,0,1,,,,,-0.005000,,
2021-06-23 09:30:00,EB,29,0,0,0.000000,0.020000,0.020000,-0.025000,-0.106667,-0.110000,-0.389436
2021-06-23 18:00:00,P,29,0,1,,0.000000,-0.005000,-0.045000,0.010000,0.060000,
2021-06-24 13:30:00,EB,28,0,0,0.000000,0.140000,0.175000,0.070000,-0.191250,-0.243333,0.049854
2021-06-24 17:30:00,EB,28,0,1,0.005000,0.010000,0.010000,-0.010000,0.030000,0.180000,
2021-06-28 10:15:00,EB,24,0,0,0.000000,-0.015000,-0.010000,0.060000,-0.080000,-0.010000,-0.136708
2021-06-28 17:00:00,EB,24,0,0,0.005000,0.010000,0.010000,-0.005000,-0.020000,-0.016667,-0.119664
2021-06-29 15:40:00,P,23,0,0,0.000000,-0.005000,0.000000,-0.010000,-0.020000,0.023750,-0.168355
2021-06-30 10:00:00,EB,22,0,0,-0.005000,-0.015000,0.000000,-0.060000,-0.040000,-0.006667,-0.842775
2021-07-02 14:30:00,P,20,0,0,-0.005000,-0.010000,0.100000,-0.100000,-0.030000,-0.001667,0.043797
2021-07-03 15:15:00,EB,19,1,0,,,,,,,
2021-07-05 11:00:00,P,17,0,0,0.000000,-0.010000,0.015000,0.025000,0.060000,0.045000,-0.065449
2021-07-05 13:30:00,P,17,0,0,0.000000,0.000000,0.000000,-0.010000,0.005000,0.008333,0.101549
2021-07-05 19:00:00,EB,17,0,1,,,,,,0.005000,
2021-07-06 10:10:00,EB,16,0,0,0.000000,0.015000,0.000000,0.015000,-0.085000,0.015000,0.049600
2021-07-09 12:00:00,P,13,0,0,0.000000,0.005000,0.010000,0.015000,0.050000,-0.006667,0.020284
2021-07-11 14:10:00,P,11,1,0,,,,,,,
2021-07-12 11:00:00,EB,10,0,0,-0.005000,-0.010000,-0.020000,-0.020000,-0.075000,-0.100000,-0.067235
2021-07-14 14:45:00,EB,8,0,0,-0.007500,0.000000,0.000000,-0.060000,0.020000,-0.075000,0.198156
2021-07-22 13:45:00,GC_ME,0,0,0,0.075000,0.030000,-0.030000,-0.033333,-0.103333,-0.357500,-0.234317
2021-07-22 13:45:00,GC_PR,0,0,0,0.000000,0.100000,-0.100000,0.000000,0.000000,-0.300000,0.045193
2021-07-22 14:30:00,GC_PC,0,0,0,0.045000,-0.040000,-0.013333,-0.041667,-0.126667,0.006250,-0.301902
2021-08-24 14:30:00,EB,16,0,0,0.075000,0.125000,0.125000,0.100000,0.045000,0.036667,-0.149818
2021-08-25 10:30:00,EB,15,0,0,-0.005000,-0.005000,-0.100000,-0.005000,-0.010000,0.200000,-0.094355
2021-08-26 17:00:00,EB,14,0,0,-0.020000,-0.030000,-0.040000,-0.040000,-0.077500,-0.055000,0.095538
2021-09-03 17:00:00,P,6,0,0,0.000000,-0.005000,-0.005000,-0.010000,0.010000,0.100000,0.143233
2021-09-04 09:00:00,P,5,1,1,,,,,,,
2021-09-09 13:45:00,GC_ME,0,0,0,-0.115000,-0.120000,-0.105000,-0.020000,-0.145000,-0.635000,0.466230
2021-09-09 13:45:00,GC_PR,0,0,0,0.025000,-0.050000,-0.050000,-0.060000,-0.120000,-0.440000,0.331648
2021-09-09 14:30:00,GC_PC,0,0,0,-0.065000,-0.070000,-0.055000,0.080000,-0.060000,0.025000,0.162207
2021-09-10 11:30:00,P,48,0,0,0.010000,0.010000,0.010000,0.050000,0.060000,0.286250,-0.091884
2021-09-11 12:30:00,EB,47,1,0,,,,,,,
2021-09-13 11:00:00,EB,45,0,0,0.000000,0.000000,0.000000,0.400000,0.000000,0.083333,0.100700
2021-09-13 15:30:00,P,45,0,0,0.135000,0.135000,0.130000,-0.200000,0.002500,-0.023750,-0.481216
2021-09-15 14:30:00,EB,43,0,0,0.000000,0.000000,-0.005000,-0.005000,0.025000,0.068333,-0.024213
2021-09-15 17:00:00,EB,43,0,0,,,0.005000,0.005000,0.035000,0.115000,-0.077847
2021-09-16 14:00:00,P,42,0,0,0.000000,-0.065000,-0.120000,-0.110000,-0.070000,-0.020000,0.039220
2021-09-20 12:35:00,EB,38,0,0,0.000000,-0.010000,0.000000,0.085000,-0.010000,-0.170000,-0.146198
2021-09-21 09:05:00,EB,37,0,1,0.000000,0.005000,0.010000,0.060000,-0.007500,0.175000,
2021-09-23 11:45:00,EB,35,0,0,0.000000,0.020000,0.020000,0.020000,-0.040000,0.065000,-0.177765
2021-09-24 13:50:00,EB,34,0,0,0.000000,0.000000,0.000000,0.020000,0.005000,0.186667,-0.102405
2021-09-24 15:15:00,EB,34,0,0,0.000000,0.005000,-0.005000,0.010000,0.082500,0.100000,0.307575
2021-09-27 13:45:00,P,31,0,0,0.000000,-0.010000,-0.020000,-0.050000,0.082500,0.135000,-0.090890
2021-09-28 14:00:00,P,30,0,0,0.000000,0.000000,0.000000,0.015000,-0.020000,-0.096000,-0.130218
2021-09-28 20:00:00,EB,30,0,1,,0.005000,0.000000,0.000000,-0.020000,-0.020000,
2021-09-30 10:00:00,EB,28,0,0,0.000000,-0.005000,0.000000,0.035000,-0.060000,-0.716250,-0.372539
2021-10-01 17:30:00,EB,27,0,1,,,,,-0.095000,-0.120000,
2021-10-04 09:30:00,EB,24,0,0,0.000000,-0.200000,-0.200000,0.150000,1.100000,0.100000,-0.071621
2021-10-05 18:15:00,P,23,0,1,,0.000000,0.000000,0.020000,0.050000,0.015000,
2021-10-07 10:30:00,EB,21,0,0,0.005000,0.010000,0.010000,-0.010000,-0.056667,-0.010000,0.022378
2021-10-07 15:00:00,EB,21,0,0,,-0.005000,,0.010000,-0.045000,0.113333,-0.072975
2021-10-07 15:00:00,EB,21,0,0,,-0.005000,,0.010000,-0.045000,0.113333,-0.072975
2021-10-08 14:05:00,P,20,0,0,-0.050000,-0.095000,-0.140000,-0.130000,-0.202500,-0.187500,-0.131474
2021-10-08 15:00:00,EB,20,0,0,0.070000,0.155000,0.190000,-0.013333,0.277500,0.467500,-0.066777
2021-10-11 14:00:00,EB,17,0,0,0.000000,0.000000,-0.020000,0.015000,-0.030000,0.045000,0.102850
2021-10-11 16:45:00,EB,17,0,0,0.000000,0.010000,0.010000,0.000000,-0.010000,-0.010000,-0.123934
2021-10-12 14:30:00,EB,16,0,0,0.005000,0.000000,-0.070000,0.200000,0.345000,0.795000,0.054980
2021-10-12 15:00:00,P,16,0,0,-0.035000,-0.045000,-0.060000,0.035000,0.233333,0.896250,-0.069837
2021-10-12 15:00:00,EB,16,0,0,-0.035000,-0.045000,-0.060000,0.035000,0.233333,0.896250,-0.069837
2021-10-14 12:00:00,P,14,0,0,-0.005000,-0.010000,-0.015000,-0.060000,-0.100000,-0.816000,-0.036794
2021-10-14 12:05:00,EB,14,0,0,-0.010000,-0.020000,-0.015000,-0.060000,-0.100000,-0.870000,-0.017186
2021-10-16 16:00:00,P,12,1,0,,,,,,,
2021-10-19 13:10:00,EB,9,0,0,0.030000,0.080000,0.020000,-0.193333,0.418750,0.932500,-0.093373
2021-10-19 14:00:00,EB,9,0,0,0.040000,0.090000,0.080000,-0.070000,-0.257500,0.282500,-0.084325
2021-10-19 16:00:00,EB,9,0,0,-0.020000,-0.010000,-0.033333,-0.125000,-0.778750,-1.378750,0.040631
2021-10-20 09:20:00,EB,8,0,0,-0.005000,-0.010000,-0.100000,-0.166667,-0.293333,-1.005000,0.307717
2021-10-28 13:45:00,GC_ME,0,0,0,-0.040000,0.160000,0.152500,0.040000,0.628750,-0.571250,-0.201473
2021-10-28 13:45:00,GC_PR,0,0,0,-0.160000,-0.175000,-0.052500,-0.166000,-0.160000,-1.696250,-0.114081
2021-10-28 14:30:00,GC_PC,0,0,0,0.120000,0.215000,0.123333,0.188000,1.080000,1.765000,-0.149588
2021-11-02 12:20:00,EB,44,0,0,0.000000,0.015000,0.025000,0.127500,0.128750,0.521000,-0.045254
2021-11-03 11:00:00,P,43,0,0,0.000000,-0.030000,-0.110000,-0.378000,-0.718750,-0.666667,0.071532
2021-11-03 11:15:00,EB,43,0,0,0.000000,-0.005000,-0.060000,-0.151250,-0.090000,-1.750000,-0.011408
2021-11-04 14:00:00,P,42,0,0,0.000000,-0.085000,0.010000,0.002500,-0.214167,-1.012500,-0.098852
2021-11-04 15:00:00,EB,42,0,0,0.000000,0.045000,0.055000,0.105000,0.386667,-0.232857,0.235584
2021-11-04 19:15:00,EB,42,0,1,,0.005000,0.010000,0.010000,-0.140000,-0.330000,
2021-11-05 09:30:00,EB,41,0,0,0.000000,-0.020000,-0.030000,-0.150000,0.050000,-0.210000,0.135004
2021-11-05 12:00:00,EB,41,0,0,0.000000,-0.040000,-0.055000,-0.075000,-0.247500,-0.066667,0.182180
2021-11-08 14:10:00,EB,38,0,0,0.000000,0.010000,-0.020000,0.050000,-0.137000,-0.230000,0.049542
2021-11-09 08:45:00,EB,37,0,1,0.000000,0.500000,-0.010000,0.042500,0.132500,0.166667,
2021-11-09 14:00:00,P,37,0,0,0.000000,-0.040000,-0.040000,-0.030000,-0.182500,-0.502000,0.027988
2021-11-09 17:00:00,EB,37,0,0,,-0.005000,0.000000,-0.040000,-0.085000,-0.250000,-0.158335
2021-11-10 10:30:00,EB,36,0,0,0.000000,-0.010000,-0.020000,-0.090000,-0.125000,-0.499000,0.059218
2021-11-11 13:15:00,EB,35,0,0,0.000000,-0.010000,0.000000,0.095000,0.222500,0.288333,-0.021161
2021-11-11 17:00:00,EB,35,0,0,,0.005000,0.010000,0.010000,-0.100000,0.377500,0.079227
2021-11-12 14:50:00,EB,34,0,0,0.000000,0.100000,-0.005000,0.020000,-0.187500,-1.215000,0.003208
2021-11-15 11:00:00,P,31,0,0,0.000000,0.000000,0.020000,0.113333,0.153333,0.650000,0.013722
2021-11-15 16:45:00,EB,31,0,0,,0.300000,0.093333,-0.000000,-0.306667,-0.150000,0.126134
2021-11-16 17:10:00,P,30,0,1,,0.020000,-0.005000,-0.040000,-0.020000,-0.190000,0.093692
2021-11-17 02:20:00,P,29,0,1,,,,,,,
2021-11-17 15:00:00,EB,29,0,0,0.000000,-0.060000,-0.080000,-0.120000,-0.256250,-0.881250,0.034283
2021-11-18 11:00:00,EB,28,0,0,0.095000,0.020000,-0.010000,0.010000,0.110000,0.033333,-0.116104
2021-11-18 15:30:00,EB,28,0,0,0.040000,0.002500,0.017500,0.053333,-0.020000,0.077500,-0.316633
2021-11-19 09:30:00,P,27,0,0,0.010000,-0.156667,0.000000,-0.132000,-0.306667,-1.172500,0.049810
2021-11-22 18:30:00,EB,24,0,1,0.120000,0.000000,0.000000,-0.045000,-0.055000,0.125000,
2021-11-24 11:10:00,EB,22,0,0,-0.005000,-0.113750,-0.130000,0.065000,0.052500,0.108333,-0.201387
2021-11-24 17:00:00,EB,22,0,0,-0.015000,0.012500,-0.070000,-0.028333,-0.233333,-0.053750,0.074185
2021-11-25 09:10:00,EB,21,0,1,0.005000,0.040000,0.035000,0.052500,-0.327500,-0.455833,0.071024
2021-11-25 10:00:00,EB,21,0,0,0.070000,0.005000,-0.020000,-0.085000,-0.081667,-0.057500,0.037477
2021-11-25 10:00:00,EB,21,0,0,0.070000,0.005000,-0.020000,-0.085000,-0.081667,-0.057500,0.037477
2021-11-25 14:30:00,P,21,0,0,0.000000,-0.065000,-0.017500,-0.010000,-0.145000,-0.287500,-0.095704
2021-11-26 02:15:00,EB,20,0,1,,,,,,,
2021-11-26 09:00:00,P,20,0,1,0.055000,-0.010000,0.027500,0.066667,0.472500,1.019167,
2021-11-28 11:40:00,EB,18,1,0,,,,,,,
2021-11-29 08:35:00,EB,17,0,1,0.042500,-0.076000,-0.056667,0.045000,0.027000,-0.317000,
2021-11-29 09:30:00,EB,17,0,0,-0.005000,0.045000,-0.003333,-0.061000,0.276000,0.710000,-0.164014
2021-11-29 18:15:00,P,17,0,1,0.020000,0.025000,0.040000,0.020000,0.133750,0.425833,
2021-12-03 09:30:00,P,13,0,0,0.017500,0.066667,0.043333,-0.001667,-0.016250,0.708333,-0.465263
2021-12-03 14:00:00,EB,13,0,0,-0.010000,-0.010000,0.010000,-0.008333,0.258750,0.374167,0.159919
2021-12-08 09:15:00,P,8,0,1,0.027500,0.040000,-0.068000,0.011667,-0.006667,-0.018000,0.186454
2021-12-08 12:30:00,EB,8,0,0,-0.010000,-0.140000,-0.005000,-0.045000,0.186667,0.913000,0.373066
2021-12-08 14:10:00,EB,8,0,0,0.120000,-0.500000,0.007500,-0.036667,0.067500,0.819167,-0.068087
2021-12-10 11:00:00,EB,6,0,0,-0.030000,0.011667,0.075000,0.005000,0.043333,-0.011250,0.083648
2021-12-10 11:10:00,EB,6,0,0,0.092500,0.038333,0.076667,-0.042500,-0.008000,0.220000,0.054105
2021-12-16 13:45:00,GC_ME,0,0,0,0.205000,-0.050000,-0.150000,-0.200000,-0.595000,-2.433333,-0.684410
2021-12-16 13:45:00,GC_PR,0,0,0,0.003333,-0.165000,-0.086667,-0.282500,-0.513750,-1.227000,-0.156255
2021-12-16 14:30:00,GC_PC,0,0,0,0.236667,0.000000,-0.200000,0.000000,-0.155000,-1.133333,-0.468602
2022-01-08 15:00:00,EB,26,1,0,,,,,,,
2022-01-11 11:20:00,P,23,0,0,-0.027500,-0.052500,-0.122500,-0.015000,0.108000,0.729167,-0.204009
2022-01-13 11:30:00,EB,21,0,0,,-0.020000,-0.015000,0.018333,0.060000,0.039000,0.022711
2022-01-13 15:30:00,EB,21,0,0,-0.005000,-0.167000,-0.012500,-0.085000,-0.155000,-0.614000,-0.472661
2022-01-14 14:30:00,P,20,0,0,0.010000,0.020000,0.010000,-0.035000,-0.010000,-0.066667,0.137899
2022-01-21 13:30:00,P,13,0,0,-0.005000,-0.065000,0.003750,-0.068750,-0.017500,-0.425833,-0.238100
2022-02-03 13:45:00,GC_ME,0,0,0,0.230000,0.210000,0.173333,1.175000,5.175000,10.158000,-0.963241
2022-02-03 13:45:00,GC_PR,0,0,0,-0.030000,0.005000,0.060000,-0.198000,-0.502000,0.305000,0.074609
2022-02-03 14:30:00,GC_PC,0,0,0,0.280000,0.260000,0.280000,1.490000,5.867000,10.769000,-1.071715
2022-02-07 16:45:00,P,31,0,0,0.000000,-0.050000,-0.085000,-0.331667,-0.870000,-1.923333,-0.006302
2022-02-10 13:00:00,EB,28,0,0,,-0.020000,-0.080000,-0.085000,-0.183750,-0.155000,0.083748
2022-02-10 14:15:00,EB,28,0,0,,-0.130000,0.040000,0.216250,1.354000,3.259000,-0.737138
2022-02-11 09:05:00,EB,27,0,1,0.070000,0.205000,0.167500,-0.168333,-0.265000,-1.066667,
2022-02-14 17:15:00,P,24,0,1,0.000000,-0.047500,-0.045000,0.030000,0.505000,0.960000,
2022-02-14 17:40:00,P,24,0,1,,0.015000,0.020000,-0.055000,0.398333,0.657500,
2022-02-17 08:00:00,EB,21,0,1,0.610000,0.010000,0.010000,0.105000,0.200000,1.587500,
2022-02-17 15:00:00,EB,21,0,0,0.035000,0.185000,0.230000,0.080000,-0.022000,-0.244000,-0.159761
2022-02-18 14:10:00,EB,20,0,0,-0.002500,-0.055000,-0.015000,-0.171667,-0.158750,-0.146000,-0.727180
2022-02-18 19:30:00,EB,20,0,1,,0.010000,-0.015000,-0.050000,-0.232500,-0.100000,
2022-02-23 10:15:00,EB,15,0,0,0.005000,0.005000,0.010000,-0.055000,0.000000,-0.698000,0.041858
2022-02-23 12:30:00,EB,15,0,0,0.032500,0.030000,-0.035000,-0.200000,-0.576667,-0.695833,-0.132237
2022-02-23 16:00:00,EB,15,0,0,0.025000,0.040000,-0.215000,-0.012000,-0.287000,-0.582500,-1.163123
2022-02-24 17:00:00,EB,14,0,0,0.105000,0.068333,0.181000,0.075000,0.777500,1.108000,0.240584
2022-02-25 15:00:00,P,13,0,0,0.170000,0.280000,0.100000,0.150000,-0.018333,0.051000,-0.031712
2022-02-28 12:30:00,EB,10,0,0,-0.005000,-0.090000,-0.048333,-0.066000,-0.077500,-0.909167,0.074654
2022-03-02 12:00:00,EB,8,0,0,0.050000,0.033750,0.098333,0.160000,0.400833,0.760000,0.131349
2022-03-02 17:00:00,EB,8,0,0,0.100000,-0.040000,-0.070000,-0.231667,-0.111000,0.250000,0.107166
2022-03-10 13:45:00,GC_ME,0,0,0,0.157500,0.077500,0.132500,1.175000,4.044167,7.836667,-0.136067
2022-03-10 13:45:00,GC_PR,0,0,0,0.175000,0.080000,0.370000,1.330833,4.602000,8.117500,-0.700281
2022-03-10 14:30:00,GC_PC,0,0,0,-0.020000,0.025000,-0.135000,-0.317000,-0.545000,-0.117500,0.268573
2022-03-14 10:30:00,EB,31,0,0,-0.030000,0.045000,0.022500,-0.013750,-0.095000,0.766667,0.547791
2022-03-15 16:15:00,P,30,0,0,0.015000,0.142500,0.030000,-0.080000,0.065833,-0.419000,-0.612407
2022-03-17 10:30:00,P,28,0,0,0.025000,-0.023000,0.100000,-0.203333,-0.046000,-0.045000,-0.441040
2022-03-17 11:15:00,EB,28,0,0,0.005000,-0.071250,-0.057500,-0.218333,-0.055000,0.016250,0.376559
2022-03-17 13:45:00,EB,28,0,0,-0.045000,-0.116667,-0.075000,0.002500,0.580000,1.921250,-0.191672
2022-03-21 08:30:00,P,24,0,1,0.025000,-0.181250,-0.004000,-0.208750,-0.318571,-0.422500,
2022-03-22 08:20:00,EB,23,0,1,0.066667,0.006667,0.051667,-0.100000,-0.482500,-0.152000,
2022-03-22 14:00:00,EB,23,0,0,-0.025000,0.106667,0.062500,0.045000,0.700833,1.001667,0.368488
2022-03-22 14:15:00,P,23,0,0,-0.030000,0.005000,0.120000,0.040000,1.001667,2.244000,0.256305
2022-03-22 18:00:00,EB,23,0,1,0.005000,0.045000,0.020000,0.120000,0.055000,0.030000,
2022-03-24 10:30:00,EB,21,0,0,-0.010000,-0.005000,-0.015000,0.053333,0.287143,0.858000,-0.674144
2022-03-24 20:00:00,EB,21,0,1,,0.000000,-0.010000,-0.080000,-0.205000,-0.110000,
2022-03-25 18:00:00,EB,20,0,1,0.050000,0.157500,0.123333,0.280000,1.036000,1.198750,
2022-03-30 10:00:00,P,15,0,0,0.035000,-0.030000,0.020000,-0.076667,-0.561000,-1.405000,-0.487497
2022-03-30 16:15:00,EB,15,0,0,0.025000,0.012500,0.007500,-0.065000,-0.170000,-0.171250,-0.076083
2022-03-31 10:00:00,EB,14,0,0,-0.051667,-0.165000,-0.138333,0.110000,-0.177500,-0.387500,-0.498063
2022-03-31 12:00:00,EB,14,0,0,-0.157500,-0.006250,-0.356250,-0.708333,-1.094167,-1.484000,-0.297356
2022-04-02 10:30:00,EB,12,1,0,,,,,,,
2022-04-06 09:00:00,EB,8,0,1,-0.021250,0.008750,0.095000,0.461000,0.736000,1.222500,
2022-04-06 11:00:00,EB,8,0,0,-0.030000,-0.048333,-0.080000,0.001667,-0.130000,-0.611250,-0.047704
2022-04-06 12:45:00,EB,8,0,0,-0.002500,0.017500,-0.048333,-0.013333,-0.343750,-0.576250,-0.535356
2022-04-08 13:15:00,EB,6,0,0,-0.005000,-0.035000,-0.020000,-0.166250,0.488750,1.216250,0.002852
2022-04-14 13:45:00,GC_ME,0,0,0,,-0.115000,-1.235000,-3.794000,-6.100000,-6.400000,0.237114
2022-04-14 13:45:00,GC_PR,0,0,0,,0.015000,-0.175000,-2.976000,-5.211000,-6.475000,0.124674
2022-04-14 14:30:00,GC_PC,0,0,0,-0.460000,-0.182500,-0.872500,-0.878333,-1.001000,0.428000,-0.054500
2022-04-21 12:00:00,P,49,0,0,0.020000,-0.053333,-0.083333,-0.567000,-1.151000,-1.260000,0.284175
2022-04-22 15:00:00,P,48,0,0,0.005000,0.385000,0.760000,1.572500,2.961250,3.655000,-0.447194
2022-04-25 19:00:00,EB,45,0,1,,0.110000,0.270000,0.430000,0.970000,1.280000,
2022-04-27 09:00:00,EB,43,0,1,-0.070000,0.050000,-0.025000,0.040000,-0.155000,-0.285833,
2022-04-27 18:00:00,P,43,0,1,0.115000,0.005000,-0.005000,-0.162500,-0.350000,-0.460000,
2022-04-28 09:00:00,EB,42,0,1,-0.020000,0.025000,0.070000,-0.290000,-0.908000,-1.454000,
2022-05-05 12:30:00,EB,35,0,0,0.000000,-0.322500,-0.418333,-0.912500,-1.787500,-2.610000,0.231127
2022-05-10 19:20:00,EB,30,0,1,0.115000,0.010000,0.020000,0.040000,0.255000,0.620000,
2022-05-11 08:00:00,EB,29,0,1,0.180000,0.065000,-0.067500,0.010000,-0.292500,-0.726667,
2022-05-11 10:00:00,P,29,0,0,0.000000,-0.231250,-0.273750,-0.543000,-0.728750,-2.777500,0.969253
2022-05-11 14:20:00,EB,29,0,0,-0.060000,-0.032500,0.013333,0.410000,2.357000,4.905833,-1.437241
2022-05-13 09:00:00,EB,27,0,1,-0.005000,0.012500,0.012500,-0.015000,0.057500,0.485000,
2022-05-13 18:00:00,EB,27,0,1,-0.010000,-0.178333,-0.111667,-0.005000,0.170000,-0.214000,
2022-05-16 10:20:00,EB,24,0,0,-0.115000,0.041667,0.217500,0.450000,0.728333,1.458333,0.570875
2022-05-17 19:00:00,P,23,0,1,0.000000,0.000000,0.020000,0.040000,-0.085000,-0.110000,
2022-05-19 14:30:00,EB,21,0,0,-0.030000,0.010000,-0.173333,-0.348750,-0.345000,-1.937000,-0.086251
2022-05-20 14:00:00,EB,20,0,0,0.025000,0.017500,-0.083333,-0.313750,-0.495000,-1.861667,-0.134829
2022-05-25 09:00:00,EB,15,0,1,0.072500,0.086667,0.221667,-0.170000,-0.546250,-0.125000,
2022-05-25 10:00:00,P,15,0,0,-0.045000,-0.080000,-0.156667,-0.325000,-0.427500,-1.270000,-0.055449
2022-05-25 11:45:00,EB,15,0,0,-0.125000,-0.160000,-0.243333,-0.200000,-0.489167,-0.703000,0.309228
2022-06-01 14:00:00,EB,8,0,0,-0.033333,0.043750,-0.142500,0.080000,0.277500,0.116667,0.381758
2022-06-01 17:15:00,EB,8,0,1,-0.030000,0.053750,-0.008333,0.400000,1.201250,1.869000,
2022-06-01 17:30:00,EB,8,0,1,-0.168333,-0.095000,-0.022500,0.076667,0.255000,0.321250,
2022-06-09 13:45:00,GC_ME,0,0,0,-2.425000,-3.191250,-4.268750,-0.112500,6.880833,10.864167,-1.401057
2022-06-09 13:45:00,GC_PR,0,0,0,-1.913333,-2.711250,-3.128750,0.176000,5.008333,9.208333,-0.562275
2022-06-09 14:30:00,GC_PC,0,0,0,-0.030000,-0.502000,-1.031250,-0.536000,1.422500,2.975000,-0.559867
2022-06-11 09:10:00,EB,40,1,1,,,,,,,
2022-06-14 19:20:00,EB,37,0,1,0.000000,0.080000,0.105000,0.170000,-0.185000,-0.745000,
2022-06-15 15:00:00,EB,36,0,0,-0.135000,-0.038750,-0.275000,-0.231000,-2.315000,-7.195000,0.542455
2022-06-15 18:20:00,P,36,0,1,0.000000,-0.000000,-0.060000,-0.030000,-0.911667,-0.428750,
2022-06-16 09:50:00,EB,35,0,0,-0.090000,-0.400000,0.493333,0.046667,1.037500,-0.250000,0.105644
2022-06-16 10:30:00,EB,35,0,0,0.065000,-0.200000,-0.180000,0.707500,2.978000,4.600000,-0.808634
2022-06-20 15:00:00,P,31,0,0,-0.200000,-0.035000,-0.075000,0.225000,1.799000,2.370000,0.035299
2022-06-20 21:30:00,EB,31,0,1,,,,,,,
2022-06-22 09:40:00,EB,29,0,0,-0.370000,-0.042500,-0.303750,0.127500,0.271250,-0.116000,-0.215736
2022-06-24 13:30:00,EB,27,0,0,-0.025000,-0.182500,-0.088333,0.708000,0.800833,1.392000,0.164298
2022-06-27 19:30:00,P,24,0,1,-0.230000,0.000000,0.000000,-0.130000,-0.510000,-0.580000,
2022-06-28 10:00:00,P,23,0,0,0.100000,0.030000,0.211667,0.043750,-1.310000,-1.900000,0.487735
2022-06-28 10:30:00,EB,23,0,0,-0.080000,-0.365000,-0.530000,-0.915000,-1.422500,-2.511000,0.385581
2022-06-28 11:30:00,EB,23,0,0,0.040000,0.185000,0.396250,0.857500,2.047500,3.816667,-0.444997
2022-06-28 13:00:00,EB,23,0,0,0.010000,-0.025000,0.077500,-0.082500,-0.292500,-0.422500,0.133093
2022-06-29 10:00:00,EB,22,0,0,0.075000,0.220000,0.338333,0.803333,3.535625,1.450000,-0.013910
2022-06-29 12:00:00,EB,22,0,0,-0.010000,-0.240000,-0.315000,-0.301250,0.582500,1.455000,-0.660625
2022-06-29 17:00:00,P,22,0,0,-0.060000,-0.040000,-0.176250,-0.165000,-1.355000,-2.302000,-0.176110
2022-07-01 12:30:00,EB,20,0,0,-0.060000,-0.230000,-0.210000,-1.472000,-4.044000,-6.040000,-0.481465
2022-07-02 15:15:00,EB,19,1,0,,,,,,,
2022-07-04 17:00:00,EB,17,0,0,-0.225000,-0.285000,-0.050000,0.210000,1.200000,1.583333,0.108447
2022-07-07 11:45:00,EB,14,0,0,0.012500,0.000000,0.075000,0.191250,0.029000,-0.233333,-0.133625
2022-07-08 13:55:00,P,13,0,0,0.120000,0.135000,0.281667,0.545000,3.076000,4.609167,-0.289993
2022-07-09 15:30:00,EB,12,1,0,,,,,,,
2022-07-21 14:15:00,GC_ME,0,0,0,15.665000,15.302500,13.252500,10.534000,8.507000,3.315000,0.120013
2022-07-21 14:15:00,GC_PR,0,0,0,16.171667,16.517500,15.572500,13.869000,14.645000,11.018333,0.405812
2022-07-21 14:45:00,GC_PC,0,0,0,-1.072500,-1.310000,0.145000,-4.297000,-3.131000,-4.450714,-0.284644
2022-08-18 14:45:00,EB,21,0,0,0.090000,0.056250,-0.015000,0.165000,0.073333,-0.266250,-0.202599
2022-08-23 13:00:00,EB,16,0,0,-0.010000,-0.112500,-0.330000,-0.728750,-1.354000,-2.851000,-0.213651
2022-08-27 19:10:00,EB,12,1,1,,,,,,,
2022-08-29 15:00:00,EB,10,0,0,-0.218333,0.033333,-0.025000,-0.561250,-0.040000,0.845000,0.183894
2022-09-08 14:15:00,GC_ME,0,0,0,6.043333,6.730000,8.383333,10.737500,11.656250,7.947500,-0.223553
2022-09-08 14:15:00,GC_PR,0,0,0,6.747500,6.235000,6.750000,7.190000,9.225000,6.077500,0.052449
2022-09-08 14:45:00,GC_PC,0,0,0,-0.282500,0.523333,1.873333,5.687500,4.611250,1.772500,-0.275857
2022-09-09 11:30:00,P,48,0,0,-0.030000,0.068333,-0.071250,-0.737500,-2.685000,-0.975000,-0.398430
2022-09-12 09:30:00,EB,45,0,0,-0.200000,0.298333,0.551667,0.200000,0.210000,0.035000,0.647200
2022-09-12 14:00:00,EB,45,0,0,-0.290000,-0.363750,-0.691250,-0.100000,0.186000,0.781667,0.094675
2022-09-14 13:00:00,EB,43,0,0,-0.100000,0.150000,0.060000,0.901667,1.945000,2.495000,-0.349680
2022-09-15 11:15:00,EB,42,0,0,0.000000,-0.131667,-0.150000,-0.571250,-0.882500,-1.180000,-0.092591
2022-09-16 10:30:00,P,41,0,0,0.000000,0.250000,0.450000,1.283750,1.755000,0.740000,-0.020611
2022-09-17 18:45:00,EB,40,1,1,,,,,,,
2022-09-19 11:00:00,EB,38,0,0,0.005000,0.092500,0.155000,1.060000,1.818750,2.407500,-0.501743
2022-09-20 19:30:00,P,37,0,1,,-0.070000,-0.160000,-0.530000,-0.180000,0.360000,
2022-09-21 09:00:00,EB,36,0,1,0.055000,-0.135000,-0.235000,-0.945000,-0.041250,0.022500,
2022-09-22 18:30:00,EB,35,0,1,,-0.060000,-0.115000,-0.310000,-0.077500,-0.030000,
2022-09-26 09:00:00,EB,31,0,1,0.020000,0.495000,0.420000,0.400000,-1.133333,-1.222500,
2022-09-26 09:30:00,EB,31,0,0,-0.015000,0.325000,0.488333,0.333750,-1.200000,-3.236250,0.006556
2022-09-26 15:00:00,P,31,0,0,0.065000,-0.002500,-0.815000,-3.908750,-4.636250,-6.014000,0.425269
2022-09-27 13:30:00,EB,30,0,0,-0.030000,0.100000,0.200000,1.798333,1.635000,1.746250,0.289255
2022-09-27 15:15:00,EB,30,0,0,-0.020000,0.135000,0.102500,0.561667,3.600000,6.811000,-0.381608
2022-09-28 09:15:00,P,29,0,1,0.005000,-0.210000,-0.271667,-0.461667,-2.161667,-3.475000,-0.174750
2022-09-28 17:00:00,EB,29,0,0,0.005000,0.200000,0.035000,0.141667,0.806667,0.366667,0.112861
2022-09-29 09:00:00,EB,28,0,1,-0.065000,0.150000,0.365000,-0.346667,-0.660000,-1.833333,
2022-09-29 10:00:00,EB,28,0,0,0.080000,-0.015000,0.218333,0.342500,0.040000,-2.228750,0.375217
2022-09-29 10:15:00,EB,28,0,0,0.050000,0.000000,-0.085000,-0.276250,0.505000,-1.278333,0.036550
2022-09-29 19:00:00,EB,28,0,1,,-0.295000,-0.530000,-0.560000,0.380000,1.660000,
2022-09-30 13:00:00,EB,27,0,0,,0.155000,0.100000,0.213333,0.051250,1.270000,-0.559166
2022-09-30 17:15:00,EB,27,0,1,-0.170000,0.055000,0.076667,0.221250,-0.065000,-1.135000,
2022-10-04 17:00:00,P,23,0,0,-0.010000,-0.040000,-0.035000,0.105000,1.386667,1.736667,0.397327
2022-10-10 15:00:00,EB,17,0,0,0.030000,0.055000,-0.020000,0.170000,0.556250,0.238750,-0.300642
2022-10-11 14:45:00,EB,16,0,0,-0.010000,-0.010000,0.035000,0.116667,0.599000,2.297500,-0.471145
2022-10-12 15:30:00,P,15,0,0,-0.060000,-0.120000,-0.195000,-0.636667,-2.308750,-3.195000,0.302898
2022-10-14 12:00:00,P,13,0,0,0.100000,0.060000,-0.207500,-0.315000,-0.954000,-2.866000,0.719805
2022-10-15 19:15:00,EB,12,1,1,,,,,,,
2022-10-17 10:00:00,EB,10,0,0,0.270000,0.371667,0.156250,-0.000714,-0.553000,-1.415000,0.175757
2022-10-17 17:00:00,EB,10,0,0,0.100000,0.140000,0.100000,0.107500,0.100000,-0.048333,-0.249547
2022-10-18 18:00:00,EB,9,0,1,-0.060000,-0.060000,-0.223333,-0.325000,-0.615000,-0.956000,
2022-10-27 14:15:00,GC_ME,0,0,0,1.730000,0.976667,-0.461667,-4.991250,-13.835000,-18.680000,0.644274
2022-10-27 14:15:00,GC_PR,0,0,0,2.005000,1.374000,-0.400000,-4.993750,-11.714000,-16.861250,0.685171
2022-10-27 14:45:00,GC_PC,0,0,0,-0.275000,-0.313333,-0.553333,-0.266667,-5.135000,-7.440000,-0.040619
2022-10-31 16:00:00,EB,45,0,0,-0.200000,-0.120000,-0.100000,-0.372500,-0.190000,0.065000,0.049382
2022-11-03 09:00:00,EB,42,0,1,0.035000,0.010000,-0.050000,-1.091667,-1.741667,-3.350000,
2022-11-03 09:05:00,P,42,0,1,0.155000,-0.037500,0.020000,-0.780000,-0.612500,-2.110000,
2022-11-04 10:15:00,EB,41,0,0,-0.005000,0.060000,-0.035000,0.379000,1.777000,3.065000,0.322530
2022-11-04 10:30:00,P,41,0,0,0.095000,0.100000,0.200000,1.075000,2.699000,4.592500,0.280121
2022-11-07 09:40:00,P,38,0,0,0.092500,-0.153333,-0.191250,-1.270000,-1.607000,-2.202000,0.824944
2022-11-07 10:30:00,EB,38,0,0,0.125000,-0.220000,-0.100000,-0.351000,-1.469000,-2.396667,0.049320
2022-11-09 11:00:00,EB,36,0,0,0.130000,0.050000,-0.000000,0.004000,-0.326667,-0.893000,0.104106
2022-11-10 14:00:00,EB,35,0,0,0.005000,-1.305000,-2.046667,-6.168750,-12.707500,-16.523571,2.329818
2022-11-11 13:00:00,EB,34,0,0,0.000000,-0.020000,0.085000,-0.110000,0.845000,1.235000,-0.050359
2022-11-11 13:00:00,EB,34,0,0,0.000000,-0.020000,0.085000,-0.110000,0.845000,1.235000,-0.050359
2022-11-11 17:00:00,EB,34,0,0,0.055000,0.100000,0.006667,-0.143333,-0.931667,-2.270000,-0.164135
2022-11-14 11:00:00,EB,31,0,0,0.000000,-0.893333,-1.167500,-1.850000,-3.031667,-4.416667,-0.065004
2022-11-14 17:15:00,EB,31,0,1,0.020000,0.140000,0.070000,0.230000,0.478333,-0.015000,
2022-11-15 20:10:00,EB,30,0,1,,-0.120000,-0.165000,0.070000,0.745000,1.130000,
2022-11-16 16:00:00,EB,29,0,0,0.010000,0.015000,0.021250,0.617500,1.323750,1.855000,-0.100907
2022-11-16 18:00:00,P,29,0,1,0.015000,0.250000,0.100000,-0.200000,0.685000,1.240000,-0.009528
2022-11-18 09:30:00,P,27,0,0,-0.100000,0.296667,0.095000,0.885000,2.147500,1.876250,0.635995
2022-11-23 09:30:00,EB,22,0,0,-0.055000,0.100000,0.097500,-0.068333,0.135000,-0.075000,-0.036061
2022-11-24 12:15:00,EB,21,0,0,0.075000,0.030000,0.002500,0.395000,0.431000,0.610000,-0.144912
2022-11-24 14:00:00,EB,21,0,0,0.180000,0.427500,0.831667,1.451667,2.012500,2.606667,-0.192168
2022-11-28 15:00:00,P,17,0,0,0.055000,0.035000,0.100000,0.558750,0.600000,1.095000,0.212348
2022-11-29 09:10:00,EB,16,0,1,-0.445000,-0.573333,-0.815000,-1.206250,-2.145000,-4.436250,-0.167486
2022-11-29 14:30:00,EB,16,0,0,0.060000,-0.005000,0.081667,0.755000,0.908750,0.800000,0.246443
2022-12-01 17:45:00,EB,14,0,1,-0.220000,-0.360000,-0.505000,-0.700000,-0.578750,-1.536667,
2022-12-01 20:00:00,EB,14,0,1,,,,,,,
2022-12-02 03:40:00,P,13,0,1,,,,,,,
2022-12-02 13:00:00,EB,13,0,0,0.097500,0.095000,-0.095000,-0.377500,-0.692500,-0.103333,0.210947
2022-12-05 02:45:00,P,10,0,1,,,,,,,
2022-12-07 08:10:00,EB,8,0,1,0.900000,-0.100000,-0.100000,-0.080000,-1.120000,-1.360000,
2022-12-07 15:30:00,EB,8,0,0,0.395000,0.451667,0.606667,0.488750,-0.225000,-1.200000,0.137798
2022-12-08 13:00:00,P,7,0,0,0.105000,0.090000,0.195000,-0.076667,-0.186667,0.018750,0.112142
2022-12-14 23:30:00,EB,1,0,1,,,,,,,
2022-12-15 14:15:00,GC_ME,0,0,0,-4.867500,-3.872500,-2.790000,5.356250,15.336000,17.957500,-2.155922
2022-12-15 14:15:00,GC_PR,0,0,0,-4.308750,-4.091667,-3.965000,-1.254000,3.460000,4.662500,-0.635864
2022-12-15 14:45:00,GC_PC,0,0,0,-0.615000,0.302500,-0.176667,6.252500,11.513750,12.247500,-1.529785
2022-12-19 09:00:00,EB,45,0,1,0.100000,2.900000,-0.100000,0.700000,0.366667,-0.700000,
2023-01-06 17:15:00,EB,27,0,1,-0.025000,0.035000,0.067500,-0.015000,0.605000,1.658333,
2023-01-10 11:10:00,EB,23,0,0,0.020000,-0.075000,0.055000,0.060000,-0.311250,-0.288000,-0.052577
2023-01-19 11:30:00,P,14,0,0,0.010000,-0.030000,0.126667,0.636250,0.711667,1.195000,-0.357309
2023-01-20 11:00:00,P,13,0,0,0.215000,0.350000,0.073333,0.040000,0.065000,0.510000,0.127413
2023-01-23 15:30:00,EB,10,0,0,-0.035000,0.030000,-0.100000,0.020000,0.092500,0.612500,0.266559
2023-01-23 19:10:00,P,10,0,1,,,,,,,
2023-01-24 10:45:00,P,9,0,0,0.085000,0.102500,0.188333,0.382500,0.023333,0.072500,-0.191952
2023-02-02 14:15:00,GC_ME,0,0,0,-0.135000,-0.055000,0.160000,-3.200000,-7.257000,-9.141667,0.559403
2023-02-02 14:15:00,GC_PR,0,0,0,-0.075000,0.515000,1.136667,-0.753000,-4.593000,-6.304000,0.354146
2023-02-02 14:45:00,GC_PC,0,0,0,-0.060000,-0.511250,-0.943333,-2.466667,-3.222500,-3.041667,0.204533
2023-02-07 18:00:00,EB,37,0,1,0.180000,0.140000,0.030000,-0.078000,-0.067500,-0.600000,
2023-02-09 19:00:00,EB,35,0,1,,0.035000,0.045000,0.190000,0.575000,1.285000,
2023-02-15 18:15:00,P,29,0,1,0.030000,0.040000,-0.020000,-0.321667,-1.556250,-2.307500,
2023-02-16 10:15:00,EB,28,0,0,0.015000,0.130000,0.035000,0.288750,0.482500,0.671250,0.187248
2023-02-16 16:00:00,EB,28,0,0,-0.010000,0.110000,0.078333,0.001667,0.060000,0.256667,0.414754
2023-02-21 20:00:00,P,23,0,1,0.005000,0.005000,0.000000,0.150000,0.390000,0.480000,
2023-02-27 18:00:00,EB,17,0,1,-0.150000,0.080000,0.100000,0.371667,0.683750,0.683333,
2023-03-02 13:30:00,EB,14,0,0,0.175000,0.277500,0.205000,-0.026667,0.746667,0.842500,0.128669
2023-03-03 09:55:00,EB,13,0,0,-0.110000,-0.250000,0.038750,-0.475000,-0.333333,-1.400000,-0.005854
2023-03-06 11:00:00,EB,10,0,0,0.020000,-0.035000,-0.025000,0.398000,-0.334000,-2.316250,-0.020421
2023-03-08 11:00:00,P,8,0,0,0.200000,0.180000,-0.020000,0.128000,0.078333,0.473333,0.068502
2023-03-08 11:00:00,EB,8,0,0,0.200000,0.180000,-0.020000,0.128000,0.078333,0.473333,0.068502
2023-03-10 10:00:00,EB,6,0,0,0.095000,0.488333,-0.073333,0.657500,1.800000,2.015000,0.344431
2023-03-16 14:15:00,GC_ME,0,0,0,11.035000,11.253333,13.300000,13.658333,7.773750,6.332000,1.155352
2023-03-16 14:15:00,GC_PR,0,0,0,11.540714,11.997000,12.253333,10.783750,1.909000,0.065000,-0.107274
2023-03-16 14:45:00,GC_PC,0,0,0,2.087500,-0.696667,-0.650000,4.076667,5.812500,8.054000,1.263982
2023-03-20 15:00:00,P,45,0,0,0.110000,0.205000,-0.045000,-0.470000,-0.570000,-1.081250,0.386165
2023-03-22 09:45:00,P,43,0,0,0.810000,1.190000,0.725000,0.665000,-1.122000,-3.355000,0.383965
2023-03-22 10:30:00,EB,43,0,0,0.740000,0.807500,0.620000,0.362500,-0.460000,-0.056250,0.117039
2023-03-22 14:45:00,EB,43,0,0,-0.010000,0.240000,0.620000,0.307500,0.472500,-0.480833,0.278121
2023-03-23 17:00:00,EB,42,0,0,0.015000,0.015000,-0.140000,-0.817500,-2.106250,-1.991667,-0.026852
2023-03-26 16:00:00,EB,39,1,0,,,,,,,
2023-03-27 15:40:00,EB,38,0,0,-0.007500,0.017500,-0.032500,-0.796000,-2.371000,-3.032000,-0.109735
2023-03-27 17:00:00,EB,38,0,0,0.020000,-0.015000,-0.367500,0.105000,0.102500,0.962000,0.080504
2023-03-29 22:45:00,EB,36,0,1,,,,,,,
2023-03-31 17:00:00,P,34,0,0,-0.085000,-0.160000,-0.396000,-0.707500,-1.477000,-2.564167,-0.153644
2023-04-01 08:30:00,EB,33,1,1,,,,,,,
2023-04-05 16:00:00,EB,29,0,0,-0.050000,-0.245000,-0.518750,-1.127500,-1.723000,-2.729000,-0.191788
2023-04-12 14:30:00,EB,22,0,0,-0.095000,0.095000,-0.167500,-0.271667,-0.517000,-1.494000,0.338583
2023-04-14 12:00:00,P,20,0,0,-0.035000,-0.045000,-0.116250,-0.459000,-1.348000,-2.559000,-0.061691
2023-04-17 17:00:00,P,17,0,0,-0.050000,-0.107500,-0.075000,-0.380000,-0.863333,-1.153333,-0.014193
2023-04-19 12:30:00,EB,15,0,0,0.015000,0.055000,0.101667,0.245000,0.300000,-0.063333,0.135708
2023-04-19 18:00:00,EB,15,0,1,-0.005000,-0.130000,-0.025000,-0.211667,-0.150000,-0.551250,
2023-04-20 14:00:00,P,14,0,0,-0.005000,0.010000,-0.065000,-0.421667,-1.315714,-2.882000,-0.060576
2023-04-20 22:15:00,EB,14,0,1,,,,,,,
2023-04-21 09:00:00,EB,13,0,1,0.355000,0.700000,0.741250,1.607500,2.341000,3.573000,
2023-04-21 16:30:00,EB,13,0,0,-0.010000,0.115000,0.061250,-0.180000,-0.728000,-1.107500,0.149653
2023-04-21 19:45:00,EB,13,0,1,0.010000,0.090000,0.015000,0.145000,0.670000,1.210000,
2023-04-24 11:00:00,EB,10,0,0,0.005000,-0.045000,0.030000,0.423750,0.716250,1.639000,0.181582
2023-04-24 15:30:00,EB,10,0,0,0.165000,0.315000,0.305000,0.528750,1.001250,0.898333,-0.043335
2023-04-27 18:15:00,EB,7,0,1,-0.005000,0.015000,0.291250,0.036667,-0.842500,-1.143333,
2023-04-28 11:45:00,P,6,0,0,0.230000,0.317500,0.491250,1.057000,2.216000,1.737500,0.012963
2023-05-04 14:15:00,GC_ME,0,0,0,-4.425000,-5.288333,-5.881667,-7.091250,-7.667500,-7.600000,0.508267
2023-05-04 14:15:00,GC_PR,0,0,0,-4.707500,-5.098333,-5.503333,-6.743750,-7.516250,-7.602500,0.374993
2023-05-04 14:45:00,GC_PC,0,0,0,0.290000,-0.301667,-0.311667,-0.697500,-0.632500,-1.040000,0.132776
2023-05-05 10:00:00,EB,41,0,0,0.005000,-0.095000,0.010000,-0.226000,-0.638000,-0.667500,-0.166958
2023-05-08 16:00:00,EB,38,0,0,-0.025000,0.025000,0.012500,-0.257500,-0.626250,-1.349000,-0.038894
2023-05-09 10:00:00,EB,37,0,0,0.105000,0.106667,0.163750,0.427000,1.225833,1.442143,-0.228481
2023-05-09 19:00:00,EB,37,0,1,,-0.080000,-0.012500,-0.232500,-0.492500,-0.635000,
2023-05-11 14:00:00,EB,35,0,0,0.015000,-0.150000,-0.374000,-0.693750,-1.863000,-2.512500,-0.130384
2023-05-11 19:30:00,EB,35,0,1,0.185000,-0.005000,-0.015000,-0.015000,0.140000,0.195000,
2023-05-16 16:30:00,P,30,0,0,0.095000,-0.025000,0.030000,0.097500,0.583333,1.171667,0.139927
2023-05-17 11:00:00,EB,29,0,0,-0.025000,0.050000,-0.073333,0.056250,-0.332500,-0.446667,-0.028257
2023-05-17 11:30:00,EB,29,0,0,-0.065000,0.000000,0.020000,0.005000,0.068750,-0.127500,0.083430
2023-05-17 17:20:00,EB,29,0,1,0.085000,0.045000,0.303333,0.558333,0.305000,1.142500,
2023-05-18 08:35:00,EB,28,0,1,0.185000,0.122500,0.162500,0.068333,0.242500,1.093333,
2023-05-19 16:55:00,EB,27,0,0,-0.080000,-0.150000,-0.348750,-0.978333,-1.283333,-4.701667,-0.316832
2023-05-22 11:00:00,EB,24,0,0,0.065000,0.100000,0.181667,0.413750,0.541250,1.106250,-0.103316
2023-05-22 16:15:00,EB,24,0,0,0.040000,0.065000,0.107500,0.065000,0.326250,0.057500,0.054319
2023-05-23 09:15:00,EB,23,0,1,-0.020000,0.095000,-0.073333,0.105000,0.295000,0.020000,-0.075665
2023-05-24 19:45:00,P,22,0,1,0.030000,0.090000,0.255000,0.085000,-0.130000,-0.465000,
2023-05-25 11:00:00,EB,21,0,0,0.100000,0.227500,0.215000,0.433750,0.573750,1.417500,0.250020
2023-05-26 09:40:00,EB,20,0,0,-0.075000,-0.170000,-0.051667,-0.505000,-1.645000,-2.826667,-0.172871
2023-06-01 11:30:00,P,14,0,0,-0.020000,0.005000,-0.080000,-0.145000,0.330000,0.348750,-0.038480
2023-06-01 21:00:00,EB,14,0,1,-0.030000,0.025000,0.025000,0.080000,0.130000,0.105000,
2023-06-05 15:00:00,P,10,0,0,-0.015000,-0.035000,0.055000,0.286667,0.472500,0.047500,-0.122122
2023-06-07 10:00:00,EB,8,0,0,-0.040000,0.020000,0.080000,-0.185000,-0.112500,-0.663333,-0.032914
2023-06-07 11:10:00,EB,8,0,0,0.005000,-0.035000,0.095000,0.471250,0.497500,-0.081250,-0.055130
2023-06-09 10:00:00,EB,6,0,0,0.030000,0.035000,0.005000,-0.206667,0.057500,-0.256250,0.026091
2023-06-15 14:15:00,GC_ME,0,0,0,0.213333,0.721667,1.031667,1.957500,1.483750,-0.436250,0.141250
2023-06-15 14:15:00,GC_PR,0,0,0,0.325000,0.633333,0.821667,3.105000,4.357500,2.711000,-0.202673
2023-06-15 14:45:00,GC_PC,0,0,0,-0.070000,0.180000,0.065000,-1.137500,-2.598750,-2.950000,0.344622
2023-06-16 19:10:00,P,41,0,1,0.010000,0.090000,0.010000,0.030000,-0.150000,-0.685000,
2023-06-19 13:00:00,EB,38,0,0,0.150000,0.295000,0.237500,0.360000,0.715000,0.556250,-0.017132
2023-06-19 13:40:00,EB,38,0,0,-0.005000,0.237500,0.420000,1.055000,1.733750,1.112500,-0.184707
2023-06-19 20:00:00,EB,38,0,1,0.000000,-0.010000,-0.010000,-0.020000,-0.050000,-0.010000,
2023-06-20 19:10:00,EB,37,0,1,0.400000,0.255000,0.010000,0.070000,0.110000,0.135000,
2023-06-22 11:15:00,EB,35,0,0,-0.050000,0.095000,0.275000,0.100000,0.063333,-0.220000,-0.058426
2023-06-22 16:30:00,EB,35,0,0,-0.025000,0.120000,-0.015000,0.145000,0.616667,1.401667,-0.050198
2023-06-23 09:00:00,P,34,0,1,0.045000,-0.220000,-0.508333,-1.941250,-4.270000,-7.581250,
2023-06-23 14:45:00,EB,34,0,0,-0.005000,-0.310000,-0.255000,-0.457500,-1.143750,-2.051250,-0.339805
2023-06-24 15:15:00,EB,33,1,0,,,,,,,
2023-06-26 19:30:00,P,31,0,1,0.315000,-0.035000,-0.015000,-0.015000,0.045000,0.050000,
2023-06-27 10:00:00,P,30,0,0,0.015000,-0.030000,0.172500,0.356250,0.516667,1.045000,-0.114574
2023-06-27 10:30:00,EB,30,0,0,0.165000,0.060000,0.055000,0.000000,-0.153333,0.606250,-0.153021
2023-06-27 11:30:00,EB,30,0,0,-0.065000,-0.120000,0.040000,0.178750,0.972500,2.030000,-0.044787
2023-06-27 13:00:00,EB,30,0,0,0.020000,-0.100000,0.030000,0.170000,-0.095000,-0.264000,-0.209883
2023-06-28 17:00:00,P,29,0,0,0.015000,0.140000,-0.005000,-0.458333,-1.016667,-2.585000,-0.063714
2023-07-07 11:00:00,EB,20,0,0,0.147500,0.295000,0.366667,0.810000,1.253000,1.186667,0.420218
2023-07-07 18:45:00,P,20,0,1,0.000000,0.185000,0.025000,0.005000,-0.135000,0.235000,
2023-07-12 15:45:00,EB,15,0,0,-0.035000,-0.040000,-0.082500,-0.175000,-0.286000,-1.863000,0.354166
2023-07-17 10:15:00,P,10,0,0,0.000000,-0.005000,0.090000,-0.030000,0.005000,-1.131250,-0.204819
2023-07-27 14:15:00,GC_ME,0,0,0,-0.115000,-0.357500,-1.113333,-2.155000,-3.783750,-4.497500,0.579572
2023-07-27 14:15:00,GC_PR,0,0,0,0.095000,0.037500,-0.351667,-0.805000,-1.643750,-2.785000,0.189645
2023-07-27 14:45:00,GC_PC,0,0,0,-0.207500,-0.278000,-0.785000,-1.357500,-2.190000,-2.240000,0.389189
2023-08-03 11:15:00,EB,42,0,0,-0.005000,0.095000,0.075000,0.062500,-0.045000,0.018333,0.342794
2023-08-25 21:00:00,P,20,0,1,0.255000,0.570000,0.670000,0.740000,0.910000,1.120000,
2023-08-31 09:00:00,EB,14,0,1,-1.980000,-3.126667,-3.406250,-3.749000,-4.266250,-4.338333,
2023-08-31 18:00:00,EB,14,0,1,0.170000,0.150000,-0.267500,-0.125000,-0.795000,-1.012500,
2023-09-04 13:30:00,EB,10,0,0,0.282500,0.410000,0.482500,0.438750,0.430000,0.292500,-0.227499
2023-09-04 15:30:00,P,10,0,0,-0.050000,-0.275000,-0.342500,-0.356250,-0.070000,0.167500,-0.210358
2023-09-04 16:00:00,EB,10,0,0,-0.290000,-0.265000,-0.380000,-0.310000,-0.285000,-0.315000,-0.417748
2023-09-05 14:30:00,EB,9,0,0,-0.091667,-0.050000,-0.168333,-0.032500,-0.102500,0.466667,0.007478
2023-09-07 10:30:00,EB,7,0,0,0.100000,-0.018333,-0.200000,0.025000,0.167500,0.166667,0.429702
2023-09-14 14:15:00,GC_ME,0,0,0,7.921667,6.943333,6.313333,4.981250,2.826250,-0.436250,1.025803
2023-09-14 14:15:00,GC_PR,0,0,0,8.173333,7.096667,6.178750,5.632500,3.298750,0.633333,0.427753
2023-09-14 14:45:00,GC_PC,0,0,0,1.238750,0.113333,0.208333,-0.408750,-0.101667,0.528750,0.595502
2023-09-15 11:45:00,P,41,0,0,-0.235000,-0.077500,-0.040000,0.285000,0.300000,0.423333,0.049557
2023-09-18 11:00:00,EB,38,0,0,0.005000,-0.120000,-0.200000,0.055000,0.163333,0.428333,-0.290516
2023-09-19 14:30:00,EB,37,0,0,-0.120000,0.110000,0.065000,0.225000,0.535000,1.310000,-0.268216
2023-09-20 09:00:00,EB,36,0,1,-0.025000,0.060000,0.205000,0.315000,0.475000,0.913333,
2023-09-20 11:00:00,EB,36,0,0,0.000000,0.010000,0.025000,-0.065000,-0.243333,-0.621667,0.004454
2023-09-20 14:30:00,EB,36,0,0,0.010000,0.040000,0.010000,-0.040000,-0.033750,-0.076667,0.204175
2023-09-21 16:00:00,P,35,0,0,0.015000,-0.030000,-0.113333,-0.610000,-1.277500,-1.782500,0.098643
2023-09-21 16:40:00,EB,35,0,0,0.062500,0.170000,0.267500,-0.172500,-0.781667,-1.268333,-0.237511
2023-09-22 00:45:00,EB,34,0,1,,,,,,,
2023-09-22 13:00:00,EB,34,0,0,-0.010000,-0.040000,-0.070000,0.082500,0.232500,0.711250,-0.095129
2023-09-25 15:00:00,EB,31,0,0,-0.045000,0.060000,-0.005000,-0.066250,-0.256667,-0.985000,-0.153515
2023-09-25 15:00:00,P,31,0,0,-0.045000,0.060000,-0.005000,-0.066250,-0.256667,-0.985000,-0.153515
2023-09-26 09:00:00,EB,30,0,1,-0.090000,0.012500,0.005000,0.020000,-0.308750,-0.810000,
2023-09-29 09:40:00,P,27,0,0,-0.010000,0.030000,0.035000,0.030000,-0.061667,0.010000,0.064399
2023-10-02 09:00:00,EB,24,0,1,-0.015000,-0.320000,-0.115000,-0.386667,-0.260000,-0.550000,
2023-10-03 08:10:00,EB,23,0,1,0.150000,0.040000,-0.060000,-0.290000,-0.410000,-0.325000,
2023-10-04 10:15:00,P,22,0,0,-0.010000,-0.030000,-0.020000,0.046667,-0.237500,-1.211250,0.322005
2023-10-04 13:40:00,EB,22,0,0,,,-0.200000,-0.400000,-0.533333,-1.400000,0.077104
2023-10-05 11:45:00,EB,21,0,0,-0.005000,0.020000,-0.015000,-0.080000,-0.368750,-1.622500,0.310468
2023-10-09 10:00:00,EB,17,0,0,0.015000,-0.135000,-0.015000,-0.172500,0.200000,1.526250,0.421590
2023-10-10 14:00:00,P,16,0,0,0.010000,0.060000,0.100000,-0.087500,-0.462500,-1.187500,-0.208971
2023-10-12 09:40:00,EB,14,0,0,-0.040000,-0.200000,-0.126667,-0.148333,-0.050000,-0.088333,0.095535
2023-10-12 13:00:00,EB,14,0,0,-0.045000,-0.080000,-0.036667,-0.016667,-0.006667,0.222500,-0.195357
2023-10-13 15:00:00,P,13,0,0,0.020000,0.010000,0.010000,-0.050000,0.275000,0.873750,0.061185
2023-10-14 17:10:00,P,12,1,1,,,,,,,
2023-10-17 19:00:00,EB,9,0,1,0.010000,0.010000,0.020000,0.025000,0.065000,0.345000,
2023-10-25 19:00:00,P,1,0,1,0.110000,0.115000,0.100000,0.125000,0.410000,0.610000,
2023-10-26 14:15:00,GC_ME,0,0,0,-0.460000,-0.445000,-0.742500,-1.363750,-3.157500,-5.563750,0.473160
2023-10-26 14:15:00,GC_PR,0,0,0,-0.210000,-0.385000,-0.447500,-0.523750,-1.265000,-2.617500,0.443402
2023-10-26 14:45:00,GC_PC,0,0,0,-0.003333,-0.035000,-0.271667,-1.147500,-2.042500,-3.372000,0.029627
2023-10-30 14:00:00,EB,45,0,0,0.000000,-0.010000,-0.010000,0.090000,-0.225000,-0.651667,0.116325
2023-10-31 17:30:00,EB,44,0,1,0.160000,-0.065000,-0.042500,-0.032500,0.182500,0.733333,
2023-11-02 12:00:00,EB,42,0,0,-0.005000,0.025000,0.050000,0.080000,-0.020000,0.006250,0.177312
2023-11-02 23:30:00,EB,42,0,1,,,,,,,
2023-11-06 09:35:00,EB,38,0,0,-0.010000,0.060000,0.025000,-0.001667,-0.020000,0.207500,-0.241518
2023-11-08 09:45:00,EB,36,0,0,-0.015000,0.095000,0.060000,0.247000,0.656667,0.450000,-0.324461
2023-11-09 09:10:00,EB,35,0,1,-0.100000,0.010000,0.025000,0.240000,0.795000,1.243333,0.263125
2023-11-09 18:30:00,P,35,0,1,,0.055000,0.080000,0.120000,0.247500,0.400000,
2023-11-10 13:30:00,P,34,0,0,0.305000,0.065000,0.030000,-0.083750,-0.087500,-0.187500,0.104411
2023-11-13 09:15:00,EB,31,0,1,0.005000,0.055000,0.047500,0.213333,0.446667,0.486250,0.275677
2023-11-14 09:00:00,EB,30,0,1,-0.022500,0.045000,0.080000,0.045000,0.201250,0.415000,
2023-11-14 14:15:00,EB,30,0,0,,,-0.265000,-1.230000,-3.866667,-6.316250,0.786316
2023-11-16 12:30:00,P,28,0,0,0.005000,-0.015000,-0.045000,-0.267500,-0.540000,-0.348333,-0.164690
2023-11-16 15:15:00,EB,28,0,0,0.010000,-0.035000,-0.045000,-0.107500,-0.488750,-0.528750,-0.054416
2023-11-17 09:30:00,P,27,0,0,0.005000,0.045000,0.096667,0.146667,-0.418333,-0.706667,0.292056
2023-11-17 16:00:00,EB,27,0,0,-0.030000,0.025000,0.102500,0.341667,0.888333,0.556667,0.036431
2023-11-20 06:00:00,EB,24,0,1,,,,0.010000,0.000000,-0.010000,
2023-11-21 17:00:00,P,23,0,0,-0.005000,-0.040000,0.027500,-0.191667,-0.350000,-1.341667,-0.026540
2023-11-21 18:00:00,EB,23,0,1,0.010000,0.000000,0.030000,0.050000,0.488333,0.470000,
2023-11-22 15:00:00,EB,22,0,0,0.000000,-0.020000,-0.020000,0.023333,0.006667,-0.176250,0.052837
2023-11-23 13:30:00,EB,21,0,0,-0.010000,0.015000,-0.070000,0.107500,0.125000,-0.602500,0.018592
2023-11-23 23:00:00,EB,21,0,1,,,,,,,
2023-11-24 11:00:00,P,20,0,0,0.080000,0.157500,0.200000,-0.025000,-0.428750,-0.456667,0.051987
2023-11-24 14:00:00,EB,20,0,0,-0.030000,-0.030000,-0.015000,0.200000,0.271250,0.726250,-0.105260
2023-11-27 15:00:00,P,17,0,0,-0.060000,-0.130000,-0.112500,-0.147500,-0.745000,-0.955000,0.039844
2023-11-28 17:00:00,P,16,0,0,0.005000,-0.160000,-0.150000,-0.412500,-0.537500,-0.880000,0.122966
2023-11-28 19:30:00,EB,16,0,1,0.000000,-0.005000,0.015000,-0.050000,-0.420000,-0.777500,
2023-11-30 14:30:00,P,14,0,0,0.065000,-0.070000,-0.087500,0.192500,0.645000,1.717500,-0.060154
2023-12-01 11:00:00,EB,13,0,0,0.195000,0.095000,0.025000,0.342500,0.752000,0.953750,-0.096904
2023-12-01 12:30:00,P,13,0,0,-0.120000,0.000000,-0.092500,0.137500,0.540000,0.713750,-0.038313
2023-12-04 09:45:00,EB,10,0,0,0.012500,0.080000,0.236667,-0.311000,-1.294000,-2.910000,-0.252371
2023-12-04 15:00:00,P,10,0,0,0.030000,0.040000,0.110000,-0.255000,-1.327500,-1.957500,0.244158
2023-12-07 16:00:00,EB,7,0,0,-0.020000,0.020000,0.053333,0.082500,0.660000,0.493750,0.072075
2023-12-14 14:15:00,GC_ME,0,0,0,0.135000,0.517500,0.840000,2.688333,4.737500,4.248000,-0.593736
2023-12-14 14:15:00,GC_PR,0,0,0,0.225000,0.095000,0.016667,0.753333,2.077500,2.936250,-0.056286
2023-12-14 14:45:00,GC_PC,0,0,0,-0.090000,0.472500,0.888333,1.911667,3.241000,2.655000,-0.537753
2023-12-20 15:00:00,EB,36,0,0,0.010000,0.270000,0.090000,0.313750,0.491000,0.915000,-0.260037
2023-12-21 17:00:00,EB,35,0,0,-0.015000,-0.010000,0.020000,-0.060000,-0.743750,-1.596250,0.110401
2024-01-10 09:20:00,EB,15,0,0,-0.080000,-0.055000,0.088333,-0.003000,0.060000,-0.050000,0.125804
2024-01-10 15:00:00,EB,15,0,0,0.095000,-0.005000,0.080000,0.102500,0.185000,0.086000,0.054435
2024-01-11 20:35:00,P,14,0,1,-0.965000,-1.465000,-1.650000,-2.190000,-3.410000,-4.095000,
2024-01-12 13:30:00,EB,13,0,0,0.387500,0.550000,0.300000,0.543750,0.557500,0.053750,0.024859
2024-01-17 08:05:00,P,8,0,1,-0.477500,-0.520000,0.387500,1.768333,4.602500,5.491667,
2024-01-17 09:30:00,EB,8,0,0,0.025000,0.045000,0.197500,0.177500,-0.648750,-0.245000,-0.094636
2024-01-17 16:15:00,P,8,0,0,-0.127500,-0.245000,-0.235000,-0.198750,0.061667,0.246667,0.242005
2024-01-18 16:15:00,P,7,0,0,0.050000,0.025000,0.020000,0.045000,0.132500,0.375000,0.002024
2024-01-25 14:15:00,GC_ME,0,0,0,-0.015000,-0.285000,-1.313333,-4.407500,-8.320000,-9.590000,0.733737
2024-01-25 14:15:00,GC_PR,0,0,0,-0.005000,-0.262500,-0.360000,-1.166667,-2.312500,-3.585000,0.446049
2024-01-25 14:45:00,GC_PC,0,0,0,-0.010000,-0.222500,-0.986667,-3.727500,-6.817500,-7.910000,0.286411
2024-01-29 08:35:00,EB,38,0,1,0.150000,0.026667,0.443333,0.091250,-0.327500,-0.373750,
2024-01-29 14:10:00,EB,38,0,0,0.000000,0.010000,-0.010000,-0.040000,-0.303333,-0.313750,0.027028
2024-01-30 10:00:00,EB,37,0,0,-0.005000,-0.077500,0.100000,-0.041250,-0.098750,-0.155000,0.039099
2024-02-01 12:30:00,EB,35,0,0,-0.002500,0.032500,0.248750,0.706000,0.859000,0.337000,0.189017
2024-02-08 16:30:00,EB,28,0,0,0.015000,-0.145000,-0.127500,0.025000,0.320000,0.506667,-0.109227
2024-02-09 15:15:00,EB,27,0,0,0.005000,0.020000,0.122500,0.131250,0.512500,0.967000,-0.245965
2024-02-12 10:45:00,EB,24,0,0,0.080000,0.175000,0.130000,-0.040000,-0.258333,-0.605000,0.117519
2024-02-12 16:00:00,EB,24,0,0,-0.005000,0.000000,0.200000,-0.121667,-0.261667,-0.298333,0.211070
2024-02-14 09:30:00,EB,22,0,0,0.060000,0.230000,0.388333,0.272500,0.102500,0.823333,0.228498
2024-02-14 15:00:00,EB,22,0,0,-0.065000,-0.230000,-0.215000,0.168333,0.098333,0.481250,-0.101549
2024-02-14 17:30:00,EB,22,0,1,-0.010000,-0.035000,-0.080000,-0.105000,-0.120000,-0.591667,
2024-02-15 09:00:00,P,21,0,1,-0.025000,-0.120000,-0.560000,-0.732500,-0.790000,-0.806250,
2024-02-15 13:00:00,EB,21,0,0,0.010000,0.030000,0.176667,0.313750,0.655000,0.548750,0.160513
2024-02-16 09:45:00,EB,20,0,0,0.275000,0.117500,0.203333,0.070000,-0.832500,-1.267500,0.117353
2024-02-23 10:20:00,EB,13,0,0,-0.325000,-0.435000,-0.293333,-0.545000,-1.146250,-1.400000,0.072721
2024-02-26 17:00:00,P,10,0,0,-0.045000,0.040000,0.110000,0.466667,0.922500,1.371667,-0.060404
2024-02-27 13:00:00,EB,9,0,0,-0.005000,-0.020000,0.025000,-0.125000,-0.503750,-0.781250,0.157956
2024-03-07 14:15:00,GC_ME,0,0,0,0.310000,0.625000,0.815000,-0.353000,-1.600000,-2.003750,0.719484
2024-03-07 14:15:00,GC_PR,0,0,0,0.570000,-0.497500,-0.335000,-2.325000,-5.965000,-7.307500,0.446968
2024-03-07 14:45:00,GC_PC,0,0,0,-0.260000,0.931667,1.445000,1.106000,2.966250,4.692500,0.271304
2024-03-13 12:45:00,EB,29,0,0,-0.005000,-0.025000,0.075000,0.345000,0.695000,1.392500,-0.177561
2024-03-14 11:15:00,EB,28,0,0,0.010000,0.097500,0.266667,0.145000,0.190000,0.160000,0.015128
2024-03-14 12:00:00,EB,28,0,0,0.000000,-0.015000,0.100000,0.106667,0.352500,0.065000,-0.015728
2024-03-14 19:00:00,EB,28,0,1,0.000000,-0.005000,0.000000,0.010000,-0.025000,-0.050000,
2024-03-15 14:30:00,EB,27,0,0,0.010000,0.005000,0.010000,0.091250,0.132500,0.035000,-0.203659
2024-03-19 09:30:00,EB,23,0,0,0.085000,-0.020000,-0.085000,0.023333,-0.263333,-0.285000,0.154487
2024-03-20 09:45:00,P,22,0,0,0.025000,0.060000,0.220000,-0.132500,-0.393750,-0.142500,0.132824
2024-03-20 10:30:00,EB,22,0,0,0.025000,0.130000,0.245000,0.303333,0.376250,1.420000,0.148476
2024-03-20 14:45:00,EB,22,0,0,-0.005000,0.005000,-0.040000,0.110000,0.500000,0.775000,0.012404
2024-03-22 18:00:00,EB,20,0,1,-0.005000,-0.030000,-0.025000,0.035000,0.250000,0.387500,
2024-03-27 10:00:00,EB,15,0,0,-0.007500,0.080000,0.055000,0.070000,0.023333,0.231250,0.036895
2024-03-27 13:35:00,EB,15,0,0,0.030000,0.050000,0.035000,0.015000,0.393750,0.873750,0.096320
2024-04-11 14:15:00,GC_ME,0,0,0,0.447500,0.367500,0.388333,0.180000,0.007500,0.113750,0.224754
2024-04-11 14:15:00,GC_PR,0,0,0,0.550000,0.310000,0.291667,0.055000,-0.010000,-0.540000,0.411244
2024-04-11 14:45:00,GC_PC,0,0,0,0.180000,0.015000,-0.255000,-0.097500,-0.823000,-0.568000,-0.185726
2024-04-12 13:00:00,EB,55,0,0,-0.000000,0.010000,-0.205000,-0.216667,-0.723333,-1.482500,-0.077094
2024-04-15 14:00:00,EB,52,0,0,0.015000,-0.165000,-0.038333,0.092500,0.613750,1.035000,0.362588
2024-04-16 15:40:00,P,51,0,0,-0.015000,-0.010000,0.010000,0.200000,-0.241250,-0.301667,-0.239446
2024-04-17 15:00:00,EB,50,0,0,0.095000,0.035000,0.227500,0.215000,-0.160000,-0.290000,0.046225
2024-04-17 17:45:00,EB,50,0,1,0.005000,0.035000,-0.017500,-0.352500,-0.965000,-1.170000,
2024-04-17 20:00:00,P,50,0,1,-0.005000,-0.010000,-0.045000,-0.085000,-0.070000,-0.260000,
2024-04-18 09:00:00,EB,49,0,1,-0.055000,0.000000,0.010000,0.085000,0.196667,0.861250,
2024-04-18 10:00:00,EB,49,0,0,-0.015000,-0.100000,-0.185000,-0.326667,-0.033333,-0.152500,0.039116
2024-04-19 02:00:00,P,48,0,1,,,,,,,
2024-04-22 17:30:00,P,45,0,1,-0.005000,0.160000,-0.055000,-0.075000,-0.380000,-1.025000,
2024-04-24 09:35:00,EB,43,0,0,0.005000,-0.010000,-0.100000,-0.021667,-0.111667,0.223333,0.183697
2024-04-25 09:00:00,EB,42,0,1,-0.090000,-0.185000,-0.165000,-0.592500,-1.196667,-1.654000,
2024-04-25 11:15:00,P,42,0,0,-0.005000,0.015000,0.015000,0.018333,0.006667,0.348000,-0.127517
2024-04-29 13:15:00,EB,38,0,0,0.000000,-0.020000,0.045000,-0.180000,-0.520000,-0.847500,-0.028017
2024-04-29 21:20:00,EB,38,0,1,,,,,,,
2024-05-02 22:15:00,EB,35,0,1,,,,,,,
2024-05-09 14:15:00,EB,28,0,0,0.005000,0.030000,-0.100000,-0.415000,-0.623333,-0.881667,0.152472
2024-05-09 14:15:00,EB,28,0,0,0.005000,0.030000,-0.100000,-0.415000,-0.623333,-0.881667,0.152472
2024-05-10 09:00:00,EB,27,0,1,-0.005000,-0.015000,-0.155000,-0.138333,0.048333,0.127500,
2024-05-10 10:45:00,EB,27,0,0,-0.015000,-0.040000,-0.025000,0.221667,0.657500,0.740000,0.137415
2024-05-14 14:45:00,EB,23,0,0,0.000000,0.045000,-0.005000,0.173333,0.102500,-0.050000,0.078680
2024-05-16 10:00:00,EB,21,0,0,0.027500,0.060000,0.085000,0.150000,0.852500,1.561000,-0.089196
2024-05-17 09:20:00,EB,20,0,0,0.000000,-0.055000,0.005000,-0.085000,0.056667,0.305000,-0.268283
2024-05-21 19:00:00,P,16,0,1,-0.010000,-0.030000,0.035000,0.110000,-0.080000,0.020000,
2024-05-22 10:05:00,P,15,0,0,0.030000,0.050000,0.060000,-0.000000,0.113333,-0.130000,-0.092928
2024-05-24 09:00:00,EB,13,0,1,-0.222500,-0.210000,-0.385000,-0.217500,-0.176667,-0.153333,
2024-05-26 09:30:00,EB,11,1,0,,,,,,,
2024-05-27 14:00:00,EB,10,0,0,-0.322500,-0.777500,-1.225000,-1.855000,-2.625000,-3.145000,0.152668
2024-05-28 06:55:00,EB,9,0,1,0.015000,0.015000,-0.010000,-0.080000,-0.080000,-0.225000,
2024-06-06 14:15:00,GC_ME,0,0,0,0.350000,0.005000,0.490000,1.853750,3.076250,2.845000,-0.203981
2024-06-06 14:15:00,GC_PR,0,0,0,0.175000,0.155000,0.350000,1.821667,3.450000,3.225000,-0.374458
2024-06-06 14:45:00,GC_PC,0,0,0,0.175000,-0.172500,0.103333,0.526250,-0.496667,-0.607500,0.171118
2024-06-07 10:00:00,EB,41,0,0,-0.085000,0.500000,0.147500,0.208750,0.312500,0.007500,-0.293806
2024-06-07 16:15:00,P,41,0,0,0.190000,-0.255000,-0.010000,-0.176667,-0.439000,-0.048750,0.051854
2024-06-11 13:05:00,EB,37,0,0,-0.020000,0.030000,-0.015000,-0.016667,0.037000,-0.048333,-0.367377
2024-06-11 18:45:00,EB,37,0,1,0.055000,-0.015000,-0.015000,-0.215000,-0.200000,-0.757500,
2024-06-12 11:30:00,EB,36,0,0,0.020000,-0.070000,-0.060000,0.038750,-0.077000,0.183000,0.157887
2024-06-12 15:00:00,EB,36,0,0,-0.280000,-0.265000,-0.080000,-0.653000,-1.551250,-2.223750,0.321761
2024-06-14 11:00:00,EB,34,0,0,-0.080000,-0.072500,-0.065000,-0.536667,-1.448750,-2.233000,-0.477962
2024-06-14 19:30:00,P,34,0,1,0.000000,0.000000,0.000000,0.100000,0.020000,-0.050000,
2024-06-17 10:00:00,EB,31,0,0,0.125000,0.375000,0.532500,0.962500,0.853750,1.530000,-0.327037
2024-06-17 11:00:00,P,31,0,0,-0.185000,-0.050000,0.065000,0.623750,1.175000,0.626250,-0.008846
2024-06-17 13:30:00,EB,31,0,0,0.040000,0.040000,-0.022500,0.267500,0.770000,1.862000,0.171835
2024-06-18 14:00:00,EB,30,0,0,-0.005000,0.100000,0.190000,-0.177000,-1.176250,-1.747500,-0.065302
2024-06-18 15:30:00,EB,30,0,0,0.220000,0.205000,0.042500,-0.033333,-0.444000,-0.227500,0.107729
2024-06-23 15:20:00,EB,25,1,0,,,,,,,
2024-06-24 17:30:00,EB,24,0,1,-0.010000,-0.030000,0.002500,-0.015000,-0.013333,-0.043333,
2024-06-26 12:40:00,EB,22,0,0,-0.017500,-0.205000,0.045000,-0.027500,0.241250,0.252500,-0.294676
2024-07-01 21:00:00,P,17,0,1,0.000000,0.000000,0.020000,0.060000,0.085000,-0.017500,
2024-07-03 16:15:00,P,15,0,0,0.015000,0.040000,-0.081667,-0.473333,-1.350000,-3.246667,0.031443
2024-07-04 11:00:00,EB,14,0,0,-0.015000,0.077500,0.025000,0.185000,0.638000,1.551250,0.031276
2024-07-04 17:15:00,EB,14,0,1,0.075000,0.110000,0.195000,0.395000,0.712500,0.627500,0.033094
2024-07-05 19:15:00,P,13,0,1,-0.005000,-0.010000,-0.050000,-0.122500,-0.330000,-0.100000,
2024-07-09 11:00:00,EB,9,0,0,-0.020000,-0.020000,-0.005000,-0.002500,0.011667,-0.020000,-0.080134
2024-07-18 14:15:00,GC_ME,0,0,0,0.412500,0.195000,0.067500,-0.328750,-1.737500,-3.497000,0.107395
2024-07-18 14:15:00,GC_PR,0,0,0,0.210000,0.303333,0.210000,0.050000,-0.659000,-1.700000,0.096391
2024-07-18 14:45:00,GC_PC,0,0,0,0.307500,-0.025000,-0.128333,-0.356000,-1.394167,-2.542000,0.010994
2024-07-23 09:00:00,EB,51,0,1,-0.080000,-0.026667,-0.186667,-0.282000,-1.008000,-1.581667,
2024-07-24 14:00:00,EB,50,0,0,-0.045000,-0.010000,-0.062500,-0.397500,-0.287000,-0.205000,-0.167879
2024-07-25 17:00:00,P,49,0,0,0.000000,0.110000,0.287500,0.596667,1.191250,1.751667,0.235209
2024-08-24 16:25:00,EB,19,1,0,,,,,,,
2024-08-29 11:15:00,EB,14,0,0,0.010000,-0.005000,-0.055000,-0.023333,-0.205000,-0.040000,0.279214
2024-08-30 09:00:00,EB,13,0,1,0.100000,0.185000,0.325000,0.337000,-0.256667,-0.520000,
2024-09-06 09:00:00,EB,6,0,1,0.070000,-0.155000,-0.251250,-0.757500,-1.437000,-1.808000,
2024-09-12 14:15:00,GC_ME,0,0,0,0.055000,1.317500,1.555000,2.234167,1.457000,0.642000,-0.759279
2024-09-12 14:15:00,GC_PR,0,0,0,-0.105000,-0.155000,-0.100000,0.006000,-1.038000,-2.188000,-0.272206
2024-09-12 14:45:00,GC_PC,0,0,0,0.032500,1.100000,1.642500,2.276667,1.816000,1.801000,-0.488402
2024-09-13 11:30:00,P,34,0,0,0.030000,0.050000,0.013000,-0.066667,0.032500,-0.048333,0.036040
2024-09-16 10:10:00,EB,31,0,0,-0.010000,0.131250,0.031667,-0.365000,0.145000,0.065000,-0.024349
2024-09-16 14:00:00,EB,31,0,0,0.010000,-0.072000,-0.148750,-0.161000,-0.835000,-1.433750,-0.192535
2024-09-19 17:40:00,EB,28,0,1,0.005000,0.160000,0.185000,0.240000,0.691250,1.015000,
2024-09-20 17:00:00,P,27,0,0,-0.015000,-0.085000,0.052500,-0.082500,-1.120000,-1.153750,-0.122808
2024-09-23 15:00:00,EB,24,0,0,0.010000,0.200000,0.257500,0.306250,0.323333,0.332500,-0.068100
2024-09-26 15:30:00,P,21,0,0,0.135000,0.335000,0.616000,0.778000,1.398000,1.833000,0.004373
2024-09-26 16:15:00,EB,21,0,0,0.157500,0.325000,0.452500,0.521250,0.806000,1.213750,-0.387922
2024-09-26 18:00:00,EB,21,0,1,-0.065000,-0.165000,-0.100000,-0.326667,0.486667,0.570000,
2024-09-27 10:15:00,EB,20,0,0,0.063750,0.180000,0.259000,0.411000,0.961250,2.397500,0.067311
2024-09-27 11:40:00,EB,20,0,0,0.090000,0.193333,0.432000,0.470000,0.565000,1.006667,0.192604
2024-09-30 15:00:00,P,17,0,0,-1.035000,-2.000000,-2.483333,-2.840833,-3.122000,-2.943000,0.062852
2024-10-01 09:00:00,EB,16,0,1,0.100000,-0.035000,-0.267500,-0.500000,-0.959000,-1.432000,
2024-10-02 09:15:00,EB,15,0,1,0.085000,0.325000,0.212500,0.523750,0.896000,1.250000,0.215386
2024-10-02 11:30:00,EB,15,0,0,-0.070000,-0.110000,-0.210000,-0.294000,-0.336000,-0.141250,-0.388813
2024-10-02 13:00:00,EB,15,0,0,-0.060000,-0.100000,-0.155000,-0.228750,-0.236000,-0.095000,-0.132829
2024-10-02 18:45:00,EB,15,0,1,-0.030000,-0.040000,-0.065000,-0.082500,-0.005000,-0.020000,
2024-10-04 12:00:00,EB,13,0,0,-0.160000,-0.267500,0.105000,-0.055000,0.113333,0.437500,0.145865
2024-10-04 15:10:00,EB,13,0,0,-0.495000,-0.557500,-0.316667,0.244000,-0.734000,-0.600000,-0.289441
2024-10-07 09:05:00,EB,10,0,1,-0.105000,-0.265000,-0.065000,0.161667,0.706667,1.168750,
2024-10-07 09:45:00,EB,10,0,0,-0.460000,-0.065000,-0.076667,0.568750,0.856250,1.733333,0.042668
2024-10-09 10:30:00,EB,8,0,0,-0.005000,0.025000,0.118333,-0.066250,-0.066667,-0.400000,-0.059194
2024-10-16 20:40:00,P,1,0,1,0.000000,0.010000,0.010000,0.080000,0.310000,0.430000,
2024-10-17 14:15:00,GC_ME,0,0,0,-0.910000,-0.902500,-1.909000,-3.483750,-4.579000,-3.183000,0.133284
2024-10-17 14:15:00,GC_PR,0,0,0,-0.735000,-0.697500,-0.636000,-0.181250,-0.557000,-0.517000,0.250590
2024-10-17 14:45:00,GC_PC,0,0,0,-0.175000,-0.521667,-1.422000,-3.565000,-4.042000,-3.042000,-0.117013
2024-10-22 16:00:00,P,51,0,0,-0.085000,-0.017500,-0.240000,-0.037500,0.881667,2.132000,0.071269
2024-10-22 22:00:00,EB,51,0,1,,,,,,,
2024-10-23 16:00:00,EB,50,0,0,0.000000,0.012500,0.245000,0.474000,0.622500,0.558000,0.128279
2024-10-23 16:00:00,P,50,0,0,0.000000,0.012500,0.245000,0.474000,0.622500,0.558000,0.128279
2024-10-23 17:30:00,EB,50,0,1,0.245000,0.125000,0.201667,0.313333,0.060000,-0.482500,
2024-10-24 19:00:00,EB,49,0,1,0.000000,0.155000,0.370000,0.730000,0.150000,-0.240000,
2024-10-25 14:00:00,P,48,0,0,0.005000,0.090000,-0.012500,0.077500,0.210000,0.066000,0.061009
2024-10-28 20:45:00,EB,45,0,1,-0.005000,-0.005000,-0.005000,-0.005000,0.040000,0.090000,
2024-10-28 23:00:00,EB,45,0,1,,,,,,,
2024-10-30 16:00:00,EB,43,0,0,0.145000,-0.170000,-0.011000,-0.235000,0.421000,1.726000,0.087901
2024-11-04 14:30:00,EB,38,0,0,0.067500,0.055000,0.111250,0.030000,0.059000,0.023333,-0.241363
2024-11-05 16:10:00,P,37,0,0,-0.005000,0.013333,0.155000,0.671000,1.674000,2.648571,0.296100
2024-11-05 19:30:00,EB,37,0,1,0.025000,-0.010000,-0.020000,-0.025000,0.073333,0.005000,
2024-11-06 15:00:00,P,36,0,0,0.000000,-0.100000,0.079167,-0.700000,0.700000,1.725000,-0.482335
2024-11-06 15:30:00,EB,36,0,0,-0.005000,-0.100000,-0.066667,-0.300000,-0.166667,0.033333,-0.687881
2024-11-07 09:10:00,EB,35,0,1,0.000000,0.075000,0.191667,0.280000,1.125000,2.733333,-0.005601
2024-11-07 11:45:00,EB,35,0,0,0.005000,0.225000,0.395000,0.325000,0.133333,0.600000,0.168629
2024-11-07 14:30:00,EB,35,0,0,-0.300000,0.100000,-0.032500,-0.200000,-1.125000,-1.800000,0.151139
2024-11-14 09:30:00,EB,28,0,0,0.005000,-0.092500,-0.258000,-0.472500,-0.887000,-0.711250,0.413700
2024-11-14 19:30:00,EB,28,0,1,0.000000,,-0.060000,-0.050000,0.200000,0.500000,
2024-11-15 16:15:00,EB,27,0,0,0.015000,0.015000,-0.042500,-0.051667,-1.001250,-2.522500,-0.234476
2024-11-15 16:30:00,EB,27,0,0,0.005000,0.097500,-0.141667,-0.288750,-0.996250,-1.856250,-0.294730
2024-11-16 12:15:00,EB,26,1,0,,,,,,,
2024-11-18 09:15:00,EB,24,0,1,-0.435000,-0.255000,-0.156250,0.108000,0.240000,0.375000,-0.259329
2024-11-18 14:00:00,EB,24,0,0,0.210000,0.400000,0.659000,0.962500,0.900000,0.412500,-0.214352
2024-11-18 19:30:00,P,24,0,1,0.135000,-0.100000,-0.125000,-0.450000,-0.250000,-0.100000,
2024-11-19 10:00:00,EB,23,0,0,-0.045000,-0.053333,-0.310000,-0.300000,-0.811250,-0.275000,-1.045333
2024-11-20 19:00:00,EB,22,0,1,0.040000,,0.315000,0.550000,0.500000,0.771667,
2024-11-21 09:30:00,EB,21,0,0,-0.187500,-0.493750,-0.650000,-0.638750,-0.730000,-0.800000,-0.277075
2024-11-21 16:30:00,EB,21,0,0,0.030000,0.045000,0.118750,-0.222500,0.001250,0.743333,0.311726
2024-11-21 16:30:00,EB,21,0,0,0.030000,0.045000,0.118750,-0.222500,0.001250,0.743333,0.311726
2024-11-22 09:30:00,P,20,0,0,-2.475000,-4.892500,-7.327000,-10.762500,-13.125000,-12.125000,-0.425057
2024-11-22 09:40:00,EB,20,0,0,-1.522500,-3.752500,-5.200000,-7.875000,-5.440000,-5.175000,-0.990082
2024-11-22 16:45:00,EB,20,0,0,-0.197500,-0.265000,-0.660000,-1.065000,-1.350000,-1.937500,-0.013994
2024-11-25 17:30:00,EB,17,0,1,0.060000,0.085000,0.110000,0.851000,0.520000,1.178333,
2024-11-28 18:00:00,EB,14,0,1,-0.246667,-0.060000,-0.581667,-0.143333,-0.235000,-0.432500,
2024-11-29 12:30:00,EB,13,0,0,-0.020000,-0.057500,0.007500,-0.506000,-1.425000,-1.911250,0.387200
2024-12-03 09:00:00,EB,9,0,1,-0.200000,-0.150000,-0.307500,-0.000000,0.566667,1.786667,
2024-12-04 10:00:00,EB,8,0,0,0.233333,0.233333,0.300000,0.666667,0.600000,0.533333,0.088963
2024-12-04 16:30:00,P,8,0,0,0.100000,0.100000,0.200000,0.280000,-0.040000,-0.100000,0.040164
2024-12-12 14:15:00,GC_ME,0,0,0,1.105000,1.496250,1.936000,2.055833,2.550000,2.843000,0.245580
2024-12-12 14:15:00,GC_PR,0,0,0,1.161250,1.091250,0.900000,-0.660000,-2.150000,-2.859000,0.091336
2024-12-12 14:45:00,GC_PC,0,0,0,0.105000,0.463750,1.025000,2.235833,3.475000,4.168000,0.154103
2024-12-16 08:15:00,P,45,0,1,,-0.700000,-0.100000,-0.173333,-1.003333,-2.315000,
2024-12-16 09:45:00,EB,45,0,0,,0.195000,0.243000,0.220000,0.150000,0.033333,-0.040754
2024-12-16 17:30:00,EB,45,0,1,0.115000,,0.170000,0.326667,0.528750,0.668750,
2024-12-18 10:00:00,EB,43,0,0,-0.135000,-0.200000,0.005000,0.115000,0.352500,0.662500,0.116024
2025-01-03 17:00:00,EB,27,0,0,0.335000,0.310000,0.100000,0.343333,0.570000,0.640000,-0.067286
2025-01-13 04:15:00,EB,17,0,1,,,,,,,
2025-01-14 08:35:00,EB,16,0,1,-0.161667,-0.086500,-0.200000,-0.960000,-1.579167,-1.020833,
2025-01-15 04:15:00,EB,15,0,1,,,,,0.000000,,
2025-01-15 09:15:00,EB,15,0,1,-0.100000,-0.175000,0.140000,0.800000,0.987500,1.675000,0.004010
2025-01-17 12:15:00,EB,13,0,0,-0.160000,-0.115000,-0.178333,-0.075000,-0.398750,-0.762500,0.013801
2025-01-22 16:05:00,P,8,0,0,0.020000,0.040000,0.005000,0.310000,0.561250,0.487500,-0.191425
2025-01-24 11:00:00,P,6,0,0,-0.105000,0.136667,0.285000,-0.041667,-1.071250,-1.601250,-0.167028
2025-01-24 12:00:00,EB,6,0,0,0.155000,0.345000,0.516667,0.642500,1.227500,1.502500,0.003049
2025-01-27 09:17:00,P,3,0,1,0.280000,-0.316250,-0.590000,-1.033333,-1.026000,-1.550000,-0.692161
2025-01-28 15:30:00,EB,2,0,0,0.145000,-0.070000,-0.162500,-0.166250,-0.366250,-0.725000,-0.142413
2025-01-30 14:15:00,GC_ME,0,0,0,0.100000,-0.272500,-0.743750,-1.797500,-2.938750,-3.475000,0.011578
2025-01-30 14:15:00,GC_PR,0,0,0,0.110000,-0.007500,-0.080000,-0.062500,-0.366667,-0.560000,-0.001708
2025-01-30 14:45:00,GC_PC,0,0,0,-0.010000,-0.341250,-0.728750,-1.770000,-2.675000,-3.072500,0.013287
2025-02-05 15:05:00,EB,29,0,0,-0.070000,0.100000,0.402000,1.146250,1.956667,2.138750,-0.143713
2025-02-07 09:45:00,EB,27,0,0,0.155000,-0.310000,-0.210000,-0.369000,-0.775000,-1.315000,-0.068193
2025-02-10 17:40:00,P,24,0,1,0.350000,0.085000,0.050000,0.080000,0.033333,0.170000,
2025-02-11 18:00:00,EB,23,0,1,0.310000,0.360000,0.045000,0.105000,-0.005000,0.450000,
2025-02-12 11:00:00,EB,22,0,0,-0.170000,0.143333,0.095000,0.498750,1.255000,1.376250,-0.138598
2025-02-13 09:40:00,EB,21,0,0,-0.010000,0.025000,-0.011667,0.196667,0.150000,0.372500,0.023683
2025-02-18 15:02:00,EB,16,0,0,-0.295000,-0.250000,-0.090000,-0.150000,-0.352500,-0.461250,-0.201156
2025-02-21 15:30:00,EB,13,0,0,-0.070000,-0.220000,-0.203333,-0.236250,-0.886250,-1.060000,-0.323543
2025-02-25 14:09:00,EB,9,0,0,0.025000,0.040000,0.055000,0.022500,0.040000,0.010000,0.311621
2025-03-06 14:15:00,GC_ME,0,0,0,-0.035000,0.716250,1.158750,2.585000,3.706667,5.750000,0.358308
2025-03-06 14:15:00,GC_PR,0,0,0,-0.005000,0.362500,0.743750,1.762500,1.830000,1.675000,0.038168
2025-03-06 14:45:00,GC_PC,0,0,0,-0.015000,0.336250,0.493000,0.447500,1.650000,4.525000,0.320017
2025-03-12 09:45:00,P,36,0,0,-0.100000,0.300000,0.675000,0.583333,1.040000,0.618000,0.417238
2025-03-12 16:15:00,EB,36,0,0,,-0.100000,-0.300000,-0.033333,0.100000,0.136000,0.312755
2025-03-13 10:15:00,EB,35,0,0,,0.100000,-0.025000,0.000000,0.425000,0.638000,0.472435
2025-03-14 14:15:00,EB,34,0,0,,-0.100000,-0.200000,-0.442857,-0.266667,-0.060000,-0.001484
2025-03-19 13:00:00,EB,29,0,0,0.230000,0.285000,0.210000,-0.052500,-0.400000,-0.190000,-0.185461
2025-03-19 14:00:00,EB,29,0,0,-0.190000,-0.045000,0.007500,0.333750,1.187500,1.483333,-0.213130
2025-03-20 09:11:00,P,28,0,1,0.240000,0.100000,0.013333,-0.010000,0.208750,0.207500,-0.205980
2025-03-20 13:00:00,EB,28,0,0,0.180000,0.220000,0.010000,0.352500,0.701667,0.950000,-0.187094
2025-03-26 19:00:00,EB,22,0,1,,,-0.100000,-0.300000,-0.600000,-0.650000,
2025-03-27 14:00:00,EB,21,0,0,-0.020000,-0.250000,-0.155000,-0.578571,-1.080000,-1.045000,-0.120582
2025-03-27 19:40:00,EB,21,0,1,,,,0.100000,0.100000,0.000000,
2025-04-01 11:00:00,EB,16,0,0,-0.550000,-0.833333,-0.800000,-0.800000,-0.533333,-0.212000,0.323271
2025-04-01 14:30:00,P,16,0,0,0.325000,0.600000,0.866667,1.250000,1.120000,0.648000,0.042830
2025-04-01 18:30:00,EB,16,0,1,,,-0.100000,-0.500000,-0.100000,-0.240000,
2025-04-02 11:00:00,P,15,0,0,-0.100000,0.000000,0.200000,0.280000,0.175000,0.240000,0.108854
2025-04-02 12:30:00,EB,15,0,0,-0.150000,-0.250000,-0.300000,-0.616667,-0.783333,-1.330000,-0.020054
2025-04-02 16:05:00,EB,15,0,0,0.225000,0.500000,0.320000,0.620000,1.383333,1.996667,0.310664
2025-04-03 09:20:00,EB,14,0,0,0.150000,0.200000,0.175000,0.800000,0.900000,2.467500,0.253020
2025-04-03 12:00:00,EB,14,0,0,0.100000,0.150000,0.200000,0.300000,0.525000,0.266667,-0.394709
2025-04-05 12:30:00,EB,12,1,0,,,,,,,
2025-04-07 11:45:00,EB,10,0,0,0.120000,-0.003333,-0.066667,-0.630000,-1.365000,-2.225000,1.836113
2025-04-08 11:00:00,EB,9,0,0,-0.365000,-0.150000,-0.201250,-0.186250,0.865000,-0.244000,-0.045613
2025-04-08 15:30:00,EB,9,0,0,0.220000,0.261667,0.470000,0.727500,0.966000,1.052000,0.248652
2025-04-09 14:30:00,EB,8,0,0,-0.080000,-0.018333,-0.122500,-0.548750,0.325000,0.375000,0.894328
2025-04-11 11:45:00,P,6,0,0,-0.115000,-0.085000,0.122500,0.670000,0.712000,-0.025000,1.062830
2025-04-17 14:15:00,GC_ME,0,0,0,-0.447500,-1.575000,-2.842500,-5.808000,-9.339000,-10.378750,0.126725
2025-04-17 14:15:00,GC_PR,0,0,0,-0.670000,-0.905000,-1.481250,-3.239000,-4.123750,-4.625000,0.140513
2025-04-17 14:45:00,GC_PC,0,0,0,-0.077500,-0.690000,-1.573750,-4.010000,-6.638000,-5.856250,-0.013768
2025-04-22 16:00:00,P,44,0,0,-0.060000,-0.100000,-0.255000,-0.456000,-0.656000,-0.773000,0.286546
2025-04-22 19:00:00,EB,44,0,1,,,,0.300000,0.500000,0.400000,
2025-04-23 17:30:00,P,43,0,1,,-0.035000,0.060000,0.437500,0.667500,0.482500,
2025-04-23 21:45:00,EB,43,0,1,,,,,,,
2025-04-23 22:00:00,EB,43,0,1,,,,,,,
2025-04-25 15:00:00,P,41,0,0,0.455000,-0.095000,-0.112500,-0.096250,0.332500,-0.029000,-0.040713
2025-04-28 15:00:00,EB,38,0,0,,0.000000,-0.200000,0.000000,0.100000,-0.198000,0.078197
2025-04-29 08:40:00,EB,37,0,1,-0.700000,-0.100000,-0.100000,-0.366667,-0.566667,-1.066667,
2025-05-10 01:45:00,EB,26,1,1,,,,,,,
2025-05-15 09:00:00,EB,21,0,1,-0.075000,-0.253333,-0.357500,-0.492500,-0.648750,-1.288750,
2025-05-15 09:40:00,EB,21,0,0,0.030000,-0.153333,-0.458750,-0.398000,-0.525000,-0.716250,0.123599
2025-05-15 12:15:00,EB,21,0,0,-0.070000,-0.087500,-0.007500,0.083750,0.086667,-0.056667,0.088529
2025-05-16 17:00:00,EB,20,0,0,-0.125000,-0.130000,0.020000,0.165000,0.422500,-0.035000,0.352781
2025-05-20 12:00:00,EB,16,0,0,-0.040000,0.300000,0.001250,0.170000,-0.106667,0.477500,0.147376
2025-05-21 10:00:00,EB,15,0,0,-0.060000,0.058000,0.187500,0.150000,0.411250,0.750000,-0.186470
2025-05-21 18:00:00,EB,15,0,1,,0.000000,0.100000,-2.600000,0.400000,0.333333,
2025-05-22 17:00:00,EB,14,0,0,-0.071667,0.032500,-0.162500,-0.486250,-0.793750,-1.021250,0.215600
2025-05-22 17:40:00,EB,14,0,1,-0.026667,0.027500,-0.096667,-0.105000,-0.200000,-0.431667,
2025-05-23 10:30:00,EB,13,0,0,-0.005000,0.005000,-0.131250,-0.307000,-0.430000,-0.317500,-0.268036
2025-05-26 15:00:00,P,10,0,0,-0.002500,0.045000,-0.005000,0.003000,0.025000,-0.138333,0.072182
2025-06-05 14:15:00,GC_ME,0,0,0,-0.235000,0.420000,1.225000,3.218333,4.650000,6.056250,-0.468639
2025-06-05 14:15:00,GC_PR,0,0,0,-0.412500,-0.335000,0.045714,-0.420833,-0.037500,-1.120000,0.079092
2025-06-05 14:45:00,GC_PC,0,0,0,0.227500,0.855000,1.635000,3.689286,5.957500,7.271000,-0.547299
2025-06-06 10:30:00,P,48,0,0,0.220000,0.230000,0.283333,0.280000,0.293750,0.533333,-0.006661
2025-06-07 09:30:00,P,47,1,0,,,,,,,
2025-06-07 12:00:00,EB,47,1,0,,,,,,,
2025-06-09 11:00:00,EB,45,0,0,,,,-0.075000,-0.000000,0.073333,-0.076362
2025-06-11 05:00:00,P,43,0,1,,,,,0.100000,,
2025-06-11 11:00:00,EB,43,0,0,0.190000,0.165000,0.032500,0.095000,0.095000,-0.220000,0.017517
2025-06-11 14:00:00,EB,43,0,0,0.065000,-0.005000,-0.082500,-0.415000,-1.135000,-1.546250,0.225126
2025-06-12 11:15:00,EB,42,0,0,0.200000,-0.100000,0.038333,-0.296250,-0.996000,-1.375000,-0.164477
2025-06-12 14:00:00,EB,42,0,0,-0.095000,0.015000,-0.030000,-0.233750,-0.312500,-0.326250,0.179982
2025-06-12 16:15:00,EB,42,0,0,-0.005000,0.080000,0.000000,-0.208750,-0.250000,-0.260000,0.262460
2025-06-16 12:15:00,EB,38,0,0,-0.020000,-0.030000,-0.040000,0.015000,-0.490000,-0.700000,0.125570
2025-06-18 09:30:00,EB,36,0,0,,-0.350000,0.100000,0.133333,0.225000,0.257500,0.092248
2025-06-19 09:30:00,P,35,0,0,-0.150000,-0.300000,-0.200000,-0.150000,-0.050000,0.230000,-0.086039
2025-06-19 11:45:00,EB,35,0,0,,,-0.100000,-0.025000,-0.560000,-0.626667,0.078918
2025-06-23 15:20:00,P,31,0,0,,,,-0.400000,-0.075000,-0.440000,0.212719
2025-06-24 13:15:00,EB,30,0,0,0.130000,-0.120000,-0.005000,-0.003000,0.272500,0.255000,-0.097728
2025-06-24 14:55:00,EB,30,0,0,0.005000,0.180000,0.070000,0.132500,0.278333,0.426667,0.031533
2025-06-24 15:00:00,P,30,0,0,0.000000,-0.055000,-0.000000,0.132500,0.275000,0.620000,0.026811
2025-06-26 11:45:00,EB,28,0,0,,,-0.100000,-0.075000,-0.100000,-0.116667,0.099074
2025-06-26 13:00:00,EB,28,0,0,0.060000,0.040000,-0.060000,-0.188000,-0.336000,-0.399000,-0.100256
2025-06-26 20:30:00,P,28,0,1,,,,,0.000000,0.100000,
2025-06-27 18:00:00,EB,27,0,1,,,,,-0.200000,-0.200000,
2025-06-28 17:30:00,EB,26,1,1,,,,,,,
2025-06-30 10:30:00,EB,24,0,0,0.020000,-0.265000,-0.100000,-0.193333,-0.264000,0.297500,-0.121723
2025-06-30 13:00:00,EB,24,0,0,-0.250000,-0.045000,-0.090000,0.030000,-0.033333,-0.028333,0.035351
2025-06-30 17:30:00,EB,24,0,1,0.260000,0.230000,0.100000,0.505000,0.618000,0.973333,
2025-07-02 16:15:00,P,22,0,0,-0.010000,0.055000,0.091250,0.135000,0.268333,0.056667,0.313016
2025-07-04 09:30:00,EB,20,0,0,-0.030000,-0.090000,-0.087500,-0.065000,-0.280000,-0.431667,-0.329162
2025-07-09 12:45:00,EB,15,0,0,-0.250000,-0.275000,0.100000,-0.116250,-0.260000,-0.115000,-0.000184
2025-07-09 13:00:00,EB,15,0,0,-0.040000,-0.130000,-0.205000,-0.137500,-0.143750,-0.080000,0.081086
2025-07-10 09:00:00,EB,14,0,1,-0.210000,-0.055000,0.110000,0.000000,0.112500,-0.075000,
2025-07-11 13:30:00,EB,13,0,0,0.072500,0.060000,-0.010000,0.180000,0.088000,0.180000,-0.046261
2025-07-14 18:05:00,EB,10,0,1,0.235000,,0.110000,-0.305000,-0.200000,-0.377500,
2025-07-24 14:15:00,GC_ME,0,0,0,0.495000,0.691667,1.367500,2.727000,3.506250,4.325000,-0.390755
2025-07-24 14:15:00,GC_PR,0,0,0,0.230000,0.295000,-0.177500,-0.028000,-0.031250,0.048750,-0.012112
2025-07-24 14:45:00,GC_PC,0,0,0,0.265000,0.672500,1.495000,3.015000,3.717500,4.326250,-0.378688
2025-08-20 09:30:00,P,22,0,0,-0.015000,-0.050000,0.038333,-0.082000,-0.125000,-0.309000,0.234892
2025-08-23 18:20:00,P,19,1,1,,,,,,,
2025-09-01 19:30:00,P,10,0,1,,,,,,0.000000,
2025-09-03 09:30:00,P,8,0,0,-0.013750,-0.015000,-0.047500,-0.005833,-0.356667,-0.634000,0.165064
2025-09-04 11:30:00,EB,7,0,0,-0.003750,-0.095000,-0.113333,0.038000,0.052500,-0.082500,0.236368
2025-09-11 14:15:00,GC_ME,0,0,0,0.007500,0.011667,-0.075000,0.512000,0.360000,0.172500,-0.155519
2025-09-11 14:15:00,GC_PR,0,0,0,-0.075000,-0.108333,-0.088750,-0.480000,-1.078000,-2.155000,0.272576
2025-09-11 14:45:00,GC_PC,0,0,0,0.040000,0.030000,-0.016667,1.266000,1.896000,2.734000,0.428761
2025-09-15 13:30:00,EB,36,0,0,0.095000,0.420000,0.200000,0.064167,0.111667,-0.087000,0.127282
2025-09-15 20:30:00,P,36,0,1,,,,,,0.020000,
2025-09-17 09:30:00,P,34,0,0,,0.100000,-0.100000,0.223333,0.146667,0.381000,-0.015592
2025-09-17 10:00:00,EB,34,0,0,0.000000,0.100000,0.075000,-0.050000,-0.098333,-0.263000,-0.090357
2025-09-17 13:15:00,EB,34,0,0,,0.040000,-0.061250,0.022500,-0.002500,0.150833,0.018449
2025-09-18 09:10:00,P,33,0,1,,0.075000,-0.008333,0.049167,0.162000,0.160000,0.489461
2025-09-18 10:00:00,EB,33,0,0,-0.050000,0.155000,0.100000,0.174375,0.167143,0.243333,0.270609
2025-09-22 15:45:00,EB,29,0,0,,,-0.100000,0.051250,0.141429,0.309167,-0.144897
2025-09-23 16:25:00,EB,28,0,0,0.000000,-0.000000,-0.015000,0.172500,0.187000,0.384167,-0.076750
2025-09-26 09:30:00,EB,25,0,0,0.245000,0.050000,-0.160000,-0.110000,-0.035000,-0.643571,0.095902
2025-09-29 10:00:00,EB,22,0,0,-0.005000,0.035000,-0.080000,-0.209000,-0.030000,0.142500,0.113966
2025-09-30 13:00:00,EB,21,0,0,,,,0.100000,0.100000,0.400000,0.033437
2025-09-30 14:50:00,P,21,0,0,,,,0.000000,0.100000,-0.100000,0.140029
2025-10-01 09:30:00,EB,20,0,0,0.750000,0.050000,-0.027500,-0.060000,0.058000,0.133000,0.053911
2025-10-01 09:55:00,EB,20,0,0,-0.250000,-0.150000,-0.064375,-0.089000,-0.263000,-0.606667,0.263951
2025-10-02 19:00:00,EB,19,0,1,,,,0.100000,-0.100000,-0.005000,
2025-10-03 11:40:00,P,18,0,0,,,-1.000000,-0.080000,-0.202857,-0.245000,0.079730
2025-10-03 15:50:00,EB,18,0,0,,,0.020000,0.220000,0.148750,0.485000,-0.006372
2025-10-06 09:15:00,EB,15,0,1,-0.100000,0.025000,-0.100000,0.030000,-0.820000,-0.596667,-0.580563
2025-10-06 10:00:00,EB,15,0,0,0.745000,0.100000,-0.181667,-0.435000,-0.601000,-0.728750,0.091507
2025-10-06 19:00:00,P,15,0,1,,,,,,,
2025-10-07 18:10:00,P,14,0,1,,,,,0.000000,-0.300000,
2025-10-08 12:30:00,EB,13,0,0,,,-0.036667,-0.030000,-0.252500,-0.473000,0.117999
2025-10-09 17:00:00,EB,12,0,0,,,-0.200000,0.013333,0.011667,0.092500,-0.103882
2025-10-14 09:50:00,EB,7,0,0,-0.022500,0.063750,-0.073000,-0.152000,-0.080000,0.060000,0.186847
2025-10-15 09:40:00,EB,6,0,0,,,0.028333,-0.050000,-0.046667,0.010000,0.287077
2025-10-16 17:45:00,EB,5,0,1,,,-0.170000,-0.598333,-0.950000,-1.300000,
2025-10-16 18:00:00,P,5,0,1,,,,-0.747500,-1.395000,,
2025-10-17 15:00:00,P,4,0,0,0.000000,0.000000,-0.031250,0.078333,-0.001667,-0.217500,-0.117958
2025-10-18 13:30:00,EB,3,1,0,,,,,,,
2025-10-18 18:20:00,P,3,1,1,,,,,,,
2025-10-20 16:00:00,EB,1,0,0,,,0.000000,-0.100000,,,0.189189
2025-10-21 09:00:00,EB,7,0,1,,,-0.055000,-0.081000,,,
2025-10-21 13:00:00,P,7,0,0,-0.295000,0.000000,0.088750,-0.090000,-0.002000,-0.250000,0.283312
2025-10-22 13:00:00,EB,6,0,0,0.000000,0.050000,0.014167,-0.012500,-0.124375,-0.262857,-0.021647
2025-10-22 14:25:00,P,6,0,0,0.000000,0.000000,0.088750,0.535000,0.813125,1.233333,-0.015502
2025-10-23 15:30:00,EB,5,0,0,0.000000,,0.058000,0.172500,0.154000,-0.145000,0.127920
2025-10-27 10:15:00,EB,1,0,0,0.100000,0.005000,-0.001667,-0.022857,-0.010000,0.005000,0.088702
2025-10-29 18:00:00,P,1,0,1,,,0.000000,,0.332500,0.000000,
2025-10-30 14:15:00,GC_ME,0,0,0,0.000000,-0.042500,0.047000,-0.137500,-0.432500,-1.002500,0.353817
2025-10-30 14:15:00,GC_PR,0,0,0,-0.010000,-0.016875,-0.033000,-0.018750,-0.160000,-0.155000,0.055532
2025-10-30 14:45:00,GC_PC,0,0,0,0.000000,0.015000,0.079167,-0.090000,-0.528750,-1.022500,0.298120
